# WaveFront *.obj file (generated by Cinema 4D)

mtllib ./Coca_Cola_Bottle.mtl

v 0 177.06526184082031 0
v 0.00000000000005 711.6085205078125 -0.00000000000003
v 93.23902130126953 167.83531188964844 0
v 103.78790283203125 407.31362915039062 0
v 43.37623977661133 646.7919921875 0
v 86.14162445068359 167.83531188964844 -35.6810302734375
v 95.88751983642578 407.31362915039062 -39.71791076660156
v 40.07442092895508 646.7919921875 -16.59936904907227
v 65.92994689941406 167.83531188964844 -65.92994689941406
v 73.38912963867188 407.31362915039062 -73.38912963867188
v 30.67163276672363 646.7919921875 -30.67163276672363
v 35.6810302734375 167.83531188964844 -86.14162445068359
v 39.71791076660156 407.31362915039062 -95.88751983642578
v 16.59936904907227 646.7919921875 -40.07442092895508
v 0.00000000000001 167.83531188964844 -93.23902130126953
v 0.00000000000001 407.31362915039062 -103.78790283203125
v 0 646.7919921875 -43.37623977661133
v -35.6810302734375 167.83531188964844 -86.14162445068359
v -39.71791076660156 407.31362915039062 -95.88751983642578
v -16.59936904907227 646.7919921875 -40.07442092895508
v -65.92994689941406 167.83531188964844 -65.92994689941406
v -73.38912963867188 407.31362915039062 -73.38912963867188
v -30.67163276672363 646.7919921875 -30.67163276672363
v -86.14162445068359 167.83531188964844 -35.6810302734375
v -95.88751983642578 407.31362915039062 -39.71791076660156
v -40.07442092895508 646.7919921875 -16.59936904907227
v -93.23902130126953 167.83531188964844 -0.00000000000001
v -103.78790283203125 407.31362915039062 -0.00000000000001
v -43.37623977661133 646.7919921875 -0.00000000000001
v -86.14162445068359 167.83531188964844 35.6810302734375
v -95.88751983642578 407.31362915039062 39.71791076660156
v -40.07442092895508 646.7919921875 16.59936904907227
v -65.92994689941406 167.83531188964844 65.92994689941406
v -73.38912963867188 407.31362915039062 73.38912963867188
v -30.67163276672363 646.7919921875 30.67163276672363
v -35.6810302734375 167.83531188964844 86.14162445068359
v -39.71791076660156 407.31362915039062 95.88751983642578
v -16.59936904907227 646.7919921875 40.07442092895508
v -0.00000000000002 167.83531188964844 93.23902130126953
v -0.00000000000002 407.31362915039062 103.78790283203125
v -0.00000000000001 646.7919921875 43.37623977661133
v 35.6810302734375 167.83531188964844 86.14162445068359
v 39.71791076660156 407.31362915039062 95.88751983642578
v 16.59936904907227 646.7919921875 40.07442092895508
v 65.92994689941406 167.83531188964844 65.92994689941406
v 73.38912963867188 407.31362915039062 73.38912963867188
v 30.67163276672363 646.7919921875 30.67163276672363
v 86.14162445068359 167.83531188964844 35.6810302734375
v 95.88751983642578 407.31362915039062 39.71791076660156
v 40.07442092895508 646.7919921875 16.59936904907227
v -71.43584442138672 201.11491394042969 71.43584442138672
v -93.33543395996094 201.11491394042969 38.66080093383789
v -101.02554321289062 201.11491394042969 -0.00000000000001
v -93.33543395996094 201.11491394042969 -38.66080093383789
v -71.43584442138672 201.11491394042969 -71.43584442138672
v -38.66080093383789 201.11491394042969 -93.33543395996094
v 0.00000000000001 201.11491394042969 -101.02554321289062
v 38.66080093383789 201.11491394042969 -93.33543395996094
v 71.43584442138672 201.11491394042969 -71.43584442138672
v 93.33543395996094 201.11491394042969 -38.66080093383789
v 101.02554321289062 201.11491394042969 0
v 93.33543395996094 201.11491394042969 38.66080093383789
v 71.43584442138672 201.11491394042969 71.43584442138672
v 38.66080093383789 201.11491394042969 93.33543395996094
v -0.00000000000002 201.11491394042969 101.02554321289062
v -38.66080093383789 201.11491394042969 93.33543395996094
v 81.17383575439453 167.83531188964844 0
v 74.99484252929688 167.83531188964844 -31.06388282775879
v 57.3985710144043 167.83531188964844 -57.3985710144043
v 31.06388282775879 167.83531188964844 -74.99484252929688
v 0.00000000000001 167.83531188964844 -81.17383575439453
v -31.06388282775879 167.83531188964844 -74.99484252929688
v -57.3985710144043 167.83531188964844 -57.3985710144043
v -74.99484252929688 167.83531188964844 -31.06388282775879
v -81.17383575439453 167.83531188964844 -0.00000000000001
v -74.99484252929688 167.83531188964844 31.06388282775879
v -57.3985710144043 167.83531188964844 57.3985710144043
v -31.06388282775879 167.83531188964844 74.99484252929688
v -0.00000000000002 167.83531188964844 81.17383575439453
v 31.06388282775879 167.83531188964844 74.99484252929688
v 57.3985710144043 167.83531188964844 57.3985710144043
v 74.99484252929688 167.83531188964844 31.06388282775879
v 67.18641662597656 177.06526184082031 -0.00000000000001
v 62.07215881347656 177.06526184082031 -25.71113014221191
v 47.50797271728516 177.06526184082031 -47.50797271728516
v 25.71113014221191 177.06526184082031 -62.07215881347656
v 0.00000000000001 177.06526184082031 -67.18641662597656
v -25.71113014221191 177.06526184082031 -62.07215881347656
v -47.50797271728516 177.06526184082031 -47.50797271728516
v -62.07215881347656 177.06526184082031 -25.71113014221191
v -67.18641662597656 177.06526184082031 -0.00000000000001
v -62.07215881347656 177.06526184082031 25.71113014221191
v -47.50797271728516 177.06526184082031 47.50797271728516
v -25.71113014221191 177.06526184082031 62.07215881347656
v -0.00000000000001 177.06526184082031 67.18641662597656
v 25.71113014221191 177.06526184082031 62.07215881347656
v 47.50797271728516 177.06526184082031 47.50797271728516
v 62.07215881347656 177.06526184082031 25.71113014221191
v 23.98342895507812 171.43794250488281 -16.02521514892578
v 49.32074356079102 171.68287658691406 -41.83925247192383
v 5.62730693817139 171.43794250488281 -28.29038429260254
v 5.29021310806274 171.68287658691406 -64.45985412597656
v -34.16341400146484 164.21284484863281 -68.94864654541016
v -37.43997573852539 163.97314453125 -75.99688720703125
v -55.88430786132812 163.97314453125 -63.67277526855469
v -72.91123199462891 164.21284484863281 -24.59687232971191
v -80.21197509765625 163.97314453125 -27.26385116577148
v -84.53962707519531 163.97314453125 -5.50727844238281
v 68.94864654541016 164.21284484863281 -34.16341400146484
v 75.99688720703125 163.97314453125 -37.43997573852539
v 63.67277526855469 163.97314453125 -55.88430786132812
v -16.02521514892578 171.43794250488281 -23.98342895507812
v -41.83925247192383 171.68287658691406 -49.32074356079102
v 24.59687232971191 164.21284484863281 -72.91123199462891
v 27.26385116577148 163.97314453125 -80.21197509765625
v 5.50727844238281 163.97314453125 -84.53962707519531
v 72.91123199462891 164.21284484863281 24.59687232971191
v 80.21197509765625 163.97314453125 27.26385116577148
v 84.53962707519531 163.97314453125 5.50727844238281
v -68.94864654541016 164.21284484863281 34.16341400146484
v -75.99688720703125 163.97314453125 37.43997573852539
v -63.67277526855469 163.97314453125 55.88430786132812
v -28.29038429260254 171.43794250488281 -5.62730693817139
v -64.45985412597656 171.68287658691406 -5.29021310806274
v -24.59687232971191 164.21284484863281 72.91123199462891
v -27.26385116577148 163.97314453125 80.21197509765625
v -5.50727844238281 163.97314453125 84.53962707519531
v -23.98342895507812 171.43794250488281 16.02521514892578
v -49.32074356079102 171.68287658691406 41.83925247192383
v -5.62730693817139 171.43794250488281 28.29038429260254
v -5.29021310806274 171.68287658691406 64.45985412597656
v 16.02521514892578 171.43794250488281 23.98342895507812
v 41.83925247192383 171.68287658691406 49.32074356079102
v 28.29038429260254 171.43794250488281 5.62730693817139
v 64.45985412597656 171.68287658691406 5.29021310806274
v 34.16341400146484 164.21284484863281 68.94864654541016
v 37.43997573852539 163.97314453125 75.99688720703125
v 55.88430786132812 163.97314453125 63.67277526855469
v 61.57761383056641 171.68287658691406 19.78019714355469
v 76.77400970458984 164.21284484863281 5.17737436294556
v 57.52865982055664 171.68287658691406 -29.55523681640625
v 57.94838333129883 164.21284484863281 -50.62646865844727
v 19.78019714355469 171.68287658691406 -61.57761383056641
v 5.17737436294556 164.21284484863281 -76.77400970458984
v -29.55523681640625 171.68287658691406 -57.52865982055664
v -50.62646865844727 164.21284484863281 -57.94838333129883
v -61.57761383056641 171.68287658691406 -19.78019714355469
v -76.77400970458984 164.21284484863281 -5.17737436294556
v -57.52865982055664 171.68287658691406 29.55523681640625
v -57.94838333129883 164.21284484863281 50.62646865844727
v -19.78019714355469 171.68287658691406 61.57761383056641
v -5.17737436294556 164.21284484863281 76.77400970458984
v 29.55523681640625 171.68287658691406 57.52865982055664
v 50.62646865844727 164.21284484863281 57.94838333129883
v -92.23389434814453 345.11300659179688 -0.00000000000001
v -85.21300506591797 345.11300659179688 35.29638290405273
v -65.21921539306641 345.11300659179688 65.21921539306641
v -35.29638290405273 345.11300659179688 85.21300506591797
v -0.00000000000002 345.11300659179688 92.23389434814453
v 35.29638290405273 345.11300659179688 85.21300506591797
v 65.21921539306641 345.11300659179688 65.21921539306641
v 85.21300506591797 345.11300659179688 35.29638290405273
v 92.23389434814453 345.11300659179688 0
v 85.21300506591797 345.11300659179688 -35.29638290405273
v 65.21921539306641 345.11300659179688 -65.21921539306641
v 35.29638290405273 345.11300659179688 -85.21300506591797
v 0.00000000000001 345.11300659179688 -92.23389434814453
v -35.29638290405273 345.11300659179688 -85.21300506591797
v -65.21921539306641 345.11300659179688 -65.21921539306641
v -85.21300506591797 345.11300659179688 -35.29638290405273
v 72.38520050048828 269.85488891601562 -72.38520050048828
v 39.17458724975586 269.85488891601562 -94.57582092285156
v 0.00000000000001 269.85488891601562 -102.36812591552734
v -39.17458724975586 269.85488891601562 -94.57582092285156
v -72.38520050048828 269.85488891601562 -72.38520050048828
v -94.57582092285156 269.85488891601562 -39.17458724975586
v -102.36812591552734 269.85488891601562 -0.00000000000001
v -94.57582092285156 269.85488891601562 39.17458724975586
v -72.38520050048828 269.85488891601562 72.38520050048828
v -39.17458724975586 269.85488891601562 94.57582092285156
v -0.00000000000002 269.85488891601562 102.36812591552734
v 39.17458724975586 269.85488891601562 94.57582092285156
v 72.38520050048828 269.85488891601562 72.38520050048828
v 94.57582092285156 269.85488891601562 39.17458724975586
v 102.36812591552734 269.85488891601562 0
v 94.57582092285156 269.85488891601562 -39.17458724975586
v 41.84488296508789 433.789306640625 101.02248382568359
v 77.31925964355469 433.789306640625 77.31925964355469
v 101.02248382568359 433.789306640625 41.84488296508789
v 109.345947265625 433.789306640625 0
v 101.02248382568359 433.789306640625 -41.84488296508789
v 77.31925964355469 433.789306640625 -77.31925964355469
v 41.84488296508789 433.789306640625 -101.02248382568359
v 0.00000000000001 433.789306640625 -109.345947265625
v -41.84488296508789 433.789306640625 -101.02248382568359
v -77.31925964355469 433.789306640625 -77.31925964355469
v -101.02248382568359 433.789306640625 -41.84488296508789
v -109.345947265625 433.789306640625 -0.00000000000001
v -101.02248382568359 433.789306640625 41.84488296508789
v -77.31925964355469 433.789306640625 77.31925964355469
v -41.84488296508789 433.789306640625 101.02248382568359
v -0.00000000000002 433.789306640625 109.345947265625
v -38.16596603393555 563.12249755859375 92.14078521728516
v -0.00000000000002 563.12249755859375 99.73246765136719
v 38.16596603393555 563.12249755859375 92.14078521728516
v 70.52150726318359 563.12249755859375 70.52150726318359
v 92.14078521728516 563.12249755859375 38.16596603393555
v 99.73246765136719 563.12249755859375 0
v 92.14078521728516 563.12249755859375 -38.16596603393555
v 70.52150726318359 563.12249755859375 -70.52150726318359
v 38.16596603393555 563.12249755859375 -92.14078521728516
v 0.00000000000001 563.12249755859375 -99.73246765136719
v -38.16596603393555 563.12249755859375 -92.14078521728516
v -70.52150726318359 563.12249755859375 -70.52150726318359
v -92.14078521728516 563.12249755859375 -38.16596603393555
v -99.73246765136719 563.12249755859375 -0.00000000000001
v -92.14078521728516 563.12249755859375 38.16596603393555
v -70.52150726318359 563.12249755859375 70.52150726318359
v 37.42615127563477 668.02490234375 0
v 34.57725524902344 668.02490234375 -14.32236766815186
v 26.46428489685059 668.02490234375 -26.46428489685059
v 14.32236766815186 668.02490234375 -34.57725524902344
v 0 668.02490234375 -37.42615127563477
v -14.32236766815186 668.02490234375 -34.57725524902344
v -26.46428489685059 668.02490234375 -26.46428489685059
v -34.57725524902344 668.02490234375 -14.32236766815186
v -37.42615127563477 668.02490234375 0
v -34.57725524902344 668.02490234375 14.32236766815186
v -26.46428489685059 668.02490234375 26.46428489685059
v -14.32236766815186 668.02490234375 34.57725524902344
v 0 668.02490234375 37.42615127563477
v 14.32236766815186 668.02490234375 34.57725524902344
v 26.46428489685059 668.02490234375 26.46428489685059
v 34.57725524902344 668.02490234375 14.32236766815186
v 37.42615127563477 680.5135498046875 -0.00000000000001
v 34.57725524902344 680.5135498046875 -14.32236766815186
v 26.46428489685059 680.5135498046875 -26.46428489685059
v 14.32236766815186 680.5135498046875 -34.57725524902344
v -0.00000000000001 680.5135498046875 -37.42615127563477
v -14.32236766815186 680.5135498046875 -34.57725524902344
v -26.46428489685059 680.5135498046875 -26.46428489685059
v -34.57725524902344 680.5135498046875 -14.32236766815186
v -37.42615127563477 680.5135498046875 0
v -34.57725524902344 680.5135498046875 14.32236766815186
v -26.46428489685059 680.5135498046875 26.46428489685059
v -14.32236766815186 680.5135498046875 34.57725524902344
v 0 680.5135498046875 37.42615127563477
v 14.32236766815186 680.5135498046875 34.57725524902344
v 26.46428489685059 680.5135498046875 26.46428489685059
v 34.57725524902344 680.5135498046875 14.32236766815186
v 39.43678283691406 684.0384521484375 -0.00000000000001
v 36.43483734130859 684.0384521484375 -15.09180355072021
v 27.88601684570312 684.0384521484375 -27.88601684570312
v 15.09180355072021 684.0384521484375 -36.43483734130859
v -0.00000000000001 684.0384521484375 -39.43678283691406
v -15.09180355072021 684.0384521484375 -36.43483734130859
v -27.88601684570312 684.0384521484375 -27.88601684570312
v -36.43483734130859 684.0384521484375 -15.09180355072021
v -39.43678283691406 684.0384521484375 0
v -36.43483734130859 684.0384521484375 15.09180355072021
v -27.88601684570312 684.0384521484375 27.88601684570312
v -15.09180355072021 684.0384521484375 36.43483734130859
v 0 684.0384521484375 39.43678283691406
v 15.09180355072021 684.0384521484375 36.43483734130859
v 27.88601684570312 684.0384521484375 27.88601684570312
v 36.43483734130859 684.0384521484375 15.09180355072021
v 38.75900650024414 686.21600341796875 -0.00000000000001
v 35.80865478515625 686.21600341796875 -14.83242988586426
v 27.40675735473633 686.21600341796875 -27.40675735473633
v 14.83242988586426 686.21600341796875 -35.80865478515625
v -0.00000000000001 686.21600341796875 -38.75900650024414
v -14.83242988586426 686.21600341796875 -35.80865478515625
v -27.40675735473633 686.21600341796875 -27.40675735473633
v -35.80865478515625 686.21600341796875 -14.83242988586426
v -38.75900650024414 686.21600341796875 0.00000000000001
v -35.80865478515625 686.21600341796875 14.83242988586426
v -27.40675735473633 686.21600341796875 27.40675735473633
v -14.83242988586426 686.21600341796875 35.80865478515625
v 0 686.21600341796875 38.75900650024414
v 14.83242988586426 686.21600341796875 35.80865478515625
v 27.40675735473633 686.21600341796875 27.40675735473633
v 35.80865478515625 686.21600341796875 14.83242988586426
v 35.74834442138672 686.21600341796875 -0.00000000000001
v 33.02716445922852 686.21600341796875 -13.68029975891113
v 25.27789688110352 686.21600341796875 -25.27789688110352
v 13.68029975891113 686.21600341796875 -33.02716445922852
v -0.00000000000001 686.21600341796875 -35.74834442138672
v -13.68029975891113 686.21600341796875 -33.02716445922852
v -25.27789688110352 686.21600341796875 -25.27789688110352
v -33.02716445922852 686.21600341796875 -13.68029975891113
v -35.74834442138672 686.21600341796875 0.00000000000001
v -33.02716445922852 686.21600341796875 13.68029975891113
v -25.27789688110352 686.21600341796875 25.27789688110352
v -13.68029975891113 686.21600341796875 33.02716445922852
v 0 686.21600341796875 35.74834442138672
v 13.68029975891113 686.21600341796875 33.02716445922852
v 25.27789688110352 686.21600341796875 25.27789688110352
v 33.02716445922852 686.21600341796875 13.68029975891113
v 35.74834442138672 712.8455810546875 -0.00000000000001
v 33.02716445922852 712.8455810546875 -13.68029975891113
v 25.27789688110352 712.8455810546875 -25.27789688110352
v 13.68029975891113 712.8455810546875 -33.02716445922852
v -0.00000000000001 712.8455810546875 -35.74834442138672
v -13.68029975891113 712.8455810546875 -33.02716445922852
v -25.27789688110352 712.8455810546875 -25.27789688110352
v -33.02716445922852 712.8455810546875 -13.68029975891113
v -35.74834442138672 712.8455810546875 0.00000000000001
v -33.02716445922852 712.8455810546875 13.68029975891113
v -25.27789688110352 712.8455810546875 25.27789688110352
v -13.68029975891113 712.8455810546875 33.02716445922852
v 0.00000000000001 712.8455810546875 35.74834442138672
v 13.68029975891113 712.8455810546875 33.02716445922852
v 25.27789688110352 712.8455810546875 25.27789688110352
v 33.02716445922852 712.8455810546875 13.68029975891113
v 32.01587295532227 712.8455810546875 -0.00000000000001
v 29.57880973815918 712.8455810546875 -12.25194358825684
v 22.63864135742188 712.8455810546875 -22.63864135742188
v 12.25194358825684 712.8455810546875 -29.57880973815918
v -0.00000000000001 712.8455810546875 -32.01587295532227
v -12.25194358825684 712.8455810546875 -29.57880973815918
v -22.63864135742188 712.8455810546875 -22.63864135742188
v -29.57880973815918 712.8455810546875 -12.25194358825684
v -32.01587295532227 712.8455810546875 0.00000000000001
v -29.57880973815918 712.8455810546875 12.25194358825684
v -22.63864135742188 712.8455810546875 22.63864135742188
v -12.25194358825684 712.8455810546875 29.57880973815918
v 0.00000000000001 712.8455810546875 32.01587295532227
v 12.25194358825684 712.8455810546875 29.57880973815918
v 22.63864135742188 712.8455810546875 22.63864135742188
v 29.57880973815918 712.8455810546875 12.25194358825684
v 32.01587295532227 711.6085205078125 -0.00000000000001
v 29.57880973815918 711.6085205078125 -12.25194358825684
v 22.63864135742188 711.6085205078125 -22.63864135742188
v 12.25194358825684 711.6085205078125 -29.57880973815918
v -0.00000000000001 711.6085205078125 -32.01587295532227
v -12.25194358825684 711.6085205078125 -29.57880973815918
v -22.63864135742188 711.6085205078125 -22.63864135742188
v -29.57880973815918 711.6085205078125 -12.25194358825684
v -32.01587295532227 711.6085205078125 0.00000000000001
v -29.57880973815918 711.6085205078125 12.25194358825684
v -22.63864135742188 711.6085205078125 22.63864135742188
v -12.25194358825684 711.6085205078125 29.57880973815918
v 0 711.6085205078125 32.01587295532227
v 12.25194358825684 711.6085205078125 29.57880973815918
v 22.63864135742188 711.6085205078125 22.63864135742188
v 29.57880973815918 711.6085205078125 12.25194358825684
v -33.02716445922852 692.364501953125 13.68029975891113
v -25.27789688110352 692.364501953125 25.27789688110352
v -13.68029975891113 692.364501953125 33.02716445922852
v 0 692.364501953125 35.74834442138672
v 13.68029975891113 692.364501953125 33.02716445922852
v 25.27789688110352 692.364501953125 25.27789688110352
v 33.02716445922852 692.364501953125 13.68029975891113
v 35.74834442138672 692.364501953125 -0.00000000000001
v 33.02716445922852 692.364501953125 -13.68029975891113
v 25.27789688110352 692.364501953125 -25.27789688110352
v 13.68029975891113 692.364501953125 -33.02716445922852
v -0.00000000000001 692.364501953125 -35.74834442138672
v -13.68029975891113 692.364501953125 -33.02716445922852
v -25.27789688110352 692.364501953125 -25.27789688110352
v -33.02716445922852 692.364501953125 -13.68029975891113
v -35.74834442138672 692.364501953125 0.00000000000001
v -25.27789688110352 693.64739990234375 25.27789688110352
v -13.68029975891113 693.64739990234375 33.02716445922852
v 0 693.64739990234375 35.74834442138672
v 13.68029975891113 693.64739990234375 33.02716445922852
v 25.27789688110352 693.64739990234375 25.27789688110352
v 33.02716445922852 693.64739990234375 13.68029975891113
v 35.74834442138672 693.64739990234375 -0.00000000000001
v 33.02716445922852 693.64739990234375 -13.68029975891113
v 25.27789688110352 693.64739990234375 -25.27789688110352
v 13.68029975891113 693.64739990234375 -33.02716445922852
v -0.00000000000001 693.64739990234375 -35.74834442138672
v -13.68029975891113 693.64739990234375 -33.02716445922852
v -25.27789688110352 693.64739990234375 -25.27789688110352
v -33.02716445922852 693.64739990234375 -13.68029975891113
v -35.74834442138672 693.64739990234375 0.00000000000001
v -33.02716445922852 693.64739990234375 13.68029975891113
v -31.94721603393555 692.364501953125 13.23297023773193
v -24.45133972167969 692.364501953125 24.45133972167969
v -13.23297023773193 692.364501953125 31.94721603393555
v 0 692.364501953125 34.57941818237305
v 13.23297023773193 692.364501953125 31.94721603393555
v 24.45133972167969 692.364501953125 24.45133972167969
v 31.94721603393555 692.364501953125 13.23297023773193
v 34.57941818237305 692.364501953125 -0.00000000000001
v 31.94721603393555 692.364501953125 -13.23297023773193
v 24.45133972167969 692.364501953125 -24.45133972167969
v 13.23297023773193 692.364501953125 -31.94721603393555
v -0.00000000000001 692.364501953125 -34.57941818237305
v -13.23297023773193 692.364501953125 -31.94721603393555
v -24.45133972167969 692.364501953125 -24.45133972167969
v -31.94721603393555 692.364501953125 -13.23297023773193
v -34.57941818237305 692.364501953125 0.00000000000001
v -24.45133972167969 693.64739990234375 24.45133972167969
v -13.23297023773193 693.64739990234375 31.94721603393555
v 0 693.64739990234375 34.57941818237305
v 13.23297023773193 693.64739990234375 31.94721603393555
v 24.45133972167969 693.64739990234375 24.45133972167969
v 31.94721603393555 693.64739990234375 13.23297023773193
v 34.57941818237305 693.64739990234375 -0.00000000000001
v 31.94721603393555 693.64739990234375 -13.23297023773193
v 24.45133972167969 693.64739990234375 -24.45133972167969
v 13.23297023773193 693.64739990234375 -31.94721603393555
v -0.00000000000001 693.64739990234375 -34.57941818237305
v -13.23297023773193 693.64739990234375 -31.94721603393555
v -24.45133972167969 693.64739990234375 -24.45133972167969
v -31.94721603393555 693.64739990234375 -13.23297023773193
v -34.57941818237305 693.64739990234375 0.00000000000001
v -31.94721603393555 693.64739990234375 13.23297023773193
v 35.80007934570312 682.27899169921875 14.82887840270996
v 38.74972534179688 682.27899169921875 -0.00000000000001
v 35.80007934570312 682.27899169921875 -14.82887840270996
v 27.40019416809082 682.27899169921875 -27.40019416809082
v 14.82887840270996 682.27899169921875 -35.80007934570312
v -0.00000000000001 682.27899169921875 -38.74972534179688
v -14.82887840270996 682.27899169921875 -35.80007934570312
v -27.40019416809082 682.27899169921875 -27.40019416809082
v -35.80007934570312 682.27899169921875 -14.82887840270996
v -38.74972534179688 682.27899169921875 0
v -35.80007934570312 682.27899169921875 14.82887840270996
v -27.40019416809082 682.27899169921875 27.40019416809082
v -14.82887840270996 682.27899169921875 35.80007934570312
v 0 682.27899169921875 38.74972534179688
v 14.82887840270996 682.27899169921875 35.80007934570312
v 27.40019416809082 682.27899169921875 27.40019416809082
v 36.34916687011719 685.24334716796875 15.05631828308105
v 39.34405517578125 685.24334716796875 -0.00000000000001
v 36.34916687011719 685.24334716796875 -15.05631828308105
v 27.82044982910156 685.24334716796875 -27.82044982910156
v 15.05631828308105 685.24334716796875 -36.34916687011719
v -0.00000000000001 685.24334716796875 -39.34405517578125
v -15.05631828308105 685.24334716796875 -36.34916687011719
v -27.82044982910156 685.24334716796875 -27.82044982910156
v -36.34916687011719 685.24334716796875 -15.05631828308105
v -39.34405517578125 685.24334716796875 0
v -36.34916687011719 685.24334716796875 15.05631828308105
v -27.82044982910156 685.24334716796875 27.82044982910156
v -15.05631828308105 685.24334716796875 36.34916687011719
v 0 685.24334716796875 39.34405517578125
v 15.05631828308105 685.24334716796875 36.34916687011719
v 27.82044982910156 685.24334716796875 27.82044982910156
v 74.05227661132812 162.33045959472656 -36.58197784423828
v 71.35684967041016 162.20799255371094 -47.67912292480469
v 62.13591766357422 162.33045959472656 -54.41606521606445
v 64.83134460449219 162.45292663574219 -43.31892013549805
v 26.49550247192383 162.33045959472656 -78.23023223876953
v 16.7426815032959 162.20799255371094 -84.171142578125
v 5.45876026153564 162.33045959472656 -82.41469573974609
v 15.21158218383789 162.45292663574219 -76.47378540039062
v -36.58197784423828 162.33045959472656 -74.05227661132812
v -47.67912292480469 162.20799255371094 -71.35684967041016
v -54.41606521606445 162.33045959472656 -62.13591766357422
v -43.31892013549805 162.45292663574219 -64.83134460449219
v -78.23023223876953 162.33045959472656 -26.49550247192383
v -84.171142578125 162.20799255371094 -16.7426815032959
v -82.41469573974609 162.33045959472656 -5.45876026153564
v -76.47378540039062 162.45292663574219 -15.21158218383789
v -74.05227661132812 162.33045959472656 36.58197784423828
v -71.35684967041016 162.20799255371094 47.67912292480469
v -62.13591766357422 162.33045959472656 54.41606521606445
v -64.83134460449219 162.45292663574219 43.31892013549805
v -26.49550247192383 162.33045959472656 78.23023223876953
v -16.7426815032959 162.20799255371094 84.171142578125
v -5.45876026153564 162.33045959472656 82.41469573974609
v -15.21158218383789 162.45292663574219 76.47378540039062
v 36.58197784423828 162.33045959472656 74.05227661132812
v 47.67912292480469 162.20799255371094 71.35684967041016
v 54.41606521606445 162.33045959472656 62.13591766357422
v 43.31892013549805 162.45292663574219 64.83134460449219
v 78.23023223876953 162.33045959472656 26.49550247192383
v 84.171142578125 162.20799255371094 16.7426815032959
v 82.41469573974609 162.33045959472656 5.45876026153564
v 76.47378540039062 162.45292663574219 15.21158218383789
v 68.09410095214844 162.33045959472656 -45.49901962280273
v 15.97713184356689 162.33045959472656 -80.32246398925781
v -45.49901962280273 162.33045959472656 -68.09410095214844
v -80.32246398925781 162.33045959472656 -15.97713184356689
v -68.09410095214844 162.33045959472656 45.49901962280273
v -15.97713184356689 162.33045959472656 80.32246398925781
v 45.49901962280273 162.33045959472656 68.09410095214844
v 80.32246398925781 162.33045959472656 15.97713184356689
v 98.47197723388672 269.85488891601562 -19.58729362487793
v 83.48050689697266 269.85488891601562 -55.77989196777344
v 55.77989196777344 269.85488891601562 -83.48050689697266
v 19.58729362487793 269.85488891601562 -98.47197723388672
v -19.58729362487793 269.85488891601562 -98.47197723388672
v -55.77989196777344 269.85488891601562 -83.48050689697266
v -83.48050689697266 269.85488891601562 -55.77989196777344
v -98.47197723388672 269.85488891601562 -19.58729362487793
v -98.47197723388672 269.85488891601562 19.58729362487793
v -83.48050689697266 269.85488891601562 55.77989196777344
v -55.77989196777344 269.85488891601562 83.48050689697266
v -19.58729362487793 269.85488891601562 98.47197723388672
v 19.58729362487793 269.85488891601562 98.47197723388672
v 55.77989196777344 269.85488891601562 83.48050689697266
v 83.48050689697266 269.85488891601562 55.77989196777344
v 98.47197723388672 269.85488891601562 19.58729362487793
v -88.72344970703125 345.11300659179688 17.64819145202637
v -75.21611022949219 345.11300659179688 50.25779724121094
v -50.25779724121094 345.11300659179688 75.21611022949219
v -17.64819145202637 345.11300659179688 88.72344970703125
v 17.64819145202637 345.11300659179688 88.72344970703125
v 50.25779724121094 345.11300659179688 75.21611022949219
v 75.21611022949219 345.11300659179688 50.25779724121094
v 88.72344970703125 345.11300659179688 17.64819145202637
v 88.72344970703125 345.11300659179688 -17.64819145202637
v 75.21611022949219 345.11300659179688 -50.25779724121094
v 50.25779724121094 345.11300659179688 -75.21611022949219
v 17.64819145202637 345.11300659179688 -88.72344970703125
v -17.64819145202637 345.11300659179688 -88.72344970703125
v -50.25779724121094 345.11300659179688 -75.21611022949219
v -75.21611022949219 345.11300659179688 -50.25779724121094
v -88.72344970703125 345.11300659179688 -17.64819145202637
v 66.44482421875 310.79852294921875 -66.44482421875
v 35.95967864990234 310.79852294921875 -86.81434631347656
v 0.00000000000001 310.79852294921875 -93.96717071533203
v -35.95967864990234 310.79852294921875 -86.81434631347656
v -66.44482421875 310.79852294921875 -66.44482421875
v -86.81434631347656 310.79852294921875 -35.95967864990234
v -93.96717071533203 310.79852294921875 -0.00000000000001
v -86.81434631347656 310.79852294921875 35.95967864990234
v -66.44482421875 310.79852294921875 66.44482421875
v -35.95967864990234 310.79852294921875 86.81434631347656
v -0.00000000000002 310.79852294921875 93.96717071533203
v 35.95967864990234 310.79852294921875 86.81434631347656
v 66.44482421875 310.79852294921875 66.44482421875
v 86.81434631347656 310.79852294921875 35.95967864990234
v 93.96717071533203 310.79852294921875 0
v 86.81434631347656 310.79852294921875 -35.95967864990234
v 51.20225143432617 310.79852294921875 -76.62958526611328
v 17.97983932495117 310.79852294921875 -90.39076232910156
v -17.97983932495117 310.79852294921875 -90.39076232910156
v -51.20225143432617 310.79852294921875 -76.62958526611328
v -76.62958526611328 310.79852294921875 -51.20225143432617
v -90.39076232910156 310.79852294921875 -17.97983932495117
v -90.39076232910156 310.79852294921875 17.97983932495117
v -76.62958526611328 310.79852294921875 51.20225143432617
v -51.20225143432617 310.79852294921875 76.62958526611328
v -17.97983932495117 310.79852294921875 90.39076232910156
v 17.97983932495117 310.79852294921875 90.39076232910156
v 51.20225143432617 310.79852294921875 76.62958526611328
v 76.62958526611328 310.79852294921875 51.20225143432617
v 90.39076232910156 310.79852294921875 17.97983932495117
v 90.39076232910156 310.79852294921875 -17.97983932495117
v 76.62958526611328 310.79852294921875 -51.20225143432617
v -73.45712280273438 540.41143798828125 73.45712280273438
v -95.97635650634766 540.41143798828125 39.75471115112305
v -103.88406372070312 540.41143798828125 -0.00000000000001
v -95.97635650634766 540.41143798828125 -39.75471115112305
v -73.45712280273438 540.41143798828125 -73.45712280273438
v -39.75471115112305 540.41143798828125 -95.97635650634766
v 0.00000000000001 540.41143798828125 -103.88406372070312
v 39.75471115112305 540.41143798828125 -95.97635650634766
v 73.45712280273438 540.41143798828125 -73.45712280273438
v 95.97635650634766 540.41143798828125 -39.75471115112305
v 103.88406372070312 540.41143798828125 0
v 95.97635650634766 540.41143798828125 39.75471115112305
v 73.45712280273438 540.41143798828125 73.45712280273438
v 39.75471115112305 540.41143798828125 95.97635650634766
v -0.00000000000002 540.41143798828125 103.88406372070312
v -39.75471115112305 540.41143798828125 95.97635650634766
v 93.22637939453125 577.17803955078125 0
v 86.12994384765625 577.17803955078125 35.67618942260742
v 65.92100524902344 577.17803955078125 65.92100524902344
v 35.67618942260742 577.17803955078125 86.12994384765625
v -0.00000000000002 577.17803955078125 93.22637939453125
v -35.67618942260742 577.17803955078125 86.12994384765625
v -65.92100524902344 577.17803955078125 65.92100524902344
v -86.12994384765625 577.17803955078125 35.67618942260742
v -93.22637939453125 577.17803955078125 -0.00000000000001
v -86.12994384765625 577.17803955078125 -35.67618942260742
v -65.92100524902344 577.17803955078125 -65.92100524902344
v -35.67618942260742 577.17803955078125 -86.12994384765625
v 0.00000000000001 577.17803955078125 -93.22637939453125
v 35.67618942260742 577.17803955078125 -86.12994384765625
v 65.92100524902344 577.17803955078125 -65.92100524902344
v 86.12994384765625 577.17803955078125 -35.67618942260742
v 99.42501068115234 187.35084533691406 0
v 91.85672760009766 187.35084533691406 38.04830169677734
v 70.30410003662109 187.35084533691406 70.30410003662109
v 38.04830169677734 187.35084533691406 91.85672760009766
v -0.00000000000002 187.35084533691406 99.42501068115234
v -38.04830169677734 187.35084533691406 91.85672760009766
v -70.30410003662109 187.35084533691406 70.30410003662109
v -91.85672760009766 187.35084533691406 38.04830169677734
v -99.42501068115234 187.35084533691406 -0.00000000000001
v -91.85672760009766 187.35084533691406 -38.04830169677734
v -70.30410003662109 187.35084533691406 -70.30410003662109
v -38.04830169677734 187.35084533691406 -91.85672760009766
v 0.00000000000001 187.35084533691406 -99.42501068115234
v 38.04830169677734 187.35084533691406 -91.85672760009766
v 70.30410003662109 187.35084533691406 -70.30410003662109
v 91.85672760009766 187.35084533691406 -38.04830169677734
# 594 vertices

vn 0 -1 0
vn -0.28620365262032 -0.95647609233856 0.05692943930626
vn -0.59814882278442 -0.56539928913116 0.5679275393486
vn 0.99581998586655 0.09133787453175 0
vn 0.97852790355682 0.06780813634396 -0.19464123249054
vn 0.99866896867752 -0.0515785291791 0
vn nan nan nan
vn 0.92001765966415 0.09133788198233 -0.38108390569687
vn 0.92264974117279 -0.05157851427794 -0.38217413425446
vn -0.61099392175674 -0.56350636482239 0.55600982904434
vn nan nan nan
vn 0.98173576593399 -0.19024950265884 0
vn 0.99696570634842 -0.07784187048674 0
vn 0.92107623815536 -0.07784186303616 -0.38152226805687
vn 0.90700560808182 -0.19024950265884 -0.37569400668144
vn 0 1 0
vn -0.52762722969055 -0.59223240613937 0.60899114608765
vn 0.00575141981244 -0.99997609853744 -0.00384297617711
vn -0.1442387253046 -0.87091612815857 0.46978750824928
vn -0.48908871412277 -0.87098854780197 -0.04659567400813
vn -0.63195294141769 -0.56410139799118 0.53143680095673
vn 0.82955586910248 0.06780811399221 -0.55429154634476
vn nan nan nan
vn 0.70415103435516 0.09133785218 -0.70415103435516
vn 0.70616561174393 -0.05157851055264 -0.70616549253464
vn -0.578200340271 -0.578200340271 0.57564634084702
vn nan nan nan
vn 0.7049612402916 -0.07784186303616 -0.70496118068695
vn 0.69419205188751 -0.19024945795536 -0.69419205188751
vn nan nan nan
vn -0.1621213555336 -0.95647609233856 0.24263173341751
vn -0.57910424470901 -0.57646614313126 0.57647639513016
vn 0.55429154634476 0.06780811399221 -0.82955586910248
vn -0.57886558771133 -0.57659995555878 0.57658225297928
vn 0.38108393549919 0.09133788943291 -0.92001760005951
vn 0.38217410445213 -0.05157851055264 -0.92264980077744
vn -0.57916229963303 -0.5764474272728 0.57643681764603
vn nan nan nan
vn 0.38152226805687 -0.07784186303616 -0.92107623815536
vn 0.37569400668144 -0.19024950265884 -0.90700560808182
vn nan nan nan
vn 0.00134947570041 -0.99997609853744 -0.00678426073864
vn 0.23019760847092 -0.87091612815857 0.43418219685555
vn -0.37878599762917 -0.87098854780197 0.31288993358612
vn -0.57735699415207 -0.5773469209671 0.5773469209671
vn 0.19464121758938 0.06780813634396 -0.97852790355682
vn nan nan nan
vn 0 0.09133787453175 -0.99581998586655
vn 0 -0.0515785291791 -0.99866896867752
vn -0.57735711336136 -0.57734686136246 0.57734680175781
vn -0.57735025882721 -0.57735025882721 0.57735025882721
vn 0 -0.07784187048674 -0.99696570634842
vn 0 -0.19024950265884 -0.98173576593399
vn -0.59900045394897 -0.56369209289551 0.56872636079788
vn 0.05692943930626 -0.95647609233856 0.28620365262032
vn nan nan nan
vn -0.19464121758938 0.06780813634396 -0.97852790355682
vn -0.61027556657791 -0.56266778707504 0.5576456785202
vn -0.38108390569687 0.09133788198233 -0.92001765966415
vn -0.38217413425446 -0.05157851427794 -0.92264974117279
vn nan nan nan
vn -0.62705731391907 -0.56299841403961 0.53836035728455
vn -0.38152226805687 -0.07784187048674 -0.92107623815536
vn -0.37569400668144 -0.19024950265884 -0.90700560808182
vn -0.63110530376434 -0.56335455179214 0.53323328495026
vn -0.00384297617711 -0.99997609853744 -0.00575141981244
vn 0.46978744864464 -0.87091612815857 0.14423871040344
vn -0.046595685184 -0.87098854780197 0.48908874392509
vn nan nan nan
vn -0.55429154634476 0.06780811399221 -0.82955586910248
vn -0.57820075750351 -0.57563543319702 0.57821077108383
vn -0.70415103435516 0.09133784472942 -0.70415103435516
vn -0.70616549253464 -0.05157851055264 -0.70616561174393
vn nan nan nan
vn -0.57820510864258 -0.57562673091888 0.57821518182755
vn -0.70496118068695 -0.07784186303616 -0.7049612402916
vn -0.69419205188751 -0.19024945795536 -0.69419205188751
vn -0.57734340429306 -0.57735371589661 0.57735365629196
vn 0.24263173341751 -0.95647609233856 0.1621213555336
vn -0.57810938358307 -0.578100502491 0.57583796977997
vn -0.82955586910248 0.06780811399221 -0.55429154634476
vn -0.57825237512588 -0.57554179430008 0.57825237512588
vn -0.92001760005951 0.09133788943291 -0.38108393549919
vn -0.92264980077744 -0.05157851055264 -0.38217410445213
vn nan nan nan
vn -0.57899951934814 -0.57651901245117 0.57652866840363
vn -0.92107623815536 -0.07784186303616 -0.38152226805687
vn -0.90700560808182 -0.19024950265884 -0.37569400668144
vn -0.57817149162292 -0.57569456100464 0.57818114757538
vn -0.00678426073864 -0.99997609853744 -0.00134947570041
vn 0.43418216705322 -0.87091612815857 -0.23019760847092
vn 0.31288993358612 -0.87098854780197 0.37878599762917
vn -0.57810348272324 -0.57810348272324 0.57584089040756
vn -0.97852790355682 0.06780813634396 -0.19464121758938
vn -0.578200340271 -0.578200340271 0.57564634084702
vn -0.99581998586655 0.09133787453175 0
vn -0.99866896867752 -0.0515785291791 0
vn -0.57735633850098 -0.57734721899033 0.57734721899033
vn -1 0 0
vn -0.99696570634842 -0.07784187048674 0
vn -0.98173576593399 -0.19024947285652 0
vn -0.59041929244995 -0.56823307275772 0.57316333055496
vn 0 -1 0
vn 0.28620365262032 -0.95647609233856 -0.05692943930626
vn nan nan nan
vn -0.97852790355682 0.06780813634396 0.19464123249054
vn -0.56568562984467 -0.56856429576874 0.59727245569229
vn -0.92001765966415 0.09133788198233 0.38108390569687
vn -0.92264974117279 -0.05157851427794 0.38217413425446
vn -0.54215550422668 -0.58704680204391 0.60120165348053
vn -0.61580777168274 -0.56683921813965 0.54724222421646
vn -0.92107623815536 -0.07784186303616 0.38152226805687
vn -0.90700560808182 -0.19024950265884 0.37569400668144
vn -0.57650309801102 -0.57905089855194 0.57649308443069
vn -0.00575141981244 -0.99997609853744 0.00384297617711
vn 0.1442387253046 -0.87091612815857 -0.46978750824928
vn 0.48908871412277 -0.87098854780197 0.04659567400813
vn nan nan nan
vn -0.82955586910248 0.06780811399221 0.55429154634476
vn -0.57735359668732 -0.57734352350235 0.57735365629196
vn -0.70415103435516 0.09133784472942 0.70415103435516
vn -0.70616549253464 -0.05157850310206 0.70616561174393
vn -0.59890872240067 -0.58319395780563 0.54881066083908
vn -0.57490074634552 -0.57849389314651 0.57864838838577
vn -0.7049612402916 -0.07784185558558 0.70496118068695
vn -0.69419205188751 -0.19024945795536 0.69419205188751
vn -0.57735723257065 -0.57734680175781 0.57734674215317
vn 0.1621213555336 -0.95647609233856 -0.24263173341751
vn -0.57812762260437 -0.57811856269836 0.57580149173737
vn -0.55429154634476 0.06780811399221 0.82955586910248
vn -0.57734650373459 -0.57989674806595 0.57479625940323
vn -0.38108393549919 0.09133788943291 0.92001760005951
vn -0.38217410445213 -0.05157851055264 0.92264980077744
vn nan nan nan
vn -0.5842159986496 -0.58420586585999 0.56337839365005
vn -0.38152226805687 -0.07784186303616 0.92107623815536
vn -0.37569400668144 -0.19024950265884 0.90700560808182
vn -0.60097551345825 -0.57824033498764 0.55178487300873
vn -0.00134947570041 -0.99997609853744 0.00678426073864
vn -0.23019760847092 -0.87091612815857 -0.43418219685555
vn 0.37878599762917 -0.87098854780197 -0.31288993358612
vn nan nan nan
vn -0.19464121758938 0.06780813634396 0.97852790355682
vn -0.57824259996414 -0.57823222875595 0.57557183504105
vn 0 0.09133787453175 0.99581998586655
vn 0 -0.0515785291791 0.99866896867752
vn -1 0 0
vn nan nan nan
vn 0 -0.07784187048674 0.99696570634842
vn 0 -0.19024950265884 0.98173576593399
vn -0.5641627907753 -0.57847136259079 0.58914452791214
vn 0 -1 0
vn -0.05692943930626 -0.95647609233856 -0.28620365262032
vn -0.50994038581848 -0.52158999443054 0.68403559923172
vn 0.19464121758938 0.06780813634396 0.97852790355682
vn -0.53106886148453 -0.49618116021156 0.68685519695282
vn 0.38108390569687 0.09133788198233 0.92001765966415
vn 0.38217413425446 -0.05157851427794 0.92264974117279
vn nan nan nan
vn -0.53712701797485 -0.57218301296234 0.6197589635849
vn 0.38152226805687 -0.07784187048674 0.92107623815536
vn 0.37569400668144 -0.19024950265884 0.90700560808182
vn nan nan nan
vn 0.00384297617711 -0.99997609853744 0.00575141981244
vn -0.46978744864464 -0.87091612815857 -0.14423871040344
vn 0.046595685184 -0.87098854780197 -0.48908874392509
vn -0.59060627222061 -0.5825719833374 0.55838525295258
vn 0.55429154634476 0.06780811399221 0.82955586910248
vn nan nan nan
vn 0.70415103435516 0.09133784472942 0.70415103435516
vn 0.70616549253464 -0.05157851055264 0.70616561174393
vn -0.56701892614365 -0.53691548109055 0.62466895580292
vn -0.4560698568821 -0.5841703414917 0.67137569189072
vn 0.70496118068695 -0.07784186303616 0.7049612402916
vn 0.69419205188751 -0.19024945795536 0.69419205188751
vn -0.57734727859497 -0.57735627889633 0.57734721899033
vn -0.24263173341751 -0.95647609233856 -0.1621213555336
vn -0.57819944620132 -0.58075338602066 0.57307147979736
vn 0.82955586910248 0.06780811399221 0.55429154634476
vn nan nan nan
vn 0.92001760005951 0.09133788943291 0.38108393549919
vn 0.92264980077744 -0.05157851055264 0.38217410445213
vn nan nan nan
vn nan nan nan
vn 0.92107623815536 -0.07784186303616 0.38152226805687
vn 0.90700560808182 -0.19024950265884 0.37569400668144
vn nan nan nan
vn 0.00678426073864 -0.99997609853744 0.00134947570041
vn -0.43418216705322 -0.87091612815857 0.23019760847092
vn -0.31288993358612 -0.87098854780197 -0.37878599762917
vn -0.57824605703354 -0.5782356262207 0.57556492090225
vn 0.97852790355682 0.06780813634396 0.19464121758938
vn -1 0 0
vn nan nan nan
vn -0.57571065425873 -0.52138167619705 0.62985581159592
vn -0.34645926952362 -0.66042482852936 0.66618692874908
vn -0.69136041402817 -0.209860637784 0.69136041402817
vn -0.90330594778061 -0.20986072719097 0.37416157126427
vn -0.9777312874794 -0.20986077189445 -0.00000000762378
vn -0.90330594778061 -0.20986071228981 -0.37416157126427
vn -0.69136041402817 -0.209860637784 -0.69136041402817
vn -0.37416157126427 -0.20986072719097 -0.90330594778061
vn 0.00000000381189 -0.20986077189445 -0.9777312874794
vn 0.37416157126427 -0.20986071228981 -0.90330594778061
vn 0.69136041402817 -0.209860637784 -0.69136041402817
vn 0.90330594778061 -0.20986072719097 -0.37416157126427
vn 0.9777312874794 -0.20986075699329 0.00000000381189
vn 0.90330594778061 -0.20986071228981 0.37416157126427
vn 0.69136041402817 -0.209860637784 0.69136041402817
vn 0.37416157126427 -0.20986072719097 0.90330594778061
vn -0.00000000381189 -0.20986077189445 0.9777312874794
vn -0.37416157126427 -0.20986071228981 0.90330594778061
vn -0.13280326128006 -0.82903212308884 0.54320257902145
vn 0.21597231924534 -0.95337772369385 0.21077688038349
vn 0.06155204772949 -0.99789255857468 -0.02053788863122
vn -0.3342128098011 -0.91382825374603 0.2306941151619
vn 0.36016127467155 -0.90771377086639 -0.21526634693146
vn 0.32960587739944 -0.92017012834549 -0.21129813790321
vn 0.34926575422287 -0.90477699041367 -0.24370478093624
vn -0.10097806155682 -0.95737236738205 -0.27063173055649
vn -0.55125117301941 -0.83066099882126 -0.07825852930546
vn 0.29019603133202 -0.82903218269348 0.47800830006599
vn 0.30175724625587 -0.95337772369385 -0.00367396441288
vn 0.02900144830346 -0.99789255857468 -0.05804637447
vn -0.07319878041744 -0.91382819414139 0.39944952726364
vn 0.10245630145073 -0.90771371126175 -0.40688887238502
vn 0.08365624397993 -0.92017012834549 -0.38247689604759
vn 0.07464221119881 -0.9047771692276 -0.41929316520691
vn -0.26276811957359 -0.9573723077774 -0.11996310949326
vn -0.4451305270195 -0.83066099882126 0.33445638418198
vn 0.54320251941681 -0.82903218269348 0.13280326128006
vn 0.21077688038349 -0.95337772369385 -0.21597231924534
vn -0.02053788863122 -0.99789255857468 -0.06155204772949
vn 0.23069410026073 -0.91382825374603 0.3342128098011
vn -0.21526634693146 -0.90771377086639 -0.36016127467155
vn -0.21129813790321 -0.92017012834549 -0.32960587739944
vn -0.24370478093624 -0.90477699041367 -0.34926575422287
vn -0.27063173055649 -0.95737236738205 0.10097806155682
vn -0.07825852930546 -0.83066099882126 0.55125117301941
vn 0.47800827026367 -0.82903218269348 -0.29019603133202
vn -0.00367396441288 -0.95337772369385 -0.30175724625587
vn -0.05804637447 -0.99789255857468 -0.02900144830346
vn 0.39944952726364 -0.91382819414139 0.07319878041744
vn -0.40688890218735 -0.90771371126175 -0.10245631635189
vn -0.38247689604759 -0.92017012834549 -0.08365624397993
vn -0.41929316520691 -0.9047771692276 -0.07464221119881
vn -0.11996310949326 -0.9573723077774 0.26276811957359
vn 0.33445638418198 -0.83066099882126 0.4451305270195
vn 0.13280326128006 -0.82903212308884 -0.54320257902145
vn -0.21597231924534 -0.95337772369385 -0.21077688038349
vn -0.06155204772949 -0.99789255857468 0.02053788863122
vn 0.3342128098011 -0.91382825374603 -0.2306941151619
vn -0.36016127467155 -0.90771377086639 0.21526634693146
vn -0.32960587739944 -0.92017012834549 0.21129813790321
vn -0.34926575422287 -0.90477699041367 0.24370478093624
vn 0.10097806155682 -0.95737236738205 0.27063173055649
vn 0.55125117301941 -0.83066099882126 0.07825852930546
vn -0.29019603133202 -0.82903218269348 -0.47800830006599
vn -0.30175724625587 -0.95337772369385 0.00367396441288
vn -0.02900144830346 -0.99789255857468 0.05804637447
vn 0.07319878041744 -0.91382819414139 -0.39944952726364
vn -0.10245630145073 -0.90771371126175 0.40688887238502
vn -0.08365624397993 -0.92017012834549 0.38247689604759
vn -0.07464221119881 -0.9047771692276 0.41929316520691
vn 0.26276811957359 -0.9573723077774 0.11996310949326
vn 0.4451305270195 -0.83066099882126 -0.33445638418198
vn -0.54320251941681 -0.82903218269348 -0.13280326128006
vn -0.21077688038349 -0.95337772369385 0.21597231924534
vn 0.02053788863122 -0.99789255857468 0.06155204772949
vn -0.23069410026073 -0.91382825374603 -0.3342128098011
vn 0.21526634693146 -0.90771377086639 0.36016127467155
vn 0.21129813790321 -0.92017012834549 0.32960587739944
vn 0.24370478093624 -0.90477699041367 0.34926575422287
vn 0.27063173055649 -0.95737236738205 -0.10097806155682
vn 0.07825852930546 -0.83066099882126 -0.55125117301941
vn -0.47800827026367 -0.82903218269348 0.29019603133202
vn 0.00367396441288 -0.95337772369385 0.30175724625587
vn 0.05804637447 -0.99789255857468 0.02900144830346
vn -0.39944952726364 -0.91382819414139 -0.07319878041744
vn 0.40688890218735 -0.90771371126175 0.10245631635189
vn 0.38247689604759 -0.92017012834549 0.08365624397993
vn 0.41929316520691 -0.9047771692276 0.07464221119881
vn 0.11996310949326 -0.9573723077774 -0.26276811957359
vn -0.33445638418198 -0.83066099882126 -0.4451305270195
vn nan nan nan
vn nan nan nan
vn nan nan nan
vn nan nan nan
vn -0.56882417201996 -0.58494639396667 0.57816672325134
vn nan nan nan
vn -0.57819366455078 -0.57820373773575 0.57564967870712
vn nan nan nan
vn nan nan nan
vn nan nan nan
vn -0.59346091747284 -0.54361563920975 0.59353703260422
vn nan nan nan
vn nan nan nan
vn nan nan nan
vn nan nan nan
vn nan nan nan
vn -0.56637459993362 -0.57901418209076 0.58648306131363
vn -0.57555317878723 -0.57824671268463 0.57824671268463
vn nan nan nan
vn nan nan nan
vn nan nan nan
vn -0.57730787992477 -0.57968562841415 0.57504796981812
vn nan nan nan
vn -1 0 0
vn 0.11008150875568 -0.64964950084686 0.752221763134
vn 0.2709755897522 -0.70380139350891 0.65668547153473
vn -0.5012321472168 -0.70622855424881 -0.50000762939453
vn -0.65255337953568 -0.64979916810989 -0.38978862762451
vn 0.60974043607712 -0.64964944124222 0.45406183600426
vn 0.65595543384552 -0.70380145311356 0.27273806929588
vn -0.707983314991 -0.70622861385345 0.00086584425298
vn -0.73704701662064 -0.64979922771454 0.18580278754234
vn 0.752221763134 -0.64964950084686 -0.11008150875568
vn 0.65668547153473 -0.70380139350891 -0.2709755897522
vn -0.50000762939453 -0.70622849464416 0.5012321472168
vn -0.38978862762451 -0.64979910850525 0.65255337953568
vn 0.45406183600426 -0.64964944124222 -0.60974043607712
vn 0.27273806929588 -0.70380145311356 -0.65595537424088
vn 0.00086584425298 -0.7062286734581 0.707983314991
vn 0.1858028024435 -0.64979922771454 0.73704701662064
vn -0.11008150875568 -0.64964950084686 -0.752221763134
vn -0.2709755897522 -0.70380139350891 -0.65668547153473
vn 0.5012321472168 -0.70622855424881 0.50000762939453
vn 0.65255337953568 -0.64979916810989 0.38978862762451
vn -0.60974043607712 -0.64964944124222 -0.45406183600426
vn -0.65595543384552 -0.70380145311356 -0.27273806929588
vn 0.707983314991 -0.70622861385345 -0.00086584425298
vn 0.73704701662064 -0.64979922771454 -0.18580278754234
vn -0.752221763134 -0.64964950084686 0.11008150875568
vn -0.65668547153473 -0.70380139350891 0.2709755897522
vn 0.50000762939453 -0.70622849464416 -0.5012321472168
vn 0.38978862762451 -0.64979910850525 -0.65255337953568
vn -0.45406183600426 -0.64964944124222 0.60974043607712
vn -0.27273806929588 -0.70380145311356 0.65595537424088
vn -0.00086584425298 -0.7062286734581 -0.707983314991
vn -0.1858028024435 -0.64979922771454 -0.73704701662064
vn 0.66696119308472 -0.64990603923798 -0.36439675092697
vn nan nan nan
vn 0.09638445079327 -0.67153173685074 0.73468035459518
vn nan nan nan
vn 0.27173328399658 -0.70412772893906 0.65602219104767
vn nan nan nan
vn 0.59189373254776 -0.64990597963333 -0.47674313187599
vn -0.5635312795639 -0.57804274559021 0.59016871452332
vn -0.56930440664291 -0.58608949184418 0.57653415203094
vn -0.56775051355362 -0.59137690067291 0.57265412807465
vn -0.64225476980209 -0.67078560590744 -0.37088462710381
vn -1 0 0
vn nan nan nan
vn -0.50209766626358 -0.7041277885437 -0.50209766626358
vn nan nan nan
vn 0.21394538879395 -0.64990597963333 -0.72928017377853
vn nan nan nan
vn 0.58765137195587 -0.67153185606003 0.45134329795837
vn nan nan nan
vn 0.65602201223373 -0.70412796735764 0.27173313498497
vn nan nan nan
vn 0.08142331987619 -0.64990621805191 -0.75564020872116
vn -0.57894945144653 -0.57899844646454 0.57408910989761
vn -0.57824259996414 -0.57824259996414 0.5755615234375
vn -0.57735025882721 -0.57735025882721 0.57735025882721
vn -0.71639776229858 -0.67078566551208 0.19188761711121
vn nan nan nan
vn nan nan nan
vn -0.7100732922554 -0.7041277885437 0
vn nan nan nan
vn -0.36439672112465 -0.64990603923798 -0.66696119308472
vn nan nan nan
vn 0.73468035459518 -0.67153173685074 -0.09638445079327
vn -0.585668861866 -0.58338153362274 0.56272369623184
vn 0.65602219104767 -0.70412772893906 -0.27173328399658
vn -0.51265060901642 -0.5943067073822 0.61966842412949
vn -0.47674313187599 -0.64990597963333 -0.59189373254776
vn -0.57122337818146 -0.58038949966431 0.58038944005966
vn nan nan nan
vn nan nan nan
vn -0.37088462710381 -0.67078560590744 0.64225476980209
vn nan nan nan
vn nan nan nan
vn -0.50209766626358 -0.7041277885437 0.50209766626358
vn nan nan nan
vn -0.72928017377853 -0.64990597963333 -0.21394538879395
vn -0.58210247755051 -0.57732152938843 0.57258760929108
vn 0.45134323835373 -0.67153185606003 -0.58765143156052
vn -0.57815301418304 -0.57097619771957 0.58285963535309
vn 0.27173316478729 -0.70412802696228 -0.65602201223373
vn -1 0 0
vn -0.75564020872116 -0.64990627765656 -0.08142332732677
vn nan nan nan
vn nan nan nan
vn nan nan nan
vn 0.19188763201237 -0.67078566551208 0.71639776229858
vn -0.51423466205597 -0.54044312238693 0.66594594717026
vn -0.59026718139648 -0.56424117088318 0.57724910974503
vn 0 -0.7041277885437 0.7100732922554
vn -0.57473129034042 -0.56728857755661 0.58980304002762
vn -0.66696119308472 -0.64990603923798 0.36439675092697
vn -0.60127824544907 -0.56241136789322 0.56758958101273
vn -0.09638445079327 -0.67153173685074 -0.73468035459518
vn -0.57649683952332 -0.57904332876205 0.57650685310364
vn -0.27173328399658 -0.70412772893906 -0.65602219104767
vn nan nan nan
vn -0.59189373254776 -0.64990597963333 0.47674313187599
vn nan nan nan
vn -0.58422088623047 -0.58159947395325 0.56606358289719
vn -0.59301400184631 -0.56937009096146 0.56934356689453
vn 0.64225476980209 -0.67078560590744 0.37088462710381
vn -0.57735019922256 -0.5773366689682 0.57736396789551
vn -0.56088161468506 -0.54848253726959 0.62014406919479
vn 0.50209766626358 -0.7041277885437 0.50209766626358
vn nan nan nan
vn -0.21394538879395 -0.64990597963333 0.72928017377853
vn nan nan nan
vn -0.58765137195587 -0.67153185606003 -0.45134329795837
vn -0.55994194746017 -0.57718193531036 0.59441238641739
vn -0.65602201223373 -0.70412796735764 -0.27173313498497
vn nan nan nan
vn -0.08142331987619 -0.64990621805191 0.75564020872116
vn -0.59810250997543 -0.58974200487137 0.54265803098679
vn -0.58302688598633 -0.57959270477295 0.56934344768524
vn -0.57351058721542 -0.5773218870163 0.58119279146194
vn 0.71639776229858 -0.67078566551208 -0.19188761711121
vn -0.56945127248764 -0.57830041646957 0.58420360088348
vn -1 0 0
vn 0.7100732922554 -0.7041277885437 0
vn -0.52716314792633 -0.57913142442703 0.62185680866241
vn 0.36439672112465 -0.64990603923798 0.66696119308472
vn nan nan nan
vn -0.73468035459518 -0.67153173685074 0.09638445079327
vn -0.58128315210342 -0.57892417907715 0.57180124521255
vn -0.65602219104767 -0.70412772893906 0.27173328399658
vn -0.58165997266769 -0.56871056556702 0.58158397674561
vn 0.47674313187599 -0.64990597963333 0.59189373254776
vn -0.5856197476387 -0.57496267557144 0.57137328386307
vn -0.56662774085999 -0.57373028993607 0.5914106965065
vn -0.52806395292282 -0.58179551362991 0.61859720945358
vn 0.37088462710381 -0.67078560590744 -0.64225476980209
vn -0.5773566365242 -0.57734709978104 0.57734709978104
vn -0.5797278881073 -0.59006541967392 0.56190598011017
vn 0.50209766626358 -0.7041277885437 -0.50209766626358
vn nan nan nan
vn 0.72928017377853 -0.64990597963333 0.21394538879395
vn -0.58656030893326 -0.57646709680557 0.56888723373413
vn -0.45134323835373 -0.67153185606003 0.58765143156052
vn -0.58906757831573 -0.57299870252609 0.56979990005493
vn -0.27173316478729 -0.70412802696228 0.65602201223373
vn -0.57981020212173 -0.57610911130905 0.57612359523773
vn 0.75564020872116 -0.64990627765656 0.08142332732677
vn -0.56607764959335 -0.5727818608284 0.59285497665405
vn -0.55736166238785 -0.58351367712021 0.5906435251236
vn -0.60419815778732 -0.57937663793564 0.54705327749252
vn -0.19188763201237 -0.67078566551208 -0.71639776229858
vn nan nan nan
vn nan nan nan
vn 0 -0.7041277885437 -0.7100732922554
vn -0.60084545612335 -0.58696579933166 0.5426379442215
vn -0.92182946205139 -0.066581197083 0.38183426856995
vn -0.97695362567902 -0.0883070230484 0.19432817399502
vn -0.57859635353088 -0.57858180999756 0.57486462593079
vn -0.9977810382843 -0.06658116728067 0
vn -0.56125962734222 -0.58179497718811 0.58864444494247
vn nan nan nan
vn -0.70553773641586 -0.066581197083 0.70553767681122
vn -0.8282213807106 -0.08830704540014 0.55339974164963
vn -0.61528807878494 -0.58086532354355 0.53293150663376
vn -0.56180882453918 -0.58031821250916 0.58957749605179
vn nan nan nan
vn -0.38183426856995 -0.066581197083 0.92182946205139
vn -0.55339968204498 -0.08830703049898 0.8282213807106
vn -0.61290508508682 -0.57566618919373 0.54125392436981
vn -0.58426010608673 -0.57732254266739 0.57038486003876
vn -0.57860100269318 -0.5747954249382 0.57864594459534
vn 0 -0.06658116728067 0.9977810382843
vn -0.19432817399502 -0.0883070230484 0.97695362567902
vn -0.56192451715469 -0.58029413223267 0.58949089050293
vn -1 0 0
vn -0.56174254417419 -0.57537269592285 0.59446746110916
vn 0.38183426856995 -0.066581197083 0.92182946205139
vn 0.19432817399502 -0.0883070230484 0.97695362567902
vn nan nan nan
vn -0.58454239368439 -0.57971125841141 0.56766629219055
vn -0.59629046916962 -0.57601994276047 0.55914103984833
vn 0.70553767681122 -0.066581197083 0.70553773641586
vn 0.55339974164963 -0.08830704540014 0.8282213807106
vn -0.58470445871353 -0.5773092508316 0.56994271278381
vn -0.56983947753906 -0.57356685400009 0.58847606182098
vn -0.56679743528366 -0.54892599582672 0.61434590816498
vn 0.92182946205139 -0.066581197083 0.38183426856995
vn 0.8282213807106 -0.08830703049898 0.55339968204498
vn nan nan nan
vn -0.57726579904556 -0.56917905807495 0.58549070358276
vn nan nan nan
vn 0.9977810382843 -0.06658116728067 0
vn 0.97695362567902 -0.0883070230484 0.19432817399502
vn -0.58764094114304 -0.57471323013306 0.56954616308212
vn -0.58390069007874 -0.58058428764343 0.56743443012238
vn -0.57985383272171 -0.57983911037445 0.57232517004013
vn 0.92182946205139 -0.066581197083 -0.38183426856995
vn 0.97695362567902 -0.0883070230484 -0.19432817399502
vn -0.58087754249573 -0.58093398809433 0.57017278671265
vn nan nan nan
vn -0.61307138204575 -0.5802064538002 0.53619396686554
vn 0.70553773641586 -0.06658118963242 -0.70553767681122
vn 0.8282213807106 -0.08830704540014 -0.55339974164963
vn -0.56250691413879 -0.58112573623657 0.58811467885971
vn -0.58350628614426 -0.57886528968811 0.56959235668182
vn -0.61340540647507 -0.57171249389648 0.54486572742462
vn 0.38183426856995 -0.066581197083 -0.92182946205139
vn 0.55339968204498 -0.08830703049898 -0.8282213807106
vn -0.58313351869583 -0.5796372294426 0.56918889284134
vn -0.57986658811569 -0.57223874330521 0.57991164922714
vn -0.55696737766266 -0.58247047662735 0.59204345941544
vn 0 -0.06658116728067 -0.9977810382843
vn 0.19432817399502 -0.0883070230484 -0.97695362567902
vn -1 0 0
vn -0.56356465816498 -0.57723867893219 0.59092330932617
vn nan nan nan
vn -0.38183426856995 -0.066581197083 -0.92182946205139
vn -0.19432817399502 -0.0883070230484 -0.97695362567902
vn -0.58549809455872 -0.57812255620956 0.56830126047134
vn -0.5876989364624 -0.57384347915649 0.5703626871109
vn -0.58828091621399 -0.57726621627808 0.56629437208176
vn -0.70553767681122 -0.066581197083 -0.70553773641586
vn -0.55339974164963 -0.08830704540014 -0.8282213807106
vn -0.57226401567459 -0.5760715007782 0.58365702629089
vn -0.58046972751617 -0.57110983133316 0.5804209113121
vn -0.56921452283859 -0.56681793928146 0.59557729959488
vn -0.92182946205139 -0.066581197083 -0.38183426856995
vn -0.8282213807106 -0.08830703049898 -0.55339968204498
vn -0.57353317737579 -0.56803214550018 0.59025347232819
vn -0.58040553331375 -0.57811546325684 0.57350844144821
vn -0.58786636590958 -0.57727539539337 0.56671530008316
vn -0.97695362567902 -0.0883070230484 -0.19432817399502
vn -0.58072006702423 -0.5806936621666 0.5705778002739
vn -0.57987016439438 -0.57987016439438 0.57227712869644
vn -0.57219988107681 -0.56131726503372 0.59792160987854
vn 0.70146125555038 0.12611237168312 -0.70146119594574
vn 0.55130136013031 0.1237266138196 -0.82508093118668
vn 0.37962812185287 0.12611243128777 -0.91650319099426
vn 0.19359128177166 0.12372665852308 -0.97324925661087
vn -0.0000000038077 0.12611240148544 -0.99201595783234
vn -0.19359129667282 0.12372665852308 -0.97324925661087
vn -0.37962812185287 0.12611243128777 -0.91650319099426
vn -0.55130136013031 0.12372662127018 -0.82508093118668
vn -0.70146119594574 0.12611237168312 -0.70146119594574
vn -0.82508093118668 0.1237266138196 -0.55130136013031
vn -0.91650319099426 0.12611243128777 -0.37962812185287
vn -0.97324925661087 0.12372665852308 -0.19359128177166
vn -0.99201595783234 0.12611240148544 0.0000000038077
vn -0.97324925661087 0.12372665852308 0.19359129667282
vn -0.91650319099426 0.1261124163866 0.3796281516552
vn -0.82508093118668 0.12372663617134 0.55130136013031
vn -0.70146119594574 0.12611237168312 0.70146119594574
vn -0.55130136013031 0.1237266138196 0.82508093118668
vn -0.37962812185287 0.12611243128777 0.91650319099426
vn -0.19359128177166 0.12372665852308 0.97324925661087
vn 0.0000000038077 0.12611240148544 0.99201595783234
vn 0.19359129667282 0.12372665852308 0.97324925661087
vn 0.37962812185287 0.12611243128777 0.91650319099426
vn 0.55130136013031 0.12372662127018 0.82508093118668
vn 0.70146119594574 0.12611237168312 0.70146119594574
vn 0.82508093118668 0.1237266138196 0.55130136013031
vn 0.91650319099426 0.12611243128777 0.37962812185287
vn 0.97324925661087 0.12372665852308 0.19359128177166
vn 0.99201595783234 0.12611240148544 -0.0000000038077
vn 0.97324925661087 0.12372665852308 -0.19359129667282
vn 0.91650319099426 0.1261124163866 -0.3796281516552
vn 0.82508093118668 0.12372663617134 -0.55130136013031
vn 0.38011109828949 0.11575131863356 0.91766941547394
vn 0.36475205421448 0.3025199174881 0.88058936595917
vn 0.67397391796112 0.3025199174881 0.67397391796112
vn 0.70235377550125 0.11575128883123 0.70235377550125
vn 0.88058936595917 0.30251988768578 0.36475205421448
vn 0.91766941547394 0.11575131863356 0.38011115789413
vn 0.95314306020737 0.30251988768578 -0.00000000382117
vn 0.99327820539474 0.11575134843588 0.000000003805
vn 0.88058936595917 0.30251994729042 -0.3647520840168
vn 0.91766941547394 0.11575132608414 -0.38011112809181
vn 0.67397391796112 0.3025199174881 -0.67397391796112
vn 0.70235377550125 0.11575128883123 -0.70235377550125
vn 0.36475205421448 0.30251988768578 -0.88058936595917
vn 0.38011115789413 0.11575131863356 -0.91766941547394
vn 0 0.30251988768578 -0.95314306020737
vn 0.000000003805 0.11575134843588 -0.99327820539474
vn -0.36475205421448 0.3025199174881 -0.88058936595917
vn -0.38011109828949 0.11575131863356 -0.91766941547394
vn -0.67397391796112 0.3025199174881 -0.67397391796112
vn -0.70235377550125 0.11575128883123 -0.70235377550125
vn -0.88058936595917 0.30251988768578 -0.36475205421448
vn -0.91766941547394 0.11575131863356 -0.38011115789413
vn -0.95314306020737 0.30251988768578 0
vn -0.99327820539474 0.11575134843588 -0.000000003805
vn -0.88058936595917 0.30251994729042 0.3647520840168
vn -0.91766941547394 0.11575132608414 0.38011112809181
vn -0.67397391796112 0.3025199174881 0.67397391796112
vn -0.70235377550125 0.11575129628181 0.70235377550125
vn -0.36475205421448 0.30251988768578 0.88058936595917
vn -0.38011115789413 0.11575131863356 0.91766941547394
vn 0 0.30251988768578 0.95314306020737
vn -0.000000003805 0.11575134843588 0.99327820539474
vn -0.33063986897469 0.50348579883575 0.79823517799377
vn -0.3449544608593 0.43296793103218 0.83279359340668
vn 0.00000002304842 0.43296793103218 0.90140932798386
vn 0.00000002657433 0.50348573923111 0.86400353908539
vn 0.3449544608593 0.43296790122986 0.83279359340668
vn 0.33063986897469 0.50348573923111 0.79823517799377
vn 0.63739264011383 0.43296790122986 0.63739269971848
vn 0.61094272136688 0.50348579883575 0.61094278097153
vn 0.83279359340668 0.43296793103218 0.3449544608593
vn 0.79823517799377 0.50348579883575 0.33063986897469
vn 0.90140932798386 0.43296793103218 -0.00000001920702
vn 0.86400353908539 0.50348573923111 -0.000000022778
vn 0.83279359340668 0.43296793103218 -0.3449544608593
vn 0.79823517799377 0.50348579883575 -0.33063986897469
vn 0.63739269971848 0.43296793103218 -0.63739264011383
vn 0.61094278097153 0.50348579883575 -0.61094272136688
vn 0.3449544608593 0.43296793103218 -0.83279359340668
vn 0.33063986897469 0.50348579883575 -0.79823517799377
vn -0.00000002304842 0.43296793103218 -0.90140932798386
vn -0.00000002657433 0.50348573923111 -0.86400353908539
vn -0.3449544608593 0.43296790122986 -0.83279359340668
vn -0.33063986897469 0.50348573923111 -0.79823517799377
vn -0.63739264011383 0.43296790122986 -0.63739269971848
vn -0.61094272136688 0.50348579883575 -0.61094278097153
vn -0.83279359340668 0.43296793103218 -0.3449544608593
vn -0.79823517799377 0.50348579883575 -0.33063986897469
vn -0.90140932798386 0.4329679608345 0.00000001920702
vn -0.86400353908539 0.50348573923111 0.000000022778
vn -0.83279359340668 0.43296793103218 0.3449544608593
vn -0.79823517799377 0.50348579883575 0.33063986897469
vn -0.63739269971848 0.43296793103218 0.63739264011383
vn -0.61094278097153 0.50348579883575 0.61094272136688
vn 0.91525995731354 0.13628076016903 -0.37911310791969
vn 0.99067026376724 0.13628076016903 0.00000000383133
vn 0.70050966739655 0.13628076016903 -0.70050966739655
vn 0.37911313772202 0.13628076016903 -0.91525995731354
vn 0.00000000383133 0.13628074526787 -0.99067026376724
vn -0.37911310791969 0.13628074526787 -0.91525995731354
vn -0.70050966739655 0.13628076016903 -0.70050966739655
vn -0.91525995731354 0.13628076016903 -0.37911313772202
vn -0.99067026376724 0.13628076016903 -0.00000000383133
vn -0.91525995731354 0.13628076016903 0.37911310791969
vn -0.70050966739655 0.13628076016903 0.70050966739655
vn -0.37911313772202 0.13628076016903 0.91525995731354
vn -0.00000000383133 0.13628074526787 0.99067026376724
vn 0.37911310791969 0.13628074526787 0.91525995731354
vn 0.70050966739655 0.13628076016903 0.70050966739655
vn 0.91525995731354 0.13628076016903 0.37911313772202
vn 0.87615978717804 -0.31723037362099 -0.36291727423668
vn 0.94834852218628 -0.31723028421402 0
vn 0.67058366537094 -0.31723043322563 -0.67058366537094
vn 0.36291727423668 -0.31723037362099 -0.87615978717804
vn 0 -0.31723028421402 -0.94834852218628
vn -0.36291727423668 -0.31723037362099 -0.87615978717804
vn -0.67058366537094 -0.31723043322563 -0.67058366537094
vn -0.87615978717804 -0.31723037362099 -0.36291727423668
vn -0.94834852218628 -0.31723028421402 0
vn -0.87615978717804 -0.31723037362099 0.36291727423668
vn -0.67058366537094 -0.31723043322563 0.67058366537094
vn -0.36291727423668 -0.31723037362099 0.87615978717804
vn 0 -0.31723028421402 0.94834852218628
vn 0.36291727423668 -0.31723037362099 0.87615978717804
vn 0.67058366537094 -0.31723043322563 0.67058366537094
vn 0.87615978717804 -0.31723037362099 0.36291727423668
vn 0.80716681480408 -0.48651704192162 -0.3343394100666
vn 0.87367111444473 -0.48651698231697 0
vn 0.61777871847153 -0.48651707172394 -0.61777871847153
vn 0.3343394100666 -0.48651704192162 -0.80716681480408
vn 0 -0.48651698231697 -0.87367111444473
vn -0.3343394100666 -0.48651704192162 -0.80716687440872
vn -0.61777871847153 -0.48651707172394 -0.61777871847153
vn -0.80716681480408 -0.48651704192162 -0.3343394100666
vn -0.87367111444473 -0.48651698231697 0
vn -0.80716681480408 -0.48651704192162 0.3343394100666
vn -0.61777871847153 -0.48651707172394 0.61777871847153
vn -0.3343394100666 -0.48651704192162 0.80716681480408
vn 0 -0.48651698231697 0.87367111444473
vn 0.3343394100666 -0.48651704192162 0.80716687440872
vn 0.61777871847153 -0.48651707172394 0.61777871847153
vn 0.80716681480408 -0.48651704192162 0.3343394100666
vn 0.87991172075272 0.30482137203217 -0.36447131633759
vn 0.91377782821655 -0.14747367799282 -0.37849915027618
vn 0.98906600475311 -0.14747351408005 -0.00000000389095
vn 0.95240950584412 0.30482146143913 0.00000000389303
vn 0.67345529794693 0.3048212826252 -0.67345517873764
vn 0.69937521219254 -0.14747385680676 -0.69937527179718
vn 0.36447131633759 0.30482137203217 -0.87991166114807
vn 0.37849912047386 -0.14747367799282 -0.91377782821655
vn -0.00000000778606 0.30482149124146 -0.95240950584412
vn -0.00000000389095 -0.14747351408005 -0.98906600475311
vn -0.36447131633759 0.30482137203217 -0.87991172075272
vn -0.37849912047386 -0.14747367799282 -0.91377782821655
vn -0.67345523834229 0.3048212826252 -0.67345523834229
vn -0.69937521219254 -0.14747385680676 -0.69937527179718
vn -0.87991166114807 0.30482137203217 -0.36447134613991
vn -0.91377782821655 -0.14747367799282 -0.37849912047386
vn -0.95240950584412 0.30482146143913 -0.00000000389303
vn -0.98906600475311 -0.14747351408005 0.00000000389095
vn -0.87991172075272 0.30482137203217 0.36447131633759
vn -0.91377782821655 -0.14747367799282 0.37849915027618
vn -0.67345529794693 0.3048212826252 0.67345517873764
vn -0.69937521219254 -0.14747385680676 0.69937527179718
vn -0.36447131633759 0.30482137203217 0.87991166114807
vn -0.37849912047386 -0.14747367799282 0.91377782821655
vn 0.00000000778606 0.30482149124146 0.95240950584412
vn 0.00000000389095 -0.14747351408005 0.98906600475311
vn 0.36447131633759 0.30482137203217 0.87991172075272
vn 0.37849912047386 -0.14747367799282 0.91377782821655
vn 0.67345523834229 0.3048212826252 0.67345523834229
vn 0.69937521219254 -0.14747385680676 0.69937527179718
vn 0.87991166114807 0.30482140183449 0.36447134613991
vn 0.91377782821655 -0.14747369289398 0.37849912047386
vn 0.92387956380844 0 -0.38268342614174
vn 1 0 0
vn 0.70710676908493 0 -0.70710676908493
vn 0.38268342614174 0 -0.92387956380844
vn 0 0 -1
vn -0.38268342614174 0 -0.92387956380844
vn -0.70710676908493 0 -0.70710676908493
vn -0.92387956380844 0 -0.38268342614174
vn -1 0 0
vn -0.92387956380844 0 0.38268342614174
vn -0.70710676908493 0 0.70710676908493
vn -0.38268342614174 0 0.92387956380844
vn 0 0 1
vn 0.38268342614174 0 0.92387956380844
vn 0.70710676908493 0 0.70710676908493
vn 0.92387956380844 0 0.38268342614174
vn -0.92387956380844 0 0.38268339633942
vn -1 0 0
vn -0.38268339633942 0 0.92387956380844
vn 0 0 1
vn 0.38268339633942 0 0.92387956380844
vn 0.92387956380844 0 0.38268339633942
vn 1 0 0
vn 0.92387956380844 0 -0.38268339633942
vn 0.38268339633942 0 -0.92387956380844
vn 0 0 -1
vn -0.38268339633942 0 -0.92387956380844
vn -0.92387956380844 0 -0.38268339633942
vn -0.9238795042038 0 0.38268348574638
vn -0.38268348574638 0 0.9238795042038
vn 0 0 1
vn 0.38268348574638 0 0.9238795042038
vn 0.9238795042038 0 0.38268348574638
vn 1 0 0
vn 0.9238795042038 0 -0.38268348574638
vn 0.38268348574638 0 -0.9238795042038
vn 0 0 -1
vn -0.38268348574638 0 -0.9238795042038
vn -0.9238795042038 0 -0.38268348574638
vn -1 0 0
vn -0.38268342614174 0 0.92387956380844
vn 0 0 1
vn 0.38268342614174 0 0.92387956380844
vn 0.92387956380844 0 0.38268342614174
vn 1 0 0
vn 0.92387956380844 0 -0.38268342614174
vn 0.38268342614174 0 -0.92387956380844
vn 0 0 -1
vn -0.38268342614174 0 -0.92387956380844
vn -0.92387956380844 0 -0.38268342614174
vn -1 0 0
vn -0.92387956380844 0 0.38268342614174
vn 0.79169756174088 0.51543736457825 0.32793179154396
vn 0.85692739486694 0.51543712615967 0.00000000755804
vn 0.79169756174088 0.51543736457825 -0.32793179154396
vn 0.60593897104263 0.51543754339218 -0.60593897104263
vn 0.32793179154396 0.51543736457825 -0.79169756174088
vn -0.00000000755804 0.51543712615967 -0.85692739486694
vn -0.32793179154396 0.51543736457825 -0.79169756174088
vn -0.60593897104263 0.51543754339218 -0.60593897104263
vn -0.79169756174088 0.51543736457825 -0.32793179154396
vn -0.85692739486694 0.51543712615967 -0.00000000755804
vn -0.79169756174088 0.51543736457825 0.32793179154396
vn -0.60593897104263 0.51543754339218 0.60593897104263
vn -0.32793179154396 0.51543736457825 0.79169756174088
vn 0.00000000755804 0.51543712615967 0.85692739486694
vn 0.32793179154396 0.51543736457825 0.79169756174088
vn 0.60593897104263 0.51543754339218 0.60593897104263
# 784 normals

vt 0.14822736382484 0.13630759716034 0
vt 0.24833573400974 0.13630759716034 0
vt 0.24071544408798 0.10107851028442 0
vt 0.21242618560791 0.12456464767456 0
vt 0.62253385782242 0.42095386981964 0
vt 0.65171909332275 0.42095386981964 0
vt 0.62253385782242 0.32676708698273 0
vt 0.65146392583847 0.35816264152527 0
vt 0.68090432882309 0.42095386981964 0
vt 0.68013882637024 0.32676708698273 0
vt 0.62253385782242 0.60929840803146 0
vt 0.62253385782242 0.64557510614395 0
vt 0.68488311767578 0.64557510614395 0
vt 0.68171387910843 0.60929840803146 0
vt 0.91066062450409 0.22019493579864 0
vt 0.86295664310455 0.22019493579864 0
vt 0.90702933073044 0.23698246479034 0
vt 0.89354884624481 0.22579073905945 0
vt 0.18396288156509 0.11435008049011 0
vt 0.23394559323788 0.09581136703491 0
vt 0.22171571850777 0.07897996902466 0
vt 0.70564639568329 0.42095386981964 0
vt 0.73038846254349 0.42095386981964 0
vt 0.72897392511368 0.32676708698273 0
vt 0.73774027824402 0.64557510614395 0
vt 0.73188436031342 0.60929840803146 0
vt 0.89668846130371 0.25121414661407 0
vt 0.21901467442513 0.07121276855469 0
vt 0.18653717637062 0.0512570142746 0
vt 0.01665216498077 0.42095386981964 0
vt 0.04139422252774 0.42095386981964 0
vt 0.01806670799851 0.32676708698273 0
vt 0.15543031692505 0.98484361171722 0
vt 0.06613627821207 0.42095386981964 0
vt 0.0669018253684 0.32676708698273 0
vt 0.01515629887581 0.60929840803146 0
vt 0.00930036511272 0.64557510614395 0
vt 0.06215751543641 0.64557510614395 0
vt 0.06532672047615 0.60929840803146 0
vt 0.88121217489243 0.26072359085083 0
vt 0.15661209821701 0.0975444316864 0
vt 0.17770002782345 0.0519345998764 0
vt 0.15610982477665 0.04798543453217 0
vt 0.09532152861357 0.42095386981964 0
vt 0.12450677156448 0.42095386981964 0
vt 0.12450677156448 0.32676708698273 0
vt 0.12450677156448 0.64557510614395 0
vt 0.12450677156448 0.60929840803146 0
vt 0.86295664310455 0.26406276226044 0
vt 0.14822736382484 0.04424953460693 0
vt 0.10991754382849 0.0512570142746 0
vt 0.15369202196598 0.42095386981964 0
vt 0.18287725746632 0.42095386981964 0
vt 0.18211172521114 0.32676708698273 0
vt 0.18685603141785 0.64557510614395 0
vt 0.18368682265282 0.60929840803146 0
vt 0.84470117092133 0.26072359085083 0
vt 0.12434963881969 0.10344576835632 0
vt 0.10418978333473 0.05748248100281 0
vt 0.08588649332523 0.06872892379761 0
vt 0.20761932432652 0.42095386981964 0
vt 0.23236137628555 0.42095386981964 0
vt 0.23094683885574 0.32676708698273 0
vt 0.23971317708492 0.64557510614395 0
vt 0.23385724425316 0.60929840803146 0
vt 0.82922488451004 0.25121414661407 0
vt 0.07744004577398 0.07121276855469 0
vt 0.05573927611113 0.10107851028442 0
vt 0.76369279623032 0.42095386981964 0
vt 0.78843486309052 0.42095386981964 0
vt 0.76510733366013 0.32676708698273 0
vt 0.88240629434586 0.98484361171722 0
vt 0.81317692995071 0.42095386981964 0
vt 0.81394243240356 0.32676708698273 0
vt 0.76219689846039 0.60929840803146 0
vt 0.75634098052979 0.64557510614395 0
vt 0.80919814109802 0.64557510614395 0
vt 0.81236737966537 0.60929840803146 0
vt 0.81888395547867 0.23698246479034 0
vt 0.10607443004847 0.12859714031219 0
vt 0.05647614970803 0.1092050075531 0
vt 0.05218159034848 0.1290590763092 0
vt 0.84236216545105 0.42095386981964 0
vt 0.87154740095139 0.42095386981964 0
vt 0.87154740095139 0.32676708698273 0
vt 0.87154740095139 0.64557510614395 0
vt 0.87154740095139 0.60929840803146 0
vt 0.81525272130966 0.22019493579864 0
vt 0.04811897873878 0.13630759716034 0
vt 0.05573927611113 0.17153680324554 0
vt 0.90073263645172 0.42095386981964 0
vt 0.92991787195206 0.42095386981964 0
vt 0.92915236949921 0.32676708698273 0
vt 0.93389666080475 0.64557510614395 0
vt 0.9307274222374 0.60929840803146 0
vt 0.81888395547867 0.20340752601624 0
vt 0.11249183118343 0.15826523303986 0
vt 0.06250912696123 0.17680394649506 0
vt 0.07473900169134 0.19363534450531 0
vt 0.95465993881226 0.42095386981964 0
vt 0.97940200567245 0.42095386981964 0
vt 0.97798746824265 0.32676708698273 0
vt 0.98675382137299 0.64557510614395 0
vt 0.98089790344238 0.60929840803146 0
vt 0.82922488451004 0.18917572498322 0
vt 0.07744004577398 0.20140254497528 0
vt 0.10991754382849 0.22135829925537 0
vt 0.26566570997238 0.42095386981964 0
vt 0.29040777683258 0.42095386981964 0
vt 0.26708024740219 0.32676708698273 0
vt 0.40209463238716 0.31733739376068 0
vt 0.31514981389046 0.42095386981964 0
vt 0.31591537594795 0.32676708698273 0
vt 0.26416984200478 0.60929840803146 0
vt 0.25831389427185 0.64557510614395 0
vt 0.31117105484009 0.64557510614395 0
vt 0.31434026360512 0.60929840803146 0
vt 0.84470117092133 0.17966639995575 0
vt 0.13984261453152 0.17507088184357 0
vt 0.11875468492508 0.22068059444427 0
vt 0.14034488797188 0.2246298789978 0
vt 0.34433507919312 0.42095386981964 0
vt 0.37352031469345 0.42095386981964 0
vt 0.37352031469345 0.32676708698273 0
vt 0.37352031469345 0.64557510614395 0
vt 0.37352031469345 0.60929840803146 0
vt 0.86295664310455 0.17632710933685 0
vt 0.14822736382484 0.22836577892303 0
vt 0.18653717637062 0.22135829925537 0
vt 0.40270555019379 0.42095386981964 0
vt 0.43189081549644 0.42095386981964 0
vt 0.43112525343895 0.32676708698273 0
vt 0.43586957454681 0.64557510614395 0
vt 0.43270036578178 0.60929840803146 0
vt 0.88121217489243 0.17966639995575 0
vt 0.17210507392883 0.16916942596436 0
vt 0.1922649294138 0.21513283252716 0
vt 0.21056823432446 0.20388638973236 0
vt 0.45663285255432 0.42095386981964 0
vt 0.48137491941452 0.42095386981964 0
vt 0.47996038198471 0.32676708698273 0
vt 0.48872673511505 0.64557510614395 0
vt 0.48287078738213 0.60929840803146 0
vt 0.89668846130371 0.18917572498322 0
vt 0.21901467442513 0.20140254497528 0
vt 0.24071544408798 0.17153680324554 0
vt 0.51467925310135 0.42095386981964 0
vt 0.53942131996155 0.42095386981964 0
vt 0.51609379053116 0.32676708698273 0
vt 0.56416338682175 0.42095386981964 0
vt 0.5649288892746 0.32676708698273 0
vt 0.51318335533142 0.60929840803146 0
vt 0.50732743740082 0.64557510614395 0
vt 0.56018459796906 0.64557510614395 0
vt 0.56335383653641 0.60929840803146 0
vt 0.90702933073044 0.20340752601624 0
vt 0.19038029015064 0.14401817321777 0
vt 0.23997856676579 0.16341030597687 0
vt 0.24427312612534 0.14355623722076 0
vt 0.59334862232208 0.42095386981964 0
vt 0.97630113363266 0.30790770053864 0
vt 0.92823970317841 0.30790770053864 0
vt 0.87154740095139 0.30790770053864 0
vt 0.81485509872437 0.30790770053864 0
vt 0.76679366827011 0.30790770053864 0
vt 0.22926051914692 0.30790770053864 0
vt 0.18119908869267 0.30790770053864 0
vt 0.12450677156448 0.30790770053864 0
vt 0.0678144544363 0.30790770053864 0
vt 0.01975302584469 0.30790770053864 0
vt 0.72728759050369 0.30790770053864 0
vt 0.67922616004944 0.30790770053864 0
vt 0.62253385782242 0.30790770053864 0
vt 0.5658415555954 0.30790770053864 0
vt 0.51778012514114 0.30790770053864 0
vt 0.47827404737473 0.30790770053864 0
vt 0.43021264672279 0.30790770053864 0
vt 0.37352031469345 0.30790770053864 0
vt 0.31682798266411 0.30790770053864 0
vt 0.26876658201218 0.30790770053864 0
vt 0.26917710900307 0.13630759716034 0
vt 0.28715434670448 0.13630759716034 0
vt 0.27657917141914 0.08741784095764 0
vt 0.2599703669548 0.0937442779541 0
vt 0.25096148252487 0.08949732780457 0
vt 0.25856593251228 0.08618342876434 0
vt 0.24968819320202 0.07396531105042 0
vt 0.2448266595602 0.07695245742798 0
vt 0.26146340370178 0.08500778675079 0
vt 0.25454971194267 0.07097816467285 0
vt 0.24310037493706 0.05973553657532 0
vt 0.24081043899059 0.06174731254578 0
vt 0.23457098007202 0.06693983078003 0
vt 0.23375175893307 0.05766069889069 0
vt 0.24646358191967 0.04597115516663 0
vt 0.20139241218567 0.01827728748322 0
vt 0.19451282918453 0.03355050086975 0
vt 0.18487691879272 0.0364054441452 0
vt 0.18770590424538 0.02911734580994 0
vt 0.17203342914581 0.02625060081482 0
vt 0.17089276015759 0.03152406215668 0
vt 0.18885074555874 0.02640199661255 0
vt 0.1731741130352 0.02097725868225 0
vt 0.15643325448036 0.02047228813171 0
vt 0.15636095404625 0.0233838558197 0
vt 0.1559416949749 0.03111267089844 0
vt 0.14822736382484 0.02508413791656 0
vt 0.14822736382484 0.00855255126953 0
vt 0.09506230056286 0.01827728748322 0
vt 0.10194189101458 0.03355050086975 0
vt 0.09732355922461 0.04183495044708 0
vt 0.09371987730265 0.03484201431274 0
vt 0.08043339848518 0.04300582408905 0
vt 0.08368176966906 0.04747641086578 0
vt 0.09244145452976 0.03217744827271 0
vt 0.07718503475189 0.03853523731232 0
vt 0.06495922803879 0.04906392097473 0
vt 0.0671469271183 0.05116963386536 0
vt 0.07279346138239 0.05690741539001 0
vt 0.06270296126604 0.05766069889069 0
vt 0.04999113827944 0.04597115516663 0
vt 0.01987555250525 0.08741784095764 0
vt 0.0364843532443 0.0937442779541 0
vt 0.03958895429969 0.1026052236557 0
vt 0.03166360035539 0.10000371932983 0
vt 0.02854615449905 0.11441588401794 0
vt 0.03428072109818 0.11546492576599 0
vt 0.02871078811586 0.09895098209381 0
vt 0.02281158789992 0.11336696147919 0
vt 0.02226254716516 0.12876164913177 0
vt 0.02542870491743 0.12882804870605 0
vt 0.03383337706327 0.12921369075775 0
vt 0.02727760002017 0.13630759716034 0
vt 0.00930036511272 0.13630759716034 0
vt 0.01987555250525 0.18519747257233 0
vt 0.0364843532443 0.17887103557587 0
vt 0.04549324885011 0.1831179857254 0
vt 0.03788879141212 0.18643188476562 0
vt 0.04676653072238 0.19864988327026 0
vt 0.0516280606389 0.1956627368927 0
vt 0.03499130904675 0.18760752677917 0
vt 0.04190500080585 0.20163702964783 0
vt 0.05335434153676 0.21287977695465 0
vt 0.05564427375793 0.21086800098419 0
vt 0.06188374012709 0.20567548274994 0
vt 0.06270296126604 0.21495461463928 0
vt 0.04999113827944 0.22664415836334 0
vt 0.09506230056286 0.25433802604675 0
vt 0.10194189101458 0.23906481266022 0
vt 0.1115777939558 0.23620986938477 0
vt 0.10874881595373 0.24349784851074 0
vt 0.12442128360271 0.24636459350586 0
vt 0.1255619674921 0.24109125137329 0
vt 0.10760397464037 0.24621319770813 0
vt 0.12328061461449 0.25163805484772 0
vt 0.14002145826817 0.25214290618896 0
vt 0.14009375870228 0.24923145771027 0
vt 0.14051301777363 0.24150264263153 0
vt 0.14822736382484 0.2475311756134 0
vt 0.14822736382484 0.26406276226044 0
vt 0.20139241218567 0.25433802604675 0
vt 0.19451282918453 0.23906481266022 0
vt 0.1991311609745 0.23078036308289 0
vt 0.20273484289646 0.23777329921722 0
vt 0.21602131426334 0.22960948944092 0
vt 0.21277295053005 0.22513890266418 0
vt 0.20401325821877 0.24043774604797 0
vt 0.2192696928978 0.23408007621765 0
vt 0.23149548470974 0.22355139255524 0
vt 0.22930780053139 0.22144567966461 0
vt 0.22366125881672 0.21570789813995 0
vt 0.23375175893307 0.21495461463928 0
vt 0.24646358191967 0.22664415836334 0
vt 0.27657917141914 0.18519747257233 0
vt 0.2599703669548 0.17887103557587 0
vt 0.25686576962471 0.17000997066498 0
vt 0.26479113101959 0.17261147499084 0
vt 0.26790857315063 0.15819931030273 0
vt 0.26217401027679 0.15715038776398 0
vt 0.26774394512177 0.17366433143616 0
vt 0.27364313602448 0.15924823284149 0
vt 0.27419218420982 0.14385366439819 0
vt 0.27102601528168 0.14378714561462 0
vt 0.26262134313583 0.14340162277222 0
vt 0.79229664802551 0.12765204906464 0
vt 0.78328770399094 0.1226886510849 0
vt 0.7662718296051 0.13292396068573 0
vt 0.77304172515869 0.14029884338379 0
vt 0.54852479696274 0.10558366775513 0
vt 0.55697119235992 0.09820878505707 0
vt 0.54387819766998 0.08797347545624 0
vt 0.53378766775131 0.09293687343597 0
vt 0.99069964885712 0.25141596794128 0
vt 0.98106372356415 0.24645256996155 0
vt 0.97388684749603 0.25668787956238 0
vt 0.98272401094437 0.26406276226044 0
vt 0.93114423751831 0.12450706958771 0
vt 0.93520683050156 0.11713218688965 0
vt 0.91685861349106 0.10689675807953 0
vt 0.9103028178215 0.11186027526855 0
vt 0.95528608560562 0.25141596794128 0
vt 0.94627720117569 0.24645256996155 0
vt 0.92926132678986 0.25668787956238 0
vt 0.9360311627388 0.26406276226044 0
vt 0.63209331035614 0.10558366775513 0
vt 0.64053970575333 0.09820878505707 0
vt 0.62744671106338 0.08797347545624 0
vt 0.61735618114471 0.09293687343597 0
vt 0.98957884311676 0.18198561668396 0
vt 0.97994291782379 0.17702221870422 0
vt 0.97276604175568 0.18725752830505 0
vt 0.98160320520401 0.19463241100311 0
vt 0.97464895248413 0.15922224521637 0
vt 0.97871154546738 0.15184736251831 0
vt 0.96036332845688 0.14161193370819 0
vt 0.95380753278732 0.14657545089722 0
vt 0.74767112731934 0.12765204906464 0
vt 0.7386622428894 0.1226886510849 0
vt 0.72164636850357 0.13292396068573 0
vt 0.72841620445251 0.14029884338379 0
vt 0.59030902385712 0.10558366775513 0
vt 0.59875547885895 0.09820878505707 0
vt 0.58566242456436 0.08797347545624 0
vt 0.57557195425034 0.09293687343597 0
vt 0.98957884311676 0.21670079231262 0
vt 0.97994291782379 0.21173739433289 0
vt 0.97276604175568 0.22197270393372 0
vt 0.98160320520401 0.22934758663177 0
vt 0.95010268688202 0.19463241100311 0
vt 0.95416533946991 0.18725752830505 0
vt 0.93581712245941 0.17702221870422 0
vt 0.92926132678986 0.18198561668396 0
vt 0.93520683050156 0.14657545089722 0
vt 0.92619794607162 0.14161193370819 0
vt 0.90918207168579 0.15184736251831 0
vt 0.91595190763474 0.15922224521637 0
vt 0.96854466199875 0.12450706958771 0
vt 0.97699105739594 0.11713218688965 0
vt 0.96389806270599 0.10689675807953 0
vt 0.95380753278732 0.11186027526855 0
vt 0.41649720072746 0.12809669971466 0
vt 0.40686130523682 0.12313318252563 0
vt 0.39968439936638 0.13336861133575 0
vt 0.40852156281471 0.14074349403381 0
vt 0.95010268688202 0.22934758663177 0
vt 0.95416533946991 0.22197270393372 0
vt 0.93581712245941 0.21173739433289 0
vt 0.92926132678986 0.21670079231262 0
vt 0.92413932085037 0.52407175302505 0
vt 0.89784336090088 0.52407175302505 0
vt 0.87154740095139 0.52407175302505 0
vt 0.96872460842133 0.52407175302505 0
vt 0.94643199443817 0.52407175302505 0
vt 0.32092839479446 0.52407175302505 0
vt 0.29863572120667 0.52407175302505 0
vt 0.27634307742119 0.52407175302505 0
vt 0.37352031469345 0.52407175302505 0
vt 0.34722435474396 0.52407175302505 0
vt 0.42611223459244 0.52407175302505 0
vt 0.39981627464294 0.52407175302505 0
vt 0.47069755196571 0.52407175302505 0
vt 0.44840490818024 0.52407175302505 0
vt 0.56994193792343 0.52407175302505 0
vt 0.54764926433563 0.52407175302505 0
vt 0.52535665035248 0.52407175302505 0
vt 0.62253385782242 0.52407175302505 0
vt 0.59623789787292 0.52407175302505 0
vt 0.6751257777214 0.52407175302505 0
vt 0.64882981777191 0.52407175302505 0
vt 0.71971106529236 0.52407175302505 0
vt 0.6974184513092 0.52407175302505 0
vt 0.07191483676434 0.52407175302505 0
vt 0.04962219297886 0.52407175302505 0
vt 0.02732954733074 0.52407175302505 0
vt 0.12450677156448 0.52407175302505 0
vt 0.09821080416441 0.52407175302505 0
vt 0.17709870636463 0.52407175302505 0
vt 0.15080273151398 0.52407175302505 0
vt 0.22168399393559 0.52407175302505 0
vt 0.19939135015011 0.52407175302505 0
vt 0.8189554810524 0.52407175302505 0
vt 0.7966628074646 0.52407175302505 0
vt 0.77437019348145 0.52407175302505 0
vt 0.84525144100189 0.52407175302505 0
vt 0.02550337649882 0.47705447673798 0
vt 0.04821494966745 0.47705447673798 0
vt 0.07092651724815 0.47705447673798 0
vt 0.09771664440632 0.47705447673798 0
vt 0.12450677156448 0.47705447673798 0
vt 0.15129689872265 0.47705447673798 0
vt 0.17808702588081 0.47705447673798 0
vt 0.20079860091209 0.47705447673798 0
vt 0.22351016104221 0.47705447673798 0
vt 0.77254402637482 0.47705447673798 0
vt 0.7952556014061 0.47705447673798 0
vt 0.81796717643738 0.47705447673798 0
vt 0.84475725889206 0.47705447673798 0
vt 0.87154740095139 0.47705447673798 0
vt 0.89833754301071 0.47705447673798 0
vt 0.92512762546539 0.47705447673798 0
vt 0.94783920049667 0.47705447673798 0
vt 0.97055077552795 0.47705447673798 0
vt 0.27451691031456 0.47705447673798 0
vt 0.29722848534584 0.47705447673798 0
vt 0.31994006037712 0.47705447673798 0
vt 0.34673020243645 0.47705447673798 0
vt 0.37352031469345 0.47705447673798 0
vt 0.40031042695045 0.47705447673798 0
vt 0.42710056900978 0.47705447673798 0
vt 0.44981214404106 0.47705447673798 0
vt 0.47252371907234 0.47705447673798 0
vt 0.52353048324585 0.47705447673798 0
vt 0.54624205827713 0.47705447673798 0
vt 0.56895363330841 0.47705447673798 0
vt 0.59574371576309 0.47705447673798 0
vt 0.62253385782242 0.47705447673798 0
vt 0.64932399988174 0.47705447673798 0
vt 0.67611408233643 0.47705447673798 0
vt 0.69882565736771 0.47705447673798 0
vt 0.72153723239899 0.47705447673798 0
vt 0.43275520205498 0.79166758060455 0
vt 0.43038794398308 0.82278609275818 0
vt 0.47859799861908 0.82278609275818 0
vt 0.48297211527824 0.79166758060455 0
vt 0.51308208703995 0.79166758060455 0
vt 0.51745617389679 0.82278609275818 0
vt 0.56566619873047 0.82278609275818 0
vt 0.56329900026321 0.79166758060455 0
vt 0.62253385782242 0.82278609275818 0
vt 0.62253385782242 0.79166758060455 0
vt 0.67940151691437 0.82278609275818 0
vt 0.68176871538162 0.79166758060455 0
vt 0.72761154174805 0.82278609275818 0
vt 0.73198562860489 0.79166758060455 0
vt 0.01505498494953 0.79166758060455 0
vt 0.01942908205092 0.82278609275818 0
vt 0.06763913482428 0.82278609275818 0
vt 0.06527189165354 0.79166758060455 0
vt 0.12450677156448 0.82278609275818 0
vt 0.12450677156448 0.79166758060455 0
vt 0.18137440085411 0.82278609275818 0
vt 0.18374165892601 0.79166758060455 0
vt 0.22958445549011 0.82278609275818 0
vt 0.23395855724812 0.79166758060455 0
vt 0.76209563016891 0.79166758060455 0
vt 0.76646971702576 0.82278609275818 0
vt 0.81467974185944 0.82278609275818 0
vt 0.81231254339218 0.79166758060455 0
vt 0.87154740095139 0.82278609275818 0
vt 0.87154740095139 0.79166758060455 0
vt 0.92841506004334 0.82278609275818 0
vt 0.93078225851059 0.79166758060455 0
vt 0.97662508487701 0.82278609275818 0
vt 0.98099917173386 0.79166758060455 0
vt 0.26406851410866 0.79166758060455 0
vt 0.26844263076782 0.82278609275818 0
vt 0.31665268540382 0.82278609275818 0
vt 0.31428542733192 0.79166758060455 0
vt 0.37352031469345 0.82278609275818 0
vt 0.37352031469345 0.79166758060455 0
vt 0.32036247849464 0.84204483032227 0
vt 0.348787099123 0.93742913007736 0
vt 0.37352031469345 0.93742913007736 0
vt 0.37352031469345 0.84204483032227 0
vt 0.3982535302639 0.93742913007736 0
vt 0.42667815089226 0.84204483032227 0
vt 0.41922134160995 0.93742913007736 0
vt 0.47174322605133 0.84204483032227 0
vt 0.52431094646454 0.84204483032227 0
vt 0.57683283090591 0.93742913007736 0
vt 0.59780067205429 0.93742913007736 0
vt 0.56937599182129 0.84204483032227 0
vt 0.62253385782242 0.93742913007736 0
vt 0.62253385782242 0.84204483032227 0
vt 0.64726704359055 0.93742913007736 0
vt 0.67569172382355 0.84204483032227 0
vt 0.66823488473892 0.93742913007736 0
vt 0.7207567691803 0.84204483032227 0
vt 0.02628387138247 0.84204483032227 0
vt 0.07880575954914 0.93742913007736 0
vt 0.09977356344461 0.93742913007736 0
vt 0.07134892046452 0.84204483032227 0
vt 0.12450677156448 0.93742913007736 0
vt 0.12450677156448 0.84204483032227 0
vt 0.14923998713493 0.93742913007736 0
vt 0.17766462266445 0.84204483032227 0
vt 0.17020778357983 0.93742913007736 0
vt 0.2227296680212 0.84204483032227 0
vt 0.77332448959351 0.84204483032227 0
vt 0.82584637403488 0.93742913007736 0
vt 0.84681421518326 0.93742913007736 0
vt 0.81838953495026 0.84204483032227 0
vt 0.87154740095139 0.93742913007736 0
vt 0.87154740095139 0.84204483032227 0
vt 0.89628058671951 0.93742913007736 0
vt 0.92470526695251 0.84204483032227 0
vt 0.91724842786789 0.93742913007736 0
vt 0.96977031230927 0.84204483032227 0
vt 0.27529740333557 0.84204483032227 0
vt 0.32781928777695 0.93742913007736 0
vt 0.64387428760529 0.96652221679688 0
vt 0.62253385782242 0.96652221679688 0
vt 0.66196590662003 0.96652221679688 0
vt 0.10316631197929 0.96652221679688 0
vt 0.08507474511862 0.96652221679688 0
vt 0.12450677156448 0.96652221679688 0
vt 0.14584723114967 0.96652221679688 0
vt 0.16393880546093 0.96652221679688 0
vt 0.85020697116852 0.96652221679688 0
vt 0.83211535215378 0.96652221679688 0
vt 0.87154740095139 0.96652221679688 0
vt 0.89288783073425 0.96652221679688 0
vt 0.91097944974899 0.96652221679688 0
vt 0.35217985510826 0.96652221679688 0
vt 0.33408829569817 0.96652221679688 0
vt 0.37352031469345 0.96652221679688 0
vt 0.39486077427864 0.96652221679688 0
vt 0.41295233368874 0.96652221679688 0
vt 0.60119342803955 0.96652221679688 0
vt 0.58310180902481 0.96652221679688 0
vt 0.64387428760529 0.98363411426544 0
vt 0.62253385782242 0.98363411426544 0
vt 0.66196590662003 0.98363411426544 0
vt 0.10316631197929 0.98363411426544 0
vt 0.08507474511862 0.98363411426544 0
vt 0.12450677156448 0.98363411426544 0
vt 0.14584723114967 0.98363411426544 0
vt 0.16393880546093 0.98363411426544 0
vt 0.85020697116852 0.98363411426544 0
vt 0.83211535215378 0.98363411426544 0
vt 0.87154740095139 0.98363411426544 0
vt 0.89288783073425 0.98363411426544 0
vt 0.91097944974899 0.98363411426544 0
vt 0.35217985510826 0.98363411426544 0
vt 0.33408829569817 0.98363411426544 0
vt 0.37352031469345 0.98363411426544 0
vt 0.39486077427864 0.98363411426544 0
vt 0.41295233368874 0.98363411426544 0
vt 0.60119342803955 0.98363411426544 0
vt 0.58310180902481 0.98363411426544 0
vt 0.64462900161743 0.98605310916901 0
vt 0.62253385782242 0.98605310916901 0
vt 0.66336041688919 0.98605310916901 0
vt 0.10241160541773 0.98605310916901 0
vt 0.08368023484945 0.98605310916901 0
vt 0.12450677156448 0.98605310916901 0
vt 0.14660193026066 0.98605310916901 0
vt 0.16533331573009 0.98605310916901 0
vt 0.84945225715637 0.98605310916901 0
vt 0.83072084188461 0.98605310916901 0
vt 0.87154740095139 0.98605310916901 0
vt 0.8936425447464 0.98605310916901 0
vt 0.91237396001816 0.98605310916901 0
vt 0.35142514109612 0.98605310916901 0
vt 0.332693785429 0.98605310916901 0
vt 0.37352031469345 0.98605310916901 0
vt 0.39561548829079 0.98605310916901 0
vt 0.4143468439579 0.98605310916901 0
vt 0.6004387140274 0.98605310916901 0
vt 0.58170729875565 0.98605310916901 0
vt 0.64496791362762 0.99011480808258 0
vt 0.64502078294754 0.98846387863159 0
vt 0.62253385782242 0.98846387863159 0
vt 0.62253385782242 0.99011480808258 0
vt 0.66398656368256 0.99011480808258 0
vt 0.66408425569534 0.98846387863159 0
vt 0.10207271575928 0.99011480808258 0
vt 0.10201984643936 0.98846387863159 0
vt 0.08295635133982 0.98846387863159 0
vt 0.08305405080318 0.99011480808258 0
vt 0.12450677156448 0.99011480808258 0
vt 0.12450677156448 0.98846387863159 0
vt 0.14694082736969 0.99011480808258 0
vt 0.14699369668961 0.98846387863159 0
vt 0.16595949232578 0.99011480808258 0
vt 0.16605718433857 0.98846387863159 0
vt 0.84911334514618 0.99011480808258 0
vt 0.84906047582626 0.98846387863159 0
vt 0.82999700307846 0.98846387863159 0
vt 0.83009469509125 0.99011480808258 0
vt 0.87154740095139 0.99011480808258 0
vt 0.87154740095139 0.98846387863159 0
vt 0.89398145675659 0.99011480808258 0
vt 0.89403432607651 0.98846387863159 0
vt 0.91300010681152 0.99011480808258 0
vt 0.91309779882431 0.98846387863159 0
vt 0.35108625888824 0.99011480808258 0
vt 0.35103338956833 0.98846387863159 0
vt 0.3319698870182 0.98846387863159 0
vt 0.33206757903099 0.99011480808258 0
vt 0.37352031469345 0.99011480808258 0
vt 0.37352031469345 0.98846387863159 0
vt 0.39595437049866 0.99011480808258 0
vt 0.39600723981857 0.98846387863159 0
vt 0.41497305035591 0.99011480808258 0
vt 0.4150707423687 0.98846387863159 0
vt 0.60009980201721 0.99011480808258 0
vt 0.6000469326973 0.98846387863159 0
vt 0.58098345994949 0.98846387863159 0
vt 0.58108115196228 0.99011480808258 0
vt 0.41271713376045 0.22970020771027 0
vt 0.4168615937233 0.2312787771225 0
vt 0.42125764489174 0.21095561981201 0
vt 0.41677170991898 0.21095561981201 0
vt 0.40117067098618 0.24559104442596 0
vt 0.40434268116951 0.24850809574127 0
vt 0.38389012217522 0.25620901584625 0
vt 0.38560682535172 0.26002025604248 0
vt 0.36350634694099 0.25993764400482 0
vt 0.36350634694099 0.26406276226044 0
vt 0.34312260150909 0.25620901584625 0
vt 0.3414058983326 0.26002025604248 0
vt 0.32584205269814 0.24559104442596 0
vt 0.3226700425148 0.24850809574127 0
vt 0.31429558992386 0.22970020771027 0
vt 0.31015112996101 0.2312787771225 0
vt 0.31024098396301 0.21095561981201 0
vt 0.30575507879257 0.21095561981201 0
vt 0.31429558992386 0.19221103191376 0
vt 0.31015112996101 0.19063234329224 0
vt 0.32584205269814 0.17632007598877 0
vt 0.3226700425148 0.17340314388275 0
vt 0.34312260150909 0.16570210456848 0
vt 0.3414058983326 0.16189098358154 0
vt 0.36350634694099 0.1619735956192 0
vt 0.36350634694099 0.1578483581543 0
vt 0.38389012217522 0.16570210456848 0
vt 0.38560682535172 0.16189098358154 0
vt 0.40117067098618 0.17632007598877 0
vt 0.40434268116951 0.17340314388275 0
vt 0.41271713376045 0.19221103191376 0
vt 0.4168615937233 0.19063234329224 0
vt 0.87330079078674 0.11581206321716 0
vt 0.87330079078674 0.10738742351532 0
vt 0.85291701555252 0.10738742351532 0
vt 0.85291701555252 0.11581206321716 0
vt 0.89058130979538 0.11581206321716 0
vt 0.89058130979538 0.10738742351532 0
vt 0.32303559780121 0.14074349403381 0
vt 0.32303559780121 0.13231885433197 0
vt 0.30575507879257 0.13231885433197 0
vt 0.30575507879257 0.14074349403381 0
vt 0.34341937303543 0.14074349403381 0
vt 0.34341937303543 0.13231885433197 0
vt 0.36380314826965 0.14074349403381 0
vt 0.36380314826965 0.13231885433197 0
vt 0.38108366727829 0.14074349403381 0
vt 0.38108366727829 0.13231885433197 0
vt 0.45713889598846 0.10558366775513 0
vt 0.45713889598846 0.09715902805328 0
vt 0.43985837697983 0.09715902805328 0
vt 0.43985837697983 0.10558366775513 0
vt 0.47752267122269 0.10558366775513 0
vt 0.47752267122269 0.09715902805328 0
vt 0.49790644645691 0.10558366775513 0
vt 0.49790644645691 0.09715902805328 0
vt 0.51518696546555 0.10558366775513 0
vt 0.51518696546555 0.09715902805328 0
vt 0.32303559780121 0.1152138710022 0
vt 0.32303559780121 0.10678923130035 0
vt 0.30575507879257 0.10678923130035 0
vt 0.30575507879257 0.1152138710022 0
vt 0.34341937303543 0.1152138710022 0
vt 0.34341937303543 0.10678923130035 0
vt 0.36380314826965 0.1152138710022 0
vt 0.36380314826965 0.10678923130035 0
vt 0.38108366727829 0.1152138710022 0
vt 0.38108366727829 0.10678923130035 0
vt 0.8325332403183 0.11581206321716 0
vt 0.8325332403183 0.10738742351532 0
vt 0.81525272130966 0.10738742351532 0
vt 0.81525272130966 0.11581206321716 0
vt 0.78745931386948 0.23186826705933 0
vt 0.79259741306305 0.23382532596588 0
vt 0.7966520190239 0.21508073806763 0
vt 0.79109054803848 0.21508073806763 0
vt 0.7771183848381 0.24609994888306 0
vt 0.78105092048645 0.24971628189087 0
vt 0.76164215803146 0.25560939311981 0
vt 0.76377040147781 0.26033425331116 0
vt 0.74338662624359 0.25894856452942 0
vt 0.74338662624359 0.26406276226044 0
vt 0.72513109445572 0.25560939311981 0
vt 0.72300285100937 0.26033425331116 0
vt 0.70965486764908 0.24609994888306 0
vt 0.70572233200073 0.24971628189087 0
vt 0.69931393861771 0.23186826705933 0
vt 0.69417583942413 0.23382532596588 0
vt 0.6956827044487 0.21508073806763 0
vt 0.69012129306793 0.21508073806763 0
vt 0.69931393861771 0.19829332828522 0
vt 0.69417583942413 0.19633615016937 0
vt 0.70965486764908 0.1840615272522 0
vt 0.70572233200073 0.18044519424438 0
vt 0.72513109445572 0.17455220222473 0
vt 0.72300285100937 0.16982734203339 0
vt 0.74338662624359 0.17121291160583 0
vt 0.74338662624359 0.16609871387482 0
vt 0.76164215803146 0.17455220222473 0
vt 0.76377040147781 0.16982734203339 0
vt 0.7771183848381 0.1840615272522 0
vt 0.78105092048645 0.18044519424438 0
vt 0.78745931386948 0.19829332828522 0
vt 0.79259741306305 0.19633615016937 0
vt 0.79175335168838 0.06923401355743 0
vt 0.79175335168838 0.07092905044556 0
vt 0.81000888347626 0.07092905044556 0
vt 0.81000888347626 0.06923401355743 0
vt 0.7762770652771 0.06923401355743 0
vt 0.7762770652771 0.07092905044556 0
vt 0.72679299116135 0.08502590656281 0
vt 0.72679299116135 0.08672094345093 0
vt 0.74226921796799 0.08672094345093 0
vt 0.74226921796799 0.08502590656281 0
vt 0.70853745937347 0.08502590656281 0
vt 0.70853745937347 0.08672094345093 0
vt 0.6902819275856 0.08502590656281 0
vt 0.6902819275856 0.08672094345093 0
vt 0.67480570077896 0.08502590656281 0
vt 0.67480570077896 0.08672094345093 0
vt 0.54149496555328 0.06917345523834 0
vt 0.54149496555328 0.07086849212646 0
vt 0.55697119235992 0.07086849212646 0
vt 0.55697119235992 0.06917345523834 0
vt 0.52323943376541 0.06917345523834 0
vt 0.52323943376541 0.07086849212646 0
vt 0.50498390197754 0.06917345523834 0
vt 0.50498390197754 0.07086849212646 0
vt 0.48950764536858 0.06917345523834 0
vt 0.48950764536858 0.07086849212646 0
vt 0.91432869434357 0.06923401355743 0
vt 0.91432869434357 0.07092905044556 0
vt 0.92980492115021 0.07092905044556 0
vt 0.92980492115021 0.06923401355743 0
vt 0.89607316255569 0.06923401355743 0
vt 0.89607316255569 0.07092905044556 0
vt 0.87781763076782 0.06923401355743 0
vt 0.87781763076782 0.07092905044556 0
vt 0.86234140396118 0.06923401355743 0
vt 0.86234140396118 0.07092905044556 0
vt 0.82826435565948 0.06923401355743 0
vt 0.82826435565948 0.07092905044556 0
vt 0.84374064207077 0.07092905044556 0
vt 0.84374064207077 0.06923401355743 0
vt 0.8270251750946 0.08803403377533 0
vt 0.8270251750946 0.08979177474976 0
vt 0.84374064207077 0.08979177474976 0
vt 0.84374064207077 0.08803403377533 0
vt 0.30575507879257 0.08792650699615 0
vt 0.30575507879257 0.08968436717987 0
vt 0.32247054576874 0.08968436717987 0
vt 0.32247054576874 0.08792650699615 0
vt 0.34218779206276 0.08968436717987 0
vt 0.34218779206276 0.08792650699615 0
vt 0.36190503835678 0.08968436717987 0
vt 0.36190503835678 0.08792650699615 0
vt 0.37862053513527 0.08968436717987 0
vt 0.37862053513527 0.08792650699615 0
vt 0.67480570077896 0.1038259267807 0
vt 0.67480570077896 0.10558366775513 0
vt 0.69152116775513 0.10558366775513 0
vt 0.69152116775513 0.1038259267807 0
vt 0.71123838424683 0.10558366775513 0
vt 0.71123838424683 0.1038259267807 0
vt 0.73095566034317 0.10558366775513 0
vt 0.73095566034317 0.1038259267807 0
vt 0.74767112731934 0.10558366775513 0
vt 0.74767112731934 0.1038259267807 0
vt 0.86234140396118 0.08803403377533 0
vt 0.86234140396118 0.08979177474976 0
vt 0.87905687093735 0.08979177474976 0
vt 0.87905687093735 0.08803403377533 0
vt 0.89877408742905 0.08979177474976 0
vt 0.89877408742905 0.08803403377533 0
vt 0.91849136352539 0.08979177474976 0
vt 0.91849136352539 0.08803403377533 0
vt 0.93520683050156 0.08979177474976 0
vt 0.93520683050156 0.08803403377533 0
vt 0.7708752155304 0.08803403377533 0
vt 0.7708752155304 0.08979177474976 0
vt 0.78759068250656 0.08979177474976 0
vt 0.78759068250656 0.08803403377533 0
vt 0.80730795860291 0.08979177474976 0
vt 0.80730795860291 0.08803403377533 0
vt 0.53378766775131 0.1226886510849 0
vt 0.53378766775131 0.14899384975433 0
vt 0.55106824636459 0.14899384975433 0
vt 0.55106824636459 0.1226886510849 0
vt 0.57145196199417 0.14899384975433 0
vt 0.57145196199417 0.1226886510849 0
vt 0.59183573722839 0.14899384975433 0
vt 0.59183573722839 0.1226886510849 0
vt 0.60911631584167 0.14899384975433 0
vt 0.60911631584167 0.1226886510849 0
vt 0.81525272130966 0.13291704654694 0
vt 0.81525272130966 0.15922224521637 0
vt 0.8325332403183 0.15922224521637 0
vt 0.8325332403183 0.13291704654694 0
vt 0.85291701555252 0.15922224521637 0
vt 0.85291701555252 0.13291704654694 0
vt 0.87330079078674 0.15922224521637 0
vt 0.87330079078674 0.13291704654694 0
vt 0.89058130979538 0.15922224521637 0
vt 0.89058130979538 0.13291704654694 0
vt 0.43985837697983 0.1226886510849 0
vt 0.43985837697983 0.14899384975433 0
vt 0.45713889598846 0.14899384975433 0
vt 0.45713889598846 0.1226886510849 0
vt 0.47752267122269 0.14899384975433 0
vt 0.47752267122269 0.1226886510849 0
vt 0.49790644645691 0.14899384975433 0
vt 0.49790644645691 0.1226886510849 0
vt 0.51518696546555 0.14899384975433 0
vt 0.51518696546555 0.1226886510849 0
vt 0.62771701812744 0.1226886510849 0
vt 0.62771701812744 0.14899384975433 0
vt 0.64499753713608 0.14899384975433 0
vt 0.64499753713608 0.1226886510849 0
vt 0.6653813123703 0.14899384975433 0
vt 0.6653813123703 0.1226886510849 0
vt 0.68576508760452 0.14899384975433 0
vt 0.68576508760452 0.1226886510849 0
vt 0.70304560661316 0.14899384975433 0
vt 0.70304560661316 0.1226886510849 0
vt 0.5706535577774 0.2332124710083 0
vt 0.5690444111824 0.23382532596588 0
vt 0.580590903759 0.24971628189087 0
vt 0.58182245492935 0.24858379364014 0
vt 0.4566909968853 0.18157780170441 0
vt 0.45545941591263 0.18044519424438 0
vt 0.44391295313835 0.19633615016937 0
vt 0.44552206993103 0.19694912433624 0
vt 0.59787142276764 0.26033425331116 0
vt 0.59853792190552 0.25885450839996 0
vt 0.47340646386147 0.17130696773529 0
vt 0.47273996472359 0.16982734203339 0
vt 0.61825519800186 0.26406276226044 0
vt 0.61825519800186 0.26246106624603 0
vt 0.49312371015549 0.16770040988922 0
vt 0.49312371015549 0.16609871387482 0
vt 0.63863897323608 0.26033425331116 0
vt 0.63797241449356 0.25885450839996 0
vt 0.51284098625183 0.17130696773529 0
vt 0.51350748538971 0.16982734203339 0
vt 0.65591949224472 0.24971628189087 0
vt 0.65468788146973 0.24858379364014 0
vt 0.529556453228 0.18157780170441 0
vt 0.53078800439835 0.18044519424438 0
vt 0.66746592521667 0.23382532596588 0
vt 0.66585683822632 0.2332124710083 0
vt 0.54072535037994 0.19694912433624 0
vt 0.54233449697495 0.19633615016937 0
vt 0.67152053117752 0.21508073806763 0
vt 0.66977882385254 0.21508073806763 0
vt 0.54464739561081 0.21508073806763 0
vt 0.54638910293579 0.21508073806763 0
vt 0.66746592521667 0.19633615016937 0
vt 0.66585683822632 0.19694912433624 0
vt 0.54072535037994 0.2332124710083 0
vt 0.54233449697495 0.23382532596588 0
vt 0.65591949224472 0.18044519424438 0
vt 0.65468788146973 0.18157780170441 0
vt 0.529556453228 0.24858379364014 0
vt 0.53078800439835 0.24971628189087 0
vt 0.63863897323608 0.16982734203339 0
vt 0.63797241449356 0.17130696773529 0
vt 0.51284098625183 0.25885450839996 0
vt 0.51350748538971 0.26033425331116 0
vt 0.61825519800186 0.16609871387482 0
vt 0.61825519800186 0.16770040988922 0
vt 0.49312371015549 0.26246106624603 0
vt 0.49312371015549 0.26406276226044 0
vt 0.59787142276764 0.16982734203339 0
vt 0.59853792190552 0.17130696773529 0
vt 0.47340646386147 0.25885450839996 0
vt 0.47273996472359 0.26033425331116 0
vt 0.580590903759 0.18044519424438 0
vt 0.58182245492935 0.18157780170441 0
vt 0.4566909968853 0.24858379364014 0
vt 0.45545941591263 0.24971628189087 0
vt 0.5690444111824 0.19633615016937 0
vt 0.5706535577774 0.19694912433624 0
vt 0.44552206993103 0.2332124710083 0
vt 0.44391295313835 0.23382532596588 0
vt 0.56498980522156 0.21508073806763 0
vt 0.56673151254654 0.21508073806763 0
vt 0.44160008430481 0.21508073806763 0
vt 0.43985837697983 0.21508073806763 0
vt 0.60043340921402 0.99144750833511 0
vt 0.62253385782242 0.99144750833511 0
vt 0.64463430643082 0.99144750833511 0
vt 0.66337019205093 0.99144750833511 0
vt 0.08367045223713 0.99144750833511 0
vt 0.1024063155055 0.99144750833511 0
vt 0.12450677156448 0.99144750833511 0
vt 0.14660723507404 0.99144750833511 0
vt 0.16534309089184 0.99144750833511 0
vt 0.83071106672287 0.99144750833511 0
vt 0.84944695234299 0.99144750833511 0
vt 0.87154740095139 0.99144750833511 0
vt 0.89364784955978 0.99144750833511 0
vt 0.9123837351799 0.99144750833511 0
vt 0.33268401026726 0.99144750833511 0
vt 0.35141986608505 0.99144750833511 0
vt 0.37352031469345 0.99144750833511 0
vt 0.39562076330185 0.99144750833511 0
vt 0.41435661911964 0.99144750833511 0
vt 0.5816975235939 0.99144750833511 0
vt 0.62253385782242 0.28116774559021 0
vt 0.56936877965927 0.28116774559021 0
vt 0.52429765462875 0.28116774559021 0
vt 0.47175654768944 0.28116774559021 0
vt 0.42668536305428 0.28116774559021 0
vt 0.37352031469345 0.28116774559021 0
vt 0.32035526633263 0.28116774559021 0
vt 0.27528408169746 0.28116774559021 0
vt 0.96978360414505 0.28116774559021 0
vt 0.92471247911453 0.28116774559021 0
vt 0.87154740095139 0.28116774559021 0
vt 0.81838232278824 0.28116774559021 0
vt 0.77331119775772 0.28116774559021 0
vt 0.22274298965931 0.28116774559021 0
vt 0.17767183482647 0.28116774559021 0
vt 0.12450677156448 0.28116774559021 0
vt 0.07134171575308 0.28116774559021 0
vt 0.02627055160701 0.28116774559021 0
vt 0.72077006101608 0.28116774559021 0
vt 0.67569893598557 0.28116774559021 0
# 928 texture coordinates

o Cylinder.1
usemtl Cylinder
f 84/3/2 83/2/2 1/1/1
f 61/7/6 483/6/5 185/5/4
f 60/10/9 186/9/8 483/6/5
f 61/7/6 60/10/9 483/6/5
f 7/14/15 191/13/14 190/12/13 4/11/12
f 332/17/16 2/16/16 331/15/16
f 100/21/20 141/20/19 99/19/18
f 60/10/9 484/22/22 186/9/8
f 59/24/25 171/23/24 484/22/22
f 60/10/9 59/24/25 484/22/22
f 10/26/29 192/25/28 191/13/14 7/14/15
f 333/27/16 2/16/16 332/17/16
f 86/29/31 85/28/31 1/1/1
f 59/32/25 485/31/33 171/30/24
f 58/35/36 172/34/35 485/31/33
f 59/32/25 58/35/36 485/31/33
f 13/39/40 193/38/39 192/37/28 10/36/29
f 334/40/16 2/16/16 333/27/16
f 102/43/44 143/42/43 101/41/42
f 58/35/36 486/44/46 172/34/35
f 57/46/49 173/45/48 486/44/46
f 58/35/36 57/46/49 486/44/46
f 16/48/53 194/47/52 193/38/39 13/39/40
f 335/49/16 2/16/16 334/40/16
f 88/51/55 87/50/55 1/1/1
f 57/46/49 487/52/57 173/45/48
f 56/54/60 174/53/59 487/52/57
f 57/46/49 56/54/60 487/52/57
f 19/56/64 195/55/63 194/47/52 16/48/53
f 336/57/16 2/16/16 335/49/16
f 113/60/68 145/59/67 112/58/66
f 56/54/60 488/61/70 174/53/59
f 55/63/73 175/62/72 488/61/70
f 56/54/60 55/63/73 488/61/70
f 22/65/77 196/64/76 195/55/63 19/56/64
f 337/66/16 2/16/16 336/57/16
f 90/68/79 89/67/79 1/1/1
f 55/71/73 489/70/81 175/69/72
f 54/74/84 176/73/83 489/70/81
f 55/71/73 54/74/84 489/70/81
f 25/78/88 197/77/87 196/76/76 22/75/77
f 338/79/16 2/16/16 337/66/16
f 124/82/92 147/81/91 123/80/90
f 54/74/84 490/83/94 176/73/83
f 53/85/97 177/84/96 490/83/94
f 54/74/84 53/85/97 490/83/94
f 28/87/101 198/86/100 197/77/87 25/78/88
f 339/88/16 2/16/16 338/79/16
f 92/90/104 91/89/104 1/1/103
f 53/85/97 491/91/106 177/84/96
f 52/93/109 178/92/108 491/91/106
f 53/85/97 52/93/109 491/91/106
f 31/95/113 199/94/112 198/86/100 28/87/101
f 340/96/16 2/16/16 339/88/16
f 129/99/117 149/98/116 128/97/115
f 52/93/109 492/100/119 178/92/108
f 51/102/122 179/101/121 492/100/119
f 52/93/109 51/102/122 492/100/119
f 34/104/126 200/103/125 199/94/112 31/95/113
f 341/105/16 2/16/16 340/96/16
f 94/107/128 93/106/128 1/1/1
f 51/110/122 493/109/130 179/108/121
f 66/113/133 180/112/132 493/109/130
f 51/110/122 66/113/133 493/109/130
f 37/117/137 201/116/136 200/115/125 34/114/126
f 342/118/16 2/16/16 341/105/16
f 131/121/141 151/120/140 130/119/139
f 66/113/133 494/122/143 180/112/132
f 65/124/146 181/123/145 494/122/143
f 66/113/133 65/124/146 494/122/143
f 40/126/150 202/125/149 201/116/136 37/117/137
f 343/127/16 2/16/16 342/118/16
f 96/129/153 95/128/153 1/1/152
f 65/124/146 495/130/155 181/123/145
f 64/132/158 182/131/157 495/130/155
f 65/124/146 64/132/158 495/130/155
f 43/134/162 187/133/161 202/125/149 40/126/150
f 344/135/16 2/16/16 343/127/16
f 133/138/166 153/137/165 132/136/164
f 64/132/158 496/139/168 182/131/157
f 63/141/171 183/140/170 496/139/168
f 64/132/158 63/141/171 496/139/168
f 46/143/175 188/142/174 187/133/161 43/134/162
f 345/144/16 2/16/16 344/135/16
f 98/146/177 97/145/177 1/1/1
f 63/149/171 497/148/179 183/147/170
f 62/151/182 184/150/181 497/148/179
f 63/149/171 62/151/182 497/148/179
f 49/155/186 189/154/185 188/153/174 46/152/175
f 346/156/16 2/16/16 345/144/16
f 135/159/190 139/158/189 134/157/188
f 62/151/182 498/160/192 184/150/181
f 61/7/6 185/5/4 498/160/192
f 62/151/182 61/7/6 498/160/192
f 4/11/12 190/12/13 189/154/185 49/155/186
f 331/15/16 2/16/16 346/156/16
f 52/93/109 586/162/198 585/161/197 51/102/122
f 53/85/97 587/163/199 586/162/198 52/93/109
f 54/74/84 588/164/200 587/163/199 53/85/97
f 55/71/73 589/165/201 588/164/200 54/74/84
f 56/54/60 590/167/202 589/166/201 55/63/73
f 57/46/49 591/168/203 590/167/202 56/54/60
f 58/35/36 592/169/204 591/168/203 57/46/49
f 59/32/25 593/170/205 592/169/204 58/35/36
f 60/10/9 594/172/206 593/171/205 59/24/25
f 61/7/6 579/173/207 594/172/206 60/10/9
f 62/151/182 580/174/208 579/173/207 61/7/6
f 63/149/171 581/175/209 580/174/208 62/151/182
f 64/132/158 582/177/210 581/176/209 63/141/171
f 65/124/146 583/178/211 582/177/210 64/132/158
f 66/113/133 584/179/212 583/178/211 65/124/146
f 51/110/122 585/180/197 584/179/212 66/113/133
f 68/184/2 6/183/1 3/182/1 67/181/2
f 446/188/216 475/187/215 443/186/214 109/185/213
f 475/187/215 444/190/218 110/189/217 443/186/214
f 445/192/220 111/191/219 444/190/218 475/187/215
f 142/193/221 445/192/220 475/187/215 446/188/216
f 70/197/31 12/196/1 9/195/1 69/194/31
f 450/201/225 476/200/224 447/199/223 114/198/222
f 476/200/224 448/203/227 115/202/226 447/199/223
f 449/205/229 116/204/228 448/203/227 476/200/224
f 144/206/230 449/205/229 476/200/224 450/201/225
f 72/210/55 18/209/1 15/208/1 71/207/55
f 454/214/234 477/213/233 451/212/232 103/211/231
f 477/213/233 452/216/236 104/215/235 451/212/232
f 453/218/238 105/217/237 452/216/236 477/213/233
f 146/219/239 453/218/238 477/213/233 454/214/234
f 74/223/79 24/222/1 21/221/1 73/220/79
f 458/227/243 478/226/242 455/225/241 106/224/240
f 478/226/242 456/229/245 107/228/244 455/225/241
f 457/231/247 108/230/246 456/229/245 478/226/242
f 148/232/248 457/231/247 478/226/242 458/227/243
f 76/236/104 30/235/1 27/234/1 75/233/104
f 462/240/252 479/239/251 459/238/250 120/237/249
f 479/239/251 460/242/254 121/241/253 459/238/250
f 461/244/256 122/243/255 460/242/254 479/239/251
f 150/245/257 461/244/256 479/239/251 462/240/252
f 78/249/128 36/248/1 33/247/1 77/246/128
f 466/253/261 480/252/260 463/251/259 125/250/258
f 480/252/260 464/255/263 126/254/262 463/251/259
f 465/257/265 127/256/264 464/255/263 480/252/260
f 152/258/266 465/257/265 480/252/260 466/253/261
f 80/262/153 42/261/1 39/260/1 79/259/153
f 470/266/270 481/265/269 467/264/268 136/263/267
f 481/265/269 468/268/272 137/267/271 467/264/268
f 469/270/274 138/269/273 468/268/272 481/265/269
f 154/271/275 469/270/274 481/265/269 470/266/270
f 82/275/177 48/274/1 45/273/1 81/272/177
f 474/279/279 482/278/278 471/277/277 117/276/276
f 482/278/278 472/281/281 118/280/280 471/277/277
f 473/283/283 119/282/282 472/281/281 482/278/278
f 140/284/284 473/283/283 482/278/278 474/279/279
f 84/3/2 68/184/2 67/181/2 83/2/2
f 141/20/19 446/188/216 109/185/213
f 100/21/20 142/193/221 446/188/216
f 141/20/19 100/21/20 446/188/216
f 86/29/31 70/197/31 69/194/31 85/28/31
f 143/42/43 450/201/225 114/198/222
f 102/43/44 144/206/230 450/201/225
f 143/42/43 102/43/44 450/201/225
f 88/51/55 72/210/55 71/207/55 87/50/55
f 145/59/67 454/214/234 103/211/231
f 113/60/68 146/219/239 454/214/234
f 145/59/67 113/60/68 454/214/234
f 90/68/79 74/223/79 73/220/79 89/67/79
f 147/81/91 458/227/243 106/224/240
f 124/82/92 148/232/248 458/227/243
f 147/81/91 124/82/92 458/227/243
f 92/90/104 76/236/104 75/233/104 91/89/104
f 149/98/116 462/240/252 120/237/249
f 129/99/117 150/245/257 462/240/252
f 149/98/116 129/99/117 462/240/252
f 94/107/128 78/249/128 77/246/128 93/106/128
f 151/120/140 466/253/261 125/250/258
f 131/121/141 152/258/266 466/253/261
f 151/120/140 131/121/141 466/253/261
f 96/129/153 80/262/153 79/259/153 95/128/153
f 153/137/165 470/266/270 136/263/267
f 133/138/166 154/271/275 470/266/270
f 153/137/165 133/138/166 470/266/270
f 98/146/177 82/275/177 81/272/177 97/145/177
f 139/158/189 474/279/279 117/276/276
f 135/159/190 140/284/284 474/279/279
f 139/158/189 135/159/190 474/279/279
f 1/1/310 99/19/310 141/20/19 84/3/309
f 85/28/312 100/21/20 99/19/311 1/1/311
f 1/1/314 101/41/314 143/42/43 86/29/313
f 87/50/316 102/43/44 101/41/315 1/1/315
f 1/1/318 112/58/318 145/59/67 88/51/317
f 89/67/320 113/60/68 112/58/319 1/1/319
f 1/1/322 123/80/322 147/81/91 90/68/321
f 91/89/324 124/82/92 123/80/323 1/1/323
f 1/1/326 128/97/326 149/98/116 92/90/325
f 93/106/328 129/99/117 128/97/327 1/1/327
f 1/1/330 130/119/330 151/120/140 94/107/329
f 95/128/332 131/121/141 130/119/331 1/1/331
f 1/1/334 132/136/334 153/137/165 96/129/333
f 97/145/336 133/138/166 132/136/335 1/1/335
f 1/1/338 134/157/338 139/158/189 98/146/337
f 83/2/340 135/159/190 134/157/339 1/1/339
f 6/183/341 443/186/214 110/189/217
f 68/184/343 109/185/213 443/186/214
f 6/183/345 68/184/343 443/186/214
f 9/195/347 444/190/218 111/191/219
f 6/183/341 110/189/217 444/190/218
f 9/195/347 6/183/341 444/190/218
f 69/194/351 445/192/220 142/193/221
f 9/195/347 111/191/219 445/192/220
f 69/194/351 9/195/354 445/192/220
f 12/196/356 447/199/223 115/202/226
f 70/197/358 114/198/222 447/199/223
f 12/196/360 70/197/358 447/199/223
f 15/208/362 448/203/227 116/204/228
f 12/196/356 115/202/226 448/203/227
f 15/208/362 12/196/356 448/203/227
f 71/207/366 449/205/229 144/206/230
f 15/208/362 116/204/228 449/205/229
f 71/207/366 15/208/369 449/205/229
f 18/209/371 451/212/232 104/215/235
f 72/210/373 103/211/231 451/212/232
f 18/209/375 72/210/373 451/212/232
f 21/221/377 452/216/236 105/217/237
f 18/209/371 104/215/235 452/216/236
f 21/221/377 18/209/371 452/216/236
f 73/220/381 453/218/238 146/219/239
f 21/221/377 105/217/237 453/218/238
f 73/220/381 21/221/384 453/218/238
f 24/222/386 455/225/241 107/228/244
f 74/223/388 106/224/240 455/225/241
f 24/222/390 74/223/388 455/225/241
f 27/234/392 456/229/245 108/230/246
f 24/222/386 107/228/244 456/229/245
f 27/234/392 24/222/386 456/229/245
f 75/233/396 457/231/247 148/232/248
f 27/234/392 108/230/246 457/231/247
f 75/233/396 27/234/399 457/231/247
f 30/235/401 459/238/250 121/241/253
f 76/236/403 120/237/249 459/238/250
f 30/235/405 76/236/403 459/238/250
f 33/247/407 460/242/254 122/243/255
f 30/235/401 121/241/253 460/242/254
f 33/247/407 30/235/401 460/242/254
f 77/246/411 461/244/256 150/245/257
f 33/247/407 122/243/255 461/244/256
f 77/246/411 33/247/414 461/244/256
f 36/248/416 463/251/259 126/254/262
f 78/249/418 125/250/258 463/251/259
f 36/248/420 78/249/418 463/251/259
f 39/260/422 464/255/263 127/256/264
f 36/248/416 126/254/262 464/255/263
f 39/260/422 36/248/416 464/255/263
f 79/259/426 465/257/265 152/258/266
f 39/260/422 127/256/264 465/257/265
f 79/259/426 39/260/429 465/257/265
f 42/261/431 467/264/268 137/267/271
f 80/262/433 136/263/267 467/264/268
f 42/261/435 80/262/433 467/264/268
f 45/273/437 468/268/272 138/269/273
f 42/261/431 137/267/271 468/268/272
f 45/273/437 42/261/431 468/268/272
f 81/272/441 469/270/274 154/271/275
f 45/273/437 138/269/273 469/270/274
f 81/272/441 45/273/444 469/270/274
f 48/274/446 471/277/277 118/280/280
f 82/275/448 117/276/276 471/277/277
f 48/274/450 82/275/448 471/277/277
f 3/182/452 472/281/281 119/282/282
f 48/274/446 118/280/280 472/281/281
f 3/182/452 48/274/446 472/281/281
f 67/181/456 473/283/283 140/284/284
f 3/182/452 119/282/282 473/283/283
f 67/181/456 3/182/459 473/283/283
f 84/288/309 141/287/19 109/286/213 68/285/343
f 69/292/351 142/291/221 100/290/20 85/289/312
f 86/296/313 143/295/43 114/294/222 70/293/358
f 71/300/366 144/299/230 102/298/44 87/297/316
f 88/304/317 145/303/67 103/302/231 72/301/373
f 73/308/381 146/307/239 113/306/68 89/305/320
f 90/312/321 147/311/91 106/310/240 74/309/388
f 75/316/396 148/315/248 124/314/92 91/313/324
f 92/320/325 149/319/116 120/318/249 76/317/403
f 77/324/411 150/323/257 129/322/117 93/321/328
f 94/328/329 151/327/140 125/326/258 78/325/418
f 79/332/426 152/331/266 131/330/141 95/329/332
f 96/336/333 153/335/165 136/334/267 80/333/433
f 81/340/441 154/339/275 133/338/166 97/337/336
f 98/344/337 139/343/189 117/342/276 82/341/448
f 67/348/456 140/347/284 135/346/190 83/345/340
f 31/95/113 499/350/462 156/349/461
f 28/87/101 155/351/464 499/350/462
f 31/95/113 28/87/101 499/350/462
f 34/104/126 500/353/468 157/352/467
f 31/95/113 156/349/461 500/353/468
f 34/104/126 31/95/113 500/353/468
f 37/117/137 501/355/473 158/354/472
f 34/114/126 157/356/467 501/355/473
f 37/117/137 34/114/126 501/355/473
f 40/126/150 502/358/478 159/357/477
f 37/117/137 158/354/472 502/358/478
f 40/126/150 37/117/137 502/358/478
f 43/134/162 503/360/483 160/359/482
f 40/126/150 159/357/477 503/360/483
f 43/134/162 40/126/150 503/360/483
f 46/143/175 504/362/488 161/361/487
f 43/134/162 160/359/482 504/362/488
f 46/143/175 43/134/162 504/362/488
f 49/155/186 505/364/493 162/363/492
f 46/152/175 161/365/487 505/364/493
f 49/155/186 46/152/175 505/364/493
f 4/11/12 506/367/498 163/366/497
f 49/155/186 162/363/492 506/367/498
f 4/11/12 49/155/186 506/367/498
f 7/14/15 507/369/503 164/368/502
f 4/11/12 163/366/497 507/369/503
f 7/14/15 4/11/12 507/369/503
f 10/26/29 508/371/508 165/370/507
f 7/14/15 164/368/502 508/371/508
f 10/26/29 7/14/15 508/371/508
f 13/39/40 509/373/513 166/372/512
f 10/36/29 165/374/507 509/373/513
f 13/39/40 10/36/29 509/373/513
f 16/48/53 510/376/518 167/375/517
f 13/39/40 166/372/512 510/376/518
f 16/48/53 13/39/40 510/376/518
f 19/56/64 511/378/523 168/377/522
f 16/48/53 167/375/517 511/378/523
f 19/56/64 16/48/53 511/378/523
f 22/65/77 512/380/528 169/379/527
f 19/56/64 168/377/522 512/380/528
f 22/65/77 19/56/64 512/380/528
f 25/78/88 513/382/533 170/381/532
f 22/75/77 169/383/527 513/382/533
f 25/78/88 22/75/77 513/382/533
f 28/87/101 514/384/537 155/351/464
f 25/78/88 170/381/532 514/384/537
f 28/87/101 25/78/88 514/384/537
f 485/31/33 531/386/542 515/385/541 171/30/24
f 531/386/542 509/373/513 165/374/507 515/385/541
f 516/387/543 166/372/512 509/373/513 531/386/542
f 172/34/35 516/387/543 531/386/542 485/31/33
f 486/44/46 532/388/544 516/387/543 172/34/35
f 532/388/544 510/376/518 166/372/512 516/387/543
f 517/389/545 167/375/517 510/376/518 532/388/544
f 173/45/48 517/389/545 532/388/544 486/44/46
f 487/52/57 533/390/546 517/389/545 173/45/48
f 533/390/546 511/378/523 167/375/517 517/389/545
f 518/391/547 168/377/522 511/378/523 533/390/546
f 174/53/59 518/391/547 533/390/546 487/52/57
f 488/61/70 534/392/548 518/391/547 174/53/59
f 534/392/548 512/380/528 168/377/522 518/391/547
f 519/393/549 169/379/527 512/380/528 534/392/548
f 175/62/72 519/393/549 534/392/548 488/61/70
f 489/70/81 535/395/550 519/394/549 175/69/72
f 535/395/550 513/382/533 169/383/527 519/394/549
f 520/396/551 170/381/532 513/382/533 535/395/550
f 176/73/83 520/396/551 535/395/550 489/70/81
f 490/83/94 536/397/552 520/396/551 176/73/83
f 536/397/552 514/384/537 170/381/532 520/396/551
f 521/398/553 155/351/464 514/384/537 536/397/552
f 177/84/96 521/398/553 536/397/552 490/83/94
f 491/91/106 537/399/554 521/398/553 177/84/96
f 537/399/554 499/350/462 155/351/464 521/398/553
f 522/400/555 156/349/461 499/350/462 537/399/554
f 178/92/108 522/400/555 537/399/554 491/91/106
f 492/100/119 538/401/556 522/400/555 178/92/108
f 538/401/556 500/353/468 156/349/461 522/400/555
f 523/402/557 157/352/467 500/353/468 538/401/556
f 179/101/121 523/402/557 538/401/556 492/100/119
f 493/109/130 539/404/558 523/403/557 179/108/121
f 539/404/558 501/355/473 157/356/467 523/403/557
f 524/405/559 158/354/472 501/355/473 539/404/558
f 180/112/132 524/405/559 539/404/558 493/109/130
f 494/122/143 540/406/560 524/405/559 180/112/132
f 540/406/560 502/358/478 158/354/472 524/405/559
f 525/407/561 159/357/477 502/358/478 540/406/560
f 181/123/145 525/407/561 540/406/560 494/122/143
f 495/130/155 541/408/562 525/407/561 181/123/145
f 541/408/562 503/360/483 159/357/477 525/407/561
f 526/409/563 160/359/482 503/360/483 541/408/562
f 182/131/157 526/409/563 541/408/562 495/130/155
f 496/139/168 542/410/564 526/409/563 182/131/157
f 542/410/564 504/362/488 160/359/482 526/409/563
f 527/411/565 161/361/487 504/362/488 542/410/564
f 183/140/170 527/411/565 542/410/564 496/139/168
f 497/148/179 543/413/566 527/412/565 183/147/170
f 543/413/566 505/364/493 161/365/487 527/412/565
f 528/414/567 162/363/492 505/364/493 543/413/566
f 184/150/181 528/414/567 543/413/566 497/148/179
f 498/160/192 544/415/568 528/414/567 184/150/181
f 544/415/568 506/367/498 162/363/492 528/414/567
f 529/416/569 163/366/497 506/367/498 544/415/568
f 185/5/4 529/416/569 544/415/568 498/160/192
f 483/6/5 545/417/570 529/416/569 185/5/4
f 545/417/570 507/369/503 163/366/497 529/416/569
f 530/418/571 164/368/502 507/369/503 545/417/570
f 186/9/8 530/418/571 545/417/570 483/6/5
f 484/22/22 546/419/572 530/418/571 186/9/8
f 546/419/572 508/371/508 164/368/502 530/418/571
f 515/420/541 165/370/507 508/371/508 546/419/572
f 171/23/24 515/420/541 546/419/572 484/22/22
f 559/424/576 206/423/575 205/422/574 560/421/573
f 558/428/578 207/427/577 206/426/575 559/425/576
f 557/430/580 208/429/579 207/427/577 558/428/578
f 556/432/582 209/431/581 208/429/579 557/430/580
f 555/434/584 210/433/583 209/431/581 556/432/582
f 554/438/586 211/437/585 210/436/583 555/435/584
f 553/440/588 212/439/587 211/437/585 554/438/586
f 552/442/590 213/441/589 212/439/587 553/440/588
f 551/444/592 214/443/591 213/441/589 552/442/590
f 550/448/594 215/447/593 214/446/591 551/445/592
f 549/450/596 216/449/595 215/447/593 550/448/594
f 548/452/598 217/451/597 216/449/595 549/450/596
f 547/454/600 218/453/599 217/451/597 548/452/598
f 562/458/602 203/457/601 218/456/599 547/455/600
f 561/460/604 204/459/603 203/457/601 562/458/602
f 560/421/573 205/422/574 204/459/603 561/460/604
f 567/464/608 41/463/607 38/462/606 568/461/605
f 566/466/610 44/465/609 41/463/607 567/464/608
f 565/468/612 47/467/611 44/465/609 566/466/610
f 564/472/614 50/471/613 47/470/611 565/469/612
f 563/474/616 5/473/615 50/471/613 564/472/614
f 578/476/618 8/475/617 5/473/615 563/474/616
f 577/478/620 11/477/619 8/475/617 578/476/618
f 576/482/622 14/481/621 11/480/619 577/479/620
f 575/484/624 17/483/623 14/481/621 576/482/622
f 574/486/626 20/485/625 17/483/623 575/484/624
f 573/488/628 23/487/627 20/485/625 574/486/626
f 572/492/630 26/491/629 23/490/627 573/489/628
f 571/494/632 29/493/631 26/491/629 572/492/630
f 570/496/634 32/495/633 29/493/631 571/494/632
f 569/498/636 35/497/635 32/495/633 570/496/634
f 568/461/605 38/462/606 35/500/635 569/499/636
f 219/502/638 5/473/615 8/475/617 220/501/637
f 220/501/637 8/475/617 11/477/619 221/503/639
f 221/505/639 11/480/619 14/481/621 222/504/640
f 222/504/640 14/481/621 17/483/623 223/506/641
f 223/506/641 17/483/623 20/485/625 224/507/642
f 224/507/642 20/485/625 23/487/627 225/508/643
f 225/510/643 23/490/627 26/491/629 226/509/644
f 226/509/644 26/491/629 29/493/631 227/511/645
f 227/511/645 29/493/631 32/495/633 228/512/646
f 228/512/646 32/495/633 35/497/635 229/513/647
f 229/515/647 35/500/635 38/462/606 230/514/648
f 230/514/648 38/462/606 41/463/607 231/516/649
f 231/516/649 41/463/607 44/465/609 232/517/650
f 232/517/650 44/465/609 47/467/611 233/518/651
f 233/520/651 47/470/611 50/471/613 234/519/652
f 234/519/652 50/471/613 5/473/615 219/502/638
f 235/522/654 219/502/638 220/501/637 236/521/653
f 236/521/653 220/501/637 221/503/639 237/523/655
f 237/525/655 221/505/639 222/504/640 238/524/656
f 238/524/656 222/504/640 223/506/641 239/526/657
f 239/526/657 223/506/641 224/507/642 240/527/658
f 240/527/658 224/507/642 225/508/643 241/528/659
f 241/530/659 225/510/643 226/509/644 242/529/660
f 242/529/660 226/509/644 227/511/645 243/531/661
f 243/531/661 227/511/645 228/512/646 244/532/662
f 244/532/662 228/512/646 229/513/647 245/533/663
f 245/535/663 229/515/647 230/514/648 246/534/664
f 246/534/664 230/514/648 231/516/649 247/536/665
f 247/536/665 231/516/649 232/517/650 248/537/666
f 248/537/666 232/517/650 233/518/651 249/538/667
f 249/540/667 233/520/651 234/519/652 250/539/668
f 250/539/668 234/519/652 219/502/638 235/522/654
f 412/542/670 235/522/654 236/521/653 413/541/669
f 413/541/669 236/521/653 237/523/655 414/543/671
f 414/545/671 237/525/655 238/524/656 415/544/672
f 415/544/672 238/524/656 239/526/657 416/546/673
f 416/546/673 239/526/657 240/527/658 417/547/674
f 417/547/674 240/527/658 241/528/659 418/548/675
f 418/550/675 241/530/659 242/529/660 419/549/676
f 419/549/676 242/529/660 243/531/661 420/551/677
f 420/551/677 243/531/661 244/532/662 421/552/678
f 421/552/678 244/532/662 245/533/663 422/553/679
f 422/555/679 245/535/663 246/534/664 423/554/680
f 423/554/680 246/534/664 247/536/665 424/556/681
f 424/556/681 247/536/665 248/537/666 425/557/682
f 425/557/682 248/537/666 249/538/667 426/558/683
f 426/560/683 249/540/667 250/539/668 411/559/684
f 411/559/684 250/539/668 235/522/654 412/542/670
f 428/564/688 251/563/687 252/562/686 429/561/685
f 429/561/685 252/562/686 253/566/690 430/565/689
f 430/570/689 253/569/690 254/568/692 431/567/691
f 431/567/691 254/568/692 255/572/694 432/571/693
f 432/571/693 255/572/694 256/574/696 433/573/695
f 433/573/695 256/574/696 257/576/698 434/575/697
f 434/580/697 257/579/698 258/578/700 435/577/699
f 435/577/699 258/578/700 259/582/702 436/581/701
f 436/581/701 259/582/702 260/584/704 437/583/703
f 437/583/703 260/584/704 261/586/706 438/585/705
f 438/590/705 261/589/706 262/588/708 439/587/707
f 439/587/707 262/588/708 263/592/710 440/591/709
f 440/591/709 263/592/710 264/594/712 441/593/711
f 441/593/711 264/594/712 265/596/714 442/595/713
f 442/600/713 265/599/714 266/598/716 427/597/715
f 427/597/715 266/598/716 251/563/687 428/564/688
f 283/604/16 267/603/16 268/602/16 284/601/16
f 284/601/16 268/602/16 269/606/16 285/605/16
f 285/605/16 269/606/16 270/608/16 286/607/16
f 286/607/16 270/608/16 271/610/16 287/609/16
f 287/609/16 271/610/16 272/612/16 288/611/16
f 288/611/16 272/612/16 273/614/16 289/613/16
f 289/613/16 273/614/16 274/616/16 290/615/16
f 290/615/16 274/616/16 275/618/16 291/617/16
f 291/617/16 275/618/16 276/620/16 292/619/16
f 292/619/16 276/620/16 277/622/16 293/621/16
f 293/621/16 277/622/16 278/624/16 294/623/16
f 294/623/16 278/624/16 279/626/16 295/625/16
f 295/625/16 279/626/16 280/628/16 296/627/16
f 296/627/16 280/628/16 281/630/16 297/629/16
f 297/629/16 281/630/16 282/632/16 298/631/16
f 298/631/16 282/632/16 267/603/16 283/604/16
f 354/636/718 283/635/718 284/634/717 355/633/717
f 355/633/717 284/634/717 285/638/719 356/637/719
f 356/642/719 285/641/719 286/640/720 357/639/720
f 357/639/720 286/640/720 287/644/721 358/643/721
f 358/643/721 287/644/721 288/646/722 359/645/722
f 359/645/722 288/646/722 289/648/723 360/647/723
f 360/652/723 289/651/723 290/650/724 361/649/724
f 361/649/724 290/650/724 291/654/725 362/653/725
f 362/653/725 291/654/725 292/656/726 347/655/726
f 347/655/726 292/656/726 293/658/727 348/657/727
f 348/662/727 293/661/727 294/660/728 349/659/728
f 349/659/728 294/660/728 295/664/729 350/663/729
f 350/663/729 295/664/729 296/666/730 351/665/730
f 351/665/730 296/666/730 297/668/731 352/667/731
f 352/672/731 297/671/731 298/670/732 353/669/732
f 353/669/732 298/670/732 283/635/718 354/636/718
f 315/676/16 299/675/16 300/674/16 316/673/16
f 316/673/16 300/674/16 301/678/16 317/677/16
f 317/677/16 301/678/16 302/680/16 318/679/16
f 318/679/16 302/680/16 303/682/16 319/681/16
f 319/681/16 303/682/16 304/684/16 320/683/16
f 320/683/16 304/684/16 305/686/16 321/685/16
f 321/685/16 305/686/16 306/688/16 322/687/16
f 322/687/16 306/688/16 307/690/16 323/689/16
f 323/689/16 307/690/16 308/692/16 324/691/16
f 324/691/16 308/692/16 309/694/16 325/693/16
f 325/693/16 309/694/16 310/696/16 326/695/16
f 326/695/16 310/696/16 311/698/16 327/697/16
f 327/697/16 311/698/16 312/700/16 328/699/16
f 328/699/16 312/700/16 313/702/16 329/701/16
f 329/701/16 313/702/16 314/704/16 330/703/16
f 330/703/16 314/704/16 299/675/16 315/676/16
f 331/708/734 315/707/734 316/706/733 332/705/733
f 332/705/733 316/706/733 317/710/727 333/709/727
f 333/714/727 317/713/727 318/712/735 334/711/735
f 334/711/735 318/712/735 319/716/736 335/715/736
f 335/715/736 319/716/736 320/718/737 336/717/737
f 336/717/737 320/718/737 321/720/731 337/719/731
f 337/724/731 321/723/731 322/722/738 338/721/738
f 338/721/738 322/722/738 323/726/739 339/725/739
f 339/725/739 323/726/739 324/728/740 340/727/740
f 340/727/740 324/728/740 325/730/719 341/729/719
f 341/734/719 325/733/719 326/732/741 342/731/741
f 342/731/741 326/732/741 327/736/742 343/735/742
f 343/735/742 327/736/742 328/738/743 344/737/743
f 344/737/743 328/738/743 329/740/723 345/739/723
f 345/744/723 329/743/723 330/742/744 346/741/744
f 346/741/744 330/742/744 315/707/734 331/708/734
f 380/748/727 395/747/727 410/746/745 379/745/745
f 381/752/746 396/751/746 395/750/727 380/749/727
f 382/754/747 397/753/747 396/751/746 381/752/746
f 383/756/748 398/755/748 397/753/747 382/754/747
f 384/758/731 399/757/731 398/755/748 383/756/748
f 385/762/749 400/761/749 399/760/731 384/759/731
f 386/764/750 401/763/750 400/761/749 385/762/749
f 387/766/751 402/765/751 401/763/750 386/764/750
f 388/768/719 403/767/719 402/765/751 387/766/751
f 389/772/752 404/771/752 403/770/719 388/769/719
f 390/774/753 405/773/753 404/771/752 389/772/752
f 391/776/754 406/775/754 405/773/753 390/774/753
f 392/778/723 407/777/723 406/775/754 391/776/754
f 393/782/755 408/781/755 407/780/723 392/779/723
f 394/784/756 409/783/756 408/781/755 393/782/755
f 379/745/745 410/746/745 409/783/756 394/784/756
f 364/788/757 310/787/757 309/786/727 363/785/727
f 365/790/758 311/789/758 310/787/757 364/788/757
f 366/792/759 312/791/759 311/789/758 365/790/758
f 367/794/731 313/793/731 312/791/759 366/792/759
f 368/798/760 314/797/760 313/796/731 367/795/731
f 369/800/761 299/799/761 314/797/760 368/798/760
f 370/802/762 300/801/762 299/799/761 369/800/761
f 371/804/719 301/803/719 300/801/762 370/802/762
f 372/808/763 302/807/763 301/806/719 371/805/719
f 373/810/764 303/809/764 302/807/763 372/808/763
f 374/812/765 304/811/765 303/809/764 373/810/764
f 375/814/723 305/813/723 304/811/765 374/812/765
f 376/818/766 306/817/766 305/816/723 375/815/723
f 377/820/767 307/819/767 306/817/766 376/818/766
f 378/822/768 308/821/768 307/819/767 377/820/767
f 363/824/727 309/823/727 308/821/768 378/822/768
f 395/828/1 363/827/1 378/826/1 410/825/1
f 379/832/16 347/831/16 348/830/16 380/829/16
f 396/834/1 364/833/1 363/827/1 395/828/1
f 380/829/16 348/830/16 349/836/16 381/835/16
f 397/838/1 365/837/1 364/833/1 396/834/1
f 381/835/16 349/836/16 350/840/16 382/839/16
f 398/842/1 366/841/1 365/837/1 397/838/1
f 382/839/16 350/840/16 351/844/16 383/843/16
f 399/846/1 367/845/1 366/841/1 398/842/1
f 383/843/16 351/844/16 352/848/16 384/847/16
f 400/850/1 368/849/1 367/845/1 399/846/1
f 384/847/16 352/848/16 353/852/16 385/851/16
f 401/854/1 369/853/1 368/849/1 400/850/1
f 385/851/16 353/852/16 354/856/16 386/855/16
f 402/858/1 370/857/1 369/853/1 401/854/1
f 386/855/16 354/856/16 355/860/16 387/859/16
f 403/862/1 371/861/1 370/857/1 402/858/1
f 387/859/16 355/860/16 356/864/16 388/863/16
f 404/866/1 372/865/1 371/861/1 403/862/1
f 388/863/16 356/864/16 357/868/16 389/867/16
f 405/870/1 373/869/1 372/865/1 404/866/1
f 389/867/16 357/868/16 358/872/16 390/871/16
f 406/874/1 374/873/1 373/869/1 405/870/1
f 390/871/16 358/872/16 359/876/16 391/875/16
f 407/878/1 375/877/1 374/873/1 406/874/1
f 391/875/16 359/876/16 360/880/16 392/879/16
f 408/882/1 376/881/1 375/877/1 407/878/1
f 392/879/16 360/880/16 361/884/16 393/883/16
f 409/886/1 377/885/1 376/881/1 408/882/1
f 393/883/16 361/884/16 362/888/16 394/887/16
f 410/825/1 378/826/1 377/885/1 409/886/1
f 394/887/16 362/888/16 347/831/16 379/832/16
f 412/542/670 251/563/687 266/598/716 411/559/684
f 413/541/669 252/562/686 251/563/687 412/542/670
f 414/543/671 253/566/690 252/562/686 413/541/669
f 415/544/672 254/568/692 253/569/690 414/545/671
f 416/546/673 255/572/694 254/568/692 415/544/672
f 417/547/674 256/574/696 255/572/694 416/546/673
f 418/548/675 257/576/698 256/574/696 417/547/674
f 419/549/676 258/578/700 257/579/698 418/550/675
f 420/551/677 259/582/702 258/578/700 419/549/676
f 421/552/678 260/584/704 259/582/702 420/551/677
f 422/553/679 261/586/706 260/584/704 421/552/678
f 423/554/680 262/588/708 261/589/706 422/555/679
f 424/556/681 263/592/710 262/588/708 423/554/680
f 425/557/682 264/594/712 263/592/710 424/556/681
f 426/558/683 265/596/714 264/594/712 425/557/682
f 411/559/684 266/598/716 265/599/714 426/560/683
f 428/564/688 267/890/770 282/889/769 427/597/715
f 429/561/685 268/891/771 267/890/770 428/564/688
f 430/565/689 269/892/772 268/891/771 429/561/685
f 431/567/691 270/894/773 269/893/772 430/570/689
f 432/571/693 271/895/774 270/894/773 431/567/691
f 433/573/695 272/896/775 271/895/774 432/571/693
f 434/575/697 273/897/776 272/896/775 433/573/695
f 435/577/699 274/899/777 273/898/776 434/580/697
f 436/581/701 275/900/778 274/899/777 435/577/699
f 437/583/703 276/901/779 275/900/778 436/581/701
f 438/585/705 277/902/780 276/901/779 437/583/703
f 439/587/707 278/904/781 277/903/780 438/590/705
f 440/591/709 279/905/782 278/904/781 439/587/707
f 441/593/711 280/906/783 279/905/782 440/591/709
f 442/595/713 281/907/784 280/906/783 441/593/711
f 427/597/715 282/889/769 281/908/784 442/600/713
f 548/452/598 199/94/112 200/103/125 547/454/600
f 549/450/596 198/86/100 199/94/112 548/452/598
f 550/448/594 197/77/87 198/86/100 549/450/596
f 551/445/592 196/76/76 197/77/87 550/448/594
f 552/442/590 195/55/63 196/64/76 551/444/592
f 553/440/588 194/47/52 195/55/63 552/442/590
f 554/438/586 193/38/39 194/47/52 553/440/588
f 555/435/584 192/37/28 193/38/39 554/438/586
f 556/432/582 191/13/14 192/25/28 555/434/584
f 557/430/580 190/12/13 191/13/14 556/432/582
f 558/428/578 189/154/185 190/12/13 557/430/580
f 559/425/576 188/153/174 189/154/185 558/428/578
f 560/421/573 187/133/161 188/142/174 559/424/576
f 561/460/604 202/125/149 187/133/161 560/421/573
f 562/458/602 201/116/136 202/125/149 561/460/604
f 547/455/600 200/115/125 201/116/136 562/458/602
f 564/472/614 207/427/577 208/429/579 563/474/616
f 565/469/612 206/426/575 207/427/577 564/472/614
f 566/466/610 205/422/574 206/423/575 565/468/612
f 567/464/608 204/459/603 205/422/574 566/466/610
f 568/461/605 203/457/601 204/459/603 567/464/608
f 569/499/636 218/456/599 203/457/601 568/461/605
f 570/496/634 217/451/597 218/453/599 569/498/636
f 571/494/632 216/449/595 217/451/597 570/496/634
f 572/492/630 215/447/593 216/449/595 571/494/632
f 573/489/628 214/446/591 215/447/593 572/492/630
f 574/486/626 213/441/589 214/443/591 573/488/628
f 575/484/624 212/439/587 213/441/589 574/486/626
f 576/482/622 211/437/585 212/439/587 575/484/624
f 577/479/620 210/436/583 211/437/585 576/482/622
f 578/476/618 209/431/581 210/433/583 577/478/620
f 563/474/616 208/429/579 209/431/581 578/476/618
f 580/174/208 48/910/446 3/909/452 579/173/207
f 581/175/209 45/911/437 48/910/446 580/174/208
f 582/177/210 42/913/431 45/912/437 581/176/209
f 583/178/211 39/914/422 42/913/431 582/177/210
f 584/179/212 36/915/416 39/914/422 583/178/211
f 585/180/197 33/916/407 36/915/416 584/179/212
f 586/162/198 30/918/401 33/917/407 585/161/197
f 587/163/199 27/919/392 30/918/401 586/162/198
f 588/164/200 24/920/386 27/919/392 587/163/199
f 589/165/201 21/921/377 24/920/386 588/164/200
f 590/167/202 18/923/371 21/922/377 589/166/201
f 591/168/203 15/924/362 18/923/371 590/167/202
f 592/169/204 12/925/356 15/924/362 591/168/203
f 593/170/205 9/926/347 12/925/356 592/169/204
f 594/172/206 6/928/341 9/927/347 593/171/205
f 579/173/207 3/909/452 6/928/341 594/172/206

