# cup, generated by prepare_objects.py
# Vertices: 1058  Faces: 2112
mtllib cup_centered.mtl
v 0.000000 0.000000 0.000000
v 0.044000 0.000000 0.000000
v 0.045335 0.000000 0.000150
v 0.046603 0.000000 0.000594
v 0.047741 0.000000 0.001309
v 0.048691 0.000000 0.002259
v 0.049406 0.000000 0.003397
v 0.049850 0.000000 0.004665
v 0.050000 0.000000 0.006000
v 0.050000 0.000000 0.120000
v 0.047000 0.000000 0.120000
v 0.047000 0.000000 0.060000
v 0.000000 0.000000 0.060000
v 0.043906 0.002878 0.000000
v 0.045238 0.002965 0.000150
v 0.046504 0.003048 0.000594
v 0.047639 0.003122 0.001309
v 0.048587 0.003185 0.002259
v 0.049300 0.003231 0.003397
v 0.049743 0.003260 0.004665
v 0.049893 0.003270 0.006000
v 0.049893 0.003270 0.120000
v 0.046899 0.003074 0.120000
v 0.046899 0.003074 0.060000
v 0.043624 0.005743 0.000000
v 0.044947 0.005917 0.000150
v 0.046205 0.006083 0.000594
v 0.047333 0.006231 0.001309
v 0.048274 0.006355 0.002259
v 0.048983 0.006449 0.003397
v 0.049423 0.006507 0.004665
v 0.049572 0.006526 0.006000
v 0.049572 0.006526 0.120000
v 0.046598 0.006135 0.120000
v 0.046598 0.006135 0.060000
v 0.043155 0.008584 0.000000
v 0.044464 0.008844 0.000150
v 0.045708 0.009092 0.000594
v 0.046824 0.009314 0.001309
v 0.047755 0.009499 0.002259
v 0.048456 0.009639 0.003397
v 0.048892 0.009725 0.004665
v 0.049039 0.009755 0.006000
v 0.049039 0.009755 0.120000
v 0.046097 0.009169 0.120000
v 0.046097 0.009169 0.060000
v 0.042501 0.011388 0.000000
v 0.043790 0.011734 0.000150
v 0.045015 0.012062 0.000594
v 0.046114 0.012356 0.001309
v 0.047032 0.012602 0.002259
v 0.047722 0.012787 0.003397
v 0.048151 0.012902 0.004665
v 0.048296 0.012941 0.006000
v 0.048296 0.012941 0.120000
v 0.045399 0.012164 0.120000
v 0.045399 0.012164 0.060000
v 0.041665 0.014143 0.000000
v 0.042929 0.014572 0.000150
v 0.044130 0.014980 0.000594
v 0.045207 0.015346 0.001309
v 0.046107 0.015651 0.002259
v 0.046784 0.015881 0.003397
v 0.047204 0.016024 0.004665
v 0.047347 0.016072 0.006000
v 0.047347 0.016072 0.120000
v 0.044506 0.015108 0.120000
v 0.044506 0.015108 0.060000
v 0.040651 0.016838 0.000000
v 0.041884 0.017349 0.000150
v 0.043056 0.017834 0.000594
v 0.044107 0.018270 0.001309
v 0.044985 0.018633 0.002259
v 0.045645 0.018907 0.003397
v 0.046055 0.019077 0.004665
v 0.046194 0.019134 0.006000
v 0.046194 0.019134 0.120000
v 0.043422 0.017986 0.120000
v 0.043422 0.017986 0.060000
v 0.039462 0.019461 0.000000
v 0.040660 0.020051 0.000150
v 0.041797 0.020612 0.000594
v 0.042818 0.021115 0.001309
v 0.043670 0.021535 0.002259
v 0.044311 0.021852 0.003397
v 0.044709 0.022048 0.004665
v 0.044844 0.022114 0.006000
v 0.044844 0.022114 0.120000
v 0.042153 0.020788 0.120000
v 0.042153 0.020788 0.060000
v 0.038105 0.022000 0.000000
v 0.039261 0.022668 0.000150
v 0.040360 0.023302 0.000594
v 0.041345 0.023870 0.001309
v 0.042168 0.024345 0.002259
v 0.042787 0.024703 0.003397
v 0.043171 0.024925 0.004665
v 0.043301 0.025000 0.006000
v 0.043301 0.025000 0.120000
v 0.040703 0.023500 0.120000
v 0.040703 0.023500 0.060000
v 0.036585 0.024445 0.000000
v 0.037695 0.025187 0.000150
v 0.038749 0.025891 0.000594
v 0.039695 0.026523 0.001309
v 0.040485 0.027051 0.002259
v 0.041079 0.027448 0.003397
v 0.041448 0.027695 0.004665
v 0.041573 0.027779 0.006000
v 0.041573 0.027779 0.120000
v 0.039079 0.026112 0.120000
v 0.039079 0.026112 0.060000
v 0.034908 0.026786 0.000000
v 0.035967 0.027598 0.000150
v 0.036973 0.028370 0.000594
v 0.037875 0.029063 0.001309
v 0.038629 0.029641 0.002259
v 0.039196 0.030076 0.003397
v 0.039548 0.030346 0.004665
v 0.039668 0.030438 0.006000
v 0.039668 0.030438 0.120000
v 0.037288 0.028612 0.120000
v 0.037288 0.028612 0.060000
v 0.033081 0.029011 0.000000
v 0.034085 0.029892 0.000150
v 0.035038 0.030728 0.000594
v 0.035894 0.031478 0.001309
v 0.036608 0.032104 0.002259
v 0.037145 0.032576 0.003397
v 0.037479 0.032868 0.004665
v 0.037592 0.032967 0.006000
v 0.037592 0.032967 0.120000
v 0.035336 0.030989 0.120000
v 0.035336 0.030989 0.060000
v 0.031113 0.031113 0.000000
v 0.032057 0.032057 0.000150
v 0.032954 0.032954 0.000594
v 0.033758 0.033758 0.001309
v 0.034430 0.034430 0.002259
v 0.034935 0.034935 0.003397
v 0.035249 0.035249 0.004665
v 0.035355 0.035355 0.006000
v 0.035355 0.035355 0.120000
v 0.033234 0.033234 0.120000
v 0.033234 0.033234 0.060000
v 0.029011 0.033081 0.000000
v 0.029892 0.034085 0.000150
v 0.030728 0.035038 0.000594
v 0.031478 0.035894 0.001309
v 0.032104 0.036608 0.002259
v 0.032576 0.037145 0.003397
v 0.032868 0.037479 0.004665
v 0.032967 0.037592 0.006000
v 0.032967 0.037592 0.120000
v 0.030989 0.035336 0.120000
v 0.030989 0.035336 0.060000
v 0.026786 0.034908 0.000000
v 0.027598 0.035967 0.000150
v 0.028370 0.036973 0.000594
v 0.029063 0.037875 0.001309
v 0.029641 0.038629 0.002259
v 0.030076 0.039196 0.003397
v 0.030346 0.039548 0.004665
v 0.030438 0.039668 0.006000
v 0.030438 0.039668 0.120000
v 0.028612 0.037288 0.120000
v 0.028612 0.037288 0.060000
v 0.024445 0.036585 0.000000
v 0.025187 0.037695 0.000150
v 0.025891 0.038749 0.000594
v 0.026523 0.039695 0.001309
v 0.027051 0.040485 0.002259
v 0.027448 0.041079 0.003397
v 0.027695 0.041448 0.004665
v 0.027779 0.041573 0.006000
v 0.027779 0.041573 0.120000
v 0.026112 0.039079 0.120000
v 0.026112 0.039079 0.060000
v 0.022000 0.038105 0.000000
v 0.022668 0.039261 0.000150
v 0.023302 0.040360 0.000594
v 0.023870 0.041345 0.001309
v 0.024345 0.042168 0.002259
v 0.024703 0.042787 0.003397
v 0.024925 0.043171 0.004665
v 0.025000 0.043301 0.006000
v 0.025000 0.043301 0.120000
v 0.023500 0.040703 0.120000
v 0.023500 0.040703 0.060000
v 0.019461 0.039462 0.000000
v 0.020051 0.040660 0.000150
v 0.020612 0.041797 0.000594
v 0.021115 0.042818 0.001309
v 0.021535 0.043670 0.002259
v 0.021852 0.044311 0.003397
v 0.022048 0.044709 0.004665
v 0.022114 0.044844 0.006000
v 0.022114 0.044844 0.120000
v 0.020788 0.042153 0.120000
v 0.020788 0.042153 0.060000
v 0.016838 0.040651 0.000000
v 0.017349 0.041884 0.000150
v 0.017834 0.043056 0.000594
v 0.018270 0.044107 0.001309
v 0.018633 0.044985 0.002259
v 0.018907 0.045645 0.003397
v 0.019077 0.046055 0.004665
v 0.019134 0.046194 0.006000
v 0.019134 0.046194 0.120000
v 0.017986 0.043422 0.120000
v 0.017986 0.043422 0.060000
v 0.014143 0.041665 0.000000
v 0.014572 0.042929 0.000150
v 0.014980 0.044130 0.000594
v 0.015346 0.045207 0.001309
v 0.015651 0.046107 0.002259
v 0.015881 0.046784 0.003397
v 0.016024 0.047204 0.004665
v 0.016072 0.047347 0.006000
v 0.016072 0.047347 0.120000
v 0.015108 0.044506 0.120000
v 0.015108 0.044506 0.060000
v 0.011388 0.042501 0.000000
v 0.011734 0.043790 0.000150
v 0.012062 0.045015 0.000594
v 0.012356 0.046114 0.001309
v 0.012602 0.047032 0.002259
v 0.012787 0.047722 0.003397
v 0.012902 0.048151 0.004665
v 0.012941 0.048296 0.006000
v 0.012941 0.048296 0.120000
v 0.012164 0.045399 0.120000
v 0.012164 0.045399 0.060000
v 0.008584 0.043155 0.000000
v 0.008844 0.044464 0.000150
v 0.009092 0.045708 0.000594
v 0.009314 0.046824 0.001309
v 0.009499 0.047755 0.002259
v 0.009639 0.048456 0.003397
v 0.009725 0.048892 0.004665
v 0.009755 0.049039 0.006000
v 0.009755 0.049039 0.120000
v 0.009169 0.046097 0.120000
v 0.009169 0.046097 0.060000
v 0.005743 0.043624 0.000000
v 0.005917 0.044947 0.000150
v 0.006083 0.046205 0.000594
v 0.006231 0.047333 0.001309
v 0.006355 0.048274 0.002259
v 0.006449 0.048983 0.003397
v 0.006507 0.049423 0.004665
v 0.006526 0.049572 0.006000
v 0.006526 0.049572 0.120000
v 0.006135 0.046598 0.120000
v 0.006135 0.046598 0.060000
v 0.002878 0.043906 0.000000
v 0.002965 0.045238 0.000150
v 0.003048 0.046504 0.000594
v 0.003122 0.047639 0.001309
v 0.003185 0.048587 0.002259
v 0.003231 0.049300 0.003397
v 0.003260 0.049743 0.004665
v 0.003270 0.049893 0.006000
v 0.003270 0.049893 0.120000
v 0.003074 0.046899 0.120000
v 0.003074 0.046899 0.060000
v 0.000000 0.044000 0.000000
v 0.000000 0.045335 0.000150
v 0.000000 0.046603 0.000594
v 0.000000 0.047741 0.001309
v 0.000000 0.048691 0.002259
v 0.000000 0.049406 0.003397
v 0.000000 0.049850 0.004665
v 0.000000 0.050000 0.006000
v 0.000000 0.050000 0.120000
v 0.000000 0.047000 0.120000
v 0.000000 0.047000 0.060000
v -0.002878 0.043906 0.000000
v -0.002965 0.045238 0.000150
v -0.003048 0.046504 0.000594
v -0.003122 0.047639 0.001309
v -0.003185 0.048587 0.002259
v -0.003231 0.049300 0.003397
v -0.003260 0.049743 0.004665
v -0.003270 0.049893 0.006000
v -0.003270 0.049893 0.120000
v -0.003074 0.046899 0.120000
v -0.003074 0.046899 0.060000
v -0.005743 0.043624 0.000000
v -0.005917 0.044947 0.000150
v -0.006083 0.046205 0.000594
v -0.006231 0.047333 0.001309
v -0.006355 0.048274 0.002259
v -0.006449 0.048983 0.003397
v -0.006507 0.049423 0.004665
v -0.006526 0.049572 0.006000
v -0.006526 0.049572 0.120000
v -0.006135 0.046598 0.120000
v -0.006135 0.046598 0.060000
v -0.008584 0.043155 0.000000
v -0.008844 0.044464 0.000150
v -0.009092 0.045708 0.000594
v -0.009314 0.046824 0.001309
v -0.009499 0.047755 0.002259
v -0.009639 0.048456 0.003397
v -0.009725 0.048892 0.004665
v -0.009755 0.049039 0.006000
v -0.009755 0.049039 0.120000
v -0.009169 0.046097 0.120000
v -0.009169 0.046097 0.060000
v -0.011388 0.042501 0.000000
v -0.011734 0.043790 0.000150
v -0.012062 0.045015 0.000594
v -0.012356 0.046114 0.001309
v -0.012602 0.047032 0.002259
v -0.012787 0.047722 0.003397
v -0.012902 0.048151 0.004665
v -0.012941 0.048296 0.006000
v -0.012941 0.048296 0.120000
v -0.012164 0.045399 0.120000
v -0.012164 0.045399 0.060000
v -0.014143 0.041665 0.000000
v -0.014572 0.042929 0.000150
v -0.014980 0.044130 0.000594
v -0.015346 0.045207 0.001309
v -0.015651 0.046107 0.002259
v -0.015881 0.046784 0.003397
v -0.016024 0.047204 0.004665
v -0.016072 0.047347 0.006000
v -0.016072 0.047347 0.120000
v -0.015108 0.044506 0.120000
v -0.015108 0.044506 0.060000
v -0.016838 0.040651 0.000000
v -0.017349 0.041884 0.000150
v -0.017834 0.043056 0.000594
v -0.018270 0.044107 0.001309
v -0.018633 0.044985 0.002259
v -0.018907 0.045645 0.003397
v -0.019077 0.046055 0.004665
v -0.019134 0.046194 0.006000
v -0.019134 0.046194 0.120000
v -0.017986 0.043422 0.120000
v -0.017986 0.043422 0.060000
v -0.019461 0.039462 0.000000
v -0.020051 0.040660 0.000150
v -0.020612 0.041797 0.000594
v -0.021115 0.042818 0.001309
v -0.021535 0.043670 0.002259
v -0.021852 0.044311 0.003397
v -0.022048 0.044709 0.004665
v -0.022114 0.044844 0.006000
v -0.022114 0.044844 0.120000
v -0.020788 0.042153 0.120000
v -0.020788 0.042153 0.060000
v -0.022000 0.038105 0.000000
v -0.022668 0.039261 0.000150
v -0.023302 0.040360 0.000594
v -0.023870 0.041345 0.001309
v -0.024345 0.042168 0.002259
v -0.024703 0.042787 0.003397
v -0.024925 0.043171 0.004665
v -0.025000 0.043301 0.006000
v -0.025000 0.043301 0.120000
v -0.023500 0.040703 0.120000
v -0.023500 0.040703 0.060000
v -0.024445 0.036585 0.000000
v -0.025187 0.037695 0.000150
v -0.025891 0.038749 0.000594
v -0.026523 0.039695 0.001309
v -0.027051 0.040485 0.002259
v -0.027448 0.041079 0.003397
v -0.027695 0.041448 0.004665
v -0.027779 0.041573 0.006000
v -0.027779 0.041573 0.120000
v -0.026112 0.039079 0.120000
v -0.026112 0.039079 0.060000
v -0.026786 0.034908 0.000000
v -0.027598 0.035967 0.000150
v -0.028370 0.036973 0.000594
v -0.029063 0.037875 0.001309
v -0.029641 0.038629 0.002259
v -0.030076 0.039196 0.003397
v -0.030346 0.039548 0.004665
v -0.030438 0.039668 0.006000
v -0.030438 0.039668 0.120000
v -0.028612 0.037288 0.120000
v -0.028612 0.037288 0.060000
v -0.029011 0.033081 0.000000
v -0.029892 0.034085 0.000150
v -0.030728 0.035038 0.000594
v -0.031478 0.035894 0.001309
v -0.032104 0.036608 0.002259
v -0.032576 0.037145 0.003397
v -0.032868 0.037479 0.004665
v -0.032967 0.037592 0.006000
v -0.032967 0.037592 0.120000
v -0.030989 0.035336 0.120000
v -0.030989 0.035336 0.060000
v -0.031113 0.031113 0.000000
v -0.032057 0.032057 0.000150
v -0.032954 0.032954 0.000594
v -0.033758 0.033758 0.001309
v -0.034430 0.034430 0.002259
v -0.034935 0.034935 0.003397
v -0.035249 0.035249 0.004665
v -0.035355 0.035355 0.006000
v -0.035355 0.035355 0.120000
v -0.033234 0.033234 0.120000
v -0.033234 0.033234 0.060000
v -0.033081 0.029011 0.000000
v -0.034085 0.029892 0.000150
v -0.035038 0.030728 0.000594
v -0.035894 0.031478 0.001309
v -0.036608 0.032104 0.002259
v -0.037145 0.032576 0.003397
v -0.037479 0.032868 0.004665
v -0.037592 0.032967 0.006000
v -0.037592 0.032967 0.120000
v -0.035336 0.030989 0.120000
v -0.035336 0.030989 0.060000
v -0.034908 0.026786 0.000000
v -0.035967 0.027598 0.000150
v -0.036973 0.028370 0.000594
v -0.037875 0.029063 0.001309
v -0.038629 0.029641 0.002259
v -0.039196 0.030076 0.003397
v -0.039548 0.030346 0.004665
v -0.039668 0.030438 0.006000
v -0.039668 0.030438 0.120000
v -0.037288 0.028612 0.120000
v -0.037288 0.028612 0.060000
v -0.036585 0.024445 0.000000
v -0.037695 0.025187 0.000150
v -0.038749 0.025891 0.000594
v -0.039695 0.026523 0.001309
v -0.040485 0.027051 0.002259
v -0.041079 0.027448 0.003397
v -0.041448 0.027695 0.004665
v -0.041573 0.027779 0.006000
v -0.041573 0.027779 0.120000
v -0.039079 0.026112 0.120000
v -0.039079 0.026112 0.060000
v -0.038105 0.022000 0.000000
v -0.039261 0.022668 0.000150
v -0.040360 0.023302 0.000594
v -0.041345 0.023870 0.001309
v -0.042168 0.024345 0.002259
v -0.042787 0.024703 0.003397
v -0.043171 0.024925 0.004665
v -0.043301 0.025000 0.006000
v -0.043301 0.025000 0.120000
v -0.040703 0.023500 0.120000
v -0.040703 0.023500 0.060000
v -0.039462 0.019461 0.000000
v -0.040660 0.020051 0.000150
v -0.041797 0.020612 0.000594
v -0.042818 0.021115 0.001309
v -0.043670 0.021535 0.002259
v -0.044311 0.021852 0.003397
v -0.044709 0.022048 0.004665
v -0.044844 0.022114 0.006000
v -0.044844 0.022114 0.120000
v -0.042153 0.020788 0.120000
v -0.042153 0.020788 0.060000
v -0.040651 0.016838 0.000000
v -0.041884 0.017349 0.000150
v -0.043056 0.017834 0.000594
v -0.044107 0.018270 0.001309
v -0.044985 0.018633 0.002259
v -0.045645 0.018907 0.003397
v -0.046055 0.019077 0.004665
v -0.046194 0.019134 0.006000
v -0.046194 0.019134 0.120000
v -0.043422 0.017986 0.120000
v -0.043422 0.017986 0.060000
v -0.041665 0.014143 0.000000
v -0.042929 0.014572 0.000150
v -0.044130 0.014980 0.000594
v -0.045207 0.015346 0.001309
v -0.046107 0.015651 0.002259
v -0.046784 0.015881 0.003397
v -0.047204 0.016024 0.004665
v -0.047347 0.016072 0.006000
v -0.047347 0.016072 0.120000
v -0.044506 0.015108 0.120000
v -0.044506 0.015108 0.060000
v -0.042501 0.011388 0.000000
v -0.043790 0.011734 0.000150
v -0.045015 0.012062 0.000594
v -0.046114 0.012356 0.001309
v -0.047032 0.012602 0.002259
v -0.047722 0.012787 0.003397
v -0.048151 0.012902 0.004665
v -0.048296 0.012941 0.006000
v -0.048296 0.012941 0.120000
v -0.045399 0.012164 0.120000
v -0.045399 0.012164 0.060000
v -0.043155 0.008584 0.000000
v -0.044464 0.008844 0.000150
v -0.045708 0.009092 0.000594
v -0.046824 0.009314 0.001309
v -0.047755 0.009499 0.002259
v -0.048456 0.009639 0.003397
v -0.048892 0.009725 0.004665
v -0.049039 0.009755 0.006000
v -0.049039 0.009755 0.120000
v -0.046097 0.009169 0.120000
v -0.046097 0.009169 0.060000
v -0.043624 0.005743 0.000000
v -0.044947 0.005917 0.000150
v -0.046205 0.006083 0.000594
v -0.047333 0.006231 0.001309
v -0.048274 0.006355 0.002259
v -0.048983 0.006449 0.003397
v -0.049423 0.006507 0.004665
v -0.049572 0.006526 0.006000
v -0.049572 0.006526 0.120000
v -0.046598 0.006135 0.120000
v -0.046598 0.006135 0.060000
v -0.043906 0.002878 0.000000
v -0.045238 0.002965 0.000150
v -0.046504 0.003048 0.000594
v -0.047639 0.003122 0.001309
v -0.048587 0.003185 0.002259
v -0.049300 0.003231 0.003397
v -0.049743 0.003260 0.004665
v -0.049893 0.003270 0.006000
v -0.049893 0.003270 0.120000
v -0.046899 0.003074 0.120000
v -0.046899 0.003074 0.060000
v -0.044000 0.000000 0.000000
v -0.045335 0.000000 0.000150
v -0.046603 0.000000 0.000594
v -0.047741 0.000000 0.001309
v -0.048691 0.000000 0.002259
v -0.049406 0.000000 0.003397
v -0.049850 0.000000 0.004665
v -0.050000 0.000000 0.006000
v -0.050000 0.000000 0.120000
v -0.047000 0.000000 0.120000
v -0.047000 0.000000 0.060000
v -0.043906 -0.002878 0.000000
v -0.045238 -0.002965 0.000150
v -0.046504 -0.003048 0.000594
v -0.047639 -0.003122 0.001309
v -0.048587 -0.003185 0.002259
v -0.049300 -0.003231 0.003397
v -0.049743 -0.003260 0.004665
v -0.049893 -0.003270 0.006000
v -0.049893 -0.003270 0.120000
v -0.046899 -0.003074 0.120000
v -0.046899 -0.003074 0.060000
v -0.043624 -0.005743 0.000000
v -0.044947 -0.005917 0.000150
v -0.046205 -0.006083 0.000594
v -0.047333 -0.006231 0.001309
v -0.048274 -0.006355 0.002259
v -0.048983 -0.006449 0.003397
v -0.049423 -0.006507 0.004665
v -0.049572 -0.006526 0.006000
v -0.049572 -0.006526 0.120000
v -0.046598 -0.006135 0.120000
v -0.046598 -0.006135 0.060000
v -0.043155 -0.008584 0.000000
v -0.044464 -0.008844 0.000150
v -0.045708 -0.009092 0.000594
v -0.046824 -0.009314 0.001309
v -0.047755 -0.009499 0.002259
v -0.048456 -0.009639 0.003397
v -0.048892 -0.009725 0.004665
v -0.049039 -0.009755 0.006000
v -0.049039 -0.009755 0.120000
v -0.046097 -0.009169 0.120000
v -0.046097 -0.009169 0.060000
v -0.042501 -0.011388 0.000000
v -0.043790 -0.011734 0.000150
v -0.045015 -0.012062 0.000594
v -0.046114 -0.012356 0.001309
v -0.047032 -0.012602 0.002259
v -0.047722 -0.012787 0.003397
v -0.048151 -0.012902 0.004665
v -0.048296 -0.012941 0.006000
v -0.048296 -0.012941 0.120000
v -0.045399 -0.012164 0.120000
v -0.045399 -0.012164 0.060000
v -0.041665 -0.014143 0.000000
v -0.042929 -0.014572 0.000150
v -0.044130 -0.014980 0.000594
v -0.045207 -0.015346 0.001309
v -0.046107 -0.015651 0.002259
v -0.046784 -0.015881 0.003397
v -0.047204 -0.016024 0.004665
v -0.047347 -0.016072 0.006000
v -0.047347 -0.016072 0.120000
v -0.044506 -0.015108 0.120000
v -0.044506 -0.015108 0.060000
v -0.040651 -0.016838 0.000000
v -0.041884 -0.017349 0.000150
v -0.043056 -0.017834 0.000594
v -0.044107 -0.018270 0.001309
v -0.044985 -0.018633 0.002259
v -0.045645 -0.018907 0.003397
v -0.046055 -0.019077 0.004665
v -0.046194 -0.019134 0.006000
v -0.046194 -0.019134 0.120000
v -0.043422 -0.017986 0.120000
v -0.043422 -0.017986 0.060000
v -0.039462 -0.019461 0.000000
v -0.040660 -0.020051 0.000150
v -0.041797 -0.020612 0.000594
v -0.042818 -0.021115 0.001309
v -0.043670 -0.021535 0.002259
v -0.044311 -0.021852 0.003397
v -0.044709 -0.022048 0.004665
v -0.044844 -0.022114 0.006000
v -0.044844 -0.022114 0.120000
v -0.042153 -0.020788 0.120000
v -0.042153 -0.020788 0.060000
v -0.038105 -0.022000 0.000000
v -0.039261 -0.022668 0.000150
v -0.040360 -0.023302 0.000594
v -0.041345 -0.023870 0.001309
v -0.042168 -0.024345 0.002259
v -0.042787 -0.024703 0.003397
v -0.043171 -0.024925 0.004665
v -0.043301 -0.025000 0.006000
v -0.043301 -0.025000 0.120000
v -0.040703 -0.023500 0.120000
v -0.040703 -0.023500 0.060000
v -0.036585 -0.024445 0.000000
v -0.037695 -0.025187 0.000150
v -0.038749 -0.025891 0.000594
v -0.039695 -0.026523 0.001309
v -0.040485 -0.027051 0.002259
v -0.041079 -0.027448 0.003397
v -0.041448 -0.027695 0.004665
v -0.041573 -0.027779 0.006000
v -0.041573 -0.027779 0.120000
v -0.039079 -0.026112 0.120000
v -0.039079 -0.026112 0.060000
v -0.034908 -0.026786 0.000000
v -0.035967 -0.027598 0.000150
v -0.036973 -0.028370 0.000594
v -0.037875 -0.029063 0.001309
v -0.038629 -0.029641 0.002259
v -0.039196 -0.030076 0.003397
v -0.039548 -0.030346 0.004665
v -0.039668 -0.030438 0.006000
v -0.039668 -0.030438 0.120000
v -0.037288 -0.028612 0.120000
v -0.037288 -0.028612 0.060000
v -0.033081 -0.029011 0.000000
v -0.034085 -0.029892 0.000150
v -0.035038 -0.030728 0.000594
v -0.035894 -0.031478 0.001309
v -0.036608 -0.032104 0.002259
v -0.037145 -0.032576 0.003397
v -0.037479 -0.032868 0.004665
v -0.037592 -0.032967 0.006000
v -0.037592 -0.032967 0.120000
v -0.035336 -0.030989 0.120000
v -0.035336 -0.030989 0.060000
v -0.031113 -0.031113 0.000000
v -0.032057 -0.032057 0.000150
v -0.032954 -0.032954 0.000594
v -0.033758 -0.033758 0.001309
v -0.034430 -0.034430 0.002259
v -0.034935 -0.034935 0.003397
v -0.035249 -0.035249 0.004665
v -0.035355 -0.035355 0.006000
v -0.035355 -0.035355 0.120000
v -0.033234 -0.033234 0.120000
v -0.033234 -0.033234 0.060000
v -0.029011 -0.033081 0.000000
v -0.029892 -0.034085 0.000150
v -0.030728 -0.035038 0.000594
v -0.031478 -0.035894 0.001309
v -0.032104 -0.036608 0.002259
v -0.032576 -0.037145 0.003397
v -0.032868 -0.037479 0.004665
v -0.032967 -0.037592 0.006000
v -0.032967 -0.037592 0.120000
v -0.030989 -0.035336 0.120000
v -0.030989 -0.035336 0.060000
v -0.026786 -0.034908 0.000000
v -0.027598 -0.035967 0.000150
v -0.028370 -0.036973 0.000594
v -0.029063 -0.037875 0.001309
v -0.029641 -0.038629 0.002259
v -0.030076 -0.039196 0.003397
v -0.030346 -0.039548 0.004665
v -0.030438 -0.039668 0.006000
v -0.030438 -0.039668 0.120000
v -0.028612 -0.037288 0.120000
v -0.028612 -0.037288 0.060000
v -0.024445 -0.036585 0.000000
v -0.025187 -0.037695 0.000150
v -0.025891 -0.038749 0.000594
v -0.026523 -0.039695 0.001309
v -0.027051 -0.040485 0.002259
v -0.027448 -0.041079 0.003397
v -0.027695 -0.041448 0.004665
v -0.027779 -0.041573 0.006000
v -0.027779 -0.041573 0.120000
v -0.026112 -0.039079 0.120000
v -0.026112 -0.039079 0.060000
v -0.022000 -0.038105 0.000000
v -0.022668 -0.039261 0.000150
v -0.023302 -0.040360 0.000594
v -0.023870 -0.041345 0.001309
v -0.024345 -0.042168 0.002259
v -0.024703 -0.042787 0.003397
v -0.024925 -0.043171 0.004665
v -0.025000 -0.043301 0.006000
v -0.025000 -0.043301 0.120000
v -0.023500 -0.040703 0.120000
v -0.023500 -0.040703 0.060000
v -0.019461 -0.039462 0.000000
v -0.020051 -0.040660 0.000150
v -0.020612 -0.041797 0.000594
v -0.021115 -0.042818 0.001309
v -0.021535 -0.043670 0.002259
v -0.021852 -0.044311 0.003397
v -0.022048 -0.044709 0.004665
v -0.022114 -0.044844 0.006000
v -0.022114 -0.044844 0.120000
v -0.020788 -0.042153 0.120000
v -0.020788 -0.042153 0.060000
v -0.016838 -0.040651 0.000000
v -0.017349 -0.041884 0.000150
v -0.017834 -0.043056 0.000594
v -0.018270 -0.044107 0.001309
v -0.018633 -0.044985 0.002259
v -0.018907 -0.045645 0.003397
v -0.019077 -0.046055 0.004665
v -0.019134 -0.046194 0.006000
v -0.019134 -0.046194 0.120000
v -0.017986 -0.043422 0.120000
v -0.017986 -0.043422 0.060000
v -0.014143 -0.041665 0.000000
v -0.014572 -0.042929 0.000150
v -0.014980 -0.044130 0.000594
v -0.015346 -0.045207 0.001309
v -0.015651 -0.046107 0.002259
v -0.015881 -0.046784 0.003397
v -0.016024 -0.047204 0.004665
v -0.016072 -0.047347 0.006000
v -0.016072 -0.047347 0.120000
v -0.015108 -0.044506 0.120000
v -0.015108 -0.044506 0.060000
v -0.011388 -0.042501 0.000000
v -0.011734 -0.043790 0.000150
v -0.012062 -0.045015 0.000594
v -0.012356 -0.046114 0.001309
v -0.012602 -0.047032 0.002259
v -0.012787 -0.047722 0.003397
v -0.012902 -0.048151 0.004665
v -0.012941 -0.048296 0.006000
v -0.012941 -0.048296 0.120000
v -0.012164 -0.045399 0.120000
v -0.012164 -0.045399 0.060000
v -0.008584 -0.043155 0.000000
v -0.008844 -0.044464 0.000150
v -0.009092 -0.045708 0.000594
v -0.009314 -0.046824 0.001309
v -0.009499 -0.047755 0.002259
v -0.009639 -0.048456 0.003397
v -0.009725 -0.048892 0.004665
v -0.009755 -0.049039 0.006000
v -0.009755 -0.049039 0.120000
v -0.009169 -0.046097 0.120000
v -0.009169 -0.046097 0.060000
v -0.005743 -0.043624 0.000000
v -0.005917 -0.044947 0.000150
v -0.006083 -0.046205 0.000594
v -0.006231 -0.047333 0.001309
v -0.006355 -0.048274 0.002259
v -0.006449 -0.048983 0.003397
v -0.006507 -0.049423 0.004665
v -0.006526 -0.049572 0.006000
v -0.006526 -0.049572 0.120000
v -0.006135 -0.046598 0.120000
v -0.006135 -0.046598 0.060000
v -0.002878 -0.043906 0.000000
v -0.002965 -0.045238 0.000150
v -0.003048 -0.046504 0.000594
v -0.003122 -0.047639 0.001309
v -0.003185 -0.048587 0.002259
v -0.003231 -0.049300 0.003397
v -0.003260 -0.049743 0.004665
v -0.003270 -0.049893 0.006000
v -0.003270 -0.049893 0.120000
v -0.003074 -0.046899 0.120000
v -0.003074 -0.046899 0.060000
v -0.000000 -0.044000 0.000000
v -0.000000 -0.045335 0.000150
v -0.000000 -0.046603 0.000594
v -0.000000 -0.047741 0.001309
v -0.000000 -0.048691 0.002259
v -0.000000 -0.049406 0.003397
v -0.000000 -0.049850 0.004665
v -0.000000 -0.050000 0.006000
v -0.000000 -0.050000 0.120000
v -0.000000 -0.047000 0.120000
v -0.000000 -0.047000 0.060000
v 0.002878 -0.043906 0.000000
v 0.002965 -0.045238 0.000150
v 0.003048 -0.046504 0.000594
v 0.003122 -0.047639 0.001309
v 0.003185 -0.048587 0.002259
v 0.003231 -0.049300 0.003397
v 0.003260 -0.049743 0.004665
v 0.003270 -0.049893 0.006000
v 0.003270 -0.049893 0.120000
v 0.003074 -0.046899 0.120000
v 0.003074 -0.046899 0.060000
v 0.005743 -0.043624 0.000000
v 0.005917 -0.044947 0.000150
v 0.006083 -0.046205 0.000594
v 0.006231 -0.047333 0.001309
v 0.006355 -0.048274 0.002259
v 0.006449 -0.048983 0.003397
v 0.006507 -0.049423 0.004665
v 0.006526 -0.049572 0.006000
v 0.006526 -0.049572 0.120000
v 0.006135 -0.046598 0.120000
v 0.006135 -0.046598 0.060000
v 0.008584 -0.043155 0.000000
v 0.008844 -0.044464 0.000150
v 0.009092 -0.045708 0.000594
v 0.009314 -0.046824 0.001309
v 0.009499 -0.047755 0.002259
v 0.009639 -0.048456 0.003397
v 0.009725 -0.048892 0.004665
v 0.009755 -0.049039 0.006000
v 0.009755 -0.049039 0.120000
v 0.009169 -0.046097 0.120000
v 0.009169 -0.046097 0.060000
v 0.011388 -0.042501 0.000000
v 0.011734 -0.043790 0.000150
v 0.012062 -0.045015 0.000594
v 0.012356 -0.046114 0.001309
v 0.012602 -0.047032 0.002259
v 0.012787 -0.047722 0.003397
v 0.012902 -0.048151 0.004665
v 0.012941 -0.048296 0.006000
v 0.012941 -0.048296 0.120000
v 0.012164 -0.045399 0.120000
v 0.012164 -0.045399 0.060000
v 0.014143 -0.041665 0.000000
v 0.014572 -0.042929 0.000150
v 0.014980 -0.044130 0.000594
v 0.015346 -0.045207 0.001309
v 0.015651 -0.046107 0.002259
v 0.015881 -0.046784 0.003397
v 0.016024 -0.047204 0.004665
v 0.016072 -0.047347 0.006000
v 0.016072 -0.047347 0.120000
v 0.015108 -0.044506 0.120000
v 0.015108 -0.044506 0.060000
v 0.016838 -0.040651 0.000000
v 0.017349 -0.041884 0.000150
v 0.017834 -0.043056 0.000594
v 0.018270 -0.044107 0.001309
v 0.018633 -0.044985 0.002259
v 0.018907 -0.045645 0.003397
v 0.019077 -0.046055 0.004665
v 0.019134 -0.046194 0.006000
v 0.019134 -0.046194 0.120000
v 0.017986 -0.043422 0.120000
v 0.017986 -0.043422 0.060000
v 0.019461 -0.039462 0.000000
v 0.020051 -0.040660 0.000150
v 0.020612 -0.041797 0.000594
v 0.021115 -0.042818 0.001309
v 0.021535 -0.043670 0.002259
v 0.021852 -0.044311 0.003397
v 0.022048 -0.044709 0.004665
v 0.022114 -0.044844 0.006000
v 0.022114 -0.044844 0.120000
v 0.020788 -0.042153 0.120000
v 0.020788 -0.042153 0.060000
v 0.022000 -0.038105 0.000000
v 0.022668 -0.039261 0.000150
v 0.023302 -0.040360 0.000594
v 0.023870 -0.041345 0.001309
v 0.024345 -0.042168 0.002259
v 0.024703 -0.042787 0.003397
v 0.024925 -0.043171 0.004665
v 0.025000 -0.043301 0.006000
v 0.025000 -0.043301 0.120000
v 0.023500 -0.040703 0.120000
v 0.023500 -0.040703 0.060000
v 0.024445 -0.036585 0.000000
v 0.025187 -0.037695 0.000150
v 0.025891 -0.038749 0.000594
v 0.026523 -0.039695 0.001309
v 0.027051 -0.040485 0.002259
v 0.027448 -0.041079 0.003397
v 0.027695 -0.041448 0.004665
v 0.027779 -0.041573 0.006000
v 0.027779 -0.041573 0.120000
v 0.026112 -0.039079 0.120000
v 0.026112 -0.039079 0.060000
v 0.026786 -0.034908 0.000000
v 0.027598 -0.035967 0.000150
v 0.028370 -0.036973 0.000594
v 0.029063 -0.037875 0.001309
v 0.029641 -0.038629 0.002259
v 0.030076 -0.039196 0.003397
v 0.030346 -0.039548 0.004665
v 0.030438 -0.039668 0.006000
v 0.030438 -0.039668 0.120000
v 0.028612 -0.037288 0.120000
v 0.028612 -0.037288 0.060000
v 0.029011 -0.033081 0.000000
v 0.029892 -0.034085 0.000150
v 0.030728 -0.035038 0.000594
v 0.031478 -0.035894 0.001309
v 0.032104 -0.036608 0.002259
v 0.032576 -0.037145 0.003397
v 0.032868 -0.037479 0.004665
v 0.032967 -0.037592 0.006000
v 0.032967 -0.037592 0.120000
v 0.030989 -0.035336 0.120000
v 0.030989 -0.035336 0.060000
v 0.031113 -0.031113 0.000000
v 0.032057 -0.032057 0.000150
v 0.032954 -0.032954 0.000594
v 0.033758 -0.033758 0.001309
v 0.034430 -0.034430 0.002259
v 0.034935 -0.034935 0.003397
v 0.035249 -0.035249 0.004665
v 0.035355 -0.035355 0.006000
v 0.035355 -0.035355 0.120000
v 0.033234 -0.033234 0.120000
v 0.033234 -0.033234 0.060000
v 0.033081 -0.029011 0.000000
v 0.034085 -0.029892 0.000150
v 0.035038 -0.030728 0.000594
v 0.035894 -0.031478 0.001309
v 0.036608 -0.032104 0.002259
v 0.037145 -0.032576 0.003397
v 0.037479 -0.032868 0.004665
v 0.037592 -0.032967 0.006000
v 0.037592 -0.032967 0.120000
v 0.035336 -0.030989 0.120000
v 0.035336 -0.030989 0.060000
v 0.034908 -0.026786 0.000000
v 0.035967 -0.027598 0.000150
v 0.036973 -0.028370 0.000594
v 0.037875 -0.029063 0.001309
v 0.038629 -0.029641 0.002259
v 0.039196 -0.030076 0.003397
v 0.039548 -0.030346 0.004665
v 0.039668 -0.030438 0.006000
v 0.039668 -0.030438 0.120000
v 0.037288 -0.028612 0.120000
v 0.037288 -0.028612 0.060000
v 0.036585 -0.024445 0.000000
v 0.037695 -0.025187 0.000150
v 0.038749 -0.025891 0.000594
v 0.039695 -0.026523 0.001309
v 0.040485 -0.027051 0.002259
v 0.041079 -0.027448 0.003397
v 0.041448 -0.027695 0.004665
v 0.041573 -0.027779 0.006000
v 0.041573 -0.027779 0.120000
v 0.039079 -0.026112 0.120000
v 0.039079 -0.026112 0.060000
v 0.038105 -0.022000 0.000000
v 0.039261 -0.022668 0.000150
v 0.040360 -0.023302 0.000594
v 0.041345 -0.023870 0.001309
v 0.042168 -0.024345 0.002259
v 0.042787 -0.024703 0.003397
v 0.043171 -0.024925 0.004665
v 0.043301 -0.025000 0.006000
v 0.043301 -0.025000 0.120000
v 0.040703 -0.023500 0.120000
v 0.040703 -0.023500 0.060000
v 0.039462 -0.019461 0.000000
v 0.040660 -0.020051 0.000150
v 0.041797 -0.020612 0.000594
v 0.042818 -0.021115 0.001309
v 0.043670 -0.021535 0.002259
v 0.044311 -0.021852 0.003397
v 0.044709 -0.022048 0.004665
v 0.044844 -0.022114 0.006000
v 0.044844 -0.022114 0.120000
v 0.042153 -0.020788 0.120000
v 0.042153 -0.020788 0.060000
v 0.040651 -0.016838 0.000000
v 0.041884 -0.017349 0.000150
v 0.043056 -0.017834 0.000594
v 0.044107 -0.018270 0.001309
v 0.044985 -0.018633 0.002259
v 0.045645 -0.018907 0.003397
v 0.046055 -0.019077 0.004665
v 0.046194 -0.019134 0.006000
v 0.046194 -0.019134 0.120000
v 0.043422 -0.017986 0.120000
v 0.043422 -0.017986 0.060000
v 0.041665 -0.014143 0.000000
v 0.042929 -0.014572 0.000150
v 0.044130 -0.014980 0.000594
v 0.045207 -0.015346 0.001309
v 0.046107 -0.015651 0.002259
v 0.046784 -0.015881 0.003397
v 0.047204 -0.016024 0.004665
v 0.047347 -0.016072 0.006000
v 0.047347 -0.016072 0.120000
v 0.044506 -0.015108 0.120000
v 0.044506 -0.015108 0.060000
v 0.042501 -0.011388 0.000000
v 0.043790 -0.011734 0.000150
v 0.045015 -0.012062 0.000594
v 0.046114 -0.012356 0.001309
v 0.047032 -0.012602 0.002259
v 0.047722 -0.012787 0.003397
v 0.048151 -0.012902 0.004665
v 0.048296 -0.012941 0.006000
v 0.048296 -0.012941 0.120000
v 0.045399 -0.012164 0.120000
v 0.045399 -0.012164 0.060000
v 0.043155 -0.008584 0.000000
v 0.044464 -0.008844 0.000150
v 0.045708 -0.009092 0.000594
v 0.046824 -0.009314 0.001309
v 0.047755 -0.009499 0.002259
v 0.048456 -0.009639 0.003397
v 0.048892 -0.009725 0.004665
v 0.049039 -0.009755 0.006000
v 0.049039 -0.009755 0.120000
v 0.046097 -0.009169 0.120000
v 0.046097 -0.009169 0.060000
v 0.043624 -0.005743 0.000000
v 0.044947 -0.005917 0.000150
v 0.046205 -0.006083 0.000594
v 0.047333 -0.006231 0.001309
v 0.048274 -0.006355 0.002259
v 0.048983 -0.006449 0.003397
v 0.049423 -0.006507 0.004665
v 0.049572 -0.006526 0.006000
v 0.049572 -0.006526 0.120000
v 0.046598 -0.006135 0.120000
v 0.046598 -0.006135 0.060000
v 0.043906 -0.002878 0.000000
v 0.045238 -0.002965 0.000150
v 0.046504 -0.003048 0.000594
v 0.047639 -0.003122 0.001309
v 0.048587 -0.003185 0.002259
v 0.049300 -0.003231 0.003397
v 0.049743 -0.003260 0.004665
v 0.049893 -0.003270 0.006000
v 0.049893 -0.003270 0.120000
v 0.046899 -0.003074 0.120000
v 0.046899 -0.003074 0.060000
vt 0.500000 0.500000
vn 0.000000 0.000000 -1.000000
vn 0.057235 -0.000000 -0.998361
vn 0.224736 0.000000 -0.974420
vn 0.435773 0.000000 -0.900056
vn 0.624911 0.000000 -0.780696
vn 0.782735 0.000000 -0.622355
vn 0.901406 0.000000 -0.432975
vn 0.975043 0.000000 -0.222017
vn 0.998430 0.000000 -0.056005
vn 0.714323 0.000000 0.699816
vn -0.699589 -0.000000 0.714546
vn -0.714323 -0.000000 0.699816
vn 0.000000 0.000000 1.000000
vn 0.057112 0.003743 -0.998361
vn 0.224255 0.014698 -0.974420
vn 0.434840 0.028501 -0.900056
vn 0.623573 0.040871 -0.780696
vn 0.781059 0.051193 -0.622355
vn 0.899476 0.058955 -0.432975
vn 0.972955 0.063771 -0.222017
vn 0.996293 0.065300 -0.056005
vn 0.712794 0.046719 0.699816
vn -0.698091 -0.045755 0.714546
vn -0.712794 -0.046719 0.699816
vn 0.056745 0.007471 -0.998361
vn 0.222813 0.029334 -0.974420
vn 0.432045 0.056880 -0.900056
vn 0.619565 0.081567 -0.780696
vn 0.776039 0.102167 -0.622355
vn 0.893694 0.117657 -0.432975
vn 0.966701 0.127269 -0.222017
vn 0.989889 0.130321 -0.056005
vn 0.708212 0.093238 0.699816
vn -0.693603 -0.091315 0.714546
vn -0.708212 -0.093238 0.699816
vn 0.056135 0.011166 -0.998361
vn 0.220418 0.043844 -0.974420
vn 0.427400 0.085015 -0.900056
vn 0.612904 0.121914 -0.780696
vn 0.767695 0.152704 -0.622355
vn 0.884086 0.175856 -0.432975
vn 0.956308 0.190221 -0.222017
vn 0.979246 0.194784 -0.056005
vn 0.700598 0.139358 0.699816
vn -0.686146 -0.136483 0.714546
vn -0.700598 -0.139358 0.699816
vn 0.055285 0.014813 -0.998361
vn 0.217078 0.058166 -0.974420
vn 0.420925 0.112786 -0.900056
vn 0.603618 0.161739 -0.780696
vn 0.756064 0.202587 -0.622355
vn 0.870691 0.233301 -0.432975
vn 0.941819 0.252360 -0.222017
vn 0.964410 0.258413 -0.056005
vn 0.689983 0.184880 0.699816
vn -0.675751 -0.181067 0.714546
vn -0.689983 -0.184880 0.699816
vn 0.054197 0.018398 -0.998361
vn 0.212809 0.072239 -0.974420
vn 0.412647 0.140075 -0.900056
vn 0.591747 0.200871 -0.780696
vn 0.741195 0.251602 -0.622355
vn 0.853569 0.289748 -0.432975
vn 0.923297 0.313417 -0.222017
vn 0.945444 0.320935 -0.056005
vn 0.676414 0.229612 0.699816
vn -0.662461 -0.224875 0.714546
vn -0.676414 -0.229612 0.699816
vn 0.052878 0.021903 -0.998361
vn 0.207629 0.086003 -0.974420
vn 0.402602 0.166763 -0.900056
vn 0.577343 0.239143 -0.780696
vn 0.723153 0.299540 -0.622355
vn 0.832791 0.344953 -0.432975
vn 0.900822 0.373133 -0.222017
vn 0.922429 0.382083 -0.056005
vn 0.659948 0.273360 0.699816
vn -0.646336 -0.267721 0.714546
vn -0.659948 -0.273360 0.699816
vn 0.051332 0.025314 -0.998361
vn 0.201559 0.099398 -0.974420
vn 0.390833 0.192738 -0.900056
vn 0.560466 0.276391 -0.780696
vn 0.702014 0.346195 -0.622355
vn 0.808447 0.398682 -0.432975
vn 0.874489 0.431250 -0.222017
vn 0.895465 0.441595 -0.056005
vn 0.640657 0.315937 0.699816
vn -0.627442 -0.309420 0.714546
vn -0.640657 -0.315937 0.699816
vn 0.049567 0.028617 -0.998361
vn 0.194627 0.112368 -0.974420
vn 0.377391 0.217887 -0.900056
vn 0.541189 0.312456 -0.780696
vn 0.677868 0.391367 -0.622355
vn 0.780641 0.450703 -0.432975
vn 0.844412 0.487521 -0.222017
vn 0.864666 0.499215 -0.056005
vn 0.618622 0.357162 0.699816
vn -0.605861 -0.349794 0.714546
vn -0.618622 -0.357162 0.699816
vn 0.047589 0.031798 -0.998361
vn 0.186861 0.124856 -0.974420
vn 0.362332 0.242103 -0.900056
vn 0.519595 0.347182 -0.780696
vn 0.650820 0.434864 -0.622355
vn 0.749492 0.500794 -0.432975
vn 0.810719 0.541705 -0.222017
vn 0.830165 0.554698 -0.056005
vn 0.593938 0.396857 0.699816
vn -0.581687 -0.388671 0.714546
vn -0.593938 -0.396857 0.699816
vn 0.045407 0.034842 -0.998361
vn 0.178295 0.136810 -0.974420
vn 0.345722 0.265282 -0.900056
vn 0.495776 0.380422 -0.780696
vn 0.620985 0.476499 -0.622355
vn 0.715134 0.548741 -0.432975
vn 0.773554 0.593568 -0.222017
vn 0.792108 0.607806 -0.056005
vn 0.566711 0.434852 0.699816
vn -0.555021 -0.425883 0.714546
vn -0.566711 -0.434852 0.699816
vn 0.043031 0.037737 -0.998361
vn 0.168965 0.148179 -0.974420
vn 0.327632 0.287325 -0.900056
vn 0.469833 0.412033 -0.780696
vn 0.588491 0.516093 -0.622355
vn 0.677713 0.594338 -0.432975
vn 0.733076 0.642890 -0.222017
vn 0.750660 0.658311 -0.056005
vn 0.537057 0.470986 0.699816
vn -0.525979 -0.461271 0.714546
vn -0.537057 -0.470986 0.699816
vn 0.040471 0.040471 -0.998361
vn 0.158912 0.158912 -0.974420
vn 0.308138 0.308138 -0.900056
vn 0.441879 0.441879 -0.780696
vn 0.553477 0.553477 -0.622355
vn 0.637390 0.637390 -0.432975
vn 0.689459 0.689459 -0.222017
vn 0.705997 0.705997 -0.056005
vn 0.505103 0.505103 0.699816
vn -0.494684 -0.494684 0.714546
vn -0.505103 -0.505103 0.699816
vn 0.037737 0.043031 -0.998361
vn 0.148179 0.168965 -0.974420
vn 0.287325 0.327632 -0.900056
vn 0.412033 0.469833 -0.780696
vn 0.516093 0.588491 -0.622355
vn 0.594338 0.677713 -0.432975
vn 0.642890 0.733076 -0.222017
vn 0.658311 0.750660 -0.056005
vn 0.470986 0.537057 0.699816
vn -0.461271 -0.525979 0.714546
vn -0.470986 -0.537057 0.699816
vn 0.034842 0.045407 -0.998361
vn 0.136810 0.178295 -0.974420
vn 0.265282 0.345722 -0.900056
vn 0.380422 0.495776 -0.780696
vn 0.476499 0.620985 -0.622355
vn 0.548741 0.715134 -0.432975
vn 0.593568 0.773554 -0.222017
vn 0.607806 0.792108 -0.056005
vn 0.434852 0.566711 0.699816
vn -0.425883 -0.555021 0.714546
vn -0.434852 -0.566711 0.699816
vn 0.031798 0.047589 -0.998361
vn 0.124856 0.186861 -0.974420
vn 0.242103 0.362332 -0.900056
vn 0.347182 0.519595 -0.780696
vn 0.434864 0.650820 -0.622355
vn 0.500794 0.749492 -0.432975
vn 0.541705 0.810719 -0.222017
vn 0.554698 0.830165 -0.056005
vn 0.396857 0.593938 0.699816
vn -0.388671 -0.581687 0.714546
vn -0.396857 -0.593938 0.699816
vn 0.028617 0.049567 -0.998361
vn 0.112368 0.194627 -0.974420
vn 0.217887 0.377391 -0.900056
vn 0.312456 0.541189 -0.780696
vn 0.391367 0.677868 -0.622355
vn 0.450703 0.780641 -0.432975
vn 0.487521 0.844412 -0.222017
vn 0.499215 0.864666 -0.056005
vn 0.357162 0.618622 0.699816
vn -0.349794 -0.605861 0.714546
vn -0.357162 -0.618622 0.699816
vn 0.025314 0.051332 -0.998361
vn 0.099398 0.201559 -0.974420
vn 0.192738 0.390833 -0.900056
vn 0.276391 0.560466 -0.780696
vn 0.346195 0.702014 -0.622355
vn 0.398682 0.808447 -0.432975
vn 0.431250 0.874489 -0.222017
vn 0.441595 0.895465 -0.056005
vn 0.315937 0.640657 0.699816
vn -0.309420 -0.627442 0.714546
vn -0.315937 -0.640657 0.699816
vn 0.021903 0.052878 -0.998361
vn 0.086003 0.207629 -0.974420
vn 0.166763 0.402602 -0.900056
vn 0.239143 0.577343 -0.780696
vn 0.299540 0.723153 -0.622355
vn 0.344953 0.832791 -0.432975
vn 0.373133 0.900822 -0.222017
vn 0.382083 0.922429 -0.056005
vn 0.273360 0.659948 0.699816
vn -0.267721 -0.646336 0.714546
vn -0.273360 -0.659948 0.699816
vn 0.018398 0.054197 -0.998361
vn 0.072239 0.212809 -0.974420
vn 0.140075 0.412647 -0.900056
vn 0.200871 0.591747 -0.780696
vn 0.251602 0.741195 -0.622355
vn 0.289748 0.853569 -0.432975
vn 0.313417 0.923297 -0.222017
vn 0.320935 0.945444 -0.056005
vn 0.229612 0.676414 0.699816
vn -0.224875 -0.662461 0.714546
vn -0.229612 -0.676414 0.699816
vn 0.014813 0.055285 -0.998361
vn 0.058166 0.217078 -0.974420
vn 0.112786 0.420925 -0.900056
vn 0.161739 0.603618 -0.780696
vn 0.202587 0.756064 -0.622355
vn 0.233301 0.870691 -0.432975
vn 0.252360 0.941819 -0.222017
vn 0.258413 0.964410 -0.056005
vn 0.184880 0.689983 0.699816
vn -0.181067 -0.675751 0.714546
vn -0.184880 -0.689983 0.699816
vn 0.011166 0.056135 -0.998361
vn 0.043844 0.220418 -0.974420
vn 0.085015 0.427400 -0.900056
vn 0.121914 0.612904 -0.780696
vn 0.152704 0.767695 -0.622355
vn 0.175856 0.884086 -0.432975
vn 0.190221 0.956308 -0.222017
vn 0.194784 0.979246 -0.056005
vn 0.139358 0.700598 0.699816
vn -0.136483 -0.686146 0.714546
vn -0.139358 -0.700598 0.699816
vn 0.007471 0.056745 -0.998361
vn 0.029334 0.222813 -0.974420
vn 0.056880 0.432045 -0.900056
vn 0.081567 0.619565 -0.780696
vn 0.102167 0.776039 -0.622355
vn 0.117657 0.893694 -0.432975
vn 0.127269 0.966701 -0.222017
vn 0.130321 0.989889 -0.056005
vn 0.093238 0.708212 0.699816
vn -0.091315 -0.693603 0.714546
vn -0.093238 -0.708212 0.699816
vn 0.003743 0.057112 -0.998361
vn 0.014698 0.224255 -0.974420
vn 0.028501 0.434840 -0.900056
vn 0.040871 0.623573 -0.780696
vn 0.051193 0.781059 -0.622355
vn 0.058955 0.899476 -0.432975
vn 0.063771 0.972955 -0.222017
vn 0.065300 0.996293 -0.056005
vn 0.046719 0.712794 0.699816
vn -0.045755 -0.698091 0.714546
vn -0.046719 -0.712794 0.699816
vn 0.000000 0.057235 -0.998361
vn 0.000000 0.224736 -0.974420
vn -0.000000 0.435773 -0.900056
vn -0.000000 0.624911 -0.780696
vn -0.000000 0.782735 -0.622355
vn -0.000000 0.901406 -0.432975
vn -0.000000 0.975043 -0.222017
vn 0.000000 0.998430 -0.056005
vn -0.000000 0.714323 0.699816
vn 0.000000 -0.699589 0.714546
vn 0.000000 -0.714323 0.699816
vn -0.003743 0.057112 -0.998361
vn -0.014698 0.224255 -0.974420
vn -0.028501 0.434840 -0.900056
vn -0.040871 0.623573 -0.780696
vn -0.051193 0.781059 -0.622355
vn -0.058955 0.899476 -0.432975
vn -0.063771 0.972955 -0.222017
vn -0.065300 0.996293 -0.056005
vn -0.046719 0.712794 0.699816
vn 0.045755 -0.698091 0.714546
vn 0.046719 -0.712794 0.699816
vn -0.007471 0.056745 -0.998361
vn -0.029334 0.222813 -0.974420
vn -0.056880 0.432045 -0.900056
vn -0.081567 0.619565 -0.780696
vn -0.102167 0.776039 -0.622355
vn -0.117657 0.893694 -0.432975
vn -0.127269 0.966701 -0.222017
vn -0.130321 0.989889 -0.056005
vn -0.093238 0.708212 0.699816
vn 0.091315 -0.693603 0.714546
vn 0.093238 -0.708212 0.699816
vn -0.011166 0.056135 -0.998361
vn -0.043844 0.220418 -0.974420
vn -0.085015 0.427400 -0.900056
vn -0.121914 0.612904 -0.780696
vn -0.152704 0.767695 -0.622355
vn -0.175856 0.884086 -0.432975
vn -0.190221 0.956308 -0.222017
vn -0.194784 0.979246 -0.056005
vn -0.139358 0.700598 0.699816
vn 0.136483 -0.686146 0.714546
vn 0.139358 -0.700598 0.699816
vn -0.014813 0.055285 -0.998361
vn -0.058166 0.217078 -0.974420
vn -0.112786 0.420925 -0.900056
vn -0.161739 0.603618 -0.780696
vn -0.202587 0.756064 -0.622355
vn -0.233301 0.870691 -0.432975
vn -0.252360 0.941819 -0.222017
vn -0.258413 0.964410 -0.056005
vn -0.184880 0.689983 0.699816
vn 0.181067 -0.675751 0.714546
vn 0.184880 -0.689983 0.699816
vn -0.018398 0.054197 -0.998361
vn -0.072239 0.212809 -0.974420
vn -0.140075 0.412647 -0.900056
vn -0.200871 0.591747 -0.780696
vn -0.251602 0.741195 -0.622355
vn -0.289748 0.853569 -0.432975
vn -0.313417 0.923297 -0.222017
vn -0.320935 0.945444 -0.056005
vn -0.229612 0.676414 0.699816
vn 0.224875 -0.662461 0.714546
vn 0.229612 -0.676414 0.699816
vn -0.021903 0.052878 -0.998361
vn -0.086003 0.207629 -0.974420
vn -0.166763 0.402602 -0.900056
vn -0.239143 0.577343 -0.780696
vn -0.299540 0.723153 -0.622355
vn -0.344953 0.832791 -0.432975
vn -0.373133 0.900822 -0.222017
vn -0.382083 0.922429 -0.056005
vn -0.273360 0.659948 0.699816
vn 0.267721 -0.646336 0.714546
vn 0.273360 -0.659948 0.699816
vn -0.025314 0.051332 -0.998361
vn -0.099398 0.201559 -0.974420
vn -0.192738 0.390833 -0.900056
vn -0.276391 0.560466 -0.780696
vn -0.346195 0.702014 -0.622355
vn -0.398682 0.808447 -0.432975
vn -0.431250 0.874489 -0.222017
vn -0.441595 0.895465 -0.056005
vn -0.315937 0.640657 0.699816
vn 0.309420 -0.627442 0.714546
vn 0.315937 -0.640657 0.699816
vn -0.028617 0.049567 -0.998361
vn -0.112368 0.194627 -0.974420
vn -0.217887 0.377391 -0.900056
vn -0.312456 0.541189 -0.780696
vn -0.391367 0.677868 -0.622355
vn -0.450703 0.780641 -0.432975
vn -0.487521 0.844412 -0.222017
vn -0.499215 0.864666 -0.056005
vn -0.357162 0.618622 0.699816
vn 0.349794 -0.605861 0.714546
vn 0.357162 -0.618622 0.699816
vn -0.031798 0.047589 -0.998361
vn -0.124856 0.186861 -0.974420
vn -0.242103 0.362332 -0.900056
vn -0.347182 0.519595 -0.780696
vn -0.434864 0.650820 -0.622355
vn -0.500794 0.749492 -0.432975
vn -0.541705 0.810719 -0.222017
vn -0.554698 0.830165 -0.056005
vn -0.396857 0.593938 0.699816
vn 0.388671 -0.581687 0.714546
vn 0.396857 -0.593938 0.699816
vn -0.034842 0.045407 -0.998361
vn -0.136810 0.178295 -0.974420
vn -0.265282 0.345722 -0.900056
vn -0.380422 0.495776 -0.780696
vn -0.476499 0.620985 -0.622355
vn -0.548741 0.715134 -0.432975
vn -0.593568 0.773554 -0.222017
vn -0.607806 0.792108 -0.056005
vn -0.434852 0.566711 0.699816
vn 0.425883 -0.555021 0.714546
vn 0.434852 -0.566711 0.699816
vn -0.037737 0.043031 -0.998361
vn -0.148179 0.168965 -0.974420
vn -0.287325 0.327632 -0.900056
vn -0.412033 0.469833 -0.780696
vn -0.516093 0.588491 -0.622355
vn -0.594338 0.677713 -0.432975
vn -0.642890 0.733076 -0.222017
vn -0.658311 0.750660 -0.056005
vn -0.470986 0.537057 0.699816
vn 0.461271 -0.525979 0.714546
vn 0.470986 -0.537057 0.699816
vn -0.040471 0.040471 -0.998361
vn -0.158912 0.158912 -0.974420
vn -0.308138 0.308138 -0.900056
vn -0.441879 0.441879 -0.780696
vn -0.553477 0.553477 -0.622355
vn -0.637390 0.637390 -0.432975
vn -0.689459 0.689459 -0.222017
vn -0.705997 0.705997 -0.056005
vn -0.505103 0.505103 0.699816
vn 0.494684 -0.494684 0.714546
vn 0.505103 -0.505103 0.699816
vn -0.043031 0.037737 -0.998361
vn -0.168965 0.148179 -0.974420
vn -0.327632 0.287325 -0.900056
vn -0.469833 0.412033 -0.780696
vn -0.588491 0.516093 -0.622355
vn -0.677713 0.594338 -0.432975
vn -0.733076 0.642890 -0.222017
vn -0.750660 0.658311 -0.056005
vn -0.537057 0.470986 0.699816
vn 0.525979 -0.461271 0.714546
vn 0.537057 -0.470986 0.699816
vn -0.045407 0.034842 -0.998361
vn -0.178295 0.136810 -0.974420
vn -0.345722 0.265282 -0.900056
vn -0.495776 0.380422 -0.780696
vn -0.620985 0.476499 -0.622355
vn -0.715134 0.548741 -0.432975
vn -0.773554 0.593568 -0.222017
vn -0.792108 0.607806 -0.056005
vn -0.566711 0.434852 0.699816
vn 0.555021 -0.425883 0.714546
vn 0.566711 -0.434852 0.699816
vn -0.047589 0.031798 -0.998361
vn -0.186861 0.124856 -0.974420
vn -0.362332 0.242103 -0.900056
vn -0.519595 0.347182 -0.780696
vn -0.650820 0.434864 -0.622355
vn -0.749492 0.500794 -0.432975
vn -0.810719 0.541705 -0.222017
vn -0.830165 0.554698 -0.056005
vn -0.593938 0.396857 0.699816
vn 0.581687 -0.388671 0.714546
vn 0.593938 -0.396857 0.699816
vn -0.049567 0.028617 -0.998361
vn -0.194627 0.112368 -0.974420
vn -0.377391 0.217887 -0.900056
vn -0.541189 0.312456 -0.780696
vn -0.677868 0.391367 -0.622355
vn -0.780641 0.450703 -0.432975
vn -0.844412 0.487521 -0.222017
vn -0.864666 0.499215 -0.056005
vn -0.618622 0.357162 0.699816
vn 0.605861 -0.349794 0.714546
vn 0.618622 -0.357162 0.699816
vn -0.051332 0.025314 -0.998361
vn -0.201559 0.099398 -0.974420
vn -0.390833 0.192738 -0.900056
vn -0.560466 0.276391 -0.780696
vn -0.702014 0.346195 -0.622355
vn -0.808447 0.398682 -0.432975
vn -0.874489 0.431250 -0.222017
vn -0.895465 0.441595 -0.056005
vn -0.640657 0.315937 0.699816
vn 0.627442 -0.309420 0.714546
vn 0.640657 -0.315937 0.699816
vn -0.052878 0.021903 -0.998361
vn -0.207629 0.086003 -0.974420
vn -0.402602 0.166763 -0.900056
vn -0.577343 0.239143 -0.780696
vn -0.723153 0.299540 -0.622355
vn -0.832791 0.344953 -0.432975
vn -0.900822 0.373133 -0.222017
vn -0.922429 0.382083 -0.056005
vn -0.659948 0.273360 0.699816
vn 0.646336 -0.267721 0.714546
vn 0.659948 -0.273360 0.699816
vn -0.054197 0.018398 -0.998361
vn -0.212809 0.072239 -0.974420
vn -0.412647 0.140075 -0.900056
vn -0.591747 0.200871 -0.780696
vn -0.741195 0.251602 -0.622355
vn -0.853569 0.289748 -0.432975
vn -0.923297 0.313417 -0.222017
vn -0.945444 0.320935 -0.056005
vn -0.676414 0.229612 0.699816
vn 0.662461 -0.224875 0.714546
vn 0.676414 -0.229612 0.699816
vn -0.055285 0.014813 -0.998361
vn -0.217078 0.058166 -0.974420
vn -0.420925 0.112786 -0.900056
vn -0.603618 0.161739 -0.780696
vn -0.756064 0.202587 -0.622355
vn -0.870691 0.233301 -0.432975
vn -0.941819 0.252360 -0.222017
vn -0.964410 0.258413 -0.056005
vn -0.689983 0.184880 0.699816
vn 0.675751 -0.181067 0.714546
vn 0.689983 -0.184880 0.699816
vn -0.056135 0.011166 -0.998361
vn -0.220418 0.043844 -0.974420
vn -0.427400 0.085015 -0.900056
vn -0.612904 0.121914 -0.780696
vn -0.767695 0.152704 -0.622355
vn -0.884086 0.175856 -0.432975
vn -0.956308 0.190221 -0.222017
vn -0.979246 0.194784 -0.056005
vn -0.700598 0.139358 0.699816
vn 0.686146 -0.136483 0.714546
vn 0.700598 -0.139358 0.699816
vn -0.056745 0.007471 -0.998361
vn -0.222813 0.029334 -0.974420
vn -0.432045 0.056880 -0.900056
vn -0.619565 0.081567 -0.780696
vn -0.776039 0.102167 -0.622355
vn -0.893694 0.117657 -0.432975
vn -0.966701 0.127269 -0.222017
vn -0.989889 0.130321 -0.056005
vn -0.708212 0.093238 0.699816
vn 0.693603 -0.091315 0.714546
vn 0.708212 -0.093238 0.699816
vn -0.057112 0.003743 -0.998361
vn -0.224255 0.014698 -0.974420
vn -0.434840 0.028501 -0.900056
vn -0.623573 0.040871 -0.780696
vn -0.781059 0.051193 -0.622355
vn -0.899476 0.058955 -0.432975
vn -0.972955 0.063771 -0.222017
vn -0.996293 0.065300 -0.056005
vn -0.712794 0.046719 0.699816
vn 0.698091 -0.045755 0.714546
vn 0.712794 -0.046719 0.699816
vn -0.057235 0.000000 -0.998361
vn -0.224736 -0.000000 -0.974420
vn -0.435773 -0.000000 -0.900056
vn -0.624911 -0.000000 -0.780696
vn -0.782735 -0.000000 -0.622355
vn -0.901406 -0.000000 -0.432975
vn -0.975043 -0.000000 -0.222017
vn -0.998430 -0.000000 -0.056005
vn -0.714323 -0.000000 0.699816
vn 0.699589 0.000000 0.714546
vn 0.714323 0.000000 0.699816
vn -0.057112 -0.003743 -0.998361
vn -0.224255 -0.014698 -0.974420
vn -0.434840 -0.028501 -0.900056
vn -0.623573 -0.040871 -0.780696
vn -0.781059 -0.051193 -0.622355
vn -0.899476 -0.058955 -0.432975
vn -0.972955 -0.063771 -0.222017
vn -0.996293 -0.065300 -0.056005
vn -0.712794 -0.046719 0.699816
vn 0.698091 0.045755 0.714546
vn 0.712794 0.046719 0.699816
vn -0.056745 -0.007471 -0.998361
vn -0.222813 -0.029334 -0.974420
vn -0.432045 -0.056880 -0.900056
vn -0.619565 -0.081567 -0.780696
vn -0.776039 -0.102167 -0.622355
vn -0.893694 -0.117657 -0.432975
vn -0.966701 -0.127269 -0.222017
vn -0.989889 -0.130321 -0.056005
vn -0.708212 -0.093238 0.699816
vn 0.693603 0.091315 0.714546
vn 0.708212 0.093238 0.699816
vn -0.056135 -0.011166 -0.998361
vn -0.220418 -0.043844 -0.974420
vn -0.427400 -0.085015 -0.900056
vn -0.612904 -0.121914 -0.780696
vn -0.767695 -0.152704 -0.622355
vn -0.884086 -0.175856 -0.432975
vn -0.956308 -0.190221 -0.222017
vn -0.979246 -0.194784 -0.056005
vn -0.700598 -0.139358 0.699816
vn 0.686146 0.136483 0.714546
vn 0.700598 0.139358 0.699816
vn -0.055285 -0.014813 -0.998361
vn -0.217078 -0.058166 -0.974420
vn -0.420925 -0.112786 -0.900056
vn -0.603618 -0.161739 -0.780696
vn -0.756064 -0.202587 -0.622355
vn -0.870691 -0.233301 -0.432975
vn -0.941819 -0.252360 -0.222017
vn -0.964410 -0.258413 -0.056005
vn -0.689983 -0.184880 0.699816
vn 0.675751 0.181067 0.714546
vn 0.689983 0.184880 0.699816
vn -0.054197 -0.018398 -0.998361
vn -0.212809 -0.072239 -0.974420
vn -0.412647 -0.140075 -0.900056
vn -0.591747 -0.200871 -0.780696
vn -0.741195 -0.251602 -0.622355
vn -0.853569 -0.289748 -0.432975
vn -0.923297 -0.313417 -0.222017
vn -0.945444 -0.320935 -0.056005
vn -0.676414 -0.229612 0.699816
vn 0.662461 0.224875 0.714546
vn 0.676414 0.229612 0.699816
vn -0.052878 -0.021903 -0.998361
vn -0.207629 -0.086003 -0.974420
vn -0.402602 -0.166763 -0.900056
vn -0.577343 -0.239143 -0.780696
vn -0.723153 -0.299540 -0.622355
vn -0.832791 -0.344953 -0.432975
vn -0.900822 -0.373133 -0.222017
vn -0.922429 -0.382083 -0.056005
vn -0.659948 -0.273360 0.699816
vn 0.646336 0.267721 0.714546
vn 0.659948 0.273360 0.699816
vn -0.051332 -0.025314 -0.998361
vn -0.201559 -0.099398 -0.974420
vn -0.390833 -0.192738 -0.900056
vn -0.560466 -0.276391 -0.780696
vn -0.702014 -0.346195 -0.622355
vn -0.808447 -0.398682 -0.432975
vn -0.874489 -0.431250 -0.222017
vn -0.895465 -0.441595 -0.056005
vn -0.640657 -0.315937 0.699816
vn 0.627442 0.309420 0.714546
vn 0.640657 0.315937 0.699816
vn -0.049567 -0.028617 -0.998361
vn -0.194627 -0.112368 -0.974420
vn -0.377391 -0.217887 -0.900056
vn -0.541189 -0.312456 -0.780696
vn -0.677868 -0.391367 -0.622355
vn -0.780641 -0.450703 -0.432975
vn -0.844412 -0.487521 -0.222017
vn -0.864666 -0.499215 -0.056005
vn -0.618622 -0.357162 0.699816
vn 0.605861 0.349794 0.714546
vn 0.618622 0.357162 0.699816
vn -0.047589 -0.031798 -0.998361
vn -0.186861 -0.124856 -0.974420
vn -0.362332 -0.242103 -0.900056
vn -0.519595 -0.347182 -0.780696
vn -0.650820 -0.434864 -0.622355
vn -0.749492 -0.500794 -0.432975
vn -0.810719 -0.541705 -0.222017
vn -0.830165 -0.554698 -0.056005
vn -0.593938 -0.396857 0.699816
vn 0.581687 0.388671 0.714546
vn 0.593938 0.396857 0.699816
vn -0.045407 -0.034842 -0.998361
vn -0.178295 -0.136810 -0.974420
vn -0.345722 -0.265282 -0.900056
vn -0.495776 -0.380422 -0.780696
vn -0.620985 -0.476499 -0.622355
vn -0.715134 -0.548741 -0.432975
vn -0.773554 -0.593568 -0.222017
vn -0.792108 -0.607806 -0.056005
vn -0.566711 -0.434852 0.699816
vn 0.555021 0.425883 0.714546
vn 0.566711 0.434852 0.699816
vn -0.043031 -0.037737 -0.998361
vn -0.168965 -0.148179 -0.974420
vn -0.327632 -0.287325 -0.900056
vn -0.469833 -0.412033 -0.780696
vn -0.588491 -0.516093 -0.622355
vn -0.677713 -0.594338 -0.432975
vn -0.733076 -0.642890 -0.222017
vn -0.750660 -0.658311 -0.056005
vn -0.537057 -0.470986 0.699816
vn 0.525979 0.461271 0.714546
vn 0.537057 0.470986 0.699816
vn -0.040471 -0.040471 -0.998361
vn -0.158912 -0.158912 -0.974420
vn -0.308138 -0.308138 -0.900056
vn -0.441879 -0.441879 -0.780696
vn -0.553477 -0.553477 -0.622355
vn -0.637390 -0.637390 -0.432975
vn -0.689459 -0.689459 -0.222017
vn -0.705997 -0.705997 -0.056005
vn -0.505103 -0.505103 0.699816
vn 0.494684 0.494684 0.714546
vn 0.505103 0.505103 0.699816
vn -0.037737 -0.043031 -0.998361
vn -0.148179 -0.168965 -0.974420
vn -0.287325 -0.327632 -0.900056
vn -0.412033 -0.469833 -0.780696
vn -0.516093 -0.588491 -0.622355
vn -0.594338 -0.677713 -0.432975
vn -0.642890 -0.733076 -0.222017
vn -0.658311 -0.750660 -0.056005
vn -0.470986 -0.537057 0.699816
vn 0.461271 0.525979 0.714546
vn 0.470986 0.537057 0.699816
vn -0.034842 -0.045407 -0.998361
vn -0.136810 -0.178295 -0.974420
vn -0.265282 -0.345722 -0.900056
vn -0.380422 -0.495776 -0.780696
vn -0.476499 -0.620985 -0.622355
vn -0.548741 -0.715134 -0.432975
vn -0.593568 -0.773554 -0.222017
vn -0.607806 -0.792108 -0.056005
vn -0.434852 -0.566711 0.699816
vn 0.425883 0.555021 0.714546
vn 0.434852 0.566711 0.699816
vn -0.031798 -0.047589 -0.998361
vn -0.124856 -0.186861 -0.974420
vn -0.242103 -0.362332 -0.900056
vn -0.347182 -0.519595 -0.780696
vn -0.434864 -0.650820 -0.622355
vn -0.500794 -0.749492 -0.432975
vn -0.541705 -0.810719 -0.222017
vn -0.554698 -0.830165 -0.056005
vn -0.396857 -0.593938 0.699816
vn 0.388671 0.581687 0.714546
vn 0.396857 0.593938 0.699816
vn -0.028617 -0.049567 -0.998361
vn -0.112368 -0.194627 -0.974420
vn -0.217887 -0.377391 -0.900056
vn -0.312456 -0.541189 -0.780696
vn -0.391367 -0.677868 -0.622355
vn -0.450703 -0.780641 -0.432975
vn -0.487521 -0.844412 -0.222017
vn -0.499215 -0.864666 -0.056005
vn -0.357162 -0.618622 0.699816
vn 0.349794 0.605861 0.714546
vn 0.357162 0.618622 0.699816
vn -0.025314 -0.051332 -0.998361
vn -0.099398 -0.201559 -0.974420
vn -0.192738 -0.390833 -0.900056
vn -0.276391 -0.560466 -0.780696
vn -0.346195 -0.702014 -0.622355
vn -0.398682 -0.808447 -0.432975
vn -0.431250 -0.874489 -0.222017
vn -0.441595 -0.895465 -0.056005
vn -0.315937 -0.640657 0.699816
vn 0.309420 0.627442 0.714546
vn 0.315937 0.640657 0.699816
vn -0.021903 -0.052878 -0.998361
vn -0.086003 -0.207629 -0.974420
vn -0.166763 -0.402602 -0.900056
vn -0.239143 -0.577343 -0.780696
vn -0.299540 -0.723153 -0.622355
vn -0.344953 -0.832791 -0.432975
vn -0.373133 -0.900822 -0.222017
vn -0.382083 -0.922429 -0.056005
vn -0.273360 -0.659948 0.699816
vn 0.267721 0.646336 0.714546
vn 0.273360 0.659948 0.699816
vn -0.018398 -0.054197 -0.998361
vn -0.072239 -0.212809 -0.974420
vn -0.140075 -0.412647 -0.900056
vn -0.200871 -0.591747 -0.780696
vn -0.251602 -0.741195 -0.622355
vn -0.289748 -0.853569 -0.432975
vn -0.313417 -0.923297 -0.222017
vn -0.320935 -0.945444 -0.056005
vn -0.229612 -0.676414 0.699816
vn 0.224875 0.662461 0.714546
vn 0.229612 0.676414 0.699816
vn -0.014813 -0.055285 -0.998361
vn -0.058166 -0.217078 -0.974420
vn -0.112786 -0.420925 -0.900056
vn -0.161739 -0.603618 -0.780696
vn -0.202587 -0.756064 -0.622355
vn -0.233301 -0.870691 -0.432975
vn -0.252360 -0.941819 -0.222017
vn -0.258413 -0.964410 -0.056005
vn -0.184880 -0.689983 0.699816
vn 0.181067 0.675751 0.714546
vn 0.184880 0.689983 0.699816
vn -0.011166 -0.056135 -0.998361
vn -0.043844 -0.220418 -0.974420
vn -0.085015 -0.427400 -0.900056
vn -0.121914 -0.612904 -0.780696
vn -0.152704 -0.767695 -0.622355
vn -0.175856 -0.884086 -0.432975
vn -0.190221 -0.956308 -0.222017
vn -0.194784 -0.979246 -0.056005
vn -0.139358 -0.700598 0.699816
vn 0.136483 0.686146 0.714546
vn 0.139358 0.700598 0.699816
vn -0.007471 -0.056745 -0.998361
vn -0.029334 -0.222813 -0.974420
vn -0.056880 -0.432045 -0.900056
vn -0.081567 -0.619565 -0.780696
vn -0.102167 -0.776039 -0.622355
vn -0.117657 -0.893694 -0.432975
vn -0.127269 -0.966701 -0.222017
vn -0.130321 -0.989889 -0.056005
vn -0.093238 -0.708212 0.699816
vn 0.091315 0.693603 0.714546
vn 0.093238 0.708212 0.699816
vn -0.003743 -0.057112 -0.998361
vn -0.014698 -0.224255 -0.974420
vn -0.028501 -0.434840 -0.900056
vn -0.040871 -0.623573 -0.780696
vn -0.051193 -0.781059 -0.622355
vn -0.058955 -0.899476 -0.432975
vn -0.063771 -0.972955 -0.222017
vn -0.065300 -0.996293 -0.056005
vn -0.046719 -0.712794 0.699816
vn 0.045755 0.698091 0.714546
vn 0.046719 0.712794 0.699816
vn -0.000000 -0.057235 -0.998361
vn -0.000000 -0.224736 -0.974420
vn -0.000000 -0.435773 -0.900056
vn -0.000000 -0.624911 -0.780696
vn -0.000000 -0.782735 -0.622355
vn -0.000000 -0.901406 -0.432975
vn -0.000000 -0.975043 -0.222017
vn -0.000000 -0.998430 -0.056005
vn -0.000000 -0.714323 0.699816
vn 0.000000 0.699589 0.714546
vn 0.000000 0.714323 0.699816
vn 0.003743 -0.057112 -0.998361
vn 0.014698 -0.224255 -0.974420
vn 0.028501 -0.434840 -0.900056
vn 0.040871 -0.623573 -0.780696
vn 0.051193 -0.781059 -0.622355
vn 0.058955 -0.899476 -0.432975
vn 0.063771 -0.972955 -0.222017
vn 0.065300 -0.996293 -0.056005
vn 0.046719 -0.712794 0.699816
vn -0.045755 0.698091 0.714546
vn -0.046719 0.712794 0.699816
vn 0.007471 -0.056745 -0.998361
vn 0.029334 -0.222813 -0.974420
vn 0.056880 -0.432045 -0.900056
vn 0.081567 -0.619565 -0.780696
vn 0.102167 -0.776039 -0.622355
vn 0.117657 -0.893694 -0.432975
vn 0.127269 -0.966701 -0.222017
vn 0.130321 -0.989889 -0.056005
vn 0.093238 -0.708212 0.699816
vn -0.091315 0.693603 0.714546
vn -0.093238 0.708212 0.699816
vn 0.011166 -0.056135 -0.998361
vn 0.043844 -0.220418 -0.974420
vn 0.085015 -0.427400 -0.900056
vn 0.121914 -0.612904 -0.780696
vn 0.152704 -0.767695 -0.622355
vn 0.175856 -0.884086 -0.432975
vn 0.190221 -0.956308 -0.222017
vn 0.194784 -0.979246 -0.056005
vn 0.139358 -0.700598 0.699816
vn -0.136483 0.686146 0.714546
vn -0.139358 0.700598 0.699816
vn 0.014813 -0.055285 -0.998361
vn 0.058166 -0.217078 -0.974420
vn 0.112786 -0.420925 -0.900056
vn 0.161739 -0.603618 -0.780696
vn 0.202587 -0.756064 -0.622355
vn 0.233301 -0.870691 -0.432975
vn 0.252360 -0.941819 -0.222017
vn 0.258413 -0.964410 -0.056005
vn 0.184880 -0.689983 0.699816
vn -0.181067 0.675751 0.714546
vn -0.184880 0.689983 0.699816
vn 0.018398 -0.054197 -0.998361
vn 0.072239 -0.212809 -0.974420
vn 0.140075 -0.412647 -0.900056
vn 0.200871 -0.591747 -0.780696
vn 0.251602 -0.741195 -0.622355
vn 0.289748 -0.853569 -0.432975
vn 0.313417 -0.923297 -0.222017
vn 0.320935 -0.945444 -0.056005
vn 0.229612 -0.676414 0.699816
vn -0.224875 0.662461 0.714546
vn -0.229612 0.676414 0.699816
vn 0.021903 -0.052878 -0.998361
vn 0.086003 -0.207629 -0.974420
vn 0.166763 -0.402602 -0.900056
vn 0.239143 -0.577343 -0.780696
vn 0.299540 -0.723153 -0.622355
vn 0.344953 -0.832791 -0.432975
vn 0.373133 -0.900822 -0.222017
vn 0.382083 -0.922429 -0.056005
vn 0.273360 -0.659948 0.699816
vn -0.267721 0.646336 0.714546
vn -0.273360 0.659948 0.699816
vn 0.025314 -0.051332 -0.998361
vn 0.099398 -0.201559 -0.974420
vn 0.192738 -0.390833 -0.900056
vn 0.276391 -0.560466 -0.780696
vn 0.346195 -0.702014 -0.622355
vn 0.398682 -0.808447 -0.432975
vn 0.431250 -0.874489 -0.222017
vn 0.441595 -0.895465 -0.056005
vn 0.315937 -0.640657 0.699816
vn -0.309420 0.627442 0.714546
vn -0.315937 0.640657 0.699816
vn 0.028617 -0.049567 -0.998361
vn 0.112368 -0.194627 -0.974420
vn 0.217887 -0.377391 -0.900056
vn 0.312456 -0.541189 -0.780696
vn 0.391367 -0.677868 -0.622355
vn 0.450703 -0.780641 -0.432975
vn 0.487521 -0.844412 -0.222017
vn 0.499215 -0.864666 -0.056005
vn 0.357162 -0.618622 0.699816
vn -0.349794 0.605861 0.714546
vn -0.357162 0.618622 0.699816
vn 0.031798 -0.047589 -0.998361
vn 0.124856 -0.186861 -0.974420
vn 0.242103 -0.362332 -0.900056
vn 0.347182 -0.519595 -0.780696
vn 0.434864 -0.650820 -0.622355
vn 0.500794 -0.749492 -0.432975
vn 0.541705 -0.810719 -0.222017
vn 0.554698 -0.830165 -0.056005
vn 0.396857 -0.593938 0.699816
vn -0.388671 0.581687 0.714546
vn -0.396857 0.593938 0.699816
vn 0.034842 -0.045407 -0.998361
vn 0.136810 -0.178295 -0.974420
vn 0.265282 -0.345722 -0.900056
vn 0.380422 -0.495776 -0.780696
vn 0.476499 -0.620985 -0.622355
vn 0.548741 -0.715134 -0.432975
vn 0.593568 -0.773554 -0.222017
vn 0.607806 -0.792108 -0.056005
vn 0.434852 -0.566711 0.699816
vn -0.425883 0.555021 0.714546
vn -0.434852 0.566711 0.699816
vn 0.037737 -0.043031 -0.998361
vn 0.148179 -0.168965 -0.974420
vn 0.287325 -0.327632 -0.900056
vn 0.412033 -0.469833 -0.780696
vn 0.516093 -0.588491 -0.622355
vn 0.594338 -0.677713 -0.432975
vn 0.642890 -0.733076 -0.222017
vn 0.658311 -0.750660 -0.056005
vn 0.470986 -0.537057 0.699816
vn -0.461271 0.525979 0.714546
vn -0.470986 0.537057 0.699816
vn 0.040471 -0.040471 -0.998361
vn 0.158912 -0.158912 -0.974420
vn 0.308138 -0.308138 -0.900056
vn 0.441879 -0.441879 -0.780696
vn 0.553477 -0.553477 -0.622355
vn 0.637390 -0.637390 -0.432975
vn 0.689459 -0.689459 -0.222017
vn 0.705997 -0.705997 -0.056005
vn 0.505103 -0.505103 0.699816
vn -0.494684 0.494684 0.714546
vn -0.505103 0.505103 0.699816
vn 0.043031 -0.037737 -0.998361
vn 0.168965 -0.148179 -0.974420
vn 0.327632 -0.287325 -0.900056
vn 0.469833 -0.412033 -0.780696
vn 0.588491 -0.516093 -0.622355
vn 0.677713 -0.594338 -0.432975
vn 0.733076 -0.642890 -0.222017
vn 0.750660 -0.658311 -0.056005
vn 0.537057 -0.470986 0.699816
vn -0.525979 0.461271 0.714546
vn -0.537057 0.470986 0.699816
vn 0.045407 -0.034842 -0.998361
vn 0.178295 -0.136810 -0.974420
vn 0.345722 -0.265282 -0.900056
vn 0.495776 -0.380422 -0.780696
vn 0.620985 -0.476499 -0.622355
vn 0.715134 -0.548741 -0.432975
vn 0.773554 -0.593568 -0.222017
vn 0.792108 -0.607806 -0.056005
vn 0.566711 -0.434852 0.699816
vn -0.555021 0.425883 0.714546
vn -0.566711 0.434852 0.699816
vn 0.047589 -0.031798 -0.998361
vn 0.186861 -0.124856 -0.974420
vn 0.362332 -0.242103 -0.900056
vn 0.519595 -0.347182 -0.780696
vn 0.650820 -0.434864 -0.622355
vn 0.749492 -0.500794 -0.432975
vn 0.810719 -0.541705 -0.222017
vn 0.830165 -0.554698 -0.056005
vn 0.593938 -0.396857 0.699816
vn -0.581687 0.388671 0.714546
vn -0.593938 0.396857 0.699816
vn 0.049567 -0.028617 -0.998361
vn 0.194627 -0.112368 -0.974420
vn 0.377391 -0.217887 -0.900056
vn 0.541189 -0.312456 -0.780696
vn 0.677868 -0.391367 -0.622355
vn 0.780641 -0.450703 -0.432975
vn 0.844412 -0.487521 -0.222017
vn 0.864666 -0.499215 -0.056005
vn 0.618622 -0.357162 0.699816
vn -0.605861 0.349794 0.714546
vn -0.618622 0.357162 0.699816
vn 0.051332 -0.025314 -0.998361
vn 0.201559 -0.099398 -0.974420
vn 0.390833 -0.192738 -0.900056
vn 0.560466 -0.276391 -0.780696
vn 0.702014 -0.346195 -0.622355
vn 0.808447 -0.398682 -0.432975
vn 0.874489 -0.431250 -0.222017
vn 0.895465 -0.441595 -0.056005
vn 0.640657 -0.315937 0.699816
vn -0.627442 0.309420 0.714546
vn -0.640657 0.315937 0.699816
vn 0.052878 -0.021903 -0.998361
vn 0.207629 -0.086003 -0.974420
vn 0.402602 -0.166763 -0.900056
vn 0.577343 -0.239143 -0.780696
vn 0.723153 -0.299540 -0.622355
vn 0.832791 -0.344953 -0.432975
vn 0.900822 -0.373133 -0.222017
vn 0.922429 -0.382083 -0.056005
vn 0.659948 -0.273360 0.699816
vn -0.646336 0.267721 0.714546
vn -0.659948 0.273360 0.699816
vn 0.054197 -0.018398 -0.998361
vn 0.212809 -0.072239 -0.974420
vn 0.412647 -0.140075 -0.900056
vn 0.591747 -0.200871 -0.780696
vn 0.741195 -0.251602 -0.622355
vn 0.853569 -0.289748 -0.432975
vn 0.923297 -0.313417 -0.222017
vn 0.945444 -0.320935 -0.056005
vn 0.676414 -0.229612 0.699816
vn -0.662461 0.224875 0.714546
vn -0.676414 0.229612 0.699816
vn 0.055285 -0.014813 -0.998361
vn 0.217078 -0.058166 -0.974420
vn 0.420925 -0.112786 -0.900056
vn 0.603618 -0.161739 -0.780696
vn 0.756064 -0.202587 -0.622355
vn 0.870691 -0.233301 -0.432975
vn 0.941819 -0.252360 -0.222017
vn 0.964410 -0.258413 -0.056005
vn 0.689983 -0.184880 0.699816
vn -0.675751 0.181067 0.714546
vn -0.689983 0.184880 0.699816
vn 0.056135 -0.011166 -0.998361
vn 0.220418 -0.043844 -0.974420
vn 0.427400 -0.085015 -0.900056
vn 0.612904 -0.121914 -0.780696
vn 0.767695 -0.152704 -0.622355
vn 0.884086 -0.175856 -0.432975
vn 0.956308 -0.190221 -0.222017
vn 0.979246 -0.194784 -0.056005
vn 0.700598 -0.139358 0.699816
vn -0.686146 0.136483 0.714546
vn -0.700598 0.139358 0.699816
vn 0.056745 -0.007471 -0.998361
vn 0.222813 -0.029334 -0.974420
vn 0.432045 -0.056880 -0.900056
vn 0.619565 -0.081567 -0.780696
vn 0.776039 -0.102167 -0.622355
vn 0.893694 -0.117657 -0.432975
vn 0.966701 -0.127269 -0.222017
vn 0.989889 -0.130321 -0.056005
vn 0.708212 -0.093238 0.699816
vn -0.693603 0.091315 0.714546
vn -0.708212 0.093238 0.699816
vn 0.057112 -0.003743 -0.998361
vn 0.224255 -0.014698 -0.974420
vn 0.434840 -0.028501 -0.900056
vn 0.623573 -0.040871 -0.780696
vn 0.781059 -0.051193 -0.622355
vn 0.899476 -0.058955 -0.432975
vn 0.972955 -0.063771 -0.222017
vn 0.996293 -0.065300 -0.056005
vn 0.712794 -0.046719 0.699816
vn -0.698091 0.045755 0.714546
vn -0.712794 0.046719 0.699816
usemtl cup
f 2/1/2 1/1/1 14/1/14
f 2/1/2 14/1/14 3/1/3
f 3/1/3 14/1/14 15/1/15
f 3/1/3 15/1/15 4/1/4
f 4/1/4 15/1/15 16/1/16
f 4/1/4 16/1/16 5/1/5
f 5/1/5 16/1/16 17/1/17
f 5/1/5 17/1/17 6/1/6
f 6/1/6 17/1/17 18/1/18
f 6/1/6 18/1/18 7/1/7
f 7/1/7 18/1/18 19/1/19
f 7/1/7 19/1/19 8/1/8
f 8/1/8 19/1/19 20/1/20
f 8/1/8 20/1/20 9/1/9
f 9/1/9 20/1/20 21/1/21
f 9/1/9 21/1/21 10/1/10
f 10/1/10 21/1/21 22/1/22
f 10/1/10 22/1/22 11/1/11
f 11/1/11 22/1/22 23/1/23
f 11/1/11 23/1/23 12/1/12
f 12/1/12 23/1/23 24/1/24
f 12/1/12 24/1/24 13/1/13
f 14/1/14 1/1/1 25/1/25
f 14/1/14 25/1/25 15/1/15
f 15/1/15 25/1/25 26/1/26
f 15/1/15 26/1/26 16/1/16
f 16/1/16 26/1/26 27/1/27
f 16/1/16 27/1/27 17/1/17
f 17/1/17 27/1/27 28/1/28
f 17/1/17 28/1/28 18/1/18
f 18/1/18 28/1/28 29/1/29
f 18/1/18 29/1/29 19/1/19
f 19/1/19 29/1/29 30/1/30
f 19/1/19 30/1/30 20/1/20
f 20/1/20 30/1/30 31/1/31
f 20/1/20 31/1/31 21/1/21
f 21/1/21 31/1/31 32/1/32
f 21/1/21 32/1/32 22/1/22
f 22/1/22 32/1/32 33/1/33
f 22/1/22 33/1/33 23/1/23
f 23/1/23 33/1/33 34/1/34
f 23/1/23 34/1/34 24/1/24
f 24/1/24 34/1/34 35/1/35
f 24/1/24 35/1/35 13/1/13
f 25/1/25 1/1/1 36/1/36
f 25/1/25 36/1/36 26/1/26
f 26/1/26 36/1/36 37/1/37
f 26/1/26 37/1/37 27/1/27
f 27/1/27 37/1/37 38/1/38
f 27/1/27 38/1/38 28/1/28
f 28/1/28 38/1/38 39/1/39
f 28/1/28 39/1/39 29/1/29
f 29/1/29 39/1/39 40/1/40
f 29/1/29 40/1/40 30/1/30
f 30/1/30 40/1/40 41/1/41
f 30/1/30 41/1/41 31/1/31
f 31/1/31 41/1/41 42/1/42
f 31/1/31 42/1/42 32/1/32
f 32/1/32 42/1/42 43/1/43
f 32/1/32 43/1/43 33/1/33
f 33/1/33 43/1/43 44/1/44
f 33/1/33 44/1/44 34/1/34
f 34/1/34 44/1/44 45/1/45
f 34/1/34 45/1/45 35/1/35
f 35/1/35 45/1/45 46/1/46
f 35/1/35 46/1/46 13/1/13
f 36/1/36 1/1/1 47/1/47
f 36/1/36 47/1/47 37/1/37
f 37/1/37 47/1/47 48/1/48
f 37/1/37 48/1/48 38/1/38
f 38/1/38 48/1/48 49/1/49
f 38/1/38 49/1/49 39/1/39
f 39/1/39 49/1/49 50/1/50
f 39/1/39 50/1/50 40/1/40
f 40/1/40 50/1/50 51/1/51
f 40/1/40 51/1/51 41/1/41
f 41/1/41 51/1/51 52/1/52
f 41/1/41 52/1/52 42/1/42
f 42/1/42 52/1/52 53/1/53
f 42/1/42 53/1/53 43/1/43
f 43/1/43 53/1/53 54/1/54
f 43/1/43 54/1/54 44/1/44
f 44/1/44 54/1/54 55/1/55
f 44/1/44 55/1/55 45/1/45
f 45/1/45 55/1/55 56/1/56
f 45/1/45 56/1/56 46/1/46
f 46/1/46 56/1/56 57/1/57
f 46/1/46 57/1/57 13/1/13
f 47/1/47 1/1/1 58/1/58
f 47/1/47 58/1/58 48/1/48
f 48/1/48 58/1/58 59/1/59
f 48/1/48 59/1/59 49/1/49
f 49/1/49 59/1/59 60/1/60
f 49/1/49 60/1/60 50/1/50
f 50/1/50 60/1/60 61/1/61
f 50/1/50 61/1/61 51/1/51
f 51/1/51 61/1/61 62/1/62
f 51/1/51 62/1/62 52/1/52
f 52/1/52 62/1/62 63/1/63
f 52/1/52 63/1/63 53/1/53
f 53/1/53 63/1/63 64/1/64
f 53/1/53 64/1/64 54/1/54
f 54/1/54 64/1/64 65/1/65
f 54/1/54 65/1/65 55/1/55
f 55/1/55 65/1/65 66/1/66
f 55/1/55 66/1/66 56/1/56
f 56/1/56 66/1/66 67/1/67
f 56/1/56 67/1/67 57/1/57
f 57/1/57 67/1/67 68/1/68
f 57/1/57 68/1/68 13/1/13
f 58/1/58 1/1/1 69/1/69
f 58/1/58 69/1/69 59/1/59
f 59/1/59 69/1/69 70/1/70
f 59/1/59 70/1/70 60/1/60
f 60/1/60 70/1/70 71/1/71
f 60/1/60 71/1/71 61/1/61
f 61/1/61 71/1/71 72/1/72
f 61/1/61 72/1/72 62/1/62
f 62/1/62 72/1/72 73/1/73
f 62/1/62 73/1/73 63/1/63
f 63/1/63 73/1/73 74/1/74
f 63/1/63 74/1/74 64/1/64
f 64/1/64 74/1/74 75/1/75
f 64/1/64 75/1/75 65/1/65
f 65/1/65 75/1/75 76/1/76
f 65/1/65 76/1/76 66/1/66
f 66/1/66 76/1/76 77/1/77
f 66/1/66 77/1/77 67/1/67
f 67/1/67 77/1/77 78/1/78
f 67/1/67 78/1/78 68/1/68
f 68/1/68 78/1/78 79/1/79
f 68/1/68 79/1/79 13/1/13
f 69/1/69 1/1/1 80/1/80
f 69/1/69 80/1/80 70/1/70
f 70/1/70 80/1/80 81/1/81
f 70/1/70 81/1/81 71/1/71
f 71/1/71 81/1/81 82/1/82
f 71/1/71 82/1/82 72/1/72
f 72/1/72 82/1/82 83/1/83
f 72/1/72 83/1/83 73/1/73
f 73/1/73 83/1/83 84/1/84
f 73/1/73 84/1/84 74/1/74
f 74/1/74 84/1/84 85/1/85
f 74/1/74 85/1/85 75/1/75
f 75/1/75 85/1/85 86/1/86
f 75/1/75 86/1/86 76/1/76
f 76/1/76 86/1/86 87/1/87
f 76/1/76 87/1/87 77/1/77
f 77/1/77 87/1/87 88/1/88
f 77/1/77 88/1/88 78/1/78
f 78/1/78 88/1/88 89/1/89
f 78/1/78 89/1/89 79/1/79
f 79/1/79 89/1/89 90/1/90
f 79/1/79 90/1/90 13/1/13
f 80/1/80 1/1/1 91/1/91
f 80/1/80 91/1/91 81/1/81
f 81/1/81 91/1/91 92/1/92
f 81/1/81 92/1/92 82/1/82
f 82/1/82 92/1/92 93/1/93
f 82/1/82 93/1/93 83/1/83
f 83/1/83 93/1/93 94/1/94
f 83/1/83 94/1/94 84/1/84
f 84/1/84 94/1/94 95/1/95
f 84/1/84 95/1/95 85/1/85
f 85/1/85 95/1/95 96/1/96
f 85/1/85 96/1/96 86/1/86
f 86/1/86 96/1/96 97/1/97
f 86/1/86 97/1/97 87/1/87
f 87/1/87 97/1/97 98/1/98
f 87/1/87 98/1/98 88/1/88
f 88/1/88 98/1/98 99/1/99
f 88/1/88 99/1/99 89/1/89
f 89/1/89 99/1/99 100/1/100
f 89/1/89 100/1/100 90/1/90
f 90/1/90 100/1/100 101/1/101
f 90/1/90 101/1/101 13/1/13
f 91/1/91 1/1/1 102/1/102
f 91/1/91 102/1/102 92/1/92
f 92/1/92 102/1/102 103/1/103
f 92/1/92 103/1/103 93/1/93
f 93/1/93 103/1/103 104/1/104
f 93/1/93 104/1/104 94/1/94
f 94/1/94 104/1/104 105/1/105
f 94/1/94 105/1/105 95/1/95
f 95/1/95 105/1/105 106/1/106
f 95/1/95 106/1/106 96/1/96
f 96/1/96 106/1/106 107/1/107
f 96/1/96 107/1/107 97/1/97
f 97/1/97 107/1/107 108/1/108
f 97/1/97 108/1/108 98/1/98
f 98/1/98 108/1/108 109/1/109
f 98/1/98 109/1/109 99/1/99
f 99/1/99 109/1/109 110/1/110
f 99/1/99 110/1/110 100/1/100
f 100/1/100 110/1/110 111/1/111
f 100/1/100 111/1/111 101/1/101
f 101/1/101 111/1/111 112/1/112
f 101/1/101 112/1/112 13/1/13
f 102/1/102 1/1/1 113/1/113
f 102/1/102 113/1/113 103/1/103
f 103/1/103 113/1/113 114/1/114
f 103/1/103 114/1/114 104/1/104
f 104/1/104 114/1/114 115/1/115
f 104/1/104 115/1/115 105/1/105
f 105/1/105 115/1/115 116/1/116
f 105/1/105 116/1/116 106/1/106
f 106/1/106 116/1/116 117/1/117
f 106/1/106 117/1/117 107/1/107
f 107/1/107 117/1/117 118/1/118
f 107/1/107 118/1/118 108/1/108
f 108/1/108 118/1/118 119/1/119
f 108/1/108 119/1/119 109/1/109
f 109/1/109 119/1/119 120/1/120
f 109/1/109 120/1/120 110/1/110
f 110/1/110 120/1/120 121/1/121
f 110/1/110 121/1/121 111/1/111
f 111/1/111 121/1/121 122/1/122
f 111/1/111 122/1/122 112/1/112
f 112/1/112 122/1/122 123/1/123
f 112/1/112 123/1/123 13/1/13
f 113/1/113 1/1/1 124/1/124
f 113/1/113 124/1/124 114/1/114
f 114/1/114 124/1/124 125/1/125
f 114/1/114 125/1/125 115/1/115
f 115/1/115 125/1/125 126/1/126
f 115/1/115 126/1/126 116/1/116
f 116/1/116 126/1/126 127/1/127
f 116/1/116 127/1/127 117/1/117
f 117/1/117 127/1/127 128/1/128
f 117/1/117 128/1/128 118/1/118
f 118/1/118 128/1/128 129/1/129
f 118/1/118 129/1/129 119/1/119
f 119/1/119 129/1/129 130/1/130
f 119/1/119 130/1/130 120/1/120
f 120/1/120 130/1/130 131/1/131
f 120/1/120 131/1/131 121/1/121
f 121/1/121 131/1/131 132/1/132
f 121/1/121 132/1/132 122/1/122
f 122/1/122 132/1/132 133/1/133
f 122/1/122 133/1/133 123/1/123
f 123/1/123 133/1/133 134/1/134
f 123/1/123 134/1/134 13/1/13
f 124/1/124 1/1/1 135/1/135
f 124/1/124 135/1/135 125/1/125
f 125/1/125 135/1/135 136/1/136
f 125/1/125 136/1/136 126/1/126
f 126/1/126 136/1/136 137/1/137
f 126/1/126 137/1/137 127/1/127
f 127/1/127 137/1/137 138/1/138
f 127/1/127 138/1/138 128/1/128
f 128/1/128 138/1/138 139/1/139
f 128/1/128 139/1/139 129/1/129
f 129/1/129 139/1/139 140/1/140
f 129/1/129 140/1/140 130/1/130
f 130/1/130 140/1/140 141/1/141
f 130/1/130 141/1/141 131/1/131
f 131/1/131 141/1/141 142/1/142
f 131/1/131 142/1/142 132/1/132
f 132/1/132 142/1/142 143/1/143
f 132/1/132 143/1/143 133/1/133
f 133/1/133 143/1/143 144/1/144
f 133/1/133 144/1/144 134/1/134
f 134/1/134 144/1/144 145/1/145
f 134/1/134 145/1/145 13/1/13
f 135/1/135 1/1/1 146/1/146
f 135/1/135 146/1/146 136/1/136
f 136/1/136 146/1/146 147/1/147
f 136/1/136 147/1/147 137/1/137
f 137/1/137 147/1/147 148/1/148
f 137/1/137 148/1/148 138/1/138
f 138/1/138 148/1/148 149/1/149
f 138/1/138 149/1/149 139/1/139
f 139/1/139 149/1/149 150/1/150
f 139/1/139 150/1/150 140/1/140
f 140/1/140 150/1/150 151/1/151
f 140/1/140 151/1/151 141/1/141
f 141/1/141 151/1/151 152/1/152
f 141/1/141 152/1/152 142/1/142
f 142/1/142 152/1/152 153/1/153
f 142/1/142 153/1/153 143/1/143
f 143/1/143 153/1/153 154/1/154
f 143/1/143 154/1/154 144/1/144
f 144/1/144 154/1/154 155/1/155
f 144/1/144 155/1/155 145/1/145
f 145/1/145 155/1/155 156/1/156
f 145/1/145 156/1/156 13/1/13
f 146/1/146 1/1/1 157/1/157
f 146/1/146 157/1/157 147/1/147
f 147/1/147 157/1/157 158/1/158
f 147/1/147 158/1/158 148/1/148
f 148/1/148 158/1/158 159/1/159
f 148/1/148 159/1/159 149/1/149
f 149/1/149 159/1/159 160/1/160
f 149/1/149 160/1/160 150/1/150
f 150/1/150 160/1/160 161/1/161
f 150/1/150 161/1/161 151/1/151
f 151/1/151 161/1/161 162/1/162
f 151/1/151 162/1/162 152/1/152
f 152/1/152 162/1/162 163/1/163
f 152/1/152 163/1/163 153/1/153
f 153/1/153 163/1/163 164/1/164
f 153/1/153 164/1/164 154/1/154
f 154/1/154 164/1/164 165/1/165
f 154/1/154 165/1/165 155/1/155
f 155/1/155 165/1/165 166/1/166
f 155/1/155 166/1/166 156/1/156
f 156/1/156 166/1/166 167/1/167
f 156/1/156 167/1/167 13/1/13
f 157/1/157 1/1/1 168/1/168
f 157/1/157 168/1/168 158/1/158
f 158/1/158 168/1/168 169/1/169
f 158/1/158 169/1/169 159/1/159
f 159/1/159 169/1/169 170/1/170
f 159/1/159 170/1/170 160/1/160
f 160/1/160 170/1/170 171/1/171
f 160/1/160 171/1/171 161/1/161
f 161/1/161 171/1/171 172/1/172
f 161/1/161 172/1/172 162/1/162
f 162/1/162 172/1/172 173/1/173
f 162/1/162 173/1/173 163/1/163
f 163/1/163 173/1/173 174/1/174
f 163/1/163 174/1/174 164/1/164
f 164/1/164 174/1/174 175/1/175
f 164/1/164 175/1/175 165/1/165
f 165/1/165 175/1/175 176/1/176
f 165/1/165 176/1/176 166/1/166
f 166/1/166 176/1/176 177/1/177
f 166/1/166 177/1/177 167/1/167
f 167/1/167 177/1/177 178/1/178
f 167/1/167 178/1/178 13/1/13
f 168/1/168 1/1/1 179/1/179
f 168/1/168 179/1/179 169/1/169
f 169/1/169 179/1/179 180/1/180
f 169/1/169 180/1/180 170/1/170
f 170/1/170 180/1/180 181/1/181
f 170/1/170 181/1/181 171/1/171
f 171/1/171 181/1/181 182/1/182
f 171/1/171 182/1/182 172/1/172
f 172/1/172 182/1/182 183/1/183
f 172/1/172 183/1/183 173/1/173
f 173/1/173 183/1/183 184/1/184
f 173/1/173 184/1/184 174/1/174
f 174/1/174 184/1/184 185/1/185
f 174/1/174 185/1/185 175/1/175
f 175/1/175 185/1/185 186/1/186
f 175/1/175 186/1/186 176/1/176
f 176/1/176 186/1/186 187/1/187
f 176/1/176 187/1/187 177/1/177
f 177/1/177 187/1/187 188/1/188
f 177/1/177 188/1/188 178/1/178
f 178/1/178 188/1/188 189/1/189
f 178/1/178 189/1/189 13/1/13
f 179/1/179 1/1/1 190/1/190
f 179/1/179 190/1/190 180/1/180
f 180/1/180 190/1/190 191/1/191
f 180/1/180 191/1/191 181/1/181
f 181/1/181 191/1/191 192/1/192
f 181/1/181 192/1/192 182/1/182
f 182/1/182 192/1/192 193/1/193
f 182/1/182 193/1/193 183/1/183
f 183/1/183 193/1/193 194/1/194
f 183/1/183 194/1/194 184/1/184
f 184/1/184 194/1/194 195/1/195
f 184/1/184 195/1/195 185/1/185
f 185/1/185 195/1/195 196/1/196
f 185/1/185 196/1/196 186/1/186
f 186/1/186 196/1/196 197/1/197
f 186/1/186 197/1/197 187/1/187
f 187/1/187 197/1/197 198/1/198
f 187/1/187 198/1/198 188/1/188
f 188/1/188 198/1/198 199/1/199
f 188/1/188 199/1/199 189/1/189
f 189/1/189 199/1/199 200/1/200
f 189/1/189 200/1/200 13/1/13
f 190/1/190 1/1/1 201/1/201
f 190/1/190 201/1/201 191/1/191
f 191/1/191 201/1/201 202/1/202
f 191/1/191 202/1/202 192/1/192
f 192/1/192 202/1/202 203/1/203
f 192/1/192 203/1/203 193/1/193
f 193/1/193 203/1/203 204/1/204
f 193/1/193 204/1/204 194/1/194
f 194/1/194 204/1/204 205/1/205
f 194/1/194 205/1/205 195/1/195
f 195/1/195 205/1/205 206/1/206
f 195/1/195 206/1/206 196/1/196
f 196/1/196 206/1/206 207/1/207
f 196/1/196 207/1/207 197/1/197
f 197/1/197 207/1/207 208/1/208
f 197/1/197 208/1/208 198/1/198
f 198/1/198 208/1/208 209/1/209
f 198/1/198 209/1/209 199/1/199
f 199/1/199 209/1/209 210/1/210
f 199/1/199 210/1/210 200/1/200
f 200/1/200 210/1/210 211/1/211
f 200/1/200 211/1/211 13/1/13
f 201/1/201 1/1/1 212/1/212
f 201/1/201 212/1/212 202/1/202
f 202/1/202 212/1/212 213/1/213
f 202/1/202 213/1/213 203/1/203
f 203/1/203 213/1/213 214/1/214
f 203/1/203 214/1/214 204/1/204
f 204/1/204 214/1/214 215/1/215
f 204/1/204 215/1/215 205/1/205
f 205/1/205 215/1/215 216/1/216
f 205/1/205 216/1/216 206/1/206
f 206/1/206 216/1/216 217/1/217
f 206/1/206 217/1/217 207/1/207
f 207/1/207 217/1/217 218/1/218
f 207/1/207 218/1/218 208/1/208
f 208/1/208 218/1/218 219/1/219
f 208/1/208 219/1/219 209/1/209
f 209/1/209 219/1/219 220/1/220
f 209/1/209 220/1/220 210/1/210
f 210/1/210 220/1/220 221/1/221
f 210/1/210 221/1/221 211/1/211
f 211/1/211 221/1/221 222/1/222
f 211/1/211 222/1/222 13/1/13
f 212/1/212 1/1/1 223/1/223
f 212/1/212 223/1/223 213/1/213
f 213/1/213 223/1/223 224/1/224
f 213/1/213 224/1/224 214/1/214
f 214/1/214 224/1/224 225/1/225
f 214/1/214 225/1/225 215/1/215
f 215/1/215 225/1/225 226/1/226
f 215/1/215 226/1/226 216/1/216
f 216/1/216 226/1/226 227/1/227
f 216/1/216 227/1/227 217/1/217
f 217/1/217 227/1/227 228/1/228
f 217/1/217 228/1/228 218/1/218
f 218/1/218 228/1/228 229/1/229
f 218/1/218 229/1/229 219/1/219
f 219/1/219 229/1/229 230/1/230
f 219/1/219 230/1/230 220/1/220
f 220/1/220 230/1/230 231/1/231
f 220/1/220 231/1/231 221/1/221
f 221/1/221 231/1/231 232/1/232
f 221/1/221 232/1/232 222/1/222
f 222/1/222 232/1/232 233/1/233
f 222/1/222 233/1/233 13/1/13
f 223/1/223 1/1/1 234/1/234
f 223/1/223 234/1/234 224/1/224
f 224/1/224 234/1/234 235/1/235
f 224/1/224 235/1/235 225/1/225
f 225/1/225 235/1/235 236/1/236
f 225/1/225 236/1/236 226/1/226
f 226/1/226 236/1/236 237/1/237
f 226/1/226 237/1/237 227/1/227
f 227/1/227 237/1/237 238/1/238
f 227/1/227 238/1/238 228/1/228
f 228/1/228 238/1/238 239/1/239
f 228/1/228 239/1/239 229/1/229
f 229/1/229 239/1/239 240/1/240
f 229/1/229 240/1/240 230/1/230
f 230/1/230 240/1/240 241/1/241
f 230/1/230 241/1/241 231/1/231
f 231/1/231 241/1/241 242/1/242
f 231/1/231 242/1/242 232/1/232
f 232/1/232 242/1/242 243/1/243
f 232/1/232 243/1/243 233/1/233
f 233/1/233 243/1/243 244/1/244
f 233/1/233 244/1/244 13/1/13
f 234/1/234 1/1/1 245/1/245
f 234/1/234 245/1/245 235/1/235
f 235/1/235 245/1/245 246/1/246
f 235/1/235 246/1/246 236/1/236
f 236/1/236 246/1/246 247/1/247
f 236/1/236 247/1/247 237/1/237
f 237/1/237 247/1/247 248/1/248
f 237/1/237 248/1/248 238/1/238
f 238/1/238 248/1/248 249/1/249
f 238/1/238 249/1/249 239/1/239
f 239/1/239 249/1/249 250/1/250
f 239/1/239 250/1/250 240/1/240
f 240/1/240 250/1/250 251/1/251
f 240/1/240 251/1/251 241/1/241
f 241/1/241 251/1/251 252/1/252
f 241/1/241 252/1/252 242/1/242
f 242/1/242 252/1/252 253/1/253
f 242/1/242 253/1/253 243/1/243
f 243/1/243 253/1/253 254/1/254
f 243/1/243 254/1/254 244/1/244
f 244/1/244 254/1/254 255/1/255
f 244/1/244 255/1/255 13/1/13
f 245/1/245 1/1/1 256/1/256
f 245/1/245 256/1/256 246/1/246
f 246/1/246 256/1/256 257/1/257
f 246/1/246 257/1/257 247/1/247
f 247/1/247 257/1/257 258/1/258
f 247/1/247 258/1/258 248/1/248
f 248/1/248 258/1/258 259/1/259
f 248/1/248 259/1/259 249/1/249
f 249/1/249 259/1/259 260/1/260
f 249/1/249 260/1/260 250/1/250
f 250/1/250 260/1/260 261/1/261
f 250/1/250 261/1/261 251/1/251
f 251/1/251 261/1/261 262/1/262
f 251/1/251 262/1/262 252/1/252
f 252/1/252 262/1/262 263/1/263
f 252/1/252 263/1/263 253/1/253
f 253/1/253 263/1/263 264/1/264
f 253/1/253 264/1/264 254/1/254
f 254/1/254 264/1/264 265/1/265
f 254/1/254 265/1/265 255/1/255
f 255/1/255 265/1/265 266/1/266
f 255/1/255 266/1/266 13/1/13
f 256/1/256 1/1/1 267/1/267
f 256/1/256 267/1/267 257/1/257
f 257/1/257 267/1/267 268/1/268
f 257/1/257 268/1/268 258/1/258
f 258/1/258 268/1/268 269/1/269
f 258/1/258 269/1/269 259/1/259
f 259/1/259 269/1/269 270/1/270
f 259/1/259 270/1/270 260/1/260
f 260/1/260 270/1/270 271/1/271
f 260/1/260 271/1/271 261/1/261
f 261/1/261 271/1/271 272/1/272
f 261/1/261 272/1/272 262/1/262
f 262/1/262 272/1/272 273/1/273
f 262/1/262 273/1/273 263/1/263
f 263/1/263 273/1/273 274/1/274
f 263/1/263 274/1/274 264/1/264
f 264/1/264 274/1/274 275/1/275
f 264/1/264 275/1/275 265/1/265
f 265/1/265 275/1/275 276/1/276
f 265/1/265 276/1/276 266/1/266
f 266/1/266 276/1/276 277/1/277
f 266/1/266 277/1/277 13/1/13
f 267/1/267 1/1/1 278/1/278
f 267/1/267 278/1/278 268/1/268
f 268/1/268 278/1/278 279/1/279
f 268/1/268 279/1/279 269/1/269
f 269/1/269 279/1/279 280/1/280
f 269/1/269 280/1/280 270/1/270
f 270/1/270 280/1/280 281/1/281
f 270/1/270 281/1/281 271/1/271
f 271/1/271 281/1/281 282/1/282
f 271/1/271 282/1/282 272/1/272
f 272/1/272 282/1/282 283/1/283
f 272/1/272 283/1/283 273/1/273
f 273/1/273 283/1/283 284/1/284
f 273/1/273 284/1/284 274/1/274
f 274/1/274 284/1/284 285/1/285
f 274/1/274 285/1/285 275/1/275
f 275/1/275 285/1/285 286/1/286
f 275/1/275 286/1/286 276/1/276
f 276/1/276 286/1/286 287/1/287
f 276/1/276 287/1/287 277/1/277
f 277/1/277 287/1/287 288/1/288
f 277/1/277 288/1/288 13/1/13
f 278/1/278 1/1/1 289/1/289
f 278/1/278 289/1/289 279/1/279
f 279/1/279 289/1/289 290/1/290
f 279/1/279 290/1/290 280/1/280
f 280/1/280 290/1/290 291/1/291
f 280/1/280 291/1/291 281/1/281
f 281/1/281 291/1/291 292/1/292
f 281/1/281 292/1/292 282/1/282
f 282/1/282 292/1/292 293/1/293
f 282/1/282 293/1/293 283/1/283
f 283/1/283 293/1/293 294/1/294
f 283/1/283 294/1/294 284/1/284
f 284/1/284 294/1/294 295/1/295
f 284/1/284 295/1/295 285/1/285
f 285/1/285 295/1/295 296/1/296
f 285/1/285 296/1/296 286/1/286
f 286/1/286 296/1/296 297/1/297
f 286/1/286 297/1/297 287/1/287
f 287/1/287 297/1/297 298/1/298
f 287/1/287 298/1/298 288/1/288
f 288/1/288 298/1/298 299/1/299
f 288/1/288 299/1/299 13/1/13
f 289/1/289 1/1/1 300/1/300
f 289/1/289 300/1/300 290/1/290
f 290/1/290 300/1/300 301/1/301
f 290/1/290 301/1/301 291/1/291
f 291/1/291 301/1/301 302/1/302
f 291/1/291 302/1/302 292/1/292
f 292/1/292 302/1/302 303/1/303
f 292/1/292 303/1/303 293/1/293
f 293/1/293 303/1/303 304/1/304
f 293/1/293 304/1/304 294/1/294
f 294/1/294 304/1/304 305/1/305
f 294/1/294 305/1/305 295/1/295
f 295/1/295 305/1/305 306/1/306
f 295/1/295 306/1/306 296/1/296
f 296/1/296 306/1/306 307/1/307
f 296/1/296 307/1/307 297/1/297
f 297/1/297 307/1/307 308/1/308
f 297/1/297 308/1/308 298/1/298
f 298/1/298 308/1/308 309/1/309
f 298/1/298 309/1/309 299/1/299
f 299/1/299 309/1/309 310/1/310
f 299/1/299 310/1/310 13/1/13
f 300/1/300 1/1/1 311/1/311
f 300/1/300 311/1/311 301/1/301
f 301/1/301 311/1/311 312/1/312
f 301/1/301 312/1/312 302/1/302
f 302/1/302 312/1/312 313/1/313
f 302/1/302 313/1/313 303/1/303
f 303/1/303 313/1/313 314/1/314
f 303/1/303 314/1/314 304/1/304
f 304/1/304 314/1/314 315/1/315
f 304/1/304 315/1/315 305/1/305
f 305/1/305 315/1/315 316/1/316
f 305/1/305 316/1/316 306/1/306
f 306/1/306 316/1/316 317/1/317
f 306/1/306 317/1/317 307/1/307
f 307/1/307 317/1/317 318/1/318
f 307/1/307 318/1/318 308/1/308
f 308/1/308 318/1/318 319/1/319
f 308/1/308 319/1/319 309/1/309
f 309/1/309 319/1/319 320/1/320
f 309/1/309 320/1/320 310/1/310
f 310/1/310 320/1/320 321/1/321
f 310/1/310 321/1/321 13/1/13
f 311/1/311 1/1/1 322/1/322
f 311/1/311 322/1/322 312/1/312
f 312/1/312 322/1/322 323/1/323
f 312/1/312 323/1/323 313/1/313
f 313/1/313 323/1/323 324/1/324
f 313/1/313 324/1/324 314/1/314
f 314/1/314 324/1/324 325/1/325
f 314/1/314 325/1/325 315/1/315
f 315/1/315 325/1/325 326/1/326
f 315/1/315 326/1/326 316/1/316
f 316/1/316 326/1/326 327/1/327
f 316/1/316 327/1/327 317/1/317
f 317/1/317 327/1/327 328/1/328
f 317/1/317 328/1/328 318/1/318
f 318/1/318 328/1/328 329/1/329
f 318/1/318 329/1/329 319/1/319
f 319/1/319 329/1/329 330/1/330
f 319/1/319 330/1/330 320/1/320
f 320/1/320 330/1/330 331/1/331
f 320/1/320 331/1/331 321/1/321
f 321/1/321 331/1/331 332/1/332
f 321/1/321 332/1/332 13/1/13
f 322/1/322 1/1/1 333/1/333
f 322/1/322 333/1/333 323/1/323
f 323/1/323 333/1/333 334/1/334
f 323/1/323 334/1/334 324/1/324
f 324/1/324 334/1/334 335/1/335
f 324/1/324 335/1/335 325/1/325
f 325/1/325 335/1/335 336/1/336
f 325/1/325 336/1/336 326/1/326
f 326/1/326 336/1/336 337/1/337
f 326/1/326 337/1/337 327/1/327
f 327/1/327 337/1/337 338/1/338
f 327/1/327 338/1/338 328/1/328
f 328/1/328 338/1/338 339/1/339
f 328/1/328 339/1/339 329/1/329
f 329/1/329 339/1/339 340/1/340
f 329/1/329 340/1/340 330/1/330
f 330/1/330 340/1/340 341/1/341
f 330/1/330 341/1/341 331/1/331
f 331/1/331 341/1/341 342/1/342
f 331/1/331 342/1/342 332/1/332
f 332/1/332 342/1/342 343/1/343
f 332/1/332 343/1/343 13/1/13
f 333/1/333 1/1/1 344/1/344
f 333/1/333 344/1/344 334/1/334
f 334/1/334 344/1/344 345/1/345
f 334/1/334 345/1/345 335/1/335
f 335/1/335 345/1/345 346/1/346
f 335/1/335 346/1/346 336/1/336
f 336/1/336 346/1/346 347/1/347
f 336/1/336 347/1/347 337/1/337
f 337/1/337 347/1/347 348/1/348
f 337/1/337 348/1/348 338/1/338
f 338/1/338 348/1/348 349/1/349
f 338/1/338 349/1/349 339/1/339
f 339/1/339 349/1/349 350/1/350
f 339/1/339 350/1/350 340/1/340
f 340/1/340 350/1/350 351/1/351
f 340/1/340 351/1/351 341/1/341
f 341/1/341 351/1/351 352/1/352
f 341/1/341 352/1/352 342/1/342
f 342/1/342 352/1/352 353/1/353
f 342/1/342 353/1/353 343/1/343
f 343/1/343 353/1/353 354/1/354
f 343/1/343 354/1/354 13/1/13
f 344/1/344 1/1/1 355/1/355
f 344/1/344 355/1/355 345/1/345
f 345/1/345 355/1/355 356/1/356
f 345/1/345 356/1/356 346/1/346
f 346/1/346 356/1/356 357/1/357
f 346/1/346 357/1/357 347/1/347
f 347/1/347 357/1/357 358/1/358
f 347/1/347 358/1/358 348/1/348
f 348/1/348 358/1/358 359/1/359
f 348/1/348 359/1/359 349/1/349
f 349/1/349 359/1/359 360/1/360
f 349/1/349 360/1/360 350/1/350
f 350/1/350 360/1/360 361/1/361
f 350/1/350 361/1/361 351/1/351
f 351/1/351 361/1/361 362/1/362
f 351/1/351 362/1/362 352/1/352
f 352/1/352 362/1/362 363/1/363
f 352/1/352 363/1/363 353/1/353
f 353/1/353 363/1/363 364/1/364
f 353/1/353 364/1/364 354/1/354
f 354/1/354 364/1/364 365/1/365
f 354/1/354 365/1/365 13/1/13
f 355/1/355 1/1/1 366/1/366
f 355/1/355 366/1/366 356/1/356
f 356/1/356 366/1/366 367/1/367
f 356/1/356 367/1/367 357/1/357
f 357/1/357 367/1/367 368/1/368
f 357/1/357 368/1/368 358/1/358
f 358/1/358 368/1/368 369/1/369
f 358/1/358 369/1/369 359/1/359
f 359/1/359 369/1/369 370/1/370
f 359/1/359 370/1/370 360/1/360
f 360/1/360 370/1/370 371/1/371
f 360/1/360 371/1/371 361/1/361
f 361/1/361 371/1/371 372/1/372
f 361/1/361 372/1/372 362/1/362
f 362/1/362 372/1/372 373/1/373
f 362/1/362 373/1/373 363/1/363
f 363/1/363 373/1/373 374/1/374
f 363/1/363 374/1/374 364/1/364
f 364/1/364 374/1/374 375/1/375
f 364/1/364 375/1/375 365/1/365
f 365/1/365 375/1/375 376/1/376
f 365/1/365 376/1/376 13/1/13
f 366/1/366 1/1/1 377/1/377
f 366/1/366 377/1/377 367/1/367
f 367/1/367 377/1/377 378/1/378
f 367/1/367 378/1/378 368/1/368
f 368/1/368 378/1/378 379/1/379
f 368/1/368 379/1/379 369/1/369
f 369/1/369 379/1/379 380/1/380
f 369/1/369 380/1/380 370/1/370
f 370/1/370 380/1/380 381/1/381
f 370/1/370 381/1/381 371/1/371
f 371/1/371 381/1/381 382/1/382
f 371/1/371 382/1/382 372/1/372
f 372/1/372 382/1/382 383/1/383
f 372/1/372 383/1/383 373/1/373
f 373/1/373 383/1/383 384/1/384
f 373/1/373 384/1/384 374/1/374
f 374/1/374 384/1/384 385/1/385
f 374/1/374 385/1/385 375/1/375
f 375/1/375 385/1/385 386/1/386
f 375/1/375 386/1/386 376/1/376
f 376/1/376 386/1/386 387/1/387
f 376/1/376 387/1/387 13/1/13
f 377/1/377 1/1/1 388/1/388
f 377/1/377 388/1/388 378/1/378
f 378/1/378 388/1/388 389/1/389
f 378/1/378 389/1/389 379/1/379
f 379/1/379 389/1/389 390/1/390
f 379/1/379 390/1/390 380/1/380
f 380/1/380 390/1/390 391/1/391
f 380/1/380 391/1/391 381/1/381
f 381/1/381 391/1/391 392/1/392
f 381/1/381 392/1/392 382/1/382
f 382/1/382 392/1/392 393/1/393
f 382/1/382 393/1/393 383/1/383
f 383/1/383 393/1/393 394/1/394
f 383/1/383 394/1/394 384/1/384
f 384/1/384 394/1/394 395/1/395
f 384/1/384 395/1/395 385/1/385
f 385/1/385 395/1/395 396/1/396
f 385/1/385 396/1/396 386/1/386
f 386/1/386 396/1/396 397/1/397
f 386/1/386 397/1/397 387/1/387
f 387/1/387 397/1/397 398/1/398
f 387/1/387 398/1/398 13/1/13
f 388/1/388 1/1/1 399/1/399
f 388/1/388 399/1/399 389/1/389
f 389/1/389 399/1/399 400/1/400
f 389/1/389 400/1/400 390/1/390
f 390/1/390 400/1/400 401/1/401
f 390/1/390 401/1/401 391/1/391
f 391/1/391 401/1/401 402/1/402
f 391/1/391 402/1/402 392/1/392
f 392/1/392 402/1/402 403/1/403
f 392/1/392 403/1/403 393/1/393
f 393/1/393 403/1/403 404/1/404
f 393/1/393 404/1/404 394/1/394
f 394/1/394 404/1/404 405/1/405
f 394/1/394 405/1/405 395/1/395
f 395/1/395 405/1/405 406/1/406
f 395/1/395 406/1/406 396/1/396
f 396/1/396 406/1/406 407/1/407
f 396/1/396 407/1/407 397/1/397
f 397/1/397 407/1/407 408/1/408
f 397/1/397 408/1/408 398/1/398
f 398/1/398 408/1/408 409/1/409
f 398/1/398 409/1/409 13/1/13
f 399/1/399 1/1/1 410/1/410
f 399/1/399 410/1/410 400/1/400
f 400/1/400 410/1/410 411/1/411
f 400/1/400 411/1/411 401/1/401
f 401/1/401 411/1/411 412/1/412
f 401/1/401 412/1/412 402/1/402
f 402/1/402 412/1/412 413/1/413
f 402/1/402 413/1/413 403/1/403
f 403/1/403 413/1/413 414/1/414
f 403/1/403 414/1/414 404/1/404
f 404/1/404 414/1/414 415/1/415
f 404/1/404 415/1/415 405/1/405
f 405/1/405 415/1/415 416/1/416
f 405/1/405 416/1/416 406/1/406
f 406/1/406 416/1/416 417/1/417
f 406/1/406 417/1/417 407/1/407
f 407/1/407 417/1/417 418/1/418
f 407/1/407 418/1/418 408/1/408
f 408/1/408 418/1/418 419/1/419
f 408/1/408 419/1/419 409/1/409
f 409/1/409 419/1/419 420/1/420
f 409/1/409 420/1/420 13/1/13
f 410/1/410 1/1/1 421/1/421
f 410/1/410 421/1/421 411/1/411
f 411/1/411 421/1/421 422/1/422
f 411/1/411 422/1/422 412/1/412
f 412/1/412 422/1/422 423/1/423
f 412/1/412 423/1/423 413/1/413
f 413/1/413 423/1/423 424/1/424
f 413/1/413 424/1/424 414/1/414
f 414/1/414 424/1/424 425/1/425
f 414/1/414 425/1/425 415/1/415
f 415/1/415 425/1/425 426/1/426
f 415/1/415 426/1/426 416/1/416
f 416/1/416 426/1/426 427/1/427
f 416/1/416 427/1/427 417/1/417
f 417/1/417 427/1/427 428/1/428
f 417/1/417 428/1/428 418/1/418
f 418/1/418 428/1/428 429/1/429
f 418/1/418 429/1/429 419/1/419
f 419/1/419 429/1/429 430/1/430
f 419/1/419 430/1/430 420/1/420
f 420/1/420 430/1/430 431/1/431
f 420/1/420 431/1/431 13/1/13
f 421/1/421 1/1/1 432/1/432
f 421/1/421 432/1/432 422/1/422
f 422/1/422 432/1/432 433/1/433
f 422/1/422 433/1/433 423/1/423
f 423/1/423 433/1/433 434/1/434
f 423/1/423 434/1/434 424/1/424
f 424/1/424 434/1/434 435/1/435
f 424/1/424 435/1/435 425/1/425
f 425/1/425 435/1/435 436/1/436
f 425/1/425 436/1/436 426/1/426
f 426/1/426 436/1/436 437/1/437
f 426/1/426 437/1/437 427/1/427
f 427/1/427 437/1/437 438/1/438
f 427/1/427 438/1/438 428/1/428
f 428/1/428 438/1/438 439/1/439
f 428/1/428 439/1/439 429/1/429
f 429/1/429 439/1/439 440/1/440
f 429/1/429 440/1/440 430/1/430
f 430/1/430 440/1/440 441/1/441
f 430/1/430 441/1/441 431/1/431
f 431/1/431 441/1/441 442/1/442
f 431/1/431 442/1/442 13/1/13
f 432/1/432 1/1/1 443/1/443
f 432/1/432 443/1/443 433/1/433
f 433/1/433 443/1/443 444/1/444
f 433/1/433 444/1/444 434/1/434
f 434/1/434 444/1/444 445/1/445
f 434/1/434 445/1/445 435/1/435
f 435/1/435 445/1/445 446/1/446
f 435/1/435 446/1/446 436/1/436
f 436/1/436 446/1/446 447/1/447
f 436/1/436 447/1/447 437/1/437
f 437/1/437 447/1/447 448/1/448
f 437/1/437 448/1/448 438/1/438
f 438/1/438 448/1/448 449/1/449
f 438/1/438 449/1/449 439/1/439
f 439/1/439 449/1/449 450/1/450
f 439/1/439 450/1/450 440/1/440
f 440/1/440 450/1/450 451/1/451
f 440/1/440 451/1/451 441/1/441
f 441/1/441 451/1/451 452/1/452
f 441/1/441 452/1/452 442/1/442
f 442/1/442 452/1/452 453/1/453
f 442/1/442 453/1/453 13/1/13
f 443/1/443 1/1/1 454/1/454
f 443/1/443 454/1/454 444/1/444
f 444/1/444 454/1/454 455/1/455
f 444/1/444 455/1/455 445/1/445
f 445/1/445 455/1/455 456/1/456
f 445/1/445 456/1/456 446/1/446
f 446/1/446 456/1/456 457/1/457
f 446/1/446 457/1/457 447/1/447
f 447/1/447 457/1/457 458/1/458
f 447/1/447 458/1/458 448/1/448
f 448/1/448 458/1/458 459/1/459
f 448/1/448 459/1/459 449/1/449
f 449/1/449 459/1/459 460/1/460
f 449/1/449 460/1/460 450/1/450
f 450/1/450 460/1/460 461/1/461
f 450/1/450 461/1/461 451/1/451
f 451/1/451 461/1/461 462/1/462
f 451/1/451 462/1/462 452/1/452
f 452/1/452 462/1/462 463/1/463
f 452/1/452 463/1/463 453/1/453
f 453/1/453 463/1/463 464/1/464
f 453/1/453 464/1/464 13/1/13
f 454/1/454 1/1/1 465/1/465
f 454/1/454 465/1/465 455/1/455
f 455/1/455 465/1/465 466/1/466
f 455/1/455 466/1/466 456/1/456
f 456/1/456 466/1/466 467/1/467
f 456/1/456 467/1/467 457/1/457
f 457/1/457 467/1/467 468/1/468
f 457/1/457 468/1/468 458/1/458
f 458/1/458 468/1/468 469/1/469
f 458/1/458 469/1/469 459/1/459
f 459/1/459 469/1/469 470/1/470
f 459/1/459 470/1/470 460/1/460
f 460/1/460 470/1/470 471/1/471
f 460/1/460 471/1/471 461/1/461
f 461/1/461 471/1/471 472/1/472
f 461/1/461 472/1/472 462/1/462
f 462/1/462 472/1/472 473/1/473
f 462/1/462 473/1/473 463/1/463
f 463/1/463 473/1/473 474/1/474
f 463/1/463 474/1/474 464/1/464
f 464/1/464 474/1/474 475/1/475
f 464/1/464 475/1/475 13/1/13
f 465/1/465 1/1/1 476/1/476
f 465/1/465 476/1/476 466/1/466
f 466/1/466 476/1/476 477/1/477
f 466/1/466 477/1/477 467/1/467
f 467/1/467 477/1/477 478/1/478
f 467/1/467 478/1/478 468/1/468
f 468/1/468 478/1/478 479/1/479
f 468/1/468 479/1/479 469/1/469
f 469/1/469 479/1/479 480/1/480
f 469/1/469 480/1/480 470/1/470
f 470/1/470 480/1/480 481/1/481
f 470/1/470 481/1/481 471/1/471
f 471/1/471 481/1/481 482/1/482
f 471/1/471 482/1/482 472/1/472
f 472/1/472 482/1/482 483/1/483
f 472/1/472 483/1/483 473/1/473
f 473/1/473 483/1/483 484/1/484
f 473/1/473 484/1/484 474/1/474
f 474/1/474 484/1/484 485/1/485
f 474/1/474 485/1/485 475/1/475
f 475/1/475 485/1/485 486/1/486
f 475/1/475 486/1/486 13/1/13
f 476/1/476 1/1/1 487/1/487
f 476/1/476 487/1/487 477/1/477
f 477/1/477 487/1/487 488/1/488
f 477/1/477 488/1/488 478/1/478
f 478/1/478 488/1/488 489/1/489
f 478/1/478 489/1/489 479/1/479
f 479/1/479 489/1/489 490/1/490
f 479/1/479 490/1/490 480/1/480
f 480/1/480 490/1/490 491/1/491
f 480/1/480 491/1/491 481/1/481
f 481/1/481 491/1/491 492/1/492
f 481/1/481 492/1/492 482/1/482
f 482/1/482 492/1/492 493/1/493
f 482/1/482 493/1/493 483/1/483
f 483/1/483 493/1/493 494/1/494
f 483/1/483 494/1/494 484/1/484
f 484/1/484 494/1/494 495/1/495
f 484/1/484 495/1/495 485/1/485
f 485/1/485 495/1/495 496/1/496
f 485/1/485 496/1/496 486/1/486
f 486/1/486 496/1/496 497/1/497
f 486/1/486 497/1/497 13/1/13
f 487/1/487 1/1/1 498/1/498
f 487/1/487 498/1/498 488/1/488
f 488/1/488 498/1/498 499/1/499
f 488/1/488 499/1/499 489/1/489
f 489/1/489 499/1/499 500/1/500
f 489/1/489 500/1/500 490/1/490
f 490/1/490 500/1/500 501/1/501
f 490/1/490 501/1/501 491/1/491
f 491/1/491 501/1/501 502/1/502
f 491/1/491 502/1/502 492/1/492
f 492/1/492 502/1/502 503/1/503
f 492/1/492 503/1/503 493/1/493
f 493/1/493 503/1/503 504/1/504
f 493/1/493 504/1/504 494/1/494
f 494/1/494 504/1/504 505/1/505
f 494/1/494 505/1/505 495/1/495
f 495/1/495 505/1/505 506/1/506
f 495/1/495 506/1/506 496/1/496
f 496/1/496 506/1/506 507/1/507
f 496/1/496 507/1/507 497/1/497
f 497/1/497 507/1/507 508/1/508
f 497/1/497 508/1/508 13/1/13
f 498/1/498 1/1/1 509/1/509
f 498/1/498 509/1/509 499/1/499
f 499/1/499 509/1/509 510/1/510
f 499/1/499 510/1/510 500/1/500
f 500/1/500 510/1/510 511/1/511
f 500/1/500 511/1/511 501/1/501
f 501/1/501 511/1/511 512/1/512
f 501/1/501 512/1/512 502/1/502
f 502/1/502 512/1/512 513/1/513
f 502/1/502 513/1/513 503/1/503
f 503/1/503 513/1/513 514/1/514
f 503/1/503 514/1/514 504/1/504
f 504/1/504 514/1/514 515/1/515
f 504/1/504 515/1/515 505/1/505
f 505/1/505 515/1/515 516/1/516
f 505/1/505 516/1/516 506/1/506
f 506/1/506 516/1/516 517/1/517
f 506/1/506 517/1/517 507/1/507
f 507/1/507 517/1/517 518/1/518
f 507/1/507 518/1/518 508/1/508
f 508/1/508 518/1/518 519/1/519
f 508/1/508 519/1/519 13/1/13
f 509/1/509 1/1/1 520/1/520
f 509/1/509 520/1/520 510/1/510
f 510/1/510 520/1/520 521/1/521
f 510/1/510 521/1/521 511/1/511
f 511/1/511 521/1/521 522/1/522
f 511/1/511 522/1/522 512/1/512
f 512/1/512 522/1/522 523/1/523
f 512/1/512 523/1/523 513/1/513
f 513/1/513 523/1/523 524/1/524
f 513/1/513 524/1/524 514/1/514
f 514/1/514 524/1/524 525/1/525
f 514/1/514 525/1/525 515/1/515
f 515/1/515 525/1/525 526/1/526
f 515/1/515 526/1/526 516/1/516
f 516/1/516 526/1/526 527/1/527
f 516/1/516 527/1/527 517/1/517
f 517/1/517 527/1/527 528/1/528
f 517/1/517 528/1/528 518/1/518
f 518/1/518 528/1/528 529/1/529
f 518/1/518 529/1/529 519/1/519
f 519/1/519 529/1/529 530/1/530
f 519/1/519 530/1/530 13/1/13
f 520/1/520 1/1/1 531/1/531
f 520/1/520 531/1/531 521/1/521
f 521/1/521 531/1/531 532/1/532
f 521/1/521 532/1/532 522/1/522
f 522/1/522 532/1/532 533/1/533
f 522/1/522 533/1/533 523/1/523
f 523/1/523 533/1/533 534/1/534
f 523/1/523 534/1/534 524/1/524
f 524/1/524 534/1/534 535/1/535
f 524/1/524 535/1/535 525/1/525
f 525/1/525 535/1/535 536/1/536
f 525/1/525 536/1/536 526/1/526
f 526/1/526 536/1/536 537/1/537
f 526/1/526 537/1/537 527/1/527
f 527/1/527 537/1/537 538/1/538
f 527/1/527 538/1/538 528/1/528
f 528/1/528 538/1/538 539/1/539
f 528/1/528 539/1/539 529/1/529
f 529/1/529 539/1/539 540/1/540
f 529/1/529 540/1/540 530/1/530
f 530/1/530 540/1/540 541/1/541
f 530/1/530 541/1/541 13/1/13
f 531/1/531 1/1/1 542/1/542
f 531/1/531 542/1/542 532/1/532
f 532/1/532 542/1/542 543/1/543
f 532/1/532 543/1/543 533/1/533
f 533/1/533 543/1/543 544/1/544
f 533/1/533 544/1/544 534/1/534
f 534/1/534 544/1/544 545/1/545
f 534/1/534 545/1/545 535/1/535
f 535/1/535 545/1/545 546/1/546
f 535/1/535 546/1/546 536/1/536
f 536/1/536 546/1/546 547/1/547
f 536/1/536 547/1/547 537/1/537
f 537/1/537 547/1/547 548/1/548
f 537/1/537 548/1/548 538/1/538
f 538/1/538 548/1/548 549/1/549
f 538/1/538 549/1/549 539/1/539
f 539/1/539 549/1/549 550/1/550
f 539/1/539 550/1/550 540/1/540
f 540/1/540 550/1/550 551/1/551
f 540/1/540 551/1/551 541/1/541
f 541/1/541 551/1/551 552/1/552
f 541/1/541 552/1/552 13/1/13
f 542/1/542 1/1/1 553/1/553
f 542/1/542 553/1/553 543/1/543
f 543/1/543 553/1/553 554/1/554
f 543/1/543 554/1/554 544/1/544
f 544/1/544 554/1/554 555/1/555
f 544/1/544 555/1/555 545/1/545
f 545/1/545 555/1/555 556/1/556
f 545/1/545 556/1/556 546/1/546
f 546/1/546 556/1/556 557/1/557
f 546/1/546 557/1/557 547/1/547
f 547/1/547 557/1/557 558/1/558
f 547/1/547 558/1/558 548/1/548
f 548/1/548 558/1/558 559/1/559
f 548/1/548 559/1/559 549/1/549
f 549/1/549 559/1/559 560/1/560
f 549/1/549 560/1/560 550/1/550
f 550/1/550 560/1/560 561/1/561
f 550/1/550 561/1/561 551/1/551
f 551/1/551 561/1/561 562/1/562
f 551/1/551 562/1/562 552/1/552
f 552/1/552 562/1/562 563/1/563
f 552/1/552 563/1/563 13/1/13
f 553/1/553 1/1/1 564/1/564
f 553/1/553 564/1/564 554/1/554
f 554/1/554 564/1/564 565/1/565
f 554/1/554 565/1/565 555/1/555
f 555/1/555 565/1/565 566/1/566
f 555/1/555 566/1/566 556/1/556
f 556/1/556 566/1/566 567/1/567
f 556/1/556 567/1/567 557/1/557
f 557/1/557 567/1/567 568/1/568
f 557/1/557 568/1/568 558/1/558
f 558/1/558 568/1/568 569/1/569
f 558/1/558 569/1/569 559/1/559
f 559/1/559 569/1/569 570/1/570
f 559/1/559 570/1/570 560/1/560
f 560/1/560 570/1/570 571/1/571
f 560/1/560 571/1/571 561/1/561
f 561/1/561 571/1/571 572/1/572
f 561/1/561 572/1/572 562/1/562
f 562/1/562 572/1/572 573/1/573
f 562/1/562 573/1/573 563/1/563
f 563/1/563 573/1/573 574/1/574
f 563/1/563 574/1/574 13/1/13
f 564/1/564 1/1/1 575/1/575
f 564/1/564 575/1/575 565/1/565
f 565/1/565 575/1/575 576/1/576
f 565/1/565 576/1/576 566/1/566
f 566/1/566 576/1/576 577/1/577
f 566/1/566 577/1/577 567/1/567
f 567/1/567 577/1/577 578/1/578
f 567/1/567 578/1/578 568/1/568
f 568/1/568 578/1/578 579/1/579
f 568/1/568 579/1/579 569/1/569
f 569/1/569 579/1/579 580/1/580
f 569/1/569 580/1/580 570/1/570
f 570/1/570 580/1/580 581/1/581
f 570/1/570 581/1/581 571/1/571
f 571/1/571 581/1/581 582/1/582
f 571/1/571 582/1/582 572/1/572
f 572/1/572 582/1/582 583/1/583
f 572/1/572 583/1/583 573/1/573
f 573/1/573 583/1/583 584/1/584
f 573/1/573 584/1/584 574/1/574
f 574/1/574 584/1/584 585/1/585
f 574/1/574 585/1/585 13/1/13
f 575/1/575 1/1/1 586/1/586
f 575/1/575 586/1/586 576/1/576
f 576/1/576 586/1/586 587/1/587
f 576/1/576 587/1/587 577/1/577
f 577/1/577 587/1/587 588/1/588
f 577/1/577 588/1/588 578/1/578
f 578/1/578 588/1/588 589/1/589
f 578/1/578 589/1/589 579/1/579
f 579/1/579 589/1/589 590/1/590
f 579/1/579 590/1/590 580/1/580
f 580/1/580 590/1/590 591/1/591
f 580/1/580 591/1/591 581/1/581
f 581/1/581 591/1/591 592/1/592
f 581/1/581 592/1/592 582/1/582
f 582/1/582 592/1/592 593/1/593
f 582/1/582 593/1/593 583/1/583
f 583/1/583 593/1/593 594/1/594
f 583/1/583 594/1/594 584/1/584
f 584/1/584 594/1/594 595/1/595
f 584/1/584 595/1/595 585/1/585
f 585/1/585 595/1/595 596/1/596
f 585/1/585 596/1/596 13/1/13
f 586/1/586 1/1/1 597/1/597
f 586/1/586 597/1/597 587/1/587
f 587/1/587 597/1/597 598/1/598
f 587/1/587 598/1/598 588/1/588
f 588/1/588 598/1/598 599/1/599
f 588/1/588 599/1/599 589/1/589
f 589/1/589 599/1/599 600/1/600
f 589/1/589 600/1/600 590/1/590
f 590/1/590 600/1/600 601/1/601
f 590/1/590 601/1/601 591/1/591
f 591/1/591 601/1/601 602/1/602
f 591/1/591 602/1/602 592/1/592
f 592/1/592 602/1/602 603/1/603
f 592/1/592 603/1/603 593/1/593
f 593/1/593 603/1/603 604/1/604
f 593/1/593 604/1/604 594/1/594
f 594/1/594 604/1/604 605/1/605
f 594/1/594 605/1/605 595/1/595
f 595/1/595 605/1/605 606/1/606
f 595/1/595 606/1/606 596/1/596
f 596/1/596 606/1/606 607/1/607
f 596/1/596 607/1/607 13/1/13
f 597/1/597 1/1/1 608/1/608
f 597/1/597 608/1/608 598/1/598
f 598/1/598 608/1/608 609/1/609
f 598/1/598 609/1/609 599/1/599
f 599/1/599 609/1/609 610/1/610
f 599/1/599 610/1/610 600/1/600
f 600/1/600 610/1/610 611/1/611
f 600/1/600 611/1/611 601/1/601
f 601/1/601 611/1/611 612/1/612
f 601/1/601 612/1/612 602/1/602
f 602/1/602 612/1/612 613/1/613
f 602/1/602 613/1/613 603/1/603
f 603/1/603 613/1/613 614/1/614
f 603/1/603 614/1/614 604/1/604
f 604/1/604 614/1/614 615/1/615
f 604/1/604 615/1/615 605/1/605
f 605/1/605 615/1/615 616/1/616
f 605/1/605 616/1/616 606/1/606
f 606/1/606 616/1/616 617/1/617
f 606/1/606 617/1/617 607/1/607
f 607/1/607 617/1/617 618/1/618
f 607/1/607 618/1/618 13/1/13
f 608/1/608 1/1/1 619/1/619
f 608/1/608 619/1/619 609/1/609
f 609/1/609 619/1/619 620/1/620
f 609/1/609 620/1/620 610/1/610
f 610/1/610 620/1/620 621/1/621
f 610/1/610 621/1/621 611/1/611
f 611/1/611 621/1/621 622/1/622
f 611/1/611 622/1/622 612/1/612
f 612/1/612 622/1/622 623/1/623
f 612/1/612 623/1/623 613/1/613
f 613/1/613 623/1/623 624/1/624
f 613/1/613 624/1/624 614/1/614
f 614/1/614 624/1/624 625/1/625
f 614/1/614 625/1/625 615/1/615
f 615/1/615 625/1/625 626/1/626
f 615/1/615 626/1/626 616/1/616
f 616/1/616 626/1/626 627/1/627
f 616/1/616 627/1/627 617/1/617
f 617/1/617 627/1/627 628/1/628
f 617/1/617 628/1/628 618/1/618
f 618/1/618 628/1/628 629/1/629
f 618/1/618 629/1/629 13/1/13
f 619/1/619 1/1/1 630/1/630
f 619/1/619 630/1/630 620/1/620
f 620/1/620 630/1/630 631/1/631
f 620/1/620 631/1/631 621/1/621
f 621/1/621 631/1/631 632/1/632
f 621/1/621 632/1/632 622/1/622
f 622/1/622 632/1/632 633/1/633
f 622/1/622 633/1/633 623/1/623
f 623/1/623 633/1/633 634/1/634
f 623/1/623 634/1/634 624/1/624
f 624/1/624 634/1/634 635/1/635
f 624/1/624 635/1/635 625/1/625
f 625/1/625 635/1/635 636/1/636
f 625/1/625 636/1/636 626/1/626
f 626/1/626 636/1/636 637/1/637
f 626/1/626 637/1/637 627/1/627
f 627/1/627 637/1/637 638/1/638
f 627/1/627 638/1/638 628/1/628
f 628/1/628 638/1/638 639/1/639
f 628/1/628 639/1/639 629/1/629
f 629/1/629 639/1/639 640/1/640
f 629/1/629 640/1/640 13/1/13
f 630/1/630 1/1/1 641/1/641
f 630/1/630 641/1/641 631/1/631
f 631/1/631 641/1/641 642/1/642
f 631/1/631 642/1/642 632/1/632
f 632/1/632 642/1/642 643/1/643
f 632/1/632 643/1/643 633/1/633
f 633/1/633 643/1/643 644/1/644
f 633/1/633 644/1/644 634/1/634
f 634/1/634 644/1/644 645/1/645
f 634/1/634 645/1/645 635/1/635
f 635/1/635 645/1/645 646/1/646
f 635/1/635 646/1/646 636/1/636
f 636/1/636 646/1/646 647/1/647
f 636/1/636 647/1/647 637/1/637
f 637/1/637 647/1/647 648/1/648
f 637/1/637 648/1/648 638/1/638
f 638/1/638 648/1/648 649/1/649
f 638/1/638 649/1/649 639/1/639
f 639/1/639 649/1/649 650/1/650
f 639/1/639 650/1/650 640/1/640
f 640/1/640 650/1/650 651/1/651
f 640/1/640 651/1/651 13/1/13
f 641/1/641 1/1/1 652/1/652
f 641/1/641 652/1/652 642/1/642
f 642/1/642 652/1/652 653/1/653
f 642/1/642 653/1/653 643/1/643
f 643/1/643 653/1/653 654/1/654
f 643/1/643 654/1/654 644/1/644
f 644/1/644 654/1/654 655/1/655
f 644/1/644 655/1/655 645/1/645
f 645/1/645 655/1/655 656/1/656
f 645/1/645 656/1/656 646/1/646
f 646/1/646 656/1/656 657/1/657
f 646/1/646 657/1/657 647/1/647
f 647/1/647 657/1/657 658/1/658
f 647/1/647 658/1/658 648/1/648
f 648/1/648 658/1/658 659/1/659
f 648/1/648 659/1/659 649/1/649
f 649/1/649 659/1/659 660/1/660
f 649/1/649 660/1/660 650/1/650
f 650/1/650 660/1/660 661/1/661
f 650/1/650 661/1/661 651/1/651
f 651/1/651 661/1/661 662/1/662
f 651/1/651 662/1/662 13/1/13
f 652/1/652 1/1/1 663/1/663
f 652/1/652 663/1/663 653/1/653
f 653/1/653 663/1/663 664/1/664
f 653/1/653 664/1/664 654/1/654
f 654/1/654 664/1/664 665/1/665
f 654/1/654 665/1/665 655/1/655
f 655/1/655 665/1/665 666/1/666
f 655/1/655 666/1/666 656/1/656
f 656/1/656 666/1/666 667/1/667
f 656/1/656 667/1/667 657/1/657
f 657/1/657 667/1/667 668/1/668
f 657/1/657 668/1/668 658/1/658
f 658/1/658 668/1/668 669/1/669
f 658/1/658 669/1/669 659/1/659
f 659/1/659 669/1/669 670/1/670
f 659/1/659 670/1/670 660/1/660
f 660/1/660 670/1/670 671/1/671
f 660/1/660 671/1/671 661/1/661
f 661/1/661 671/1/671 672/1/672
f 661/1/661 672/1/672 662/1/662
f 662/1/662 672/1/672 673/1/673
f 662/1/662 673/1/673 13/1/13
f 663/1/663 1/1/1 674/1/674
f 663/1/663 674/1/674 664/1/664
f 664/1/664 674/1/674 675/1/675
f 664/1/664 675/1/675 665/1/665
f 665/1/665 675/1/675 676/1/676
f 665/1/665 676/1/676 666/1/666
f 666/1/666 676/1/676 677/1/677
f 666/1/666 677/1/677 667/1/667
f 667/1/667 677/1/677 678/1/678
f 667/1/667 678/1/678 668/1/668
f 668/1/668 678/1/678 679/1/679
f 668/1/668 679/1/679 669/1/669
f 669/1/669 679/1/679 680/1/680
f 669/1/669 680/1/680 670/1/670
f 670/1/670 680/1/680 681/1/681
f 670/1/670 681/1/681 671/1/671
f 671/1/671 681/1/681 682/1/682
f 671/1/671 682/1/682 672/1/672
f 672/1/672 682/1/682 683/1/683
f 672/1/672 683/1/683 673/1/673
f 673/1/673 683/1/683 684/1/684
f 673/1/673 684/1/684 13/1/13
f 674/1/674 1/1/1 685/1/685
f 674/1/674 685/1/685 675/1/675
f 675/1/675 685/1/685 686/1/686
f 675/1/675 686/1/686 676/1/676
f 676/1/676 686/1/686 687/1/687
f 676/1/676 687/1/687 677/1/677
f 677/1/677 687/1/687 688/1/688
f 677/1/677 688/1/688 678/1/678
f 678/1/678 688/1/688 689/1/689
f 678/1/678 689/1/689 679/1/679
f 679/1/679 689/1/689 690/1/690
f 679/1/679 690/1/690 680/1/680
f 680/1/680 690/1/690 691/1/691
f 680/1/680 691/1/691 681/1/681
f 681/1/681 691/1/691 692/1/692
f 681/1/681 692/1/692 682/1/682
f 682/1/682 692/1/692 693/1/693
f 682/1/682 693/1/693 683/1/683
f 683/1/683 693/1/693 694/1/694
f 683/1/683 694/1/694 684/1/684
f 684/1/684 694/1/694 695/1/695
f 684/1/684 695/1/695 13/1/13
f 685/1/685 1/1/1 696/1/696
f 685/1/685 696/1/696 686/1/686
f 686/1/686 696/1/696 697/1/697
f 686/1/686 697/1/697 687/1/687
f 687/1/687 697/1/697 698/1/698
f 687/1/687 698/1/698 688/1/688
f 688/1/688 698/1/698 699/1/699
f 688/1/688 699/1/699 689/1/689
f 689/1/689 699/1/699 700/1/700
f 689/1/689 700/1/700 690/1/690
f 690/1/690 700/1/700 701/1/701
f 690/1/690 701/1/701 691/1/691
f 691/1/691 701/1/701 702/1/702
f 691/1/691 702/1/702 692/1/692
f 692/1/692 702/1/702 703/1/703
f 692/1/692 703/1/703 693/1/693
f 693/1/693 703/1/703 704/1/704
f 693/1/693 704/1/704 694/1/694
f 694/1/694 704/1/704 705/1/705
f 694/1/694 705/1/705 695/1/695
f 695/1/695 705/1/705 706/1/706
f 695/1/695 706/1/706 13/1/13
f 696/1/696 1/1/1 707/1/707
f 696/1/696 707/1/707 697/1/697
f 697/1/697 707/1/707 708/1/708
f 697/1/697 708/1/708 698/1/698
f 698/1/698 708/1/708 709/1/709
f 698/1/698 709/1/709 699/1/699
f 699/1/699 709/1/709 710/1/710
f 699/1/699 710/1/710 700/1/700
f 700/1/700 710/1/710 711/1/711
f 700/1/700 711/1/711 701/1/701
f 701/1/701 711/1/711 712/1/712
f 701/1/701 712/1/712 702/1/702
f 702/1/702 712/1/712 713/1/713
f 702/1/702 713/1/713 703/1/703
f 703/1/703 713/1/713 714/1/714
f 703/1/703 714/1/714 704/1/704
f 704/1/704 714/1/714 715/1/715
f 704/1/704 715/1/715 705/1/705
f 705/1/705 715/1/715 716/1/716
f 705/1/705 716/1/716 706/1/706
f 706/1/706 716/1/716 717/1/717
f 706/1/706 717/1/717 13/1/13
f 707/1/707 1/1/1 718/1/718
f 707/1/707 718/1/718 708/1/708
f 708/1/708 718/1/718 719/1/719
f 708/1/708 719/1/719 709/1/709
f 709/1/709 719/1/719 720/1/720
f 709/1/709 720/1/720 710/1/710
f 710/1/710 720/1/720 721/1/721
f 710/1/710 721/1/721 711/1/711
f 711/1/711 721/1/721 722/1/722
f 711/1/711 722/1/722 712/1/712
f 712/1/712 722/1/722 723/1/723
f 712/1/712 723/1/723 713/1/713
f 713/1/713 723/1/723 724/1/724
f 713/1/713 724/1/724 714/1/714
f 714/1/714 724/1/724 725/1/725
f 714/1/714 725/1/725 715/1/715
f 715/1/715 725/1/725 726/1/726
f 715/1/715 726/1/726 716/1/716
f 716/1/716 726/1/726 727/1/727
f 716/1/716 727/1/727 717/1/717
f 717/1/717 727/1/727 728/1/728
f 717/1/717 728/1/728 13/1/13
f 718/1/718 1/1/1 729/1/729
f 718/1/718 729/1/729 719/1/719
f 719/1/719 729/1/729 730/1/730
f 719/1/719 730/1/730 720/1/720
f 720/1/720 730/1/730 731/1/731
f 720/1/720 731/1/731 721/1/721
f 721/1/721 731/1/731 732/1/732
f 721/1/721 732/1/732 722/1/722
f 722/1/722 732/1/732 733/1/733
f 722/1/722 733/1/733 723/1/723
f 723/1/723 733/1/733 734/1/734
f 723/1/723 734/1/734 724/1/724
f 724/1/724 734/1/734 735/1/735
f 724/1/724 735/1/735 725/1/725
f 725/1/725 735/1/735 736/1/736
f 725/1/725 736/1/736 726/1/726
f 726/1/726 736/1/736 737/1/737
f 726/1/726 737/1/737 727/1/727
f 727/1/727 737/1/737 738/1/738
f 727/1/727 738/1/738 728/1/728
f 728/1/728 738/1/738 739/1/739
f 728/1/728 739/1/739 13/1/13
f 729/1/729 1/1/1 740/1/740
f 729/1/729 740/1/740 730/1/730
f 730/1/730 740/1/740 741/1/741
f 730/1/730 741/1/741 731/1/731
f 731/1/731 741/1/741 742/1/742
f 731/1/731 742/1/742 732/1/732
f 732/1/732 742/1/742 743/1/743
f 732/1/732 743/1/743 733/1/733
f 733/1/733 743/1/743 744/1/744
f 733/1/733 744/1/744 734/1/734
f 734/1/734 744/1/744 745/1/745
f 734/1/734 745/1/745 735/1/735
f 735/1/735 745/1/745 746/1/746
f 735/1/735 746/1/746 736/1/736
f 736/1/736 746/1/746 747/1/747
f 736/1/736 747/1/747 737/1/737
f 737/1/737 747/1/747 748/1/748
f 737/1/737 748/1/748 738/1/738
f 738/1/738 748/1/748 749/1/749
f 738/1/738 749/1/749 739/1/739
f 739/1/739 749/1/749 750/1/750
f 739/1/739 750/1/750 13/1/13
f 740/1/740 1/1/1 751/1/751
f 740/1/740 751/1/751 741/1/741
f 741/1/741 751/1/751 752/1/752
f 741/1/741 752/1/752 742/1/742
f 742/1/742 752/1/752 753/1/753
f 742/1/742 753/1/753 743/1/743
f 743/1/743 753/1/753 754/1/754
f 743/1/743 754/1/754 744/1/744
f 744/1/744 754/1/754 755/1/755
f 744/1/744 755/1/755 745/1/745
f 745/1/745 755/1/755 756/1/756
f 745/1/745 756/1/756 746/1/746
f 746/1/746 756/1/756 757/1/757
f 746/1/746 757/1/757 747/1/747
f 747/1/747 757/1/757 758/1/758
f 747/1/747 758/1/758 748/1/748
f 748/1/748 758/1/758 759/1/759
f 748/1/748 759/1/759 749/1/749
f 749/1/749 759/1/759 760/1/760
f 749/1/749 760/1/760 750/1/750
f 750/1/750 760/1/760 761/1/761
f 750/1/750 761/1/761 13/1/13
f 751/1/751 1/1/1 762/1/762
f 751/1/751 762/1/762 752/1/752
f 752/1/752 762/1/762 763/1/763
f 752/1/752 763/1/763 753/1/753
f 753/1/753 763/1/763 764/1/764
f 753/1/753 764/1/764 754/1/754
f 754/1/754 764/1/764 765/1/765
f 754/1/754 765/1/765 755/1/755
f 755/1/755 765/1/765 766/1/766
f 755/1/755 766/1/766 756/1/756
f 756/1/756 766/1/766 767/1/767
f 756/1/756 767/1/767 757/1/757
f 757/1/757 767/1/767 768/1/768
f 757/1/757 768/1/768 758/1/758
f 758/1/758 768/1/768 769/1/769
f 758/1/758 769/1/769 759/1/759
f 759/1/759 769/1/769 770/1/770
f 759/1/759 770/1/770 760/1/760
f 760/1/760 770/1/770 771/1/771
f 760/1/760 771/1/771 761/1/761
f 761/1/761 771/1/771 772/1/772
f 761/1/761 772/1/772 13/1/13
f 762/1/762 1/1/1 773/1/773
f 762/1/762 773/1/773 763/1/763
f 763/1/763 773/1/773 774/1/774
f 763/1/763 774/1/774 764/1/764
f 764/1/764 774/1/774 775/1/775
f 764/1/764 775/1/775 765/1/765
f 765/1/765 775/1/775 776/1/776
f 765/1/765 776/1/776 766/1/766
f 766/1/766 776/1/776 777/1/777
f 766/1/766 777/1/777 767/1/767
f 767/1/767 777/1/777 778/1/778
f 767/1/767 778/1/778 768/1/768
f 768/1/768 778/1/778 779/1/779
f 768/1/768 779/1/779 769/1/769
f 769/1/769 779/1/779 780/1/780
f 769/1/769 780/1/780 770/1/770
f 770/1/770 780/1/780 781/1/781
f 770/1/770 781/1/781 771/1/771
f 771/1/771 781/1/781 782/1/782
f 771/1/771 782/1/782 772/1/772
f 772/1/772 782/1/782 783/1/783
f 772/1/772 783/1/783 13/1/13
f 773/1/773 1/1/1 784/1/784
f 773/1/773 784/1/784 774/1/774
f 774/1/774 784/1/784 785/1/785
f 774/1/774 785/1/785 775/1/775
f 775/1/775 785/1/785 786/1/786
f 775/1/775 786/1/786 776/1/776
f 776/1/776 786/1/786 787/1/787
f 776/1/776 787/1/787 777/1/777
f 777/1/777 787/1/787 788/1/788
f 777/1/777 788/1/788 778/1/778
f 778/1/778 788/1/788 789/1/789
f 778/1/778 789/1/789 779/1/779
f 779/1/779 789/1/789 790/1/790
f 779/1/779 790/1/790 780/1/780
f 780/1/780 790/1/790 791/1/791
f 780/1/780 791/1/791 781/1/781
f 781/1/781 791/1/791 792/1/792
f 781/1/781 792/1/792 782/1/782
f 782/1/782 792/1/792 793/1/793
f 782/1/782 793/1/793 783/1/783
f 783/1/783 793/1/793 794/1/794
f 783/1/783 794/1/794 13/1/13
f 784/1/784 1/1/1 795/1/795
f 784/1/784 795/1/795 785/1/785
f 785/1/785 795/1/795 796/1/796
f 785/1/785 796/1/796 786/1/786
f 786/1/786 796/1/796 797/1/797
f 786/1/786 797/1/797 787/1/787
f 787/1/787 797/1/797 798/1/798
f 787/1/787 798/1/798 788/1/788
f 788/1/788 798/1/798 799/1/799
f 788/1/788 799/1/799 789/1/789
f 789/1/789 799/1/799 800/1/800
f 789/1/789 800/1/800 790/1/790
f 790/1/790 800/1/800 801/1/801
f 790/1/790 801/1/801 791/1/791
f 791/1/791 801/1/801 802/1/802
f 791/1/791 802/1/802 792/1/792
f 792/1/792 802/1/802 803/1/803
f 792/1/792 803/1/803 793/1/793
f 793/1/793 803/1/803 804/1/804
f 793/1/793 804/1/804 794/1/794
f 794/1/794 804/1/804 805/1/805
f 794/1/794 805/1/805 13/1/13
f 795/1/795 1/1/1 806/1/806
f 795/1/795 806/1/806 796/1/796
f 796/1/796 806/1/806 807/1/807
f 796/1/796 807/1/807 797/1/797
f 797/1/797 807/1/807 808/1/808
f 797/1/797 808/1/808 798/1/798
f 798/1/798 808/1/808 809/1/809
f 798/1/798 809/1/809 799/1/799
f 799/1/799 809/1/809 810/1/810
f 799/1/799 810/1/810 800/1/800
f 800/1/800 810/1/810 811/1/811
f 800/1/800 811/1/811 801/1/801
f 801/1/801 811/1/811 812/1/812
f 801/1/801 812/1/812 802/1/802
f 802/1/802 812/1/812 813/1/813
f 802/1/802 813/1/813 803/1/803
f 803/1/803 813/1/813 814/1/814
f 803/1/803 814/1/814 804/1/804
f 804/1/804 814/1/814 815/1/815
f 804/1/804 815/1/815 805/1/805
f 805/1/805 815/1/815 816/1/816
f 805/1/805 816/1/816 13/1/13
f 806/1/806 1/1/1 817/1/817
f 806/1/806 817/1/817 807/1/807
f 807/1/807 817/1/817 818/1/818
f 807/1/807 818/1/818 808/1/808
f 808/1/808 818/1/818 819/1/819
f 808/1/808 819/1/819 809/1/809
f 809/1/809 819/1/819 820/1/820
f 809/1/809 820/1/820 810/1/810
f 810/1/810 820/1/820 821/1/821
f 810/1/810 821/1/821 811/1/811
f 811/1/811 821/1/821 822/1/822
f 811/1/811 822/1/822 812/1/812
f 812/1/812 822/1/822 823/1/823
f 812/1/812 823/1/823 813/1/813
f 813/1/813 823/1/823 824/1/824
f 813/1/813 824/1/824 814/1/814
f 814/1/814 824/1/824 825/1/825
f 814/1/814 825/1/825 815/1/815
f 815/1/815 825/1/825 826/1/826
f 815/1/815 826/1/826 816/1/816
f 816/1/816 826/1/826 827/1/827
f 816/1/816 827/1/827 13/1/13
f 817/1/817 1/1/1 828/1/828
f 817/1/817 828/1/828 818/1/818
f 818/1/818 828/1/828 829/1/829
f 818/1/818 829/1/829 819/1/819
f 819/1/819 829/1/829 830/1/830
f 819/1/819 830/1/830 820/1/820
f 820/1/820 830/1/830 831/1/831
f 820/1/820 831/1/831 821/1/821
f 821/1/821 831/1/831 832/1/832
f 821/1/821 832/1/832 822/1/822
f 822/1/822 832/1/832 833/1/833
f 822/1/822 833/1/833 823/1/823
f 823/1/823 833/1/833 834/1/834
f 823/1/823 834/1/834 824/1/824
f 824/1/824 834/1/834 835/1/835
f 824/1/824 835/1/835 825/1/825
f 825/1/825 835/1/835 836/1/836
f 825/1/825 836/1/836 826/1/826
f 826/1/826 836/1/836 837/1/837
f 826/1/826 837/1/837 827/1/827
f 827/1/827 837/1/837 838/1/838
f 827/1/827 838/1/838 13/1/13
f 828/1/828 1/1/1 839/1/839
f 828/1/828 839/1/839 829/1/829
f 829/1/829 839/1/839 840/1/840
f 829/1/829 840/1/840 830/1/830
f 830/1/830 840/1/840 841/1/841
f 830/1/830 841/1/841 831/1/831
f 831/1/831 841/1/841 842/1/842
f 831/1/831 842/1/842 832/1/832
f 832/1/832 842/1/842 843/1/843
f 832/1/832 843/1/843 833/1/833
f 833/1/833 843/1/843 844/1/844
f 833/1/833 844/1/844 834/1/834
f 834/1/834 844/1/844 845/1/845
f 834/1/834 845/1/845 835/1/835
f 835/1/835 845/1/845 846/1/846
f 835/1/835 846/1/846 836/1/836
f 836/1/836 846/1/846 847/1/847
f 836/1/836 847/1/847 837/1/837
f 837/1/837 847/1/847 848/1/848
f 837/1/837 848/1/848 838/1/838
f 838/1/838 848/1/848 849/1/849
f 838/1/838 849/1/849 13/1/13
f 839/1/839 1/1/1 850/1/850
f 839/1/839 850/1/850 840/1/840
f 840/1/840 850/1/850 851/1/851
f 840/1/840 851/1/851 841/1/841
f 841/1/841 851/1/851 852/1/852
f 841/1/841 852/1/852 842/1/842
f 842/1/842 852/1/852 853/1/853
f 842/1/842 853/1/853 843/1/843
f 843/1/843 853/1/853 854/1/854
f 843/1/843 854/1/854 844/1/844
f 844/1/844 854/1/854 855/1/855
f 844/1/844 855/1/855 845/1/845
f 845/1/845 855/1/855 856/1/856
f 845/1/845 856/1/856 846/1/846
f 846/1/846 856/1/856 857/1/857
f 846/1/846 857/1/857 847/1/847
f 847/1/847 857/1/857 858/1/858
f 847/1/847 858/1/858 848/1/848
f 848/1/848 858/1/858 859/1/859
f 848/1/848 859/1/859 849/1/849
f 849/1/849 859/1/859 860/1/860
f 849/1/849 860/1/860 13/1/13
f 850/1/850 1/1/1 861/1/861
f 850/1/850 861/1/861 851/1/851
f 851/1/851 861/1/861 862/1/862
f 851/1/851 862/1/862 852/1/852
f 852/1/852 862/1/862 863/1/863
f 852/1/852 863/1/863 853/1/853
f 853/1/853 863/1/863 864/1/864
f 853/1/853 864/1/864 854/1/854
f 854/1/854 864/1/864 865/1/865
f 854/1/854 865/1/865 855/1/855
f 855/1/855 865/1/865 866/1/866
f 855/1/855 866/1/866 856/1/856
f 856/1/856 866/1/866 867/1/867
f 856/1/856 867/1/867 857/1/857
f 857/1/857 867/1/867 868/1/868
f 857/1/857 868/1/868 858/1/858
f 858/1/858 868/1/868 869/1/869
f 858/1/858 869/1/869 859/1/859
f 859/1/859 869/1/869 870/1/870
f 859/1/859 870/1/870 860/1/860
f 860/1/860 870/1/870 871/1/871
f 860/1/860 871/1/871 13/1/13
f 861/1/861 1/1/1 872/1/872
f 861/1/861 872/1/872 862/1/862
f 862/1/862 872/1/872 873/1/873
f 862/1/862 873/1/873 863/1/863
f 863/1/863 873/1/873 874/1/874
f 863/1/863 874/1/874 864/1/864
f 864/1/864 874/1/874 875/1/875
f 864/1/864 875/1/875 865/1/865
f 865/1/865 875/1/875 876/1/876
f 865/1/865 876/1/876 866/1/866
f 866/1/866 876/1/876 877/1/877
f 866/1/866 877/1/877 867/1/867
f 867/1/867 877/1/877 878/1/878
f 867/1/867 878/1/878 868/1/868
f 868/1/868 878/1/878 879/1/879
f 868/1/868 879/1/879 869/1/869
f 869/1/869 879/1/879 880/1/880
f 869/1/869 880/1/880 870/1/870
f 870/1/870 880/1/880 881/1/881
f 870/1/870 881/1/881 871/1/871
f 871/1/871 881/1/881 882/1/882
f 871/1/871 882/1/882 13/1/13
f 872/1/872 1/1/1 883/1/883
f 872/1/872 883/1/883 873/1/873
f 873/1/873 883/1/883 884/1/884
f 873/1/873 884/1/884 874/1/874
f 874/1/874 884/1/884 885/1/885
f 874/1/874 885/1/885 875/1/875
f 875/1/875 885/1/885 886/1/886
f 875/1/875 886/1/886 876/1/876
f 876/1/876 886/1/886 887/1/887
f 876/1/876 887/1/887 877/1/877
f 877/1/877 887/1/887 888/1/888
f 877/1/877 888/1/888 878/1/878
f 878/1/878 888/1/888 889/1/889
f 878/1/878 889/1/889 879/1/879
f 879/1/879 889/1/889 890/1/890
f 879/1/879 890/1/890 880/1/880
f 880/1/880 890/1/890 891/1/891
f 880/1/880 891/1/891 881/1/881
f 881/1/881 891/1/891 892/1/892
f 881/1/881 892/1/892 882/1/882
f 882/1/882 892/1/892 893/1/893
f 882/1/882 893/1/893 13/1/13
f 883/1/883 1/1/1 894/1/894
f 883/1/883 894/1/894 884/1/884
f 884/1/884 894/1/894 895/1/895
f 884/1/884 895/1/895 885/1/885
f 885/1/885 895/1/895 896/1/896
f 885/1/885 896/1/896 886/1/886
f 886/1/886 896/1/896 897/1/897
f 886/1/886 897/1/897 887/1/887
f 887/1/887 897/1/897 898/1/898
f 887/1/887 898/1/898 888/1/888
f 888/1/888 898/1/898 899/1/899
f 888/1/888 899/1/899 889/1/889
f 889/1/889 899/1/899 900/1/900
f 889/1/889 900/1/900 890/1/890
f 890/1/890 900/1/900 901/1/901
f 890/1/890 901/1/901 891/1/891
f 891/1/891 901/1/901 902/1/902
f 891/1/891 902/1/902 892/1/892
f 892/1/892 902/1/902 903/1/903
f 892/1/892 903/1/903 893/1/893
f 893/1/893 903/1/903 904/1/904
f 893/1/893 904/1/904 13/1/13
f 894/1/894 1/1/1 905/1/905
f 894/1/894 905/1/905 895/1/895
f 895/1/895 905/1/905 906/1/906
f 895/1/895 906/1/906 896/1/896
f 896/1/896 906/1/906 907/1/907
f 896/1/896 907/1/907 897/1/897
f 897/1/897 907/1/907 908/1/908
f 897/1/897 908/1/908 898/1/898
f 898/1/898 908/1/908 909/1/909
f 898/1/898 909/1/909 899/1/899
f 899/1/899 909/1/909 910/1/910
f 899/1/899 910/1/910 900/1/900
f 900/1/900 910/1/910 911/1/911
f 900/1/900 911/1/911 901/1/901
f 901/1/901 911/1/911 912/1/912
f 901/1/901 912/1/912 902/1/902
f 902/1/902 912/1/912 913/1/913
f 902/1/902 913/1/913 903/1/903
f 903/1/903 913/1/913 914/1/914
f 903/1/903 914/1/914 904/1/904
f 904/1/904 914/1/914 915/1/915
f 904/1/904 915/1/915 13/1/13
f 905/1/905 1/1/1 916/1/916
f 905/1/905 916/1/916 906/1/906
f 906/1/906 916/1/916 917/1/917
f 906/1/906 917/1/917 907/1/907
f 907/1/907 917/1/917 918/1/918
f 907/1/907 918/1/918 908/1/908
f 908/1/908 918/1/918 919/1/919
f 908/1/908 919/1/919 909/1/909
f 909/1/909 919/1/919 920/1/920
f 909/1/909 920/1/920 910/1/910
f 910/1/910 920/1/920 921/1/921
f 910/1/910 921/1/921 911/1/911
f 911/1/911 921/1/921 922/1/922
f 911/1/911 922/1/922 912/1/912
f 912/1/912 922/1/922 923/1/923
f 912/1/912 923/1/923 913/1/913
f 913/1/913 923/1/923 924/1/924
f 913/1/913 924/1/924 914/1/914
f 914/1/914 924/1/924 925/1/925
f 914/1/914 925/1/925 915/1/915
f 915/1/915 925/1/925 926/1/926
f 915/1/915 926/1/926 13/1/13
f 916/1/916 1/1/1 927/1/927
f 916/1/916 927/1/927 917/1/917
f 917/1/917 927/1/927 928/1/928
f 917/1/917 928/1/928 918/1/918
f 918/1/918 928/1/928 929/1/929
f 918/1/918 929/1/929 919/1/919
f 919/1/919 929/1/929 930/1/930
f 919/1/919 930/1/930 920/1/920
f 920/1/920 930/1/930 931/1/931
f 920/1/920 931/1/931 921/1/921
f 921/1/921 931/1/931 932/1/932
f 921/1/921 932/1/932 922/1/922
f 922/1/922 932/1/932 933/1/933
f 922/1/922 933/1/933 923/1/923
f 923/1/923 933/1/933 934/1/934
f 923/1/923 934/1/934 924/1/924
f 924/1/924 934/1/934 935/1/935
f 924/1/924 935/1/935 925/1/925
f 925/1/925 935/1/935 936/1/936
f 925/1/925 936/1/936 926/1/926
f 926/1/926 936/1/936 937/1/937
f 926/1/926 937/1/937 13/1/13
f 927/1/927 1/1/1 938/1/938
f 927/1/927 938/1/938 928/1/928
f 928/1/928 938/1/938 939/1/939
f 928/1/928 939/1/939 929/1/929
f 929/1/929 939/1/939 940/1/940
f 929/1/929 940/1/940 930/1/930
f 930/1/930 940/1/940 941/1/941
f 930/1/930 941/1/941 931/1/931
f 931/1/931 941/1/941 942/1/942
f 931/1/931 942/1/942 932/1/932
f 932/1/932 942/1/942 943/1/943
f 932/1/932 943/1/943 933/1/933
f 933/1/933 943/1/943 944/1/944
f 933/1/933 944/1/944 934/1/934
f 934/1/934 944/1/944 945/1/945
f 934/1/934 945/1/945 935/1/935
f 935/1/935 945/1/945 946/1/946
f 935/1/935 946/1/946 936/1/936
f 936/1/936 946/1/946 947/1/947
f 936/1/936 947/1/947 937/1/937
f 937/1/937 947/1/947 948/1/948
f 937/1/937 948/1/948 13/1/13
f 938/1/938 1/1/1 949/1/949
f 938/1/938 949/1/949 939/1/939
f 939/1/939 949/1/949 950/1/950
f 939/1/939 950/1/950 940/1/940
f 940/1/940 950/1/950 951/1/951
f 940/1/940 951/1/951 941/1/941
f 941/1/941 951/1/951 952/1/952
f 941/1/941 952/1/952 942/1/942
f 942/1/942 952/1/952 953/1/953
f 942/1/942 953/1/953 943/1/943
f 943/1/943 953/1/953 954/1/954
f 943/1/943 954/1/954 944/1/944
f 944/1/944 954/1/954 955/1/955
f 944/1/944 955/1/955 945/1/945
f 945/1/945 955/1/955 956/1/956
f 945/1/945 956/1/956 946/1/946
f 946/1/946 956/1/956 957/1/957
f 946/1/946 957/1/957 947/1/947
f 947/1/947 957/1/957 958/1/958
f 947/1/947 958/1/958 948/1/948
f 948/1/948 958/1/958 959/1/959
f 948/1/948 959/1/959 13/1/13
f 949/1/949 1/1/1 960/1/960
f 949/1/949 960/1/960 950/1/950
f 950/1/950 960/1/960 961/1/961
f 950/1/950 961/1/961 951/1/951
f 951/1/951 961/1/961 962/1/962
f 951/1/951 962/1/962 952/1/952
f 952/1/952 962/1/962 963/1/963
f 952/1/952 963/1/963 953/1/953
f 953/1/953 963/1/963 964/1/964
f 953/1/953 964/1/964 954/1/954
f 954/1/954 964/1/964 965/1/965
f 954/1/954 965/1/965 955/1/955
f 955/1/955 965/1/965 966/1/966
f 955/1/955 966/1/966 956/1/956
f 956/1/956 966/1/966 967/1/967
f 956/1/956 967/1/967 957/1/957
f 957/1/957 967/1/967 968/1/968
f 957/1/957 968/1/968 958/1/958
f 958/1/958 968/1/968 969/1/969
f 958/1/958 969/1/969 959/1/959
f 959/1/959 969/1/969 970/1/970
f 959/1/959 970/1/970 13/1/13
f 960/1/960 1/1/1 971/1/971
f 960/1/960 971/1/971 961/1/961
f 961/1/961 971/1/971 972/1/972
f 961/1/961 972/1/972 962/1/962
f 962/1/962 972/1/972 973/1/973
f 962/1/962 973/1/973 963/1/963
f 963/1/963 973/1/973 974/1/974
f 963/1/963 974/1/974 964/1/964
f 964/1/964 974/1/974 975/1/975
f 964/1/964 975/1/975 965/1/965
f 965/1/965 975/1/975 976/1/976
f 965/1/965 976/1/976 966/1/966
f 966/1/966 976/1/976 977/1/977
f 966/1/966 977/1/977 967/1/967
f 967/1/967 977/1/977 978/1/978
f 967/1/967 978/1/978 968/1/968
f 968/1/968 978/1/978 979/1/979
f 968/1/968 979/1/979 969/1/969
f 969/1/969 979/1/979 980/1/980
f 969/1/969 980/1/980 970/1/970
f 970/1/970 980/1/980 981/1/981
f 970/1/970 981/1/981 13/1/13
f 971/1/971 1/1/1 982/1/982
f 971/1/971 982/1/982 972/1/972
f 972/1/972 982/1/982 983/1/983
f 972/1/972 983/1/983 973/1/973
f 973/1/973 983/1/983 984/1/984
f 973/1/973 984/1/984 974/1/974
f 974/1/974 984/1/984 985/1/985
f 974/1/974 985/1/985 975/1/975
f 975/1/975 985/1/985 986/1/986
f 975/1/975 986/1/986 976/1/976
f 976/1/976 986/1/986 987/1/987
f 976/1/976 987/1/987 977/1/977
f 977/1/977 987/1/987 988/1/988
f 977/1/977 988/1/988 978/1/978
f 978/1/978 988/1/988 989/1/989
f 978/1/978 989/1/989 979/1/979
f 979/1/979 989/1/989 990/1/990
f 979/1/979 990/1/990 980/1/980
f 980/1/980 990/1/990 991/1/991
f 980/1/980 991/1/991 981/1/981
f 981/1/981 991/1/991 992/1/992
f 981/1/981 992/1/992 13/1/13
f 982/1/982 1/1/1 993/1/993
f 982/1/982 993/1/993 983/1/983
f 983/1/983 993/1/993 994/1/994
f 983/1/983 994/1/994 984/1/984
f 984/1/984 994/1/994 995/1/995
f 984/1/984 995/1/995 985/1/985
f 985/1/985 995/1/995 996/1/996
f 985/1/985 996/1/996 986/1/986
f 986/1/986 996/1/996 997/1/997
f 986/1/986 997/1/997 987/1/987
f 987/1/987 997/1/997 998/1/998
f 987/1/987 998/1/998 988/1/988
f 988/1/988 998/1/998 999/1/999
f 988/1/988 999/1/999 989/1/989
f 989/1/989 999/1/999 1000/1/1000
f 989/1/989 1000/1/1000 990/1/990
f 990/1/990 1000/1/1000 1001/1/1001
f 990/1/990 1001/1/1001 991/1/991
f 991/1/991 1001/1/1001 1002/1/1002
f 991/1/991 1002/1/1002 992/1/992
f 992/1/992 1002/1/1002 1003/1/1003
f 992/1/992 1003/1/1003 13/1/13
f 993/1/993 1/1/1 1004/1/1004
f 993/1/993 1004/1/1004 994/1/994
f 994/1/994 1004/1/1004 1005/1/1005
f 994/1/994 1005/1/1005 995/1/995
f 995/1/995 1005/1/1005 1006/1/1006
f 995/1/995 1006/1/1006 996/1/996
f 996/1/996 1006/1/1006 1007/1/1007
f 996/1/996 1007/1/1007 997/1/997
f 997/1/997 1007/1/1007 1008/1/1008
f 997/1/997 1008/1/1008 998/1/998
f 998/1/998 1008/1/1008 1009/1/1009
f 998/1/998 1009/1/1009 999/1/999
f 999/1/999 1009/1/1009 1010/1/1010
f 999/1/999 1010/1/1010 1000/1/1000
f 1000/1/1000 1010/1/1010 1011/1/1011
f 1000/1/1000 1011/1/1011 1001/1/1001
f 1001/1/1001 1011/1/1011 1012/1/1012
f 1001/1/1001 1012/1/1012 1002/1/1002
f 1002/1/1002 1012/1/1012 1013/1/1013
f 1002/1/1002 1013/1/1013 1003/1/1003
f 1003/1/1003 1013/1/1013 1014/1/1014
f 1003/1/1003 1014/1/1014 13/1/13
f 1004/1/1004 1/1/1 1015/1/1015
f 1004/1/1004 1015/1/1015 1005/1/1005
f 1005/1/1005 1015/1/1015 1016/1/1016
f 1005/1/1005 1016/1/1016 1006/1/1006
f 1006/1/1006 1016/1/1016 1017/1/1017
f 1006/1/1006 1017/1/1017 1007/1/1007
f 1007/1/1007 1017/1/1017 1018/1/1018
f 1007/1/1007 1018/1/1018 1008/1/1008
f 1008/1/1008 1018/1/1018 1019/1/1019
f 1008/1/1008 1019/1/1019 1009/1/1009
f 1009/1/1009 1019/1/1019 1020/1/1020
f 1009/1/1009 1020/1/1020 1010/1/1010
f 1010/1/1010 1020/1/1020 1021/1/1021
f 1010/1/1010 1021/1/1021 1011/1/1011
f 1011/1/1011 1021/1/1021 1022/1/1022
f 1011/1/1011 1022/1/1022 1012/1/1012
f 1012/1/1012 1022/1/1022 1023/1/1023
f 1012/1/1012 1023/1/1023 1013/1/1013
f 1013/1/1013 1023/1/1023 1024/1/1024
f 1013/1/1013 1024/1/1024 1014/1/1014
f 1014/1/1014 1024/1/1024 1025/1/1025
f 1014/1/1014 1025/1/1025 13/1/13
f 1015/1/1015 1/1/1 1026/1/1026
f 1015/1/1015 1026/1/1026 1016/1/1016
f 1016/1/1016 1026/1/1026 1027/1/1027
f 1016/1/1016 1027/1/1027 1017/1/1017
f 1017/1/1017 1027/1/1027 1028/1/1028
f 1017/1/1017 1028/1/1028 1018/1/1018
f 1018/1/1018 1028/1/1028 1029/1/1029
f 1018/1/1018 1029/1/1029 1019/1/1019
f 1019/1/1019 1029/1/1029 1030/1/1030
f 1019/1/1019 1030/1/1030 1020/1/1020
f 1020/1/1020 1030/1/1030 1031/1/1031
f 1020/1/1020 1031/1/1031 1021/1/1021
f 1021/1/1021 1031/1/1031 1032/1/1032
f 1021/1/1021 1032/1/1032 1022/1/1022
f 1022/1/1022 1032/1/1032 1033/1/1033
f 1022/1/1022 1033/1/1033 1023/1/1023
f 1023/1/1023 1033/1/1033 1034/1/1034
f 1023/1/1023 1034/1/1034 1024/1/1024
f 1024/1/1024 1034/1/1034 1035/1/1035
f 1024/1/1024 1035/1/1035 1025/1/1025
f 1025/1/1025 1035/1/1035 1036/1/1036
f 1025/1/1025 1036/1/1036 13/1/13
f 1026/1/1026 1/1/1 1037/1/1037
f 1026/1/1026 1037/1/1037 1027/1/1027
f 1027/1/1027 1037/1/1037 1038/1/1038
f 1027/1/1027 1038/1/1038 1028/1/1028
f 1028/1/1028 1038/1/1038 1039/1/1039
f 1028/1/1028 1039/1/1039 1029/1/1029
f 1029/1/1029 1039/1/1039 1040/1/1040
f 1029/1/1029 1040/1/1040 1030/1/1030
f 1030/1/1030 1040/1/1040 1041/1/1041
f 1030/1/1030 1041/1/1041 1031/1/1031
f 1031/1/1031 1041/1/1041 1042/1/1042
f 1031/1/1031 1042/1/1042 1032/1/1032
f 1032/1/1032 1042/1/1042 1043/1/1043
f 1032/1/1032 1043/1/1043 1033/1/1033
f 1033/1/1033 1043/1/1043 1044/1/1044
f 1033/1/1033 1044/1/1044 1034/1/1034
f 1034/1/1034 1044/1/1044 1045/1/1045
f 1034/1/1034 1045/1/1045 1035/1/1035
f 1035/1/1035 1045/1/1045 1046/1/1046
f 1035/1/1035 1046/1/1046 1036/1/1036
f 1036/1/1036 1046/1/1046 1047/1/1047
f 1036/1/1036 1047/1/1047 13/1/13
f 1037/1/1037 1/1/1 1048/1/1048
f 1037/1/1037 1048/1/1048 1038/1/1038
f 1038/1/1038 1048/1/1048 1049/1/1049
f 1038/1/1038 1049/1/1049 1039/1/1039
f 1039/1/1039 1049/1/1049 1050/1/1050
f 1039/1/1039 1050/1/1050 1040/1/1040
f 1040/1/1040 1050/1/1050 1051/1/1051
f 1040/1/1040 1051/1/1051 1041/1/1041
f 1041/1/1041 1051/1/1051 1052/1/1052
f 1041/1/1041 1052/1/1052 1042/1/1042
f 1042/1/1042 1052/1/1052 1053/1/1053
f 1042/1/1042 1053/1/1053 1043/1/1043
f 1043/1/1043 1053/1/1053 1054/1/1054
f 1043/1/1043 1054/1/1054 1044/1/1044
f 1044/1/1044 1054/1/1054 1055/1/1055
f 1044/1/1044 1055/1/1055 1045/1/1045
f 1045/1/1045 1055/1/1055 1056/1/1056
f 1045/1/1045 1056/1/1056 1046/1/1046
f 1046/1/1046 1056/1/1056 1057/1/1057
f 1046/1/1046 1057/1/1057 1047/1/1047
f 1047/1/1047 1057/1/1057 1058/1/1058
f 1047/1/1047 1058/1/1058 13/1/13
f 1048/1/1048 1/1/1 2/1/2
f 1048/1/1048 2/1/2 1049/1/1049
f 1049/1/1049 2/1/2 3/1/3
f 1049/1/1049 3/1/3 1050/1/1050
f 1050/1/1050 3/1/3 4/1/4
f 1050/1/1050 4/1/4 1051/1/1051
f 1051/1/1051 4/1/4 5/1/5
f 1051/1/1051 5/1/5 1052/1/1052
f 1052/1/1052 5/1/5 6/1/6
f 1052/1/1052 6/1/6 1053/1/1053
f 1053/1/1053 6/1/6 7/1/7
f 1053/1/1053 7/1/7 1054/1/1054
f 1054/1/1054 7/1/7 8/1/8
f 1054/1/1054 8/1/8 1055/1/1055
f 1055/1/1055 8/1/8 9/1/9
f 1055/1/1055 9/1/9 1056/1/1056
f 1056/1/1056 9/1/9 10/1/10
f 1056/1/1056 10/1/10 1057/1/1057
f 1057/1/1057 10/1/10 11/1/11
f 1057/1/1057 11/1/11 1058/1/1058
f 1058/1/1058 11/1/11 12/1/12
f 1058/1/1058 12/1/12 13/1/13
