v -0.071263 -0.100000 0.000000
v -0.071263 -0.100000 0.018750
v -0.071263 -0.100000 0.037500
v -0.071263 -0.100000 0.056250
v -0.071263 -0.100000 0.075000
v -0.071263 -0.050000 0.000000
v -0.071263 -0.050000 0.018750
v -0.071263 -0.050000 0.037500
v -0.071263 -0.050000 0.056250
v -0.071263 -0.050000 0.075000
v -0.071263 0.000000 0.000000
v -0.071263 0.000000 0.018750
v -0.071263 0.000000 0.037500
v -0.071263 0.000000 0.056250
v -0.071263 0.000000 0.075000
v -0.071263 0.050000 0.000000
v -0.071263 0.050000 0.018750
v -0.071263 0.050000 0.037500
v -0.071263 0.050000 0.056250
v -0.071263 0.050000 0.075000
v -0.071263 0.100000 0.000000
v -0.071263 0.100000 0.018750
v -0.071263 0.100000 0.037500
v -0.071263 0.100000 0.056250
v -0.071263 0.100000 0.075000
v -0.059107 -0.100000 0.000000
v -0.059107 -0.100000 0.018750
v -0.059107 -0.100000 0.037500
v -0.059107 -0.100000 0.056250
v -0.059107 -0.100000 0.075000
v -0.059107 -0.080806 0.000000
v -0.059107 -0.080806 0.075000
v -0.059107 -0.071480 0.000000
v -0.059107 -0.071480 0.075000
v -0.059107 -0.021480 0.000000
v -0.059107 -0.021480 0.075000
v -0.059107 0.028520 0.000000
v -0.059107 0.028520 0.075000
v -0.059107 0.078520 0.000000
v -0.059107 0.078520 0.075000
v -0.059107 0.090675 0.000000
v -0.059107 0.090675 0.075000
v -0.055265 0.100000 0.000000
v -0.055265 0.100000 0.018750
v -0.055265 0.100000 0.037500
v -0.055265 0.100000 0.056250
v -0.055265 0.100000 0.075000
v -0.046952 -0.100000 0.000000
v -0.046952 -0.100000 0.018750
v -0.046952 -0.100000 0.037500
v -0.046952 -0.100000 0.056250
v -0.046952 -0.100000 0.075000
v -0.046952 -0.080806 0.000000
v -0.046952 -0.080806 0.075000
v -0.046952 -0.061611 0.000000
v -0.046952 -0.061611 0.075000
v -0.046952 -0.052286 0.000000
v -0.046952 -0.052286 0.075000
v -0.046952 -0.042960 0.000000
v -0.046952 -0.042960 0.075000
v -0.046952 0.007040 0.000000
v -0.046952 0.007040 0.075000
v -0.046952 0.057040 0.000000
v -0.046952 0.057040 0.075000
v -0.046952 0.069195 0.000000
v -0.046952 0.069195 0.075000
v -0.046952 0.081350 0.000000
v -0.046952 0.081350 0.075000
v -0.043110 0.090675 0.000000
v -0.043110 0.090675 0.075000
v -0.039268 0.100000 0.000000
v -0.039268 0.100000 0.018750
v -0.039268 0.100000 0.037500
v -0.039268 0.100000 0.056250
v -0.039268 0.100000 0.075000
v -0.034797 -0.100000 0.000000
v -0.034797 -0.100000 0.018750
v -0.034797 -0.100000 0.037500
v -0.034797 -0.100000 0.056250
v -0.034797 -0.100000 0.075000
v -0.034797 -0.080806 0.000000
v -0.034797 -0.080806 0.075000
v -0.034797 -0.061611 0.000000
v -0.034797 -0.061611 0.075000
v -0.034797 -0.042417 0.000000
v -0.034797 -0.042417 0.075000
v -0.034797 -0.033091 0.000000
v -0.034797 -0.033091 0.075000
v -0.034797 -0.023766 0.000000
v -0.034797 -0.023766 0.075000
v -0.034797 -0.014440 0.000000
v -0.034797 -0.014440 0.075000
v -0.034797 0.035560 0.000000
v -0.034797 0.035560 0.075000
v -0.034797 0.047715 0.000000
v -0.034797 0.047715 0.075000
v -0.034797 0.059870 0.000000
v -0.034797 0.059870 0.075000
v -0.034797 0.072024 0.000000
v -0.034797 0.072024 0.075000
v -0.030955 0.081350 0.000000
v -0.030955 0.081350 0.075000
v -0.027112 0.090675 0.000000
v -0.027112 0.090675 0.075000
v -0.023270 0.100000 0.000000
v -0.023270 0.100000 0.018750
v -0.023270 0.100000 0.037500
v -0.023270 0.100000 0.056250
v -0.023270 0.100000 0.075000
v -0.022642 -0.100000 0.000000
v -0.022642 -0.100000 0.018750
v -0.022642 -0.100000 0.037500
v -0.022642 -0.100000 0.056250
v -0.022642 -0.100000 0.075000
v -0.022642 -0.080806 0.000000
v -0.022642 -0.080806 0.018750
v -0.022642 -0.080806 0.037500
v -0.022642 -0.080806 0.056250
v -0.022642 -0.080806 0.075000
v -0.022642 -0.061611 0.000000
v -0.022642 -0.061611 0.018750
v -0.022642 -0.061611 0.037500
v -0.022642 -0.061611 0.056250
v -0.022642 -0.061611 0.075000
v -0.022642 -0.042417 0.000000
v -0.022642 -0.042417 0.018750
v -0.022642 -0.042417 0.037500
v -0.022642 -0.042417 0.056250
v -0.022642 -0.042417 0.075000
v -0.022642 -0.023223 0.000000
v -0.022642 -0.023223 0.018750
v -0.022642 -0.023223 0.037500
v -0.022642 -0.023223 0.056250
v -0.022642 -0.023223 0.075000
v -0.022642 -0.013897 0.000000
v -0.022642 -0.013897 0.075000
v -0.022642 -0.004571 0.000000
v -0.022642 -0.004571 0.075000
v -0.022642 0.004754 0.000000
v -0.022642 0.004754 0.075000
v -0.022642 0.014080 0.000000
v -0.022642 0.014080 0.018750
v -0.022642 0.014080 0.037500
v -0.022642 0.014080 0.056250
v -0.022642 0.014080 0.075000
v -0.022642 0.026235 0.000000
v -0.022642 0.026235 0.018750
v -0.022642 0.026235 0.037500
v -0.022642 0.026235 0.056250
v -0.022642 0.026235 0.075000
v -0.022642 0.038390 0.000000
v -0.022642 0.038390 0.018750
v -0.022642 0.038390 0.037500
v -0.022642 0.038390 0.056250
v -0.022642 0.038390 0.075000
v -0.022642 0.050544 0.000000
v -0.022642 0.050544 0.018750
v -0.022642 0.050544 0.037500
v -0.022642 0.050544 0.056250
v -0.022642 0.050544 0.075000
v -0.022642 0.062699 0.000000
v -0.022642 0.062699 0.018750
v -0.022642 0.062699 0.037500
v -0.022642 0.062699 0.056250
v -0.022642 0.062699 0.075000
v -0.019120 0.062699 0.000000
v -0.019120 0.062699 0.018750
v -0.019120 0.062699 0.037500
v -0.019120 0.062699 0.056250
v -0.019120 0.062699 0.075000
v -0.018799 0.072024 0.000000
v -0.018799 0.072024 0.075000
v -0.018692 -0.013897 0.000000
v -0.018692 -0.004571 0.000000
v -0.018692 0.004754 0.000000
v -0.018692 0.014080 0.000000
v -0.018692 0.014080 0.018750
v -0.018692 0.014080 0.037500
v -0.018692 0.014080 0.056250
v -0.018692 0.014080 0.075000
v -0.018607 -0.023223 0.000000
v -0.018607 -0.023223 0.018750
v -0.018607 -0.023223 0.037500
v -0.018607 -0.023223 0.056250
v -0.018607 -0.023223 0.075000
v -0.018607 -0.013897 0.075000
v -0.018607 -0.004571 0.075000
v -0.018607 0.004754 0.075000
v -0.015599 0.062699 0.000000
v -0.015599 0.062699 0.018750
v -0.015599 0.062699 0.037500
v -0.015599 0.062699 0.056250
v -0.015599 0.062699 0.075000
v -0.015278 0.072024 0.000000
v -0.015278 0.072024 0.075000
v -0.014957 0.081350 0.000000
v -0.014957 0.081350 0.075000
v -0.014742 -0.004571 0.000000
v -0.014742 0.004754 0.000000
v -0.014742 0.014080 0.000000
v -0.014742 0.014080 0.018750
v -0.014742 0.014080 0.037500
v -0.014742 0.014080 0.056250
v -0.014742 0.014080 0.075000
v -0.014657 -0.013897 0.000000
v -0.014573 -0.023223 0.000000
v -0.014573 -0.023223 0.018750
v -0.014573 -0.023223 0.037500
v -0.014573 -0.023223 0.056250
v -0.014573 -0.023223 0.075000
v -0.014573 -0.013897 0.075000
v -0.014573 -0.004571 0.075000
v -0.012078 0.062699 0.000000
v -0.012078 0.062699 0.018750
v -0.012078 0.062699 0.037500
v -0.012078 0.062699 0.056250
v -0.012078 0.062699 0.075000
v -0.011757 0.072024 0.000000
v -0.011757 0.072024 0.075000
v -0.011436 0.081350 0.000000
v -0.011436 0.081350 0.075000
v -0.011115 0.090675 0.000000
v -0.011115 0.090675 0.075000
v -0.010792 0.004754 0.000000
v -0.010792 0.014080 0.000000
v -0.010792 0.014080 0.018750
v -0.010792 0.014080 0.037500
v -0.010792 0.014080 0.056250
v -0.010792 0.014080 0.075000
v -0.010707 -0.004571 0.000000
v -0.010623 -0.013897 0.000000
v -0.010538 -0.023223 0.000000
v -0.010538 -0.023223 0.018750
v -0.010538 -0.023223 0.037500
v -0.010538 -0.023223 0.056250
v -0.010538 -0.023223 0.075000
v -0.010538 -0.013897 0.075000
v -0.008556 0.062699 0.000000
v -0.008556 0.062699 0.018750
v -0.008556 0.062699 0.037500
v -0.008556 0.062699 0.056250
v -0.008556 0.062699 0.075000
v -0.008235 0.072024 0.000000
v -0.008235 0.072024 0.075000
v -0.008102 0.007179 0.075000
v -0.007915 0.081350 0.000000
v -0.007915 0.081350 0.075000
v -0.007718 0.062685 0.000000
v -0.007718 0.062685 0.018750
v -0.007718 0.062685 0.037500
v -0.007718 0.062685 0.056250
v -0.007718 0.062685 0.075000
v -0.007594 0.090675 0.000000
v -0.007594 0.090675 0.075000
v -0.007397 0.072010 0.000000
v -0.007397 0.072010 0.075000
v -0.007273 0.100000 0.000000
v -0.007273 0.100000 0.018750
v -0.007273 0.100000 0.037500
v -0.007273 0.100000 0.056250
v -0.007273 0.100000 0.075000
v -0.007076 0.081335 0.000000
v -0.007076 0.081335 0.075000
v -0.006880 0.062671 0.000000
v -0.006880 0.062671 0.018750
v -0.006880 0.062671 0.037500
v -0.006880 0.062671 0.056250
v -0.006880 0.062671 0.075000
v -0.006842 0.014080 0.000000
v -0.006842 0.014080 0.018750
v -0.006842 0.014080 0.037500
v -0.006842 0.014080 0.056250
v -0.006842 0.014080 0.075000
v -0.006757 0.004754 0.000000
v -0.006755 0.090661 0.000000
v -0.006755 0.090661 0.075000
v -0.006673 -0.004571 0.000000
v -0.006588 -0.013897 0.000000
v -0.006559 0.071996 0.000000
v -0.006559 0.071996 0.075000
v -0.006521 0.008425 0.075000
v -0.006504 -0.023223 0.000000
v -0.006504 -0.023223 0.018750
v -0.006504 -0.023223 0.037500
v -0.006504 -0.023223 0.056250
v -0.006504 -0.023223 0.075000
v -0.006238 0.081321 0.000000
v -0.006238 0.081321 0.075000
v -0.006042 0.062657 0.000000
v -0.006042 0.062657 0.018750
v -0.006042 0.062657 0.037500
v -0.006042 0.062657 0.056250
v -0.006042 0.062657 0.075000
v -0.005760 0.009064 0.075000
v -0.005721 0.071982 0.000000
v -0.005721 0.071982 0.075000
v -0.005578 0.014334 0.000000
v -0.005578 0.014334 0.018750
v -0.005578 0.014334 0.037500
v -0.005578 0.014334 0.056250
v -0.005578 0.014334 0.075000
v -0.005516 0.099985 0.000000
v -0.005516 0.099985 0.018750
v -0.005516 0.099985 0.037500
v -0.005516 0.099985 0.056250
v -0.005516 0.099985 0.075000
v -0.005203 0.062643 0.000000
v -0.005203 0.062643 0.018750
v -0.005203 0.062643 0.037500
v -0.005203 0.062643 0.056250
v -0.005203 0.062643 0.075000
v -0.004999 0.090646 0.000000
v -0.004999 0.090646 0.075000
v -0.004481 0.081307 0.000000
v -0.004481 0.081307 0.075000
v -0.004373 0.062577 0.000000
v -0.004373 0.062577 0.018750
v -0.004373 0.062577 0.037500
v -0.004373 0.062577 0.056250
v -0.004373 0.062577 0.075000
v -0.004314 0.014589 0.000000
v -0.004314 0.014589 0.018750
v -0.004314 0.014589 0.037500
v -0.004314 0.014589 0.056250
v -0.004314 0.014589 0.075000
v -0.004067 -0.002146 0.075000
v -0.003964 0.071967 0.000000
v -0.003964 0.071967 0.075000
v -0.003759 0.099971 0.000000
v -0.003759 0.099971 0.018750
v -0.003759 0.099971 0.037500
v -0.003759 0.099971 0.056250
v -0.003759 0.099971 0.075000
v -0.003544 0.062512 0.000000
v -0.003544 0.062512 0.018750
v -0.003544 0.062512 0.037500
v -0.003544 0.062512 0.056250
v -0.003544 0.062512 0.075000
v -0.003242 0.090631 0.000000
v -0.003242 0.090631 0.075000
v -0.003134 0.071902 0.000000
v -0.003134 0.071902 0.075000
v -0.003050 0.014843 0.000000
v -0.003050 0.014843 0.018750
v -0.003050 0.014843 0.037500
v -0.003050 0.014843 0.056250
v -0.003050 0.014843 0.075000
v -0.002725 0.081292 0.000000
v -0.002725 0.081292 0.075000
v -0.002714 0.062446 0.000000
v -0.002714 0.062446 0.018750
v -0.002714 0.062446 0.037500
v -0.002714 0.062446 0.056250
v -0.002714 0.062446 0.075000
v -0.002378 0.013544 0.075000
v -0.002304 0.071836 0.000000
v -0.002304 0.071836 0.075000
v -0.002003 0.099956 0.000000
v -0.002003 0.099956 0.018750
v -0.002003 0.099956 0.037500
v -0.002003 0.099956 0.056250
v -0.002003 0.099956 0.075000
v -0.001895 0.081227 0.000000
v -0.001895 0.081227 0.075000
v -0.001884 0.062381 0.000000
v -0.001884 0.062381 0.018750
v -0.001884 0.062381 0.037500
v -0.001884 0.062381 0.056250
v -0.001884 0.062381 0.075000
v -0.001786 0.015098 0.000000
v -0.001786 0.015098 0.018750
v -0.001786 0.015098 0.037500
v -0.001786 0.015098 0.056250
v -0.001786 0.015098 0.075000
v -0.001485 0.090617 0.000000
v -0.001485 0.090617 0.075000
v -0.001475 0.062312 0.000000
v -0.001475 0.062312 0.018750
v -0.001475 0.062312 0.037500
v -0.001475 0.062312 0.056250
v -0.001475 0.062312 0.075000
v -0.001475 0.071771 0.000000
v -0.001475 0.071771 0.075000
v -0.001177 0.015247 0.000000
v -0.001177 0.015247 0.018750
v -0.001177 0.015247 0.037500
v -0.001177 0.015247 0.056250
v -0.001177 0.015247 0.075000
v -0.001066 0.062242 0.000000
v -0.001066 0.062242 0.018750
v -0.001066 0.062242 0.037500
v -0.001066 0.062242 0.056250
v -0.001066 0.062242 0.075000
v -0.001066 0.071702 0.000000
v -0.001066 0.071702 0.075000
v -0.001065 0.081161 0.000000
v -0.001065 0.081161 0.075000
v -0.000657 0.062173 0.000000
v -0.000657 0.062173 0.018750
v -0.000657 0.062173 0.037500
v -0.000657 0.062173 0.056250
v -0.000657 0.062173 0.075000
v -0.000656 0.071632 0.000000
v -0.000656 0.071632 0.075000
v -0.000656 0.081092 0.000000
v -0.000656 0.081092 0.075000
v -0.000656 0.090551 0.000000
v -0.000656 0.090551 0.075000
v -0.000569 0.015396 0.000000
v -0.000569 0.015396 0.018750
v -0.000569 0.015396 0.037500
v -0.000569 0.015396 0.056250
v -0.000569 0.015396 0.075000
v -0.000248 0.062104 0.000000
v -0.000248 0.062104 0.018750
v -0.000248 0.062104 0.037500
v -0.000248 0.062104 0.056250
v -0.000248 0.062104 0.075000
v -0.000247 0.071563 0.000000
v -0.000247 0.071563 0.075000
v -0.000247 0.081022 0.000000
v -0.000247 0.081022 0.075000
v -0.000247 0.090482 0.000000
v -0.000247 0.090482 0.075000
v -0.000246 0.099941 0.000000
v -0.000246 0.099941 0.018750
v -0.000246 0.099941 0.037500
v -0.000246 0.099941 0.056250
v -0.000246 0.099941 0.075000
v -0.000033 -0.011472 0.075000
v -0.000005 -0.042417 0.000000
v -0.000005 -0.042417 0.018750
v -0.000005 -0.042417 0.037500
v -0.000005 -0.042417 0.056250
v -0.000005 -0.042417 0.075000
v 0.000039 0.015544 0.000000
v 0.000039 0.015544 0.018750
v 0.000039 0.015544 0.037500
v 0.000039 0.015544 0.056250
v 0.000039 0.015544 0.075000
v 0.000157 0.062008 0.000000
v 0.000157 0.062008 0.018750
v 0.000157 0.062008 0.037500
v 0.000157 0.062008 0.056250
v 0.000157 0.062008 0.075000
v 0.000157 0.071468 0.000000
v 0.000157 0.071468 0.075000
v 0.000158 0.080927 0.000000
v 0.000158 0.080927 0.075000
v 0.000158 0.090387 0.000000
v 0.000158 0.090387 0.075000
v 0.000562 0.061913 0.000000
v 0.000562 0.061913 0.018750
v 0.000562 0.061913 0.037500
v 0.000562 0.061913 0.056250
v 0.000562 0.061913 0.075000
v 0.000562 0.071373 0.000000
v 0.000562 0.071373 0.075000
v 0.000563 0.080832 0.000000
v 0.000563 0.080832 0.075000
v 0.000648 0.015693 0.000000
v 0.000648 0.015693 0.018750
v 0.000648 0.015693 0.037500
v 0.000648 0.015693 0.056250
v 0.000648 0.015693 0.075000
v 0.000967 0.061818 0.000000
v 0.000967 0.061818 0.018750
v 0.000967 0.061818 0.037500
v 0.000967 0.061818 0.056250
v 0.000967 0.061818 0.075000
v 0.000967 0.071277 0.000000
v 0.000967 0.071277 0.075000
v 0.001228 0.015869 0.000000
v 0.001228 0.015869 0.018750
v 0.001228 0.015869 0.037500
v 0.001228 0.015869 0.056250
v 0.001228 0.015869 0.075000
v 0.001372 0.061723 0.000000
v 0.001372 0.061723 0.018750
v 0.001372 0.061723 0.037500
v 0.001372 0.061723 0.056250
v 0.001372 0.061723 0.075000
v 0.001507 0.099879 0.000000
v 0.001507 0.099879 0.018750
v 0.001507 0.099879 0.037500
v 0.001507 0.099879 0.056250
v 0.001507 0.099879 0.075000
v 0.001572 0.013544 0.075000
v 0.001808 0.016045 0.000000
v 0.001808 0.016045 0.018750
v 0.001808 0.016045 0.037500
v 0.001808 0.016045 0.056250
v 0.001808 0.016045 0.075000
v 0.001912 0.090325 0.000000
v 0.001912 0.090325 0.075000
v 0.002174 0.061487 0.000000
v 0.002174 0.061487 0.018750
v 0.002174 0.061487 0.037500
v 0.002174 0.061487 0.056250
v 0.002174 0.061487 0.075000
v 0.002316 0.080770 0.000000
v 0.002316 0.080770 0.075000
v 0.002389 0.016221 0.000000
v 0.002389 0.016221 0.018750
v 0.002389 0.016221 0.037500
v 0.002389 0.016221 0.056250
v 0.002389 0.016221 0.075000
v 0.002721 0.071215 0.000000
v 0.002721 0.071215 0.075000
v 0.002969 0.016396 0.000000
v 0.002969 0.016396 0.018750
v 0.002969 0.016396 0.037500
v 0.002969 0.016396 0.056250
v 0.002969 0.016396 0.075000
v 0.002976 0.061252 0.000000
v 0.002976 0.061252 0.018750
v 0.002976 0.061252 0.037500
v 0.002976 0.061252 0.056250
v 0.002976 0.061252 0.075000
v 0.003261 0.099817 0.000000
v 0.003261 0.099817 0.018750
v 0.003261 0.099817 0.037500
v 0.003261 0.099817 0.056250
v 0.003261 0.099817 0.075000
v 0.003512 0.016607 0.000000
v 0.003512 0.016607 0.018750
v 0.003512 0.016607 0.037500
v 0.003512 0.016607 0.056250
v 0.003512 0.016607 0.075000
v 0.003523 0.070980 0.000000
v 0.003523 0.070980 0.075000
v 0.003665 0.090263 0.000000
v 0.003665 0.090263 0.075000
v 0.003748 0.007179 0.000000
v 0.003779 0.061017 0.000000
v 0.003779 0.061017 0.018750
v 0.003779 0.061017 0.037500
v 0.003779 0.061017 0.056250
v 0.003779 0.061017 0.075000
v 0.003833 -0.002146 0.000000
v 0.003917 -0.011472 0.000000
v 0.004002 -0.020798 0.000000
v 0.004002 -0.020798 0.075000
v 0.004054 0.016817 0.000000
v 0.004054 0.016817 0.018750
v 0.004054 0.016817 0.037500
v 0.004054 0.016817 0.056250
v 0.004054 0.016817 0.075000
v 0.004070 0.080708 0.000000
v 0.004070 0.080708 0.075000
v 0.004325 0.070745 0.000000
v 0.004325 0.070745 0.075000
v 0.004581 0.060781 0.000000
v 0.004581 0.060781 0.018750
v 0.004581 0.060781 0.037500
v 0.004581 0.060781 0.056250
v 0.004581 0.060781 0.075000
v 0.004597 0.017028 0.000000
v 0.004597 0.017028 0.018750
v 0.004597 0.017028 0.037500
v 0.004597 0.017028 0.056250
v 0.004597 0.017028 0.075000
v 0.004872 0.080473 0.000000
v 0.004872 0.080473 0.075000
v 0.005014 0.099755 0.000000
v 0.005014 0.099755 0.018750
v 0.005014 0.099755 0.037500
v 0.005014 0.099755 0.056250
v 0.005014 0.099755 0.075000
v 0.005128 0.070509 0.000000
v 0.005128 0.070509 0.075000
v 0.005140 0.017238 0.000000
v 0.005140 0.017238 0.018750
v 0.005140 0.017238 0.037500
v 0.005140 0.017238 0.056250
v 0.005140 0.017238 0.075000
v 0.005151 0.060426 0.000000
v 0.005151 0.060426 0.018750
v 0.005151 0.060426 0.037500
v 0.005151 0.060426 0.056250
v 0.005151 0.060426 0.075000
v 0.005329 0.008425 0.000000
v 0.005419 0.090201 0.000000
v 0.005419 0.090201 0.075000
v 0.005522 0.013544 0.075000
v 0.005635 0.017492 0.000000
v 0.005635 0.017492 0.018750
v 0.005635 0.017492 0.037500
v 0.005635 0.017492 0.056250
v 0.005635 0.017492 0.075000
v 0.005674 0.080237 0.000000
v 0.005674 0.080237 0.075000
v 0.005721 0.060070 0.000000
v 0.005721 0.060070 0.018750
v 0.005721 0.060070 0.037500
v 0.005721 0.060070 0.056250
v 0.005721 0.060070 0.075000
v 0.006002 0.070447 0.000000
v 0.006002 0.070447 0.075000
v 0.006089 0.009064 0.000000
v 0.006131 0.017746 0.000000
v 0.006131 0.017746 0.018750
v 0.006131 0.017746 0.037500
v 0.006131 0.017746 0.056250
v 0.006131 0.017746 0.075000
v 0.006221 0.089965 0.000000
v 0.006221 0.089965 0.075000
v 0.006290 0.059715 0.000000
v 0.006290 0.059715 0.018750
v 0.006290 0.059715 0.037500
v 0.006290 0.059715 0.056250
v 0.006290 0.059715 0.075000
v 0.006438 0.000278 0.075000
v 0.006495 -0.061611 0.000000
v 0.006495 -0.061611 0.018750
v 0.006495 -0.061611 0.037500
v 0.006495 -0.061611 0.056250
v 0.006495 -0.061611 0.075000
v 0.006549 0.080175 0.000000
v 0.006549 0.080175 0.075000
v 0.006627 0.018000 0.000000
v 0.006627 0.018000 0.018750
v 0.006627 0.018000 0.037500
v 0.006627 0.018000 0.056250
v 0.006627 0.018000 0.075000
v 0.006768 0.099693 0.000000
v 0.006768 0.099693 0.018750
v 0.006768 0.099693 0.037500
v 0.006768 0.099693 0.056250
v 0.006768 0.099693 0.075000
v 0.006813 0.009724 0.000000
v 0.006860 0.059359 0.000000
v 0.006860 0.059359 0.018750
v 0.006860 0.059359 0.037500
v 0.006860 0.059359 0.056250
v 0.006860 0.059359 0.075000
v 0.006875 0.070362 0.000000
v 0.006875 0.070362 0.075000
v 0.007096 0.089903 0.000000
v 0.007096 0.089903 0.075000
v 0.007122 0.018254 0.000000
v 0.007122 0.018254 0.018750
v 0.007122 0.018254 0.037500
v 0.007122 0.018254 0.056250
v 0.007122 0.018254 0.075000
v 0.007127 0.059163 0.000000
v 0.007127 0.059163 0.018750
v 0.007127 0.059163 0.037500
v 0.007127 0.059163 0.056250
v 0.007127 0.059163 0.075000
v 0.007394 0.058967 0.000000
v 0.007394 0.058967 0.018750
v 0.007394 0.058967 0.037500
v 0.007394 0.058967 0.056250
v 0.007394 0.058967 0.075000
v 0.007424 0.080113 0.000000
v 0.007424 0.080113 0.075000
v 0.007445 0.070007 0.000000
v 0.007445 0.070007 0.075000
v 0.007561 0.018560 0.000000
v 0.007561 0.018560 0.018750
v 0.007561 0.018560 0.037500
v 0.007561 0.018560 0.056250
v 0.007561 0.018560 0.075000
v 0.007643 0.099631 0.000000
v 0.007643 0.099631 0.018750
v 0.007643 0.099631 0.037500
v 0.007643 0.099631 0.056250
v 0.007643 0.099631 0.075000
v 0.007662 0.058771 0.000000
v 0.007662 0.058771 0.018750
v 0.007662 0.058771 0.037500
v 0.007662 0.058771 0.056250
v 0.007662 0.058771 0.075000
v 0.007929 0.058574 0.000000
v 0.007929 0.058574 0.018750
v 0.007929 0.058574 0.037500
v 0.007929 0.058574 0.056250
v 0.007929 0.058574 0.075000
v 0.007970 0.089841 0.000000
v 0.007970 0.089841 0.075000
v 0.008001 0.018866 0.000000
v 0.008001 0.018866 0.018750
v 0.008001 0.018866 0.037500
v 0.008001 0.018866 0.056250
v 0.008001 0.018866 0.075000
v 0.008015 0.069651 0.000000
v 0.008015 0.069651 0.075000
v 0.008019 0.001524 0.075000
v 0.008174 0.058355 0.000000
v 0.008174 0.058355 0.018750
v 0.008174 0.058355 0.037500
v 0.008174 0.058355 0.056250
v 0.008174 0.058355 0.075000
v 0.008297 0.080028 0.000000
v 0.008297 0.080028 0.075000
v 0.008420 0.058136 0.000000
v 0.008420 0.058136 0.018750
v 0.008420 0.058136 0.037500
v 0.008420 0.058136 0.056250
v 0.008420 0.058136 0.075000
v 0.008440 0.019172 0.000000
v 0.008440 0.019172 0.018750
v 0.008440 0.019172 0.037500
v 0.008440 0.019172 0.056250
v 0.008440 0.019172 0.075000
v 0.008517 0.099569 0.000000
v 0.008517 0.099569 0.018750
v 0.008517 0.099569 0.037500
v 0.008517 0.099569 0.056250
v 0.008517 0.099569 0.075000
v 0.008585 0.069296 0.000000
v 0.008585 0.069296 0.075000
v 0.008666 0.057917 0.000000
v 0.008666 0.057917 0.018750
v 0.008666 0.057917 0.037500
v 0.008666 0.057917 0.056250
v 0.008666 0.057917 0.075000
v 0.008845 0.089779 0.000000
v 0.008845 0.089779 0.075000
v 0.008852 0.069100 0.000000
v 0.008879 0.019479 0.000000
v 0.008879 0.019479 0.018750
v 0.008879 0.019479 0.037500
v 0.008879 0.019479 0.056250
v 0.008879 0.019479 0.075000
v 0.008912 0.057697 0.000000
v 0.008912 0.057697 0.018750
v 0.008912 0.057697 0.037500
v 0.008912 0.057697 0.056250
v 0.008912 0.057697 0.075000
v 0.009075 0.019654 0.000000
v 0.009075 0.019654 0.018750
v 0.009075 0.019654 0.037500
v 0.009075 0.019654 0.056250
v 0.009075 0.019654 0.075000
v 0.009119 0.068903 0.000000
v 0.009134 0.057454 0.000000
v 0.009134 0.057454 0.018750
v 0.009134 0.057454 0.037500
v 0.009134 0.057454 0.056250
v 0.009134 0.057454 0.075000
v 0.009170 0.079943 0.000000
v 0.009170 0.079943 0.075000
v 0.009270 0.019830 0.000000
v 0.009270 0.019830 0.018750
v 0.009270 0.019830 0.037500
v 0.009270 0.019830 0.056250
v 0.009270 0.019830 0.075000
v 0.009356 0.057210 0.000000
v 0.009356 0.057210 0.018750
v 0.009356 0.057210 0.037500
v 0.009356 0.057210 0.056250
v 0.009356 0.057210 0.075000
v 0.009386 0.068707 0.000000
v 0.009392 0.099507 0.000000
v 0.009392 0.099507 0.018750
v 0.009392 0.099507 0.037500
v 0.009392 0.099507 0.056250
v 0.009392 0.099507 0.075000
v 0.009466 0.020006 0.000000
v 0.009466 0.020006 0.018750
v 0.009466 0.020006 0.037500
v 0.009466 0.020006 0.056250
v 0.009466 0.020006 0.075000
v 0.009472 0.013544 0.000000
v 0.009472 0.013544 0.075000
v 0.009579 0.056966 0.000000
v 0.009579 0.056966 0.018750
v 0.009579 0.056966 0.037500
v 0.009579 0.056966 0.056250
v 0.009579 0.056966 0.075000
v 0.009601 0.002770 0.075000
v 0.009661 0.020182 0.000000
v 0.009661 0.020182 0.018750
v 0.009661 0.020182 0.037500
v 0.009661 0.020182 0.056250
v 0.009661 0.020182 0.075000
v 0.009718 0.089694 0.000000
v 0.009718 0.089694 0.075000
v 0.009740 0.079588 0.000000
v 0.009740 0.079588 0.075000
v 0.009801 0.056723 0.000000
v 0.009801 0.056723 0.018750
v 0.009801 0.056723 0.037500
v 0.009801 0.056723 0.056250
v 0.009801 0.056723 0.075000
v 0.009839 0.020374 0.000000
v 0.009839 0.020374 0.018750
v 0.009839 0.020374 0.037500
v 0.009839 0.020374 0.056250
v 0.009839 0.020374 0.075000
v 0.010005 0.056459 0.000000
v 0.010005 0.056459 0.018750
v 0.010005 0.056459 0.037500
v 0.010005 0.056459 0.056250
v 0.010005 0.056459 0.075000
v 0.010017 0.020566 0.000000
v 0.010017 0.020566 0.018750
v 0.010017 0.020566 0.037500
v 0.010017 0.020566 0.056250
v 0.010017 0.020566 0.075000
v 0.010195 0.020759 0.000000
v 0.010195 0.020759 0.018750
v 0.010195 0.020759 0.037500
v 0.010195 0.020759 0.056250
v 0.010195 0.020759 0.075000
v 0.010209 0.056196 0.000000
v 0.010209 0.056196 0.018750
v 0.010209 0.056196 0.037500
v 0.010209 0.056196 0.056250
v 0.010209 0.056196 0.075000
v 0.010266 0.099445 0.000000
v 0.010266 0.099445 0.018750
v 0.010266 0.099445 0.037500
v 0.010266 0.099445 0.056250
v 0.010266 0.099445 0.075000
v 0.010309 0.079232 0.000000
v 0.010309 0.079232 0.075000
v 0.010328 0.069088 0.075000
v 0.010361 0.003409 0.075000
v 0.010373 0.020951 0.000000
v 0.010373 0.020951 0.018750
v 0.010373 0.020951 0.037500
v 0.010373 0.020951 0.056250
v 0.010373 0.020951 0.075000
v 0.010413 0.055933 0.000000
v 0.010413 0.055933 0.018750
v 0.010413 0.055933 0.037500
v 0.010413 0.055933 0.056250
v 0.010413 0.055933 0.075000
v 0.010473 -0.009047 0.075000
v 0.010501 -0.039992 0.000000
v 0.010501 -0.039992 0.075000
v 0.010534 0.021159 0.000000
v 0.010534 0.021159 0.018750
v 0.010534 0.021159 0.037500
v 0.010534 0.021159 0.056250
v 0.010534 0.021159 0.075000
v 0.010577 0.079036 0.000000
v 0.010591 0.089609 0.000000
v 0.010591 0.089609 0.075000
v 0.010617 0.055670 0.000000
v 0.010617 0.055670 0.018750
v 0.010617 0.055670 0.037500
v 0.010617 0.055670 0.056250
v 0.010617 0.055670 0.075000
v 0.010695 0.021366 0.000000
v 0.010695 0.021366 0.018750
v 0.010695 0.021366 0.037500
v 0.010695 0.021366 0.056250
v 0.010695 0.021366 0.075000
v 0.010736 0.013798 0.000000
v 0.010736 0.013798 0.075000
v 0.010844 0.078840 0.000000
v 0.010856 0.021574 0.000000
v 0.010856 0.021574 0.018750
v 0.010856 0.021574 0.037500
v 0.010856 0.021574 0.056250
v 0.010856 0.021574 0.075000
v 0.010994 0.055112 0.000000
v 0.010994 0.055112 0.018750
v 0.010994 0.055112 0.037500
v 0.010994 0.055112 0.056250
v 0.010994 0.055112 0.075000
v 0.011017 0.021781 0.000000
v 0.011017 0.021781 0.018750
v 0.011017 0.021781 0.037500
v 0.011017 0.021781 0.056250
v 0.011017 0.021781 0.075000
v 0.011121 0.004049 0.075000
v 0.011130 0.068499 0.000000
v 0.011139 0.099360 0.000000
v 0.011139 0.099360 0.018750
v 0.011139 0.099360 0.037500
v 0.011139 0.099360 0.056250
v 0.011139 0.099360 0.075000
v 0.011162 0.022004 0.000000
v 0.011162 0.022004 0.018750
v 0.011162 0.022004 0.037500
v 0.011162 0.022004 0.056250
v 0.011162 0.022004 0.075000
v 0.011307 0.022228 0.000000
v 0.011307 0.022228 0.018750
v 0.011307 0.022228 0.037500
v 0.011307 0.022228 0.056250
v 0.011307 0.022228 0.075000
v 0.011372 0.054555 0.000000
v 0.011372 0.054555 0.018750
v 0.011372 0.054555 0.037500
v 0.011372 0.054555 0.056250
v 0.011372 0.054555 0.075000
v 0.011376 0.068280 0.000000
v 0.011452 0.022451 0.000000
v 0.011452 0.022451 0.018750
v 0.011452 0.022451 0.037500
v 0.011452 0.022451 0.056250
v 0.011452 0.022451 0.075000
v 0.011464 0.089524 0.000000
v 0.011464 0.089524 0.075000
v 0.011597 0.022674 0.000000
v 0.011597 0.022674 0.018750
v 0.011597 0.022674 0.037500
v 0.011597 0.022674 0.056250
v 0.011597 0.022674 0.075000
v 0.011621 0.068061 0.000000
v 0.011690 0.068712 0.075000
v 0.011749 0.053997 0.000000
v 0.011749 0.053997 0.018750
v 0.011749 0.053997 0.037500
v 0.011749 0.053997 0.056250
v 0.011749 0.053997 0.075000
v 0.011843 0.023159 0.000000
v 0.011843 0.023159 0.018750
v 0.011843 0.023159 0.037500
v 0.011843 0.023159 0.056250
v 0.011843 0.023159 0.075000
v 0.011867 0.067841 0.000000
v 0.012000 0.014053 0.000000
v 0.012000 0.014053 0.075000
v 0.012013 0.099275 0.000000
v 0.012013 0.099275 0.018750
v 0.012013 0.099275 0.037500
v 0.012013 0.099275 0.056250
v 0.012013 0.099275 0.075000
v 0.012034 0.089169 0.000000
v 0.012034 0.089169 0.075000
v 0.012053 0.079024 0.075000
v 0.012089 0.067598 0.000000
v 0.012090 0.023645 0.000000
v 0.012090 0.023645 0.018750
v 0.012090 0.023645 0.037500
v 0.012090 0.023645 0.056250
v 0.012090 0.023645 0.075000
v 0.012127 0.053439 0.000000
v 0.012127 0.053439 0.018750
v 0.012127 0.053439 0.037500
v 0.012127 0.053439 0.056250
v 0.012127 0.053439 0.075000
v 0.012301 0.088973 0.000000
v 0.012312 0.067354 0.000000
v 0.012336 0.024130 0.000000
v 0.012336 0.024130 0.018750
v 0.012336 0.024130 0.037500
v 0.012336 0.024130 0.056250
v 0.012336 0.024130 0.075000
v 0.012354 0.068487 0.075000
v 0.012500 0.052589 0.000000
v 0.012500 0.052589 0.018750
v 0.012500 0.052589 0.037500
v 0.012500 0.052589 0.056250
v 0.012500 0.052589 0.075000
v 0.012534 0.067110 0.000000
v 0.012582 0.024615 0.000000
v 0.012582 0.024615 0.018750
v 0.012582 0.024615 0.037500
v 0.012582 0.024615 0.056250
v 0.012582 0.024615 0.075000
v 0.012587 0.078632 0.000000
v 0.012777 0.025149 0.000000
v 0.012777 0.025149 0.018750
v 0.012777 0.025149 0.037500
v 0.012777 0.025149 0.056250
v 0.012777 0.025149 0.075000
v 0.012873 0.051738 0.000000
v 0.012873 0.051738 0.018750
v 0.012873 0.051738 0.037500
v 0.012873 0.051738 0.056250
v 0.012873 0.051738 0.075000
v 0.012886 0.099190 0.000000
v 0.012886 0.099190 0.018750
v 0.012886 0.099190 0.037500
v 0.012886 0.099190 0.056250
v 0.012886 0.099190 0.075000
v 0.012972 0.025684 0.000000
v 0.012972 0.025684 0.018750
v 0.012972 0.025684 0.037500
v 0.012972 0.025684 0.056250
v 0.012972 0.025684 0.075000
v 0.012994 -0.080806 0.000000
v 0.012994 -0.080806 0.018750
v 0.012994 -0.080806 0.037500
v 0.012994 -0.080806 0.056250
v 0.012994 -0.080806 0.075000
v 0.012998 0.068217 0.075000
v 0.013167 0.026218 0.000000
v 0.013167 0.026218 0.018750
v 0.013167 0.026218 0.037500
v 0.013167 0.026218 0.056250
v 0.013167 0.026218 0.075000
v 0.013247 0.050888 0.000000
v 0.013247 0.050888 0.018750
v 0.013247 0.050888 0.037500
v 0.013247 0.050888 0.056250
v 0.013247 0.050888 0.075000
v 0.013264 0.014307 0.000000
v 0.013264 0.014307 0.075000
v 0.013362 0.026752 0.000000
v 0.013362 0.026752 0.018750
v 0.013362 0.026752 0.037500
v 0.013362 0.026752 0.056250
v 0.013362 0.026752 0.075000
v 0.013514 0.027325 0.000000
v 0.013514 0.027325 0.018750
v 0.013514 0.027325 0.037500
v 0.013514 0.027325 0.056250
v 0.013514 0.027325 0.075000
v 0.013619 0.067896 0.075000
v 0.013620 0.050037 0.000000
v 0.013620 0.050037 0.018750
v 0.013620 0.050037 0.037500
v 0.013620 0.050037 0.056250
v 0.013620 0.050037 0.075000
v 0.013667 0.027898 0.000000
v 0.013667 0.027898 0.018750
v 0.013667 0.027898 0.037500
v 0.013667 0.027898 0.056250
v 0.013667 0.027898 0.075000
v 0.013759 0.099105 0.000000
v 0.013759 0.099105 0.018750
v 0.013759 0.099105 0.037500
v 0.013759 0.099105 0.056250
v 0.013759 0.099105 0.075000
v 0.013776 0.049604 0.000000
v 0.013776 0.049604 0.018750
v 0.013776 0.049604 0.037500
v 0.013776 0.049604 0.056250
v 0.013776 0.049604 0.075000
v 0.013778 0.088961 0.075000
v 0.013797 0.078816 0.075000
v 0.013819 0.028472 0.000000
v 0.013819 0.028472 0.018750
v 0.013819 0.028472 0.037500
v 0.013819 0.028472 0.056250
v 0.013819 0.028472 0.075000
v 0.013872 0.014456 0.000000
v 0.013872 0.014456 0.075000
v 0.013896 0.066734 0.000000
v 0.013931 0.049171 0.000000
v 0.013931 0.049171 0.018750
v 0.013931 0.049171 0.037500
v 0.013931 0.049171 0.056250
v 0.013931 0.049171 0.075000
v 0.013971 0.029045 0.000000
v 0.013971 0.029045 0.018750
v 0.013971 0.029045 0.037500
v 0.013971 0.029045 0.056250
v 0.013971 0.029045 0.075000
v 0.014045 0.088765 0.000000
v 0.014087 0.048738 0.000000
v 0.014087 0.048738 0.018750
v 0.014087 0.048738 0.037500
v 0.014087 0.048738 0.056250
v 0.014087 0.048738 0.075000
v 0.014090 0.029650 0.000000
v 0.014090 0.029650 0.018750
v 0.014090 0.029650 0.037500
v 0.014090 0.029650 0.056250
v 0.014090 0.029650 0.075000
v 0.014100 0.066471 0.000000
v 0.014208 0.030256 0.000000
v 0.014208 0.030256 0.018750
v 0.014208 0.030256 0.037500
v 0.014208 0.030256 0.056250
v 0.014208 0.030256 0.075000
v 0.014221 0.067535 0.075000
v 0.014243 0.048305 0.000000
v 0.014243 0.048305 0.018750
v 0.014243 0.048305 0.037500
v 0.014243 0.048305 0.056250
v 0.014243 0.048305 0.075000
v 0.014304 0.066208 0.000000
v 0.014326 0.030861 0.000000
v 0.014326 0.030861 0.018750
v 0.014326 0.030861 0.037500
v 0.014326 0.030861 0.056250
v 0.014326 0.030861 0.075000
v 0.014331 0.078424 0.000000
v 0.014338 0.000278 0.000000
v 0.014361 0.047863 0.000000
v 0.014361 0.047863 0.018750
v 0.014361 0.047863 0.037500
v 0.014361 0.047863 0.056250
v 0.014361 0.047863 0.075000
v 0.014423 -0.009047 0.000000
v 0.014444 0.031467 0.000000
v 0.014444 0.031467 0.018750
v 0.014444 0.031467 0.037500
v 0.014444 0.031467 0.056250
v 0.014444 0.031467 0.075000
v 0.014480 0.047421 0.000000
v 0.014480 0.047421 0.018750
v 0.014480 0.047421 0.037500
v 0.014480 0.047421 0.056250
v 0.014480 0.047421 0.075000
v 0.014481 0.014605 0.000000
v 0.014481 0.014605 0.075000
v 0.014503 0.008528 0.075000
v 0.014507 -0.018373 0.000000
v 0.014507 -0.018373 0.075000
v 0.014508 0.065945 0.000000
v 0.014537 0.032096 0.000000
v 0.014537 0.032096 0.018750
v 0.014537 0.032096 0.037500
v 0.014537 0.032096 0.056250
v 0.014537 0.032096 0.075000
v 0.014577 0.078205 0.000000
v 0.014598 0.046979 0.000000
v 0.014598 0.046979 0.018750
v 0.014598 0.046979 0.037500
v 0.014598 0.046979 0.056250
v 0.014598 0.046979 0.075000
v 0.014629 0.032725 0.000000
v 0.014629 0.032725 0.018750
v 0.014629 0.032725 0.037500
v 0.014629 0.032725 0.056250
v 0.014629 0.032725 0.075000
v 0.014717 0.046537 0.000000
v 0.014717 0.046537 0.018750
v 0.014717 0.046537 0.037500
v 0.014717 0.046537 0.056250
v 0.014717 0.046537 0.075000
v 0.014722 0.033354 0.000000
v 0.014722 0.033354 0.018750
v 0.014722 0.033354 0.037500
v 0.014722 0.033354 0.056250
v 0.014722 0.033354 0.075000
v 0.014795 0.046085 0.000000
v 0.014795 0.046085 0.018750
v 0.014795 0.046085 0.037500
v 0.014795 0.046085 0.056250
v 0.014795 0.046085 0.075000
v 0.014815 0.033982 0.000000
v 0.014815 0.033982 0.018750
v 0.014815 0.033982 0.037500
v 0.014815 0.033982 0.056250
v 0.014815 0.033982 0.075000
v 0.014823 0.077985 0.000000
v 0.014873 0.045634 0.000000
v 0.014873 0.045634 0.018750
v 0.014873 0.045634 0.037500
v 0.014873 0.045634 0.056250
v 0.014873 0.045634 0.075000
v 0.014951 0.045182 0.000000
v 0.014951 0.045182 0.018750
v 0.014951 0.045182 0.037500
v 0.014951 0.045182 0.056250
v 0.014951 0.045182 0.075000
v 0.014957 0.035280 0.000000
v 0.014957 0.035280 0.018750
v 0.014957 0.035280 0.037500
v 0.014957 0.035280 0.056250
v 0.014957 0.035280 0.075000
v 0.015029 0.044730 0.000000
v 0.015029 0.044730 0.018750
v 0.015029 0.044730 0.037500
v 0.015029 0.044730 0.056250
v 0.015029 0.044730 0.075000
v 0.015045 0.077742 0.000000
v 0.015076 0.044271 0.000000
v 0.015076 0.044271 0.018750
v 0.015076 0.044271 0.037500
v 0.015076 0.044271 0.056250
v 0.015076 0.044271 0.075000
v 0.015089 0.014754 0.000000
v 0.015089 0.014754 0.075000
v 0.015100 0.036577 0.000000
v 0.015100 0.036577 0.018750
v 0.015100 0.036577 0.037500
v 0.015100 0.036577 0.056250
v 0.015100 0.036577 0.075000
v 0.015123 0.043812 0.000000
v 0.015123 0.043812 0.018750
v 0.015123 0.043812 0.037500
v 0.015123 0.043812 0.056250
v 0.015123 0.043812 0.075000
v 0.015158 0.078440 0.075000
v 0.015170 0.043352 0.000000
v 0.015170 0.043352 0.018750
v 0.015170 0.043352 0.037500
v 0.015170 0.043352 0.056250
v 0.015170 0.043352 0.075000
v 0.015172 0.065720 0.000000
v 0.015217 0.042893 0.000000
v 0.015217 0.042893 0.018750
v 0.015217 0.042893 0.037500
v 0.015217 0.042893 0.056250
v 0.015217 0.042893 0.075000
v 0.015242 0.037875 0.000000
v 0.015242 0.037875 0.018750
v 0.015242 0.037875 0.037500
v 0.015242 0.037875 0.056250
v 0.015242 0.037875 0.075000
v 0.015259 0.041962 0.000000
v 0.015259 0.041962 0.018750
v 0.015259 0.041962 0.037500
v 0.015259 0.041962 0.056250
v 0.015259 0.041962 0.075000
v 0.015267 0.077498 0.000000
v 0.015301 0.041032 0.000000
v 0.015301 0.041032 0.018750
v 0.015301 0.041032 0.037500
v 0.015301 0.041032 0.056250
v 0.015301 0.041032 0.075000
v 0.015343 0.040102 0.000000
v 0.015343 0.040102 0.018750
v 0.015343 0.040102 0.037500
v 0.015343 0.040102 0.056250
v 0.015343 0.040102 0.075000
v 0.015385 0.039172 0.000000
v 0.015385 0.039172 0.018750
v 0.015385 0.039172 0.037500
v 0.015385 0.039172 0.056250
v 0.015385 0.039172 0.075000
v 0.015397 0.066749 0.075000
v 0.015502 0.098897 0.000000
v 0.015502 0.098897 0.018750
v 0.015502 0.098897 0.037500
v 0.015502 0.098897 0.056250
v 0.015502 0.098897 0.075000
v 0.015521 0.088753 0.075000
v 0.015549 0.065162 0.000000
v 0.015669 0.014930 0.000000
v 0.015669 0.014930 0.075000
v 0.015788 0.088557 0.000000
v 0.015919 0.001524 0.000000
v 0.015927 0.064604 0.000000
v 0.016025 0.066199 0.075000
v 0.016250 0.015105 0.000000
v 0.016250 0.015105 0.075000
v 0.016292 0.066002 0.075000
v 0.016304 0.064047 0.000000
v 0.016520 0.078064 0.075000
v 0.016559 0.065806 0.075000
v 0.016629 0.077122 0.000000
v 0.016826 0.065610 0.075000
v 0.016830 0.015281 0.000000
v 0.016830 0.015281 0.075000
v 0.016948 0.063777 0.000000
v 0.017000 -0.059187 0.000000
v 0.017000 -0.059187 0.075000
v 0.017072 0.065391 0.075000
v 0.017184 0.077839 0.075000
v 0.017246 0.098689 0.000000
v 0.017246 0.098689 0.018750
v 0.017246 0.098689 0.037500
v 0.017246 0.098689 0.056250
v 0.017246 0.098689 0.075000
v 0.017265 0.088545 0.075000
v 0.017318 0.065171 0.075000
v 0.017373 0.015492 0.000000
v 0.017373 0.015492 0.075000
v 0.017500 0.002770 0.000000
v 0.017532 0.088349 0.000000
v 0.017564 0.064952 0.075000
v 0.017569 0.063456 0.000000
v 0.017778 0.088129 0.000000
v 0.017786 0.064708 0.075000
v 0.017848 0.077614 0.075000
v 0.017885 0.013008 0.075000
v 0.017915 0.015702 0.000000
v 0.017915 0.015702 0.075000
v 0.017991 0.076746 0.000000
v 0.018000 0.087886 0.000000
v 0.018008 0.064465 0.075000
v 0.018171 0.063095 0.000000
v 0.018195 0.076483 0.000000
v 0.018231 0.064221 0.075000
v 0.018260 0.003409 0.000000
v 0.018399 0.076220 0.000000
v 0.018435 0.063958 0.075000
v 0.018458 0.015913 0.000000
v 0.018458 0.015913 0.075000
v 0.018492 0.077344 0.075000
v 0.018545 0.062245 0.000000
v 0.018627 0.088169 0.075000
v 0.018638 0.063695 0.075000
v 0.018842 0.063432 0.075000
v 0.018918 0.061394 0.000000
v 0.018953 0.016167 0.000000
v 0.018953 0.016167 0.075000
v 0.018990 0.098481 0.000000
v 0.018990 0.098481 0.018750
v 0.018990 0.098481 0.037500
v 0.018990 0.098481 0.056250
v 0.018990 0.098481 0.075000
v 0.019021 0.004049 0.000000
v 0.019062 0.075995 0.000000
v 0.019136 0.077074 0.075000
v 0.019220 0.062874 0.075000
v 0.019291 0.060543 0.000000
v 0.019362 0.087510 0.000000
v 0.019449 0.016420 0.000000
v 0.019449 0.016420 0.075000
v 0.019494 -0.100000 0.000000
v 0.019494 -0.100000 0.018750
v 0.019494 -0.100000 0.037500
v 0.019494 -0.100000 0.056250
v 0.019494 -0.100000 0.075000
v 0.019598 0.062316 0.075000
v 0.019726 0.075770 0.000000
v 0.019744 0.004708 0.000000
v 0.019756 0.076753 0.075000
v 0.019945 0.016674 0.000000
v 0.019945 0.016674 0.075000
v 0.019975 0.061759 0.075000
v 0.019989 0.087793 0.075000
v 0.020104 0.075212 0.000000
v 0.020348 0.060908 0.075000
v 0.020377 0.076433 0.075000
v 0.020384 0.016980 0.000000
v 0.020384 0.016980 0.075000
v 0.020466 0.059757 0.000000
v 0.020468 0.005367 0.000000
v 0.020482 0.074654 0.000000
v 0.020722 0.060058 0.075000
v 0.020724 0.087134 0.000000
v 0.020733 0.098273 0.000000
v 0.020733 0.098273 0.018750
v 0.020733 0.098273 0.037500
v 0.020733 0.098273 0.056250
v 0.020733 0.098273 0.075000
v 0.020823 0.017287 0.000000
v 0.020823 0.017287 0.075000
v 0.020978 -0.006623 0.075000
v 0.020980 0.076072 0.075000
v 0.021006 -0.037567 0.000000
v 0.021006 -0.037567 0.075000
v 0.021095 0.059207 0.000000
v 0.021095 0.059207 0.075000
v 0.021125 0.074384 0.000000
v 0.021251 0.058774 0.000000
v 0.021251 0.058774 0.075000
v 0.021262 0.017593 0.000000
v 0.021262 0.017593 0.075000
v 0.021350 0.087417 0.075000
v 0.021406 0.058341 0.000000
v 0.021406 0.058341 0.075000
v 0.021458 0.017769 0.000000
v 0.021458 0.017769 0.075000
v 0.021562 0.057908 0.000000
v 0.021562 0.057908 0.075000
v 0.021582 0.075711 0.075000
v 0.021653 0.017944 0.000000
v 0.021653 0.017944 0.075000
v 0.021769 0.074114 0.000000
v 0.021835 0.013008 0.075000
v 0.021849 0.018120 0.000000
v 0.021849 0.018120 0.075000
v 0.022014 0.087192 0.075000
v 0.022027 0.018312 0.000000
v 0.022027 0.018312 0.075000
v 0.022085 0.086758 0.000000
v 0.022095 0.097897 0.000000
v 0.022095 0.097897 0.018750
v 0.022095 0.097897 0.037500
v 0.022095 0.097897 0.056250
v 0.022095 0.097897 0.075000
v 0.022174 0.057344 0.000000
v 0.022174 0.057344 0.075000
v 0.022205 0.018505 0.000000
v 0.022205 0.018505 0.075000
v 0.022289 0.086495 0.000000
v 0.022383 0.018697 0.000000
v 0.022383 0.018697 0.075000
v 0.022390 0.073793 0.000000
v 0.022544 0.018905 0.000000
v 0.022544 0.018905 0.075000
v 0.022559 -0.005377 0.075000
v 0.022678 0.086967 0.075000
v 0.022705 0.019112 0.000000
v 0.022705 0.019112 0.075000
v 0.022753 0.056756 0.000000
v 0.022753 0.056756 0.075000
v 0.022758 0.074924 0.075000
v 0.022866 0.019320 0.000000
v 0.022866 0.019320 0.075000
v 0.022871 0.056314 0.000000
v 0.022871 0.056314 0.075000
v 0.022953 0.086270 0.000000
v 0.022990 0.055872 0.000000
v 0.022990 0.055872 0.075000
v 0.023010 0.073473 0.000000
v 0.023011 0.019543 0.000000
v 0.023011 0.019543 0.075000
v 0.023109 0.055430 0.000000
v 0.023109 0.055430 0.075000
v 0.023127 0.009187 0.000000
v 0.023156 0.019766 0.000000
v 0.023156 0.019766 0.075000
v 0.023301 0.019989 0.000000
v 0.023301 0.019989 0.075000
v 0.023342 0.086742 0.075000
v 0.023457 0.097521 0.000000
v 0.023457 0.097521 0.018750
v 0.023457 0.097521 0.037500
v 0.023457 0.097521 0.056250
v 0.023457 0.097521 0.075000
v 0.023500 -0.078381 0.000000
v 0.023500 -0.078381 0.075000
v 0.023547 0.020475 0.000000
v 0.023547 0.020475 0.075000
v 0.023613 0.073112 0.000000
v 0.023617 0.086044 0.000000
v 0.023638 0.054803 0.000000
v 0.023638 0.054803 0.075000
v 0.023793 0.020960 0.000000
v 0.023793 0.020960 0.075000
v 0.023933 0.074138 0.075000
v 0.023986 0.086472 0.075000
v 0.024040 0.021445 0.000000
v 0.024040 0.021445 0.075000
v 0.024109 0.054130 0.000000
v 0.024109 0.054130 0.075000
v 0.024140 -0.004131 0.075000
v 0.024216 0.072751 0.000000
v 0.024235 0.021979 0.000000
v 0.024235 0.021979 0.075000
v 0.024281 0.085819 0.000000
v 0.024430 0.022514 0.000000
v 0.024430 0.022514 0.075000
v 0.024533 0.053421 0.000000
v 0.024533 0.053421 0.075000
v 0.024562 0.073588 0.075000
v 0.024589 0.071900 0.000000
v 0.024611 0.052969 0.000000
v 0.024611 0.052969 0.075000
v 0.024625 0.023048 0.000000
v 0.024625 0.023048 0.075000
v 0.024630 0.086202 0.075000
v 0.024659 0.085262 0.000000
v 0.024689 0.052518 0.000000
v 0.024689 0.052518 0.075000
v 0.024768 0.052066 0.000000
v 0.024768 0.052066 0.075000
v 0.024777 0.023621 0.000000
v 0.024777 0.023621 0.075000
v 0.024819 0.097146 0.000000
v 0.024819 0.097146 0.018750
v 0.024819 0.097146 0.037500
v 0.024819 0.097146 0.056250
v 0.024819 0.097146 0.075000
v 0.024928 -0.006623 0.000000
v 0.024929 0.024194 0.000000
v 0.024929 0.024194 0.075000
v 0.024962 0.071050 0.000000
v 0.025013 -0.015948 0.000000
v 0.025013 -0.015948 0.075000
v 0.025082 0.024768 0.000000
v 0.025082 0.024768 0.075000
v 0.025190 0.073038 0.075000
v 0.025200 0.025373 0.000000
v 0.025200 0.025373 0.075000
v 0.025273 0.085932 0.075000
v 0.025303 0.084992 0.000000
v 0.025318 0.025979 0.000000
v 0.025318 0.025979 0.075000
v 0.025436 0.026584 0.000000
v 0.025436 0.026584 0.075000
v 0.025457 0.072842 0.075000
v 0.025529 0.027213 0.000000
v 0.025529 0.027213 0.075000
v 0.025538 0.050586 0.000000
v 0.025538 0.050586 0.075000
v 0.025621 0.027842 0.000000
v 0.025621 0.027842 0.075000
v 0.025714 0.028471 0.000000
v 0.025714 0.028471 0.075000
v 0.025722 -0.002886 0.075000
v 0.025724 0.072646 0.075000
v 0.025785 0.013008 0.000000
v 0.025785 0.013008 0.075000
v 0.025894 0.085611 0.075000
v 0.025946 0.084722 0.000000
v 0.025970 0.072426 0.075000
v 0.026011 0.029363 0.000000
v 0.026011 0.029363 0.075000
v 0.026138 0.070263 0.000000
v 0.026164 0.048819 0.000000
v 0.026164 0.048819 0.075000
v 0.026180 0.096770 0.000000
v 0.026180 0.096770 0.018750
v 0.026180 0.096770 0.037500
v 0.026180 0.096770 0.056250
v 0.026180 0.096770 0.075000
v 0.026211 0.048360 0.000000
v 0.026211 0.048360 0.075000
v 0.026216 0.072207 0.075000
v 0.026244 0.030290 0.000000
v 0.026244 0.030290 0.075000
v 0.026258 0.047900 0.000000
v 0.026258 0.047900 0.075000
v 0.026305 0.047441 0.000000
v 0.026305 0.047441 0.075000
v 0.026424 0.031245 0.000000
v 0.026424 0.031245 0.075000
v 0.026438 0.071963 0.075000
v 0.026482 -0.002246 0.075000
v 0.026509 -0.005377 0.000000
v 0.026515 0.085290 0.075000
v 0.026561 0.032225 0.000000
v 0.026561 0.032225 0.075000
v 0.026572 0.046548 0.000000
v 0.026572 0.046548 0.075000
v 0.026590 0.084452 0.000000
v 0.026660 0.071720 0.075000
v 0.026703 0.033522 0.000000
v 0.026703 0.033522 0.075000
v 0.026783 0.045644 0.000000
v 0.026783 0.045644 0.075000
v 0.026844 0.096544 0.000000
v 0.026844 0.096544 0.018750
v 0.026844 0.096544 0.037500
v 0.026844 0.096544 0.056250
v 0.026844 0.096544 0.075000
v 0.026846 0.034819 0.000000
v 0.026846 0.034819 0.075000
v 0.026864 0.071457 0.075000
v 0.026929 0.044727 0.000000
v 0.026929 0.044727 0.075000
v 0.026988 0.036117 0.000000
v 0.026988 0.036117 0.075000
v 0.027023 0.043800 0.000000
v 0.027023 0.043800 0.075000
v 0.027049 0.013262 0.000000
v 0.027049 0.013262 0.075000
v 0.027065 0.042870 0.000000
v 0.027065 0.042870 0.075000
v 0.027068 0.071193 0.075000
v 0.027093 0.037114 0.000000
v 0.027093 0.037114 0.075000
v 0.027107 0.041939 0.000000
v 0.027107 0.041939 0.075000
v 0.027135 0.084969 0.075000
v 0.027149 0.041009 0.000000
v 0.027149 0.041009 0.075000
v 0.027211 0.084131 0.000000
v 0.027242 -0.001606 0.075000
v 0.027250 0.039136 0.000000
v 0.027250 0.039136 0.075000
v 0.027313 0.069477 0.000000
v 0.027446 0.070636 0.075000
v 0.027506 -0.056762 0.000000
v 0.027506 -0.056762 0.075000
v 0.027508 0.096319 0.000000
v 0.027508 0.096319 0.018750
v 0.027508 0.096319 0.037500
v 0.027508 0.096319 0.056250
v 0.027508 0.096319 0.075000
v 0.027738 0.084608 0.075000
v 0.027823 0.070078 0.075000
v 0.027831 0.083810 0.000000
v 0.027941 0.068927 0.000000
v 0.028002 -0.000967 0.075000
v 0.028090 -0.004131 0.000000
v 0.028172 0.096094 0.000000
v 0.028172 0.096094 0.018750
v 0.028172 0.096094 0.037500
v 0.028172 0.096094 0.056250
v 0.028172 0.096094 0.075000
v 0.028197 0.069228 0.075000
v 0.028313 0.013517 0.000000
v 0.028313 0.013517 0.075000
v 0.028341 0.084248 0.075000
v 0.028452 0.083489 0.000000
v 0.028570 0.068377 0.000000
v 0.028570 0.068377 0.075000
v 0.028726 0.067944 0.000000
v 0.028726 0.067944 0.075000
v 0.028836 0.095869 0.000000
v 0.028836 0.095869 0.018750
v 0.028836 0.095869 0.037500
v 0.028836 0.095869 0.056250
v 0.028836 0.095869 0.075000
v 0.028881 0.067511 0.000000
v 0.028881 0.067511 0.075000
v 0.028922 0.013666 0.000000
v 0.028922 0.013666 0.075000
v 0.028943 0.083887 0.075000
v 0.029055 0.083128 0.000000
v 0.029480 0.095599 0.000000
v 0.029480 0.095599 0.018750
v 0.029480 0.095599 0.037500
v 0.029480 0.095599 0.056250
v 0.029480 0.095599 0.075000
v 0.029493 0.066947 0.000000
v 0.029493 0.066947 0.075000
v 0.029530 0.013814 0.000000
v 0.029530 0.013814 0.075000
v 0.029657 0.082768 0.000000
v 0.029671 -0.002886 0.000000
v 0.030105 0.066384 0.000000
v 0.030105 0.066384 0.075000
v 0.030110 0.013990 0.000000
v 0.030110 0.013990 0.075000
v 0.030119 0.083100 0.075000
v 0.030124 0.095329 0.000000
v 0.030124 0.095329 0.018750
v 0.030124 0.095329 0.037500
v 0.030124 0.095329 0.056250
v 0.030124 0.095329 0.075000
v 0.030260 0.082407 0.000000
v 0.030432 -0.002246 0.000000
v 0.030633 0.081556 0.000000
v 0.030684 0.065795 0.000000
v 0.030684 0.065795 0.075000
v 0.030691 0.014166 0.000000
v 0.030691 0.014166 0.075000
v 0.030767 0.095059 0.000000
v 0.030767 0.095059 0.018750
v 0.030767 0.095059 0.037500
v 0.030767 0.095059 0.056250
v 0.030767 0.095059 0.075000
v 0.031192 -0.001606 0.000000
v 0.031233 0.014376 0.000000
v 0.031233 0.014376 0.075000
v 0.031263 0.065207 0.000000
v 0.031263 0.065207 0.075000
v 0.031294 0.082313 0.075000
v 0.031382 0.064765 0.000000
v 0.031382 0.064765 0.075000
v 0.031384 0.003513 0.075000
v 0.031411 0.094789 0.000000
v 0.031411 0.094789 0.018750
v 0.031411 0.094789 0.037500
v 0.031411 0.094789 0.056250
v 0.031411 0.094789 0.075000
v 0.031500 0.064323 0.000000
v 0.031500 0.064323 0.075000
v 0.031512 -0.035143 0.000000
v 0.031512 -0.035143 0.075000
v 0.031776 0.014587 0.000000
v 0.031776 0.014587 0.075000
v 0.031809 0.080770 0.000000
v 0.031952 -0.000967 0.000000
v 0.032030 0.063696 0.000000
v 0.032030 0.063696 0.075000
v 0.032032 0.094468 0.000000
v 0.032032 0.094468 0.018750
v 0.032032 0.094468 0.037500
v 0.032032 0.094468 0.056250
v 0.032032 0.094468 0.075000
v 0.032272 0.014841 0.000000
v 0.032272 0.014841 0.075000
v 0.032436 -0.100000 0.000000
v 0.032436 -0.100000 0.018750
v 0.032436 -0.100000 0.037500
v 0.032436 -0.100000 0.056250
v 0.032436 -0.100000 0.075000
v 0.032470 0.081527 0.075000
v 0.032559 0.063068 0.000000
v 0.032559 0.063068 0.075000
v 0.032652 0.094147 0.000000
v 0.032652 0.094147 0.018750
v 0.032652 0.094147 0.037500
v 0.032652 0.094147 0.056250
v 0.032652 0.094147 0.075000
v 0.032676 -0.000308 0.000000
v 0.032767 0.015095 0.000000
v 0.032767 0.015095 0.075000
v 0.032984 0.079983 0.000000
v 0.033030 0.062396 0.000000
v 0.033030 0.062396 0.075000
v 0.033098 0.080977 0.075000
v 0.033207 0.015401 0.000000
v 0.033207 0.015401 0.075000
v 0.033273 0.093827 0.000000
v 0.033273 0.093827 0.018750
v 0.033273 0.093827 0.037500
v 0.033273 0.093827 0.056250
v 0.033273 0.093827 0.075000
v 0.033399 0.000352 0.000000
v 0.033501 0.061723 0.000000
v 0.033501 0.061723 0.075000
v 0.033646 0.015707 0.000000
v 0.033646 0.015707 0.075000
v 0.033726 0.080427 0.075000
v 0.033841 0.015883 0.000000
v 0.033841 0.015883 0.075000
v 0.033894 0.093506 0.000000
v 0.033894 0.093506 0.018750
v 0.033894 0.093506 0.037500
v 0.033894 0.093506 0.056250
v 0.033894 0.093506 0.075000
v 0.033925 0.061014 0.000000
v 0.033925 0.061014 0.075000
v 0.034037 0.016059 0.000000
v 0.034037 0.016059 0.075000
v 0.034123 0.001011 0.000000
v 0.034159 0.079196 0.000000
v 0.034215 0.016251 0.000000
v 0.034215 0.016251 0.075000
v 0.034350 0.060305 0.000000
v 0.034350 0.060305 0.075000
v 0.034355 0.079877 0.075000
v 0.034393 0.016443 0.000000
v 0.034393 0.016443 0.075000
v 0.034428 0.059853 0.000000
v 0.034428 0.059853 0.075000
v 0.034496 0.093145 0.000000
v 0.034496 0.093145 0.018750
v 0.034496 0.093145 0.037500
v 0.034496 0.093145 0.056250
v 0.034496 0.093145 0.075000
v 0.034506 0.059401 0.000000
v 0.034506 0.059401 0.075000
v 0.034554 0.016651 0.000000
v 0.034554 0.016651 0.075000
v 0.034622 0.079681 0.075000
v 0.034715 0.016858 0.000000
v 0.034715 0.016858 0.075000
v 0.034767 0.007992 0.075000
v 0.034788 0.078646 0.000000
v 0.034860 0.017082 0.000000
v 0.034860 0.017082 0.075000
v 0.034868 0.079462 0.075000
v 0.035005 0.017305 0.000000
v 0.035005 0.017305 0.075000
v 0.035090 0.079218 0.075000
v 0.035099 0.092784 0.000000
v 0.035099 0.092784 0.018750
v 0.035099 0.092784 0.037500
v 0.035099 0.092784 0.056250
v 0.035099 0.092784 0.075000
v 0.035251 0.017790 0.000000
v 0.035251 0.017790 0.075000
v 0.035277 0.057922 0.000000
v 0.035277 0.057922 0.075000
v 0.035294 0.078955 0.075000
v 0.035416 0.078097 0.000000
v 0.035497 0.018275 0.000000
v 0.035497 0.018275 0.075000
v 0.035518 -0.013523 0.000000
v 0.035518 -0.013523 0.018750
v 0.035518 -0.013523 0.037500
v 0.035518 -0.013523 0.056250
v 0.035518 -0.013523 0.075000
v 0.035672 0.078397 0.075000
v 0.035692 0.018810 0.000000
v 0.035692 0.018810 0.075000
v 0.035702 0.092423 0.000000
v 0.035702 0.092423 0.018750
v 0.035702 0.092423 0.037500
v 0.035702 0.092423 0.056250
v 0.035702 0.092423 0.075000
v 0.035887 0.019344 0.000000
v 0.035887 0.019344 0.075000
v 0.036040 0.019917 0.000000
v 0.036040 0.019917 0.075000
v 0.036045 0.077547 0.000000
v 0.036045 0.077547 0.075000
v 0.036047 0.056442 0.000000
v 0.036047 0.056442 0.075000
v 0.036192 0.020490 0.000000
v 0.036192 0.020490 0.075000
v 0.036200 0.077114 0.000000
v 0.036200 0.077114 0.075000
v 0.036305 0.092063 0.000000
v 0.036305 0.092063 0.018750
v 0.036305 0.092063 0.037500
v 0.036305 0.092063 0.056250
v 0.036305 0.092063 0.075000
v 0.036310 0.021096 0.000000
v 0.036310 0.021096 0.075000
v 0.036428 0.021701 0.000000
v 0.036428 0.021701 0.075000
v 0.036442 -0.078381 0.000000
v 0.036442 -0.078381 0.075000
v 0.036521 0.022330 0.000000
v 0.036521 0.022330 0.075000
v 0.036614 0.022959 0.000000
v 0.036614 0.022959 0.075000
v 0.036673 0.054675 0.000000
v 0.036673 0.054675 0.075000
v 0.036782 0.004831 0.000000
v 0.036812 0.076550 0.000000
v 0.036812 0.076550 0.075000
v 0.036911 0.023852 0.000000
v 0.036911 0.023852 0.075000
v 0.037099 -0.012278 0.000000
v 0.037099 -0.012278 0.018750
v 0.037099 -0.012278 0.037500
v 0.037099 -0.012278 0.056250
v 0.037099 -0.012278 0.075000
v 0.037207 0.024744 0.000000
v 0.037207 0.024744 0.075000
v 0.037299 0.052908 0.000000
v 0.037299 0.052908 0.075000
v 0.037346 0.052449 0.000000
v 0.037346 0.052449 0.075000
v 0.037393 0.051989 0.000000
v 0.037393 0.051989 0.075000
v 0.037424 0.075987 0.000000
v 0.037424 0.075987 0.075000
v 0.037440 0.025670 0.000000
v 0.037440 0.025670 0.075000
v 0.037480 0.091276 0.000000
v 0.037480 0.091276 0.018750
v 0.037480 0.091276 0.037500
v 0.037480 0.091276 0.056250
v 0.037480 0.091276 0.075000
v 0.037659 0.051096 0.000000
v 0.037659 0.051096 0.075000
v 0.037673 0.026597 0.000000
v 0.037673 0.026597 0.075000
v 0.037853 0.027552 0.000000
v 0.037853 0.027552 0.075000
v 0.037926 0.050203 0.000000
v 0.037926 0.050203 0.075000
v 0.038033 0.028508 0.000000
v 0.038033 0.028508 0.075000
v 0.038036 0.075423 0.000000
v 0.038036 0.075423 0.075000
v 0.038138 0.049299 0.000000
v 0.038138 0.049299 0.075000
v 0.038149 0.012472 0.075000
v 0.038170 0.029487 0.000000
v 0.038170 0.029487 0.075000
v 0.038307 0.030467 0.000000
v 0.038307 0.030467 0.075000
v 0.038349 0.048396 0.000000
v 0.038349 0.048396 0.075000
v 0.038449 0.031764 0.000000
v 0.038449 0.031764 0.075000
v 0.038496 0.047478 0.000000
v 0.038496 0.047478 0.075000
v 0.038592 0.033062 0.000000
v 0.038592 0.033062 0.075000
v 0.038615 0.074835 0.000000
v 0.038615 0.074835 0.075000
v 0.038642 0.046561 0.000000
v 0.038642 0.046561 0.075000
v 0.038655 0.090489 0.000000
v 0.038655 0.090489 0.018750
v 0.038655 0.090489 0.037500
v 0.038655 0.090489 0.056250
v 0.038655 0.090489 0.075000
v 0.038680 -0.011032 0.000000
v 0.038680 -0.011032 0.018750
v 0.038680 -0.011032 0.037500
v 0.038680 -0.011032 0.056250
v 0.038680 -0.011032 0.075000
v 0.038697 0.034059 0.000000
v 0.038697 0.034059 0.075000
v 0.038736 0.045634 0.000000
v 0.038736 0.045634 0.075000
v 0.038802 0.035056 0.000000
v 0.038802 0.035056 0.075000
v 0.038829 0.044707 0.000000
v 0.038829 0.044707 0.075000
v 0.038871 0.043777 0.000000
v 0.038871 0.043777 0.075000
v 0.038913 0.042847 0.000000
v 0.038913 0.042847 0.075000
v 0.038958 0.037078 0.000000
v 0.038958 0.037078 0.075000
v 0.039014 0.040973 0.000000
v 0.039014 0.040973 0.075000
v 0.039115 0.039100 0.000000
v 0.039115 0.039100 0.075000
v 0.039194 0.074247 0.000000
v 0.039194 0.074247 0.075000
v 0.039440 0.008651 0.000000
v 0.039773 0.073658 0.000000
v 0.039773 0.073658 0.075000
v 0.039831 0.089703 0.000000
v 0.039831 0.089703 0.018750
v 0.039831 0.089703 0.037500
v 0.039831 0.089703 0.056250
v 0.039831 0.089703 0.075000
v 0.039892 0.073216 0.000000
v 0.039892 0.073216 0.075000
v 0.040261 -0.009787 0.000000
v 0.040261 -0.009787 0.018750
v 0.040261 -0.009787 0.037500
v 0.040261 -0.009787 0.056250
v 0.040261 -0.009787 0.075000
v 0.040421 0.072589 0.000000
v 0.040421 0.072589 0.075000
v 0.040448 -0.056762 0.000000
v 0.040448 -0.056762 0.075000
v 0.040951 0.071961 0.000000
v 0.040951 0.071961 0.075000
v 0.041006 0.088916 0.000000
v 0.041006 0.088916 0.018750
v 0.041006 0.088916 0.037500
v 0.041006 0.088916 0.056250
v 0.041006 0.088916 0.075000
v 0.041480 0.071334 0.000000
v 0.041480 0.071334 0.075000
v 0.041634 0.088366 0.000000
v 0.041634 0.088366 0.018750
v 0.041634 0.088366 0.037500
v 0.041634 0.088366 0.056250
v 0.041634 0.088366 0.075000
v 0.041843 -0.008541 0.000000
v 0.041843 -0.008541 0.018750
v 0.041843 -0.008541 0.037500
v 0.041843 -0.008541 0.056250
v 0.041843 -0.008541 0.075000
v 0.041951 0.070661 0.000000
v 0.041951 0.070661 0.075000
v 0.042099 0.012472 0.000000
v 0.042099 0.012472 0.075000
v 0.042263 0.087816 0.000000
v 0.042263 0.087816 0.018750
v 0.042263 0.087816 0.037500
v 0.042263 0.087816 0.056250
v 0.042263 0.087816 0.075000
v 0.042422 0.069988 0.000000
v 0.042422 0.069988 0.075000
v 0.042603 -0.007901 0.000000
v 0.042603 -0.007901 0.018750
v 0.042603 -0.007901 0.037500
v 0.042603 -0.007901 0.056250
v 0.042603 -0.007901 0.075000
v 0.042891 0.087267 0.000000
v 0.042891 0.087267 0.018750
v 0.042891 0.087267 0.037500
v 0.042891 0.087267 0.056250
v 0.042891 0.087267 0.075000
v 0.042893 0.069315 0.000000
v 0.042893 0.069315 0.075000
v 0.043317 0.068606 0.000000
v 0.043317 0.068606 0.075000
v 0.043363 -0.007262 0.000000
v 0.043363 -0.007262 0.018750
v 0.043363 -0.007262 0.037500
v 0.043363 -0.007262 0.056250
v 0.043363 -0.007262 0.075000
v 0.043363 0.012726 0.000000
v 0.043363 0.012726 0.075000
v 0.043520 0.086717 0.000000
v 0.043520 0.086717 0.018750
v 0.043520 0.086717 0.037500
v 0.043520 0.086717 0.056250
v 0.043520 0.086717 0.075000
v 0.043741 0.067897 0.000000
v 0.043741 0.067897 0.075000
v 0.043971 0.012875 0.000000
v 0.043971 0.012875 0.075000
v 0.044123 -0.006622 0.000000
v 0.044123 -0.006622 0.018750
v 0.044123 -0.006622 0.037500
v 0.044123 -0.006622 0.056250
v 0.044123 -0.006622 0.075000
v 0.044132 0.086153 0.000000
v 0.044132 0.086153 0.018750
v 0.044132 0.086153 0.037500
v 0.044132 0.086153 0.056250
v 0.044132 0.086153 0.075000
v 0.044166 0.067188 0.000000
v 0.044166 0.067188 0.075000
v 0.044244 0.066737 0.000000
v 0.044244 0.066737 0.075000
v 0.044454 -0.035143 0.000000
v 0.044454 -0.035143 0.018750
v 0.044454 -0.035143 0.037500
v 0.044454 -0.035143 0.056250
v 0.044454 -0.035143 0.075000
v 0.044552 0.013051 0.000000
v 0.044552 0.013051 0.075000
v 0.044744 0.085590 0.000000
v 0.044744 0.085590 0.018750
v 0.044744 0.085590 0.037500
v 0.044744 0.085590 0.056250
v 0.044744 0.085590 0.075000
v 0.044883 -0.005982 0.000000
v 0.044883 -0.005982 0.018750
v 0.044883 -0.005982 0.037500
v 0.044883 -0.005982 0.056250
v 0.044883 -0.005982 0.075000
v 0.045015 0.065257 0.000000
v 0.045015 0.065257 0.075000
v 0.045094 0.013261 0.000000
v 0.045094 0.013261 0.075000
v 0.045356 0.085026 0.000000
v 0.045356 0.085026 0.018750
v 0.045356 0.085026 0.037500
v 0.045356 0.085026 0.056250
v 0.045356 0.085026 0.075000
v 0.045378 -0.100000 0.000000
v 0.045378 -0.100000 0.018750
v 0.045378 -0.100000 0.037500
v 0.045378 -0.100000 0.056250
v 0.045378 -0.100000 0.075000
v 0.045590 0.013515 0.000000
v 0.045590 0.013515 0.075000
v 0.045607 -0.005323 0.000000
v 0.045607 -0.005323 0.018750
v 0.045607 -0.005323 0.037500
v 0.045607 -0.005323 0.056250
v 0.045607 -0.005323 0.075000
v 0.045785 0.063778 0.000000
v 0.045785 0.063778 0.075000
v 0.045968 0.084463 0.000000
v 0.045968 0.084463 0.018750
v 0.045968 0.084463 0.037500
v 0.045968 0.084463 0.056250
v 0.045968 0.084463 0.075000
v 0.046029 0.013821 0.000000
v 0.046029 0.013821 0.075000
v 0.046225 0.013997 0.000000
v 0.046225 0.013997 0.075000
v 0.046331 -0.004664 0.000000
v 0.046331 -0.004664 0.018750
v 0.046331 -0.004664 0.037500
v 0.046331 -0.004664 0.056250
v 0.046331 -0.004664 0.075000
v 0.046403 0.014189 0.000000
v 0.046403 0.014189 0.075000
v 0.046547 0.083875 0.000000
v 0.046547 0.083875 0.018750
v 0.046547 0.083875 0.037500
v 0.046547 0.083875 0.056250
v 0.046547 0.083875 0.075000
v 0.046556 0.062298 0.000000
v 0.046556 0.062298 0.075000
v 0.046564 0.014397 0.000000
v 0.046564 0.014397 0.075000
v 0.046709 0.014620 0.000000
v 0.046709 0.014620 0.075000
v 0.046955 0.015105 0.000000
v 0.046955 0.015105 0.075000
v 0.047054 -0.004005 0.000000
v 0.047054 -0.004005 0.018750
v 0.047054 -0.004005 0.037500
v 0.047054 -0.004005 0.056250
v 0.047054 -0.004005 0.075000
v 0.047126 0.083286 0.000000
v 0.047126 0.083286 0.018750
v 0.047126 0.083286 0.037500
v 0.047126 0.083286 0.056250
v 0.047126 0.083286 0.075000
v 0.047150 0.015640 0.000000
v 0.047150 0.015640 0.075000
v 0.047182 0.060531 0.000000
v 0.047182 0.060531 0.075000
v 0.047302 0.016213 0.000000
v 0.047302 0.016213 0.075000
v 0.047420 0.016818 0.000000
v 0.047420 0.016818 0.075000
v 0.047513 0.017447 0.000000
v 0.047513 0.017447 0.075000
v 0.047704 0.082698 0.000000
v 0.047704 0.082698 0.018750
v 0.047704 0.082698 0.037500
v 0.047704 0.082698 0.056250
v 0.047704 0.082698 0.075000
v 0.047778 -0.003346 0.000000
v 0.047778 -0.003346 0.018750
v 0.047778 -0.003346 0.037500
v 0.047778 -0.003346 0.056250
v 0.047778 -0.003346 0.075000
v 0.047808 0.058764 0.000000
v 0.047808 0.058764 0.075000
v 0.047810 0.018340 0.000000
v 0.047810 0.018340 0.075000
v 0.048107 0.019232 0.000000
v 0.048107 0.019232 0.075000
v 0.048266 -0.001503 0.075000
v 0.048283 0.082109 0.000000
v 0.048283 0.082109 0.018750
v 0.048283 0.082109 0.037500
v 0.048283 0.082109 0.056250
v 0.048283 0.082109 0.075000
v 0.048404 0.020125 0.000000
v 0.048404 0.020125 0.075000
v 0.048433 0.056997 0.000000
v 0.048433 0.056997 0.075000
v 0.048453 -0.002660 0.000000
v 0.048453 -0.002660 0.018750
v 0.048453 -0.002660 0.037500
v 0.048453 -0.002660 0.056250
v 0.048453 -0.002660 0.075000
v 0.048480 0.056538 0.000000
v 0.048480 0.056538 0.075000
v 0.048637 0.021051 0.000000
v 0.048637 0.021051 0.075000
v 0.048747 0.055645 0.000000
v 0.048747 0.055645 0.075000
v 0.048813 0.081482 0.000000
v 0.048813 0.081482 0.018750
v 0.048813 0.081482 0.037500
v 0.048813 0.081482 0.056250
v 0.048813 0.081482 0.075000
v 0.048870 0.021978 0.000000
v 0.048870 0.021978 0.075000
v 0.048989 -0.000844 0.075000
v 0.049014 0.054751 0.000000
v 0.049014 0.054751 0.075000
v 0.049103 0.022904 0.000000
v 0.049103 0.022904 0.075000
v 0.049128 -0.001974 0.000000
v 0.049128 -0.001974 0.018750
v 0.049128 -0.001974 0.037500
v 0.049128 -0.001974 0.056250
v 0.049128 -0.001974 0.075000
v 0.049281 0.053858 0.000000
v 0.049281 0.053858 0.075000
v 0.049283 0.023859 0.000000
v 0.049283 0.023859 0.075000
v 0.049342 0.080854 0.000000
v 0.049342 0.080854 0.018750
v 0.049342 0.080854 0.037500
v 0.049342 0.080854 0.056250
v 0.049342 0.080854 0.075000
v 0.049384 -0.078381 0.000000
v 0.049384 -0.078381 0.075000
v 0.049462 0.024815 0.000000
v 0.049462 0.024815 0.075000
v 0.049492 0.052955 0.000000
v 0.049492 0.052955 0.075000
v 0.049642 0.025771 0.000000
v 0.049642 0.025771 0.075000
v 0.049704 0.052051 0.000000
v 0.049704 0.052051 0.075000
v 0.049713 -0.000185 0.075000
v 0.049779 0.026750 0.000000
v 0.049779 0.026750 0.075000
v 0.049803 -0.001288 0.000000
v 0.049803 -0.001288 0.018750
v 0.049803 -0.001288 0.037500
v 0.049803 -0.001288 0.056250
v 0.049803 -0.001288 0.075000
v 0.049872 0.080227 0.000000
v 0.049872 0.080227 0.018750
v 0.049872 0.080227 0.037500
v 0.049872 0.080227 0.056250
v 0.049872 0.080227 0.075000
v 0.049916 0.051147 0.000000
v 0.049916 0.051147 0.075000
v 0.049916 0.027729 0.000000
v 0.049916 0.027729 0.075000
v 0.050053 0.028709 0.000000
v 0.050053 0.028709 0.075000
v 0.050062 0.050229 0.000000
v 0.050062 0.050229 0.075000
v 0.050195 0.030006 0.000000
v 0.050195 0.030006 0.075000
v 0.050208 0.049312 0.000000
v 0.050208 0.049312 0.075000
v 0.050300 0.031003 0.000000
v 0.050300 0.031003 0.075000
v 0.050354 0.048395 0.000000
v 0.050354 0.048395 0.075000
v 0.050401 0.079600 0.000000
v 0.050401 0.079600 0.018750
v 0.050401 0.079600 0.037500
v 0.050401 0.079600 0.056250
v 0.050401 0.079600 0.075000
v 0.050405 0.032000 0.000000
v 0.050405 0.032000 0.075000
v 0.050436 0.000475 0.000000
v 0.050436 0.000475 0.075000
v 0.050448 0.047468 0.000000
v 0.050448 0.047468 0.075000
v 0.050478 -0.000602 0.000000
v 0.050478 -0.000602 0.018750
v 0.050478 -0.000602 0.037500
v 0.050478 -0.000602 0.056250
v 0.050478 -0.000602 0.075000
v 0.050510 0.032998 0.000000
v 0.050510 0.032998 0.075000
v 0.050542 0.046541 0.000000
v 0.050542 0.046541 0.075000
v 0.050636 0.045614 0.000000
v 0.050636 0.045614 0.075000
v 0.050667 0.035020 0.000000
v 0.050667 0.035020 0.075000
v 0.050677 0.044684 0.000000
v 0.050677 0.044684 0.075000
v 0.050778 0.042811 0.000000
v 0.050778 0.042811 0.075000
v 0.050823 0.037042 0.000000
v 0.050823 0.037042 0.075000
v 0.050872 0.078927 0.000000
v 0.050872 0.078927 0.018750
v 0.050872 0.078927 0.037500
v 0.050872 0.078927 0.056250
v 0.050872 0.078927 0.075000
v 0.050879 0.040937 0.000000
v 0.050879 0.040937 0.075000
v 0.050980 0.039063 0.000000
v 0.050980 0.039063 0.075000
v 0.051092 0.000118 0.000000
v 0.051092 0.000118 0.018750
v 0.051092 0.000118 0.037500
v 0.051092 0.000118 0.056250
v 0.051092 0.000118 0.075000
v 0.051111 0.001161 0.000000
v 0.051111 0.001161 0.075000
v 0.051343 0.078254 0.000000
v 0.051343 0.078254 0.018750
v 0.051343 0.078254 0.037500
v 0.051343 0.078254 0.056250
v 0.051343 0.078254 0.075000
v 0.051648 0.002977 0.075000
v 0.051706 0.000837 0.000000
v 0.051706 0.000837 0.018750
v 0.051706 0.000837 0.037500
v 0.051706 0.000837 0.056250
v 0.051706 0.000837 0.075000
v 0.051786 0.001847 0.000000
v 0.051786 0.001847 0.075000
v 0.051814 0.077581 0.000000
v 0.051814 0.077581 0.018750
v 0.051814 0.077581 0.037500
v 0.051814 0.077581 0.056250
v 0.051814 0.077581 0.075000
v 0.052285 0.076908 0.000000
v 0.052285 0.076908 0.018750
v 0.052285 0.076908 0.037500
v 0.052285 0.076908 0.056250
v 0.052285 0.076908 0.075000
v 0.052320 0.001556 0.000000
v 0.052320 0.001556 0.018750
v 0.052320 0.001556 0.037500
v 0.052320 0.001556 0.056250
v 0.052320 0.001556 0.075000
v 0.052371 0.003636 0.075000
v 0.052462 0.002533 0.000000
v 0.052462 0.002533 0.075000
v 0.052709 0.076199 0.000000
v 0.052709 0.076199 0.018750
v 0.052709 0.076199 0.037500
v 0.052709 0.076199 0.056250
v 0.052709 0.076199 0.075000
v 0.052935 0.002275 0.000000
v 0.052935 0.002275 0.018750
v 0.052935 0.002275 0.037500
v 0.052935 0.002275 0.056250
v 0.052935 0.002275 0.075000
v 0.053076 0.003252 0.000000
v 0.053076 0.003252 0.075000
v 0.053095 0.004295 0.000000
v 0.053095 0.004295 0.075000
v 0.053133 0.075490 0.000000
v 0.053133 0.075490 0.018750
v 0.053133 0.075490 0.037500
v 0.053133 0.075490 0.056250
v 0.053133 0.075490 0.075000
v 0.053215 0.002649 0.000000
v 0.053215 0.002649 0.018750
v 0.053215 0.002649 0.037500
v 0.053215 0.002649 0.056250
v 0.053215 0.002649 0.075000
v 0.053390 -0.056762 0.000000
v 0.053390 -0.056762 0.018750
v 0.053390 -0.056762 0.037500
v 0.053390 -0.056762 0.056250
v 0.053390 -0.056762 0.075000
v 0.053496 0.003023 0.000000
v 0.053496 0.003023 0.018750
v 0.053496 0.003023 0.037500
v 0.053496 0.003023 0.056250
v 0.053496 0.003023 0.075000
v 0.053558 0.074781 0.000000
v 0.053558 0.074781 0.018750
v 0.053558 0.074781 0.037500
v 0.053558 0.074781 0.056250
v 0.053558 0.074781 0.075000
v 0.053690 0.003971 0.000000
v 0.053690 0.003971 0.075000
v 0.053770 0.004981 0.000000
v 0.053770 0.004981 0.075000
v 0.053776 0.003397 0.000000
v 0.053776 0.003397 0.018750
v 0.053776 0.003397 0.037500
v 0.053776 0.003397 0.056250
v 0.053776 0.003397 0.075000
v 0.053982 0.074072 0.000000
v 0.053982 0.074072 0.018750
v 0.053982 0.074072 0.037500
v 0.053982 0.074072 0.056250
v 0.053982 0.074072 0.075000
v 0.054057 0.003771 0.000000
v 0.054057 0.003771 0.018750
v 0.054057 0.003771 0.037500
v 0.054057 0.003771 0.056250
v 0.054057 0.003771 0.075000
v 0.054304 0.004690 0.000000
v 0.054304 0.004690 0.075000
v 0.054317 0.004156 0.000000
v 0.054317 0.004156 0.018750
v 0.054317 0.004156 0.037500
v 0.054317 0.004156 0.056250
v 0.054317 0.004156 0.075000
v 0.054445 0.005667 0.000000
v 0.054445 0.005667 0.075000
v 0.054578 0.004541 0.000000
v 0.054578 0.004541 0.018750
v 0.054578 0.004541 0.037500
v 0.054578 0.004541 0.056250
v 0.054578 0.004541 0.075000
v 0.054585 0.005064 0.000000
v 0.054585 0.005064 0.075000
v 0.054753 0.072593 0.000000
v 0.054753 0.072593 0.018750
v 0.054753 0.072593 0.037500
v 0.054753 0.072593 0.056250
v 0.054753 0.072593 0.075000
v 0.054839 0.004926 0.000000
v 0.054839 0.004926 0.018750
v 0.054839 0.004926 0.037500
v 0.054839 0.004926 0.056250
v 0.054839 0.004926 0.075000
v 0.054865 0.005438 0.000000
v 0.054865 0.005438 0.075000
v 0.054970 0.005382 0.000000
v 0.054970 0.005382 0.075000
v 0.055030 0.007456 0.075000
v 0.055059 0.006386 0.000000
v 0.055059 0.006386 0.075000
v 0.055099 0.005311 0.000000
v 0.055099 0.005311 0.018750
v 0.055099 0.005311 0.037500
v 0.055099 0.005311 0.056250
v 0.055099 0.005311 0.075000
v 0.055146 0.005812 0.000000
v 0.055146 0.005812 0.075000
v 0.055230 0.005767 0.000000
v 0.055230 0.005767 0.075000
v 0.055339 0.005707 0.000000
v 0.055339 0.005707 0.018750
v 0.055339 0.005707 0.037500
v 0.055339 0.005707 0.056250
v 0.055339 0.005707 0.075000
v 0.055491 0.006151 0.000000
v 0.055491 0.006151 0.075000
v 0.055524 0.071113 0.000000
v 0.055524 0.071113 0.018750
v 0.055524 0.071113 0.037500
v 0.055524 0.071113 0.056250
v 0.055524 0.071113 0.075000
v 0.055556 0.006115 0.000000
v 0.055556 0.006115 0.075000
v 0.055578 0.006104 0.000000
v 0.055578 0.006104 0.018750
v 0.055578 0.006104 0.037500
v 0.055578 0.006104 0.056250
v 0.055578 0.006104 0.075000
v 0.055674 0.007105 0.000000
v 0.055674 0.007105 0.075000
v 0.055752 0.006536 0.000000
v 0.055752 0.006536 0.075000
v 0.055754 0.008115 0.000000
v 0.055754 0.008115 0.075000
v 0.055795 0.006512 0.000000
v 0.055795 0.006512 0.075000
v 0.055818 0.006500 0.000000
v 0.055818 0.006500 0.018750
v 0.055818 0.006500 0.037500
v 0.055818 0.006500 0.056250
v 0.055818 0.006500 0.075000
v 0.055883 0.006992 0.000000
v 0.055883 0.006992 0.075000
v 0.055954 0.007479 0.000000
v 0.055954 0.007479 0.075000
v 0.056013 0.006920 0.000000
v 0.056013 0.006920 0.075000
v 0.056035 0.006908 0.000000
v 0.056035 0.006908 0.075000
v 0.056057 0.006896 0.000000
v 0.056057 0.006896 0.018750
v 0.056057 0.006896 0.037500
v 0.056057 0.006896 0.056250
v 0.056057 0.006896 0.075000
v 0.056059 0.007423 0.000000
v 0.056059 0.007423 0.075000
v 0.056144 0.007377 0.000000
v 0.056144 0.007377 0.075000
v 0.056208 0.007341 0.000000
v 0.056208 0.007341 0.075000
v 0.056234 0.007854 0.000000
v 0.056234 0.007854 0.075000
v 0.056252 0.007316 0.000000
v 0.056252 0.007316 0.075000
v 0.056274 0.007305 0.000000
v 0.056274 0.007305 0.018750
v 0.056274 0.007305 0.037500
v 0.056274 0.007305 0.056250
v 0.056274 0.007305 0.075000
v 0.056294 0.069634 0.000000
v 0.056294 0.069634 0.018750
v 0.056294 0.069634 0.037500
v 0.056294 0.069634 0.056250
v 0.056294 0.069634 0.075000
v 0.056404 0.007762 0.000000
v 0.056404 0.007762 0.075000
v 0.056429 0.008801 0.000000
v 0.056429 0.008801 0.075000
v 0.056469 0.007725 0.000000
v 0.056469 0.007725 0.075000
v 0.056491 0.007713 0.000000
v 0.056491 0.007713 0.018750
v 0.056491 0.007713 0.037500
v 0.056491 0.007713 0.056250
v 0.056491 0.007713 0.075000
v 0.056665 0.008146 0.000000
v 0.056665 0.008146 0.075000
v 0.056709 0.008121 0.000000
v 0.056709 0.008121 0.018750
v 0.056709 0.008121 0.037500
v 0.056709 0.008121 0.056250
v 0.056709 0.008121 0.075000
v 0.056796 0.008603 0.000000
v 0.056796 0.008603 0.075000
v 0.056861 0.008566 0.000000
v 0.056861 0.008566 0.075000
v 0.056926 0.008529 0.000000
v 0.056926 0.008529 0.018750
v 0.056926 0.008529 0.037500
v 0.056926 0.008529 0.056250
v 0.056926 0.008529 0.075000
v 0.056972 0.009033 0.000000
v 0.056972 0.009033 0.075000
v 0.057043 0.009521 0.000000
v 0.057043 0.009521 0.075000
v 0.057057 0.008987 0.000000
v 0.057057 0.008987 0.075000
v 0.057065 0.068154 0.000000
v 0.057065 0.068154 0.018750
v 0.057065 0.068154 0.037500
v 0.057065 0.068154 0.056250
v 0.057065 0.068154 0.075000
v 0.057122 0.008950 0.000000
v 0.057122 0.008950 0.018750
v 0.057122 0.008950 0.037500
v 0.057122 0.008950 0.056250
v 0.057122 0.008950 0.075000
v 0.057148 0.009464 0.000000
v 0.057148 0.009464 0.075000
v 0.057317 0.009371 0.000000
v 0.057317 0.009371 0.018750
v 0.057317 0.009371 0.037500
v 0.057317 0.009371 0.056250
v 0.057317 0.009371 0.075000
v 0.057323 0.009895 0.000000
v 0.057323 0.009895 0.075000
v 0.057513 0.009792 0.000000
v 0.057513 0.009792 0.018750
v 0.057513 0.009792 0.037500
v 0.057513 0.009792 0.056250
v 0.057513 0.009792 0.075000
v 0.057691 0.066387 0.000000
v 0.057691 0.066387 0.018750
v 0.057691 0.066387 0.037500
v 0.057691 0.066387 0.056250
v 0.057691 0.066387 0.075000
v 0.057709 0.010213 0.000000
v 0.057709 0.010213 0.018750
v 0.057709 0.010213 0.037500
v 0.057709 0.010213 0.056250
v 0.057709 0.010213 0.075000
v 0.057885 0.010644 0.000000
v 0.057885 0.010644 0.018750
v 0.057885 0.010644 0.037500
v 0.057885 0.010644 0.056250
v 0.057885 0.010644 0.075000
v 0.058061 0.011074 0.000000
v 0.058061 0.011074 0.018750
v 0.058061 0.011074 0.037500
v 0.058061 0.011074 0.056250
v 0.058061 0.011074 0.075000
v 0.058237 0.011505 0.000000
v 0.058237 0.011505 0.018750
v 0.058237 0.011505 0.037500
v 0.058237 0.011505 0.056250
v 0.058237 0.011505 0.075000
v 0.058317 0.064620 0.000000
v 0.058317 0.064620 0.018750
v 0.058317 0.064620 0.037500
v 0.058317 0.064620 0.056250
v 0.058317 0.064620 0.075000
v 0.058320 -0.100000 0.000000
v 0.058320 -0.100000 0.018750
v 0.058320 -0.100000 0.037500
v 0.058320 -0.100000 0.056250
v 0.058320 -0.100000 0.075000
v 0.058412 0.011936 0.000000
v 0.058412 0.011936 0.018750
v 0.058412 0.011936 0.037500
v 0.058412 0.011936 0.056250
v 0.058412 0.011936 0.075000
v 0.058709 0.012828 0.000000
v 0.058709 0.012828 0.018750
v 0.058709 0.012828 0.037500
v 0.058709 0.012828 0.056250
v 0.058709 0.012828 0.075000
v 0.058942 0.062853 0.000000
v 0.058942 0.062853 0.018750
v 0.058942 0.062853 0.037500
v 0.058942 0.062853 0.056250
v 0.058942 0.062853 0.075000
v 0.059006 0.013721 0.000000
v 0.059006 0.013721 0.018750
v 0.059006 0.013721 0.037500
v 0.059006 0.013721 0.056250
v 0.059006 0.013721 0.075000
v 0.059303 0.014613 0.000000
v 0.059303 0.014613 0.018750
v 0.059303 0.014613 0.037500
v 0.059303 0.014613 0.056250
v 0.059303 0.014613 0.075000
v 0.059568 0.061086 0.000000
v 0.059568 0.061086 0.018750
v 0.059568 0.061086 0.037500
v 0.059568 0.061086 0.056250
v 0.059568 0.061086 0.075000
v 0.059600 0.015506 0.000000
v 0.059600 0.015506 0.018750
v 0.059600 0.015506 0.037500
v 0.059600 0.015506 0.056250
v 0.059600 0.015506 0.075000
v 0.059833 0.016432 0.000000
v 0.059833 0.016432 0.018750
v 0.059833 0.016432 0.037500
v 0.059833 0.016432 0.056250
v 0.059833 0.016432 0.075000
v 0.059835 0.060193 0.000000
v 0.059835 0.060193 0.018750
v 0.059835 0.060193 0.037500
v 0.059835 0.060193 0.056250
v 0.059835 0.060193 0.075000
v 0.060066 0.017358 0.000000
v 0.060066 0.017358 0.018750
v 0.060066 0.017358 0.037500
v 0.060066 0.017358 0.056250
v 0.060066 0.017358 0.075000
v 0.060102 0.059300 0.000000
v 0.060102 0.059300 0.018750
v 0.060102 0.059300 0.037500
v 0.060102 0.059300 0.056250
v 0.060102 0.059300 0.075000
v 0.060299 0.018285 0.000000
v 0.060299 0.018285 0.018750
v 0.060299 0.018285 0.037500
v 0.060299 0.018285 0.056250
v 0.060299 0.018285 0.075000
v 0.060369 0.058407 0.000000
v 0.060369 0.058407 0.018750
v 0.060369 0.058407 0.037500
v 0.060369 0.058407 0.056250
v 0.060369 0.058407 0.075000
v 0.060532 0.019211 0.000000
v 0.060532 0.019211 0.018750
v 0.060532 0.019211 0.037500
v 0.060532 0.019211 0.056250
v 0.060532 0.019211 0.075000
v 0.060635 0.057514 0.000000
v 0.060635 0.057514 0.018750
v 0.060635 0.057514 0.037500
v 0.060635 0.057514 0.056250
v 0.060635 0.057514 0.075000
v 0.060712 0.020167 0.000000
v 0.060712 0.020167 0.018750
v 0.060712 0.020167 0.037500
v 0.060712 0.020167 0.056250
v 0.060712 0.020167 0.075000
v 0.060847 0.056610 0.000000
v 0.060847 0.056610 0.018750
v 0.060847 0.056610 0.037500
v 0.060847 0.056610 0.056250
v 0.060847 0.056610 0.075000
v 0.060892 0.021122 0.000000
v 0.060892 0.021122 0.018750
v 0.060892 0.021122 0.037500
v 0.060892 0.021122 0.056250
v 0.060892 0.021122 0.075000
v 0.061059 0.055706 0.000000
v 0.061059 0.055706 0.018750
v 0.061059 0.055706 0.037500
v 0.061059 0.055706 0.056250
v 0.061059 0.055706 0.075000
v 0.061071 0.022078 0.000000
v 0.061071 0.022078 0.018750
v 0.061071 0.022078 0.037500
v 0.061071 0.022078 0.056250
v 0.061071 0.022078 0.075000
v 0.061251 0.023033 0.000000
v 0.061251 0.023033 0.018750
v 0.061251 0.023033 0.037500
v 0.061251 0.023033 0.056250
v 0.061251 0.023033 0.075000
v 0.061270 0.054802 0.000000
v 0.061270 0.054802 0.018750
v 0.061270 0.054802 0.037500
v 0.061270 0.054802 0.056250
v 0.061270 0.054802 0.075000
v 0.061388 0.024013 0.000000
v 0.061388 0.024013 0.018750
v 0.061388 0.024013 0.037500
v 0.061388 0.024013 0.056250
v 0.061388 0.024013 0.075000
v 0.061482 0.053898 0.000000
v 0.061482 0.053898 0.018750
v 0.061482 0.053898 0.037500
v 0.061482 0.053898 0.056250
v 0.061482 0.053898 0.075000
v 0.061525 0.024992 0.000000
v 0.061525 0.024992 0.018750
v 0.061525 0.024992 0.037500
v 0.061525 0.024992 0.056250
v 0.061525 0.024992 0.075000
v 0.061628 0.052981 0.000000
v 0.061628 0.052981 0.018750
v 0.061628 0.052981 0.037500
v 0.061628 0.052981 0.056250
v 0.061628 0.052981 0.075000
v 0.061662 0.025972 0.000000
v 0.061662 0.025972 0.018750
v 0.061662 0.025972 0.037500
v 0.061662 0.025972 0.056250
v 0.061662 0.025972 0.075000
v 0.061774 0.052063 0.000000
v 0.061774 0.052063 0.018750
v 0.061774 0.052063 0.037500
v 0.061774 0.052063 0.056250
v 0.061774 0.052063 0.075000
v 0.061799 0.026951 0.000000
v 0.061799 0.026951 0.018750
v 0.061799 0.026951 0.037500
v 0.061799 0.026951 0.056250
v 0.061799 0.026951 0.075000
v 0.061904 0.027948 0.000000
v 0.061904 0.027948 0.018750
v 0.061904 0.027948 0.037500
v 0.061904 0.027948 0.056250
v 0.061904 0.027948 0.075000
v 0.061920 0.051146 0.000000
v 0.061920 0.051146 0.018750
v 0.061920 0.051146 0.037500
v 0.061920 0.051146 0.056250
v 0.061920 0.051146 0.075000
v 0.062009 0.028945 0.000000
v 0.062009 0.028945 0.018750
v 0.062009 0.028945 0.037500
v 0.062009 0.028945 0.056250
v 0.062009 0.028945 0.075000
v 0.062066 0.050229 0.000000
v 0.062066 0.050229 0.018750
v 0.062066 0.050229 0.037500
v 0.062066 0.050229 0.056250
v 0.062066 0.050229 0.075000
v 0.062113 0.029942 0.000000
v 0.062113 0.029942 0.018750
v 0.062113 0.029942 0.037500
v 0.062113 0.029942 0.056250
v 0.062113 0.029942 0.075000
v 0.062160 0.049302 0.000000
v 0.062160 0.049302 0.018750
v 0.062160 0.049302 0.037500
v 0.062160 0.049302 0.056250
v 0.062160 0.049302 0.075000
v 0.062218 0.030939 0.000000
v 0.062218 0.030939 0.018750
v 0.062218 0.030939 0.037500
v 0.062218 0.030939 0.056250
v 0.062218 0.030939 0.075000
v 0.062254 0.048375 0.000000
v 0.062254 0.048375 0.018750
v 0.062254 0.048375 0.037500
v 0.062254 0.048375 0.056250
v 0.062254 0.048375 0.075000
v 0.062327 -0.078381 0.000000
v 0.062327 -0.078381 0.018750
v 0.062327 -0.078381 0.037500
v 0.062327 -0.078381 0.056250
v 0.062327 -0.078381 0.075000
v 0.062348 0.047448 0.000000
v 0.062348 0.047448 0.018750
v 0.062348 0.047448 0.037500
v 0.062348 0.047448 0.056250
v 0.062348 0.047448 0.075000
v 0.062375 0.032961 0.000000
v 0.062375 0.032961 0.018750
v 0.062375 0.032961 0.037500
v 0.062375 0.032961 0.056250
v 0.062375 0.032961 0.075000
v 0.062442 0.046521 0.000000
v 0.062442 0.046521 0.018750
v 0.062442 0.046521 0.037500
v 0.062442 0.046521 0.056250
v 0.062442 0.046521 0.075000
v 0.062532 0.034983 0.000000
v 0.062532 0.034983 0.018750
v 0.062532 0.034983 0.037500
v 0.062532 0.034983 0.056250
v 0.062532 0.034983 0.075000
v 0.062542 0.044648 0.000000
v 0.062542 0.044648 0.018750
v 0.062542 0.044648 0.037500
v 0.062542 0.044648 0.056250
v 0.062542 0.044648 0.075000
v 0.062643 0.042774 0.000000
v 0.062643 0.042774 0.018750
v 0.062643 0.042774 0.037500
v 0.062643 0.042774 0.056250
v 0.062643 0.042774 0.075000
v 0.062688 0.037005 0.000000
v 0.062688 0.037005 0.018750
v 0.062688 0.037005 0.037500
v 0.062688 0.037005 0.056250
v 0.062688 0.037005 0.075000
v 0.062744 0.040901 0.000000
v 0.062744 0.040901 0.018750
v 0.062744 0.040901 0.037500
v 0.062744 0.040901 0.056250
v 0.062744 0.040901 0.075000
v 0.062845 0.039027 0.000000
v 0.062845 0.039027 0.018750
v 0.062845 0.039027 0.037500
v 0.062845 0.039027 0.056250
v 0.062845 0.039027 0.075000
v 0.071263 -0.100000 0.000000
v 0.071263 -0.100000 0.018750
v 0.071263 -0.100000 0.037500
v 0.071263 -0.100000 0.056250
v 0.071263 -0.100000 0.075000
f 141 146 142
f 145 149 150
f 269 225 270
f 273 228 229
f 1210 1189 1211
f 1214 1192 1193
f 1137 1136 1126
f 1137 1126 1127
f 1090 1089 1076
f 1090 1076 1077
f 1048 1047 1034
f 1048 1034 1035
f 1002 1001 989
f 1002 989 990
f 958 957 945
f 958 945 946
f 905 904 897
f 905 897 898
f 870 869 859
f 870 859 860
f 826 825 806
f 826 806 807
f 778 777 764
f 778 764 765
f 726 725 705
f 726 705 706
f 645 644 624
f 645 624 625
f 576 575 561
f 576 561 562
f 514 513 506
f 514 506 507
f 465 464 439
f 465 439 440
f 374 373 346
f 374 346 347
f 935 948 936
f 939 951 952
f 1013 1012 1027
f 1013 1027 1028
f 1071 1070 1083
f 1071 1083 1084
f 1122 1121 1131
f 1122 1131 1132
f 1158 1157 1163
f 1158 1163 1164
f 1188 1187 1197
f 1188 1197 1198
f 553 577 554
f 557 580 581
f 636 635 649
f 636 649 650
f 679 678 693
f 679 693 694
f 731 730 741
f 731 741 742
f 787 786 796
f 787 796 797
f 847 846 864
f 847 864 865
f 238 248 239
f 242 251 252
f 311 310 319
f 311 319 320
f 369 368 380
f 369 380 381
f 418 417 444
f 418 444 445
f 482 481 499
f 482 499 500
f 161 166 162
f 165 169 170
f 257 105 258
f 261 108 109
f 1318 1282 1319
f 1322 1285 1286
f 1023 1022 973
f 1023 973 974
f 817 816 759
f 817 759 760
f 630 629 568
f 630 568 569
f 429 428 361
f 429 361 362
f 1884 1866 1885
f 1888 1869 1870
f 1762 1761 1744
f 1762 1744 1745
f 1684 1683 1670
f 1684 1670 1671
f 1627 1626 1612
f 1627 1612 1613
f 1574 1573 1559
f 1574 1559 1560
f 1485 1484 1441
f 1485 1441 1442
f 2422 2384 2423
f 2426 2387 2388
f 2276 2275 2261
f 2276 2261 2262
f 2215 2214 2209
f 2215 2209 2210
f 2151 2150 2129
f 2151 2129 2130
f 2066 2065 2048
f 2066 2048 2049
f 2000 1999 1980
f 2000 1980 1981
f 1937 1936 1920
f 1937 1920 1921
f 2711 2706 2712
f 2715 2709 2710
f 2685 2684 2674
f 2685 2674 2675
f 2645 2644 2634
f 2645 2634 2635
f 2600 2599 2589
f 2600 2589 2590
f 2555 2554 2544
f 2555 2544 2545
f 2510 2509 2494
f 2510 2494 2495
f 1733 1780 1734
f 1737 1783 1784
f 1900 1899 1915
f 1900 1915 1916
f 1972 1971 1992
f 1972 1992 1993
f 2054 2053 2074
f 2054 2074 2075
f 2162 2161 2189
f 2162 2189 2190
f 2233 2232 2246
f 2233 2246 2247
f 2281 2280 2287
f 2281 2287 2288
f 2319 2318 2327
f 2319 2327 2328
f 2368 2367 2382
f 2368 2382 2383
f 2415 2414 2430
f 2415 2430 2431
f 2455 2454 2459
f 2455 2459 2460
f 2485 2484 2489
f 2485 2489 2490
f 2515 2514 2519
f 2515 2519 2520
f 2550 2549 2559
f 2550 2559 2560
f 2585 2584 2594
f 2585 2594 2595
f 2625 2624 2629
f 2625 2629 2630
f 2660 2659 2679
f 2660 2679 2680
f 2716 2666 2717
f 2720 2669 2670
f 1295 1645 1296
f 1299 1648 1649
f 282 431 283
f 286 434 435
f 130 181 131
f 134 184 185
f 110 115 111
f 114 118 119
f 1 26 2
f 5 29 30
f 21 16 22
f 25 19 20
f 5 34 10
f 25 40 42
f 25 42 47
f 261 223 254
f 261 254 276
f 114 119 80
f 5 32 34
f 134 185 136
f 145 188 245
f 145 245 281
f 286 435 543
f 1737 1631 1960
f 1900 1916 1469
f 145 294 355
f 145 355 180
f 273 767 301
f 374 997 388
f 465 1166 477
f 514 1238 529
f 576 1273 590
f 645 1305 664
f 726 1335 736
f 778 1349 792
f 826 1365 839
f 870 1377 882
f 905 1392 917
f 958 1412 964
f 1002 1429 1007
f 1048 1450 1059
f 1090 1459 1106
f 1137 1468 1477
f 1137 1477 1490
f 1972 1993 2061
f 2485 2348 2392
f 2485 2392 2419
f 2233 2247 2283
f 2485 2440 2470
f 2455 2408 2421
f 2455 2421 2445
f 2415 2394 2406
f 2550 2560 2093
f 1137 1496 1502
f 1137 1502 1153
f 1214 1522 1531
f 1214 1531 1540
f 2715 2710 2185
f 1214 1536 1209
f 1188 1524 1520
f 1188 1520 1510
f 2600 2590 2132
f 1188 1504 1494
f 1188 1494 1182
f 1158 1480 1464
f 1158 1464 1435
f 1158 1435 1148
f 1122 1423 1414
f 1122 1414 1406
f 2151 2130 1890
f 1122 1387 1112
f 1071 1374 1360
f 1071 1360 1342
f 1888 1650 1895
f 1937 1695 1709
f 1937 1709 1716
f 1888 1870 1650
f 636 1066 1008
f 636 1008 985
f 1627 1613 1454
f 636 947 907
f 636 907 820
f 1322 1286 1249
f 636 713 612
f 557 638 599
f 557 599 571
f 557 571 539
f 482 509 472
f 482 472 470
f 418 420 402
f 369 383 354
f 311 328 296
f 731 742 1255
f 1937 1719 1729
f 1937 1729 1738
f 939 952 1306
f 1937 1751 1757
f 21 39 16
f 1 33 31
f 1 31 26
f 141 93 146
f 161 99 171
f 161 171 166
f 238 243 248
f 307 295 327
f 307 327 316
f 365 382 377
f 414 419 441
f 478 471 508
f 478 508 496
f 553 570 598
f 553 598 637
f 1318 1254 1282
f 1019 940 926
f 1019 926 899
f 1481 1353 1438
f 1318 1264 1257
f 1318 1257 1254
f 783 1038 793
f 843 1101 1183
f 843 1183 861
f 935 1232 1239
f 935 1239 1256
f 1680 1700 1565
f 935 1266 948
f 1009 1291 1313
f 1009 1313 1329
f 1009 1329 1024
f 1067 1341 1359
f 1067 1359 1373
f 1067 1373 1080
f 1118 1386 1405
f 1118 1405 1413
f 2211 2224 1922
f 1118 1422 1128
f 1154 1434 1463
f 1154 1463 1479
f 1154 1479 1160
f 1184 1493 1503
f 1184 1503 1509
f 2596 2606 2131
f 1184 1519 1523
f 1184 1523 1194
f 1210 1535 1539
f 1210 1539 1530
f 2656 2646 2163
f 1210 1521 1189
f 1133 1501 1495
f 1133 1495 1489
f 2546 2536 2092
f 1133 1476 1467
f 1133 1467 1123
f 1086 1458 1073
f 1044 1449 1031
f 998 1428 986
f 954 1411 942
f 901 1391 894
f 866 1376 856
f 822 1364 803
f 774 1348 761
f 722 1334 702
f 641 1304 621
f 572 1272 558
f 510 1237 503
f 461 1165 436
f 370 996 343
f 269 766 631
f 269 631 600
f 2451 2407 2456
f 2481 2439 2418
f 2481 2418 2391
f 2277 2310 2284
f 2315 2345 2336
f 2315 2336 2324
f 2158 2121 2222
f 1968 1942 1635
f 269 582 534
f 269 534 274
f 282 542 431
f 1295 1399 1645
f 282 232 278
f 269 224 225
f 176 139 141
f 200 175 176
f 225 199 200
f 176 175 139
f 175 137 139
f 200 199 175
f 199 174 175
f 175 174 137
f 174 135 137
f 225 224 199
f 224 198 199
f 199 198 174
f 198 173 174
f 174 173 135
f 173 130 135
f 274 224 269
f 277 230 274
f 278 231 277
f 274 230 224
f 230 198 224
f 277 231 230
f 231 205 230
f 230 205 198
f 205 173 198
f 278 232 231
f 232 206 231
f 231 206 205
f 206 181 205
f 205 181 173
f 181 130 173
f 2476 2666 2716
f 1982 2108 2476
f 1645 1767 1982
f 2476 2108 2666
f 2108 2248 2666
f 1982 1767 2108
f 1767 1880 2108
f 2108 1880 2248
f 1880 1956 2248
f 1645 1399 1767
f 1399 1543 1767
f 1767 1543 1880
f 1543 1630 1880
f 1880 1630 1956
f 1630 1733 1956
f 980 1399 1295
f 614 1240 980
f 431 833 614
f 980 1240 1399
f 1240 1543 1399
f 614 833 1240
f 833 1327 1240
f 1240 1327 1543
f 1327 1630 1543
f 431 542 833
f 542 1099 833
f 833 1099 1327
f 1099 1447 1327
f 1327 1447 1630
f 1447 1733 1630
f 278 542 282
f 277 541 278
f 274 540 277
f 278 541 542
f 541 1099 542
f 277 540 541
f 540 1085 541
f 541 1085 1099
f 1085 1447 1099
f 274 534 540
f 534 1079 540
f 540 1079 1085
f 1079 1443 1085
f 1085 1443 1447
f 1443 1733 1447
f 1443 1780 1733
f 1079 1499 1443
f 534 1226 1079
f 1443 1499 1780
f 1499 1838 1780
f 1079 1226 1499
f 1226 1555 1499
f 1499 1555 1838
f 1555 1873 1838
f 534 582 1226
f 582 1253 1226
f 1226 1253 1555
f 1253 1591 1555
f 1555 1591 1873
f 1591 1896 1873
f 600 582 269
f 1287 1269 600
f 1635 1614 1287
f 600 1269 582
f 1269 1253 582
f 1287 1614 1269
f 1614 1603 1269
f 1269 1603 1253
f 1603 1591 1253
f 1635 1942 1614
f 1942 1926 1614
f 1614 1926 1603
f 1926 1912 1603
f 1603 1912 1591
f 1912 1896 1591
f 2391 2347 2481
f 2289 2265 2391
f 2222 2204 2289
f 2391 2265 2347
f 2265 2236 2347
f 2289 2204 2265
f 2204 2191 2265
f 2265 2191 2236
f 2191 2154 2236
f 2222 2121 2204
f 2121 2094 2204
f 2204 2094 2191
f 2094 2071 2191
f 2191 2071 2154
f 2071 2050 2154
f 2351 2379 2364
f 2338 2362 2351
f 2324 2349 2338
f 2351 2362 2379
f 2362 2395 2379
f 2338 2349 2362
f 2349 2377 2362
f 2362 2377 2395
f 2377 2402 2395
f 2324 2336 2349
f 2336 2360 2349
f 2349 2360 2377
f 2360 2393 2377
f 2377 2393 2402
f 2393 2411 2402
f 2393 2427 2411
f 2360 2400 2393
f 2336 2373 2360
f 2393 2400 2427
f 2400 2434 2427
f 2360 2373 2400
f 2373 2409 2400
f 2400 2409 2434
f 2409 2441 2434
f 2336 2345 2373
f 2345 2389 2373
f 2373 2389 2409
f 2389 2420 2409
f 2409 2420 2441
f 2420 2451 2441
f 2303 2345 2315
f 2291 2329 2303
f 2284 2322 2291
f 2303 2329 2345
f 2329 2389 2345
f 2291 2322 2329
f 2322 2371 2329
f 2329 2371 2389
f 2371 2420 2389
f 2284 2310 2322
f 2310 2356 2322
f 2322 2356 2371
f 2356 2407 2371
f 2371 2407 2420
f 2407 2451 2420
f 2222 2186 2158
f 2289 2234 2222
f 2391 2313 2289
f 2222 2234 2186
f 2234 2199 2186
f 2289 2313 2234
f 2313 2263 2234
f 2234 2263 2199
f 2263 2216 2199
f 2391 2418 2313
f 2418 2343 2313
f 2313 2343 2263
f 2343 2282 2263
f 2263 2282 2216
f 2282 2229 2216
f 2282 2243 2229
f 2343 2296 2282
f 2418 2358 2343
f 2282 2296 2243
f 2296 2253 2243
f 2343 2358 2296
f 2358 2308 2296
f 2296 2308 2253
f 2308 2267 2253
f 2418 2439 2358
f 2439 2375 2358
f 2358 2375 2308
f 2375 2320 2308
f 2308 2320 2267
f 2320 2277 2267
f 2466 2439 2481
f 2461 2432 2466
f 2456 2416 2461
f 2466 2432 2439
f 2432 2375 2439
f 2461 2416 2432
f 2416 2369 2432
f 2432 2369 2375
f 2369 2320 2375
f 2456 2407 2416
f 2407 2356 2416
f 2416 2356 2369
f 2356 2310 2369
f 2369 2310 2320
f 2310 2277 2320
f 1635 1989 1968
f 1287 1658 1635
f 600 1302 1287
f 1635 1658 1989
f 1658 2005 1989
f 1287 1302 1658
f 1302 1672 1658
f 1658 1672 2005
f 1672 2025 2005
f 600 631 1302
f 631 1314 1302
f 1302 1314 1672
f 1314 1689 1672
f 1672 1689 2025
f 1689 2050 2025
f 1689 2154 2050
f 1314 1775 1689
f 631 1388 1314
f 1689 1775 2154
f 1775 2236 2154
f 1314 1388 1775
f 1388 1863 1775
f 1775 1863 2236
f 1863 2347 2236
f 631 766 1388
f 766 1471 1388
f 1388 1471 1863
f 1471 1903 1863
f 1863 1903 2347
f 1903 2481 2347
f 297 766 269
f 321 853 297
f 343 919 321
f 297 853 766
f 853 1471 766
f 321 919 853
f 919 1525 853
f 853 1525 1471
f 1525 1903 1471
f 343 996 919
f 996 1562 919
f 919 1562 1525
f 1562 1931 1525
f 1525 1931 1903
f 1931 2481 1903
f 384 996 370
f 409 1036 384
f 436 1096 409
f 384 1036 996
f 1036 1562 996
f 409 1096 1036
f 1096 1577 1036
f 1036 1577 1562
f 1577 1931 1562
f 436 1165 1096
f 1165 1588 1096
f 1096 1588 1577
f 1588 1940 1577
f 1577 1940 1931
f 1940 2481 1931
f 473 1165 461
f 489 1223 473
f 503 1229 489
f 473 1223 1165
f 1223 1588 1165
f 489 1229 1223
f 1229 1594 1223
f 1223 1594 1588
f 1594 1940 1588
f 503 1237 1229
f 1237 1607 1229
f 1229 1607 1594
f 1607 1961 1594
f 1594 1961 1940
f 1961 2481 1940
f 525 1237 510
f 544 1251 525
f 558 1261 544
f 525 1251 1237
f 1251 1607 1237
f 544 1261 1251
f 1261 1615 1251
f 1251 1615 1607
f 1615 1961 1607
f 558 1272 1261
f 1272 1632 1261
f 1261 1632 1615
f 1632 1975 1615
f 1615 1975 1961
f 1975 2481 1961
f 586 1272 572
f 601 1280 586
f 621 1293 601
f 586 1280 1272
f 1280 1632 1272
f 601 1293 1280
f 1293 1643 1280
f 1280 1643 1632
f 1643 1975 1632
f 621 1304 1293
f 1304 1659 1293
f 1293 1659 1643
f 1659 1987 1643
f 1643 1987 1975
f 1987 2481 1975
f 660 1304 641
f 682 1311 660
f 702 1323 682
f 660 1311 1304
f 1311 1659 1304
f 682 1323 1311
f 1323 1665 1311
f 1311 1665 1659
f 1665 1987 1659
f 702 1334 1323
f 1334 1675 1323
f 1323 1675 1665
f 1675 2001 1665
f 1665 2001 1987
f 2001 2481 1987
f 732 1334 722
f 745 1339 732
f 761 1344 745
f 732 1339 1334
f 1339 1675 1334
f 745 1344 1339
f 1344 1678 1339
f 1339 1678 1675
f 1678 2001 1675
f 761 1348 1344
f 1348 1687 1344
f 1344 1687 1678
f 1687 2003 1678
f 1678 2003 2001
f 2003 2481 2001
f 788 1348 774
f 798 1351 788
f 803 1361 798
f 788 1351 1348
f 1351 1687 1348
f 798 1361 1351
f 1361 1691 1351
f 1351 1691 1687
f 1691 2003 1687
f 803 1364 1361
f 1364 1696 1361
f 1361 1696 1691
f 1696 2010 1691
f 1691 2010 2003
f 2010 2481 2003
f 835 1364 822
f 848 1367 835
f 856 1371 848
f 835 1367 1364
f 1367 1696 1364
f 848 1371 1367
f 1371 1707 1367
f 1367 1707 1696
f 1707 2010 1696
f 856 1376 1371
f 1376 1710 1371
f 1371 1710 1707
f 1710 2019 1707
f 1707 2019 2010
f 2019 2481 2010
f 878 1376 866
f 883 1384 878
f 894 1389 883
f 878 1384 1376
f 1384 1710 1376
f 883 1389 1384
f 1389 1714 1384
f 1384 1714 1710
f 1714 2019 1710
f 894 1391 1389
f 1391 1717 1389
f 1389 1717 1714
f 1717 2021 1714
f 1714 2021 2019
f 2021 2481 2019
f 913 1391 901
f 930 1401 913
f 942 1407 930
f 913 1401 1391
f 1401 1717 1391
f 930 1407 1401
f 1407 1725 1401
f 1401 1725 1717
f 1725 2021 1717
f 942 1411 1407
f 1411 1731 1407
f 1407 1731 1725
f 1731 2023 1725
f 1725 2023 2021
f 2023 2481 2021
f 960 1411 954
f 975 1417 960
f 986 1420 975
f 960 1417 1411
f 1417 1731 1411
f 975 1420 1417
f 1420 1739 1417
f 1417 1739 1731
f 1739 2023 1731
f 986 1428 1420
f 1428 1746 1420
f 1420 1746 1739
f 1746 2035 1739
f 1739 2035 2023
f 2035 2481 2023
f 1003 1428 998
f 1014 1436 1003
f 1031 1444 1014
f 1003 1436 1428
f 1436 1746 1428
f 1014 1444 1436
f 1444 1748 1436
f 1436 1748 1746
f 1748 2035 1746
f 1031 1449 1444
f 1449 1754 1444
f 1444 1754 1748
f 1754 2039 1748
f 1748 2039 2035
f 2039 2481 2035
f 1055 1449 1044
f 1061 1452 1055
f 1073 1456 1061
f 1055 1452 1449
f 1452 1754 1449
f 1061 1456 1452
f 1456 1763 1452
f 1452 1763 1754
f 1763 2039 1754
f 1073 1458 1456
f 1458 1765 1456
f 1456 1765 1763
f 1765 2041 1763
f 1763 2041 2039
f 2041 2481 2039
f 1102 1458 1086
f 1113 1461 1102
f 1123 1465 1113
f 1102 1461 1458
f 1461 1765 1458
f 1113 1465 1461
f 1465 1769 1461
f 1461 1769 1765
f 1769 2041 1765
f 1123 1467 1465
f 1467 1771 1465
f 1465 1771 1769
f 1771 2043 1769
f 1769 2043 2041
f 2043 2481 2041
f 2043 2486 2481
f 1771 2057 2043
f 1467 1778 1771
f 2043 2057 2486
f 2057 2496 2486
f 1771 1778 2057
f 1778 2059 2057
f 2057 2059 2496
f 2059 2501 2496
f 1467 1476 1778
f 1476 1785 1778
f 1778 1785 2059
f 1785 2067 2059
f 2059 2067 2501
f 2067 2511 2501
f 1489 1476 1133
f 1804 1795 1489
f 2092 2087 1804
f 1489 1795 1476
f 1795 1785 1476
f 1804 2087 1795
f 2087 2078 1795
f 1795 2078 1785
f 2078 2067 1785
f 2092 2536 2087
f 2536 2526 2087
f 2087 2526 2078
f 2526 2516 2078
f 2078 2516 2067
f 2516 2511 2067
f 2092 2556 2546
f 1804 2101 2092
f 1489 1806 1804
f 2092 2101 2556
f 2101 2566 2556
f 1804 1806 2101
f 1806 2110 2101
f 2101 2110 2566
f 2110 2576 2566
f 1489 1495 1806
f 1495 1810 1806
f 1806 1810 2110
f 1810 2114 2110
f 2110 2114 2576
f 2114 2581 2576
f 2114 2591 2581
f 1810 2119 2114
f 1495 1817 1810
f 2114 2119 2591
f 2119 2601 2591
f 1810 1817 2119
f 1817 2133 2119
f 2119 2133 2601
f 2133 2611 2601
f 1495 1501 1817
f 1501 1819 1817
f 1817 1819 2133
f 1819 2135 2133
f 2133 2135 2611
f 2135 2621 2611
f 1149 1501 1133
f 1167 1507 1149
f 1189 1516 1167
f 1149 1507 1501
f 1507 1819 1501
f 1167 1516 1507
f 1516 1823 1507
f 1507 1823 1819
f 1823 2135 1819
f 1189 1521 1516
f 1521 1827 1516
f 1516 1827 1823
f 1827 2139 1823
f 1823 2139 2135
f 2139 2621 2135
f 1530 1521 1210
f 1847 1843 1530
f 2163 2152 1847
f 1530 1843 1521
f 1843 1827 1521
f 1847 2152 1843
f 2152 2143 1843
f 1843 2143 1827
f 2143 2139 1827
f 2163 2646 2152
f 2646 2636 2152
f 2152 2636 2143
f 2636 2626 2143
f 2143 2626 2139
f 2626 2621 2139
f 2163 2676 2656
f 1847 2169 2163
f 1530 1855 1847
f 2163 2169 2676
f 2169 2686 2676
f 1847 1855 2169
f 1855 2175 2169
f 2169 2175 2686
f 2175 2701 2686
f 1530 1539 1855
f 1539 1859 1855
f 1855 1859 2175
f 1859 2184 2175
f 2175 2184 2701
f 2184 2711 2701
f 2184 2706 2711
f 1859 2182 2184
f 1539 1857 1859
f 2184 2182 2706
f 2182 2696 2706
f 1859 1857 2182
f 1857 2173 2182
f 2182 2173 2696
f 2173 2691 2696
f 1539 1535 1857
f 1535 1853 1857
f 1857 1853 2173
f 1853 2171 2173
f 2173 2171 2691
f 2171 2681 2691
f 1205 1535 1210
f 1200 1532 1205
f 1194 1527 1200
f 1205 1532 1535
f 1532 1853 1535
f 1200 1527 1532
f 1527 1851 1532
f 1532 1851 1853
f 1851 2171 1853
f 1194 1523 1527
f 1523 1849 1527
f 1527 1849 1851
f 1849 2167 1851
f 1851 2167 2171
f 2167 2681 2171
f 2167 2671 2681
f 1849 2165 2167
f 1523 1845 1849
f 2167 2165 2671
f 2165 2661 2671
f 1849 1845 2165
f 1845 2156 2165
f 2165 2156 2661
f 2156 2651 2661
f 1523 1519 1845
f 1519 1831 1845
f 1845 1831 2156
f 1831 2145 2156
f 2156 2145 2651
f 2145 2641 2651
f 1509 1519 1184
f 1821 1825 1509
f 2131 2137 1821
f 1509 1825 1519
f 1825 1831 1519
f 1821 2137 1825
f 2137 2141 1825
f 1825 2141 1831
f 2141 2145 1831
f 2131 2606 2137
f 2606 2616 2137
f 2137 2616 2141
f 2616 2631 2141
f 2141 2631 2145
f 2631 2641 2145
f 2131 2586 2596
f 1821 2116 2131
f 1509 1814 1821
f 2131 2116 2586
f 2116 2571 2586
f 1821 1814 2116
f 1814 2112 2116
f 2116 2112 2571
f 2112 2561 2571
f 1509 1503 1814
f 1503 1808 1814
f 1814 1808 2112
f 1808 2099 2112
f 2112 2099 2561
f 2099 2551 2561
f 2099 2541 2551
f 1808 2090 2099
f 1503 1802 1808
f 2099 2090 2541
f 2090 2531 2541
f 1808 1802 2090
f 1802 2080 2090
f 2090 2080 2531
f 2080 2521 2531
f 1503 1493 1802
f 1493 1791 1802
f 1802 1791 2080
f 1791 2076 2080
f 2080 2076 2521
f 2076 2506 2521
f 1178 1493 1184
f 1172 1491 1178
f 1160 1486 1172
f 1178 1491 1493
f 1491 1791 1493
f 1172 1486 1491
f 1486 1789 1491
f 1491 1789 1791
f 1789 2076 1791
f 1160 1479 1486
f 1479 1787 1486
f 1486 1787 1789
f 1787 2069 1789
f 1789 2069 2076
f 2069 2506 2076
f 2069 2491 2506
f 1787 2055 2069
f 1479 1773 1787
f 2069 2055 2491
f 2055 2471 2491
f 1787 1773 2055
f 1773 2037 2055
f 2055 2037 2471
f 2037 2446 2471
f 1479 1463 1773
f 1463 1752 1773
f 1773 1752 2037
f 1752 2017 2037
f 2037 2017 2446
f 2017 2422 2446
f 2017 2384 2422
f 1752 1994 2017
f 1463 1727 1752
f 2017 1994 2384
f 1994 2331 2384
f 1752 1727 1994
f 1727 1973 1994
f 1994 1973 2331
f 1973 2298 2331
f 1463 1434 1727
f 1434 1705 1727
f 1727 1705 1973
f 1705 1954 1973
f 1973 1954 2298
f 1954 2272 2298
f 1144 1434 1154
f 1139 1432 1144
f 1128 1426 1139
f 1144 1432 1434
f 1432 1705 1434
f 1139 1426 1432
f 1426 1698 1432
f 1432 1698 1705
f 1698 1954 1705
f 1128 1422 1426
f 1422 1693 1426
f 1426 1693 1698
f 1693 1952 1698
f 1698 1952 1954
f 1952 2272 1954
f 1413 1422 1118
f 1673 1685 1413
f 1922 1924 1673
f 1413 1685 1422
f 1685 1693 1422
f 1673 1924 1685
f 1924 1938 1685
f 1685 1938 1693
f 1938 1952 1693
f 1922 2224 1924
f 2224 2238 1924
f 1924 2238 1938
f 2238 2258 1938
f 1938 2258 1952
f 2258 2272 1952
f 1922 2206 2211
f 1673 1910 1922
f 1413 1662 1673
f 1922 1910 2206
f 1910 2193 2206
f 1673 1662 1910
f 1662 1901 1910
f 1910 1901 2193
f 1901 2177 2193
f 1413 1405 1662
f 1405 1651 1662
f 1662 1651 1901
f 1651 1889 1901
f 1901 1889 2177
f 1889 2147 2177
f 1889 2126 2147
f 1651 1882 1889
f 1405 1636 1651
f 1889 1882 2126
f 1882 2103 2126
f 1651 1636 1882
f 1636 1878 1882
f 1882 1878 2103
f 1878 2082 2103
f 1405 1386 1636
f 1386 1628 1636
f 1636 1628 1878
f 1628 1871 1878
f 1878 1871 2082
f 1871 2062 2082
f 1108 1386 1118
f 1091 1381 1108
f 1080 1378 1091
f 1108 1381 1386
f 1381 1628 1386
f 1091 1378 1381
f 1378 1620 1381
f 1381 1620 1628
f 1620 1871 1628
f 1080 1373 1378
f 1373 1617 1378
f 1378 1617 1620
f 1617 1864 1620
f 1620 1864 1871
f 1864 2062 1871
f 1864 2045 2062
f 1617 1861 1864
f 1373 1605 1617
f 1864 1861 2045
f 1861 2030 2045
f 1617 1605 1861
f 1605 1829 1861
f 1861 1829 2030
f 1829 2012 2030
f 1373 1359 1605
f 1359 1592 1605
f 1605 1592 1829
f 1592 1812 1829
f 1829 1812 2012
f 1812 1996 2012
f 1812 1977 1996
f 1592 1793 1812
f 1359 1586 1592
f 1812 1793 1977
f 1793 1963 1977
f 1592 1586 1793
f 1586 1776 1793
f 1793 1776 1963
f 1776 1947 1963
f 1359 1341 1586
f 1341 1575 1586
f 1586 1575 1776
f 1575 1756 1776
f 1776 1756 1947
f 1756 1933 1947
f 1050 1341 1067
f 1039 1337 1050
f 1024 1332 1039
f 1050 1337 1341
f 1337 1575 1341
f 1039 1332 1337
f 1332 1568 1337
f 1337 1568 1575
f 1568 1756 1575
f 1024 1329 1332
f 1329 1566 1332
f 1332 1566 1568
f 1566 1750 1568
f 1568 1750 1756
f 1750 1933 1756
f 1750 1917 1933
f 1566 1730 1750
f 1329 1553 1566
f 1750 1730 1917
f 1730 1905 1917
f 1566 1553 1730
f 1553 1713 1730
f 1730 1713 1905
f 1713 1891 1905
f 1329 1313 1553
f 1313 1541 1553
f 1553 1541 1713
f 1541 1690 1713
f 1713 1690 1891
f 1690 1884 1891
f 1690 1866 1884
f 1541 1661 1690
f 1313 1478 1541
f 1690 1661 1866
f 1661 1833 1866
f 1541 1478 1661
f 1478 1634 1661
f 1661 1634 1833
f 1634 1797 1833
f 1313 1291 1478
f 1291 1446 1478
f 1478 1446 1634
f 1446 1604 1634
f 1634 1604 1797
f 1604 1758 1797
f 991 1291 1009
f 965 1279 991
f 948 1275 965
f 991 1279 1291
f 1279 1446 1291
f 965 1275 1279
f 1275 1425 1279
f 1279 1425 1446
f 1425 1604 1446
f 948 1266 1275
f 1266 1416 1275
f 1275 1416 1425
f 1416 1602 1425
f 1425 1602 1604
f 1602 1758 1604
f 1256 1266 935
f 1383 1403 1256
f 1565 1580 1383
f 1256 1403 1266
f 1403 1416 1266
f 1383 1580 1403
f 1580 1590 1403
f 1403 1590 1416
f 1590 1602 1416
f 1565 1700 1580
f 1700 1720 1580
f 1580 1720 1590
f 1720 1741 1590
f 1590 1741 1602
f 1741 1758 1602
f 1565 1667 1680
f 1383 1552 1565
f 1256 1366 1383
f 1565 1552 1667
f 1552 1653 1667
f 1383 1366 1552
f 1366 1537 1552
f 1552 1537 1653
f 1537 1638 1653
f 1256 1239 1366
f 1239 1346 1366
f 1366 1346 1537
f 1346 1505 1537
f 1537 1505 1638
f 1505 1623 1638
f 1505 1609 1623
f 1346 1474 1505
f 1239 1331 1346
f 1505 1474 1609
f 1474 1597 1609
f 1346 1331 1474
f 1331 1455 1474
f 1474 1455 1597
f 1455 1581 1597
f 1239 1232 1331
f 1232 1315 1331
f 1331 1315 1455
f 1315 1431 1455
f 1455 1431 1581
f 1431 1570 1581
f 908 1232 935
f 888 1227 908
f 861 1222 888
f 908 1227 1232
f 1227 1315 1232
f 888 1222 1227
f 1222 1308 1227
f 1227 1308 1315
f 1308 1431 1315
f 861 1183 1222
f 1183 1301 1222
f 1222 1301 1308
f 1301 1419 1308
f 1308 1419 1431
f 1419 1570 1431
f 1419 1556 1570
f 1301 1404 1419
f 1183 1288 1301
f 1419 1404 1556
f 1404 1545 1556
f 1301 1288 1404
f 1288 1380 1404
f 1404 1380 1545
f 1380 1511 1545
f 1183 1101 1288
f 1101 1270 1288
f 1288 1270 1380
f 1270 1363 1380
f 1380 1363 1511
f 1363 1481 1511
f 827 1101 843
f 808 1072 827
f 793 1060 808
f 827 1072 1101
f 1072 1270 1101
f 808 1060 1072
f 1060 1267 1072
f 1072 1267 1270
f 1267 1363 1270
f 793 1038 1060
f 1038 1263 1060
f 1060 1263 1267
f 1263 1353 1267
f 1267 1353 1363
f 1353 1481 1363
f 872 690 675
f 1078 893 872
f 1254 1107 1078
f 872 893 690
f 893 697 690
f 1078 1107 893
f 1107 906 893
f 893 906 697
f 906 714 697
f 1254 1257 1107
f 1257 1138 1107
f 1107 1138 906
f 1138 918 906
f 906 918 714
f 918 727 714
f 918 738 727
f 1138 929 918
f 1257 1159 1138
f 918 929 738
f 929 750 738
f 1138 1159 929
f 1159 941 929
f 929 941 750
f 941 768 750
f 1257 1264 1159
f 1264 1199 1159
f 1159 1199 941
f 1199 953 941
f 941 953 768
f 953 783 768
f 1354 1264 1318
f 1394 1292 1354
f 1438 1317 1394
f 1354 1292 1264
f 1292 1199 1264
f 1394 1317 1292
f 1317 1235 1292
f 1292 1235 1199
f 1235 953 1199
f 1438 1353 1317
f 1353 1263 1317
f 1317 1263 1235
f 1263 1038 1235
f 1235 1038 953
f 1038 783 953
f 637 577 553
f 743 658 637
f 899 781 743
f 637 658 577
f 658 593 577
f 743 781 658
f 781 687 658
f 658 687 593
f 687 608 593
f 899 926 781
f 926 818 781
f 781 818 687
f 818 712 687
f 687 712 608
f 712 632 608
f 712 646 632
f 818 721 712
f 926 840 818
f 712 721 646
f 721 651 646
f 818 840 721
f 840 737 721
f 721 737 651
f 737 670 651
f 926 940 840
f 940 855 840
f 840 855 737
f 855 755 737
f 737 755 670
f 755 675 670
f 1216 940 1019
f 1244 1049 1216
f 1282 1225 1244
f 1216 1049 940
f 1049 855 940
f 1244 1225 1049
f 1225 959 1049
f 1049 959 855
f 959 755 855
f 1282 1254 1225
f 1254 1078 1225
f 1225 1078 959
f 1078 872 959
f 959 872 755
f 872 675 755
f 899 970 1019
f 743 841 899
f 637 695 743
f 899 841 970
f 841 921 970
f 743 695 841
f 695 779 841
f 841 779 921
f 779 873 921
f 637 598 695
f 598 656 695
f 695 656 779
f 656 719 779
f 779 719 873
f 719 813 873
f 719 756 813
f 656 680 719
f 598 619 656
f 719 680 756
f 680 707 756
f 656 619 680
f 619 639 680
f 680 639 707
f 639 665 707
f 598 570 619
f 570 591 619
f 619 591 639
f 591 606 639
f 639 606 665
f 606 626 665
f 535 570 553
f 515 551 535
f 496 530 515
f 535 551 570
f 551 591 570
f 515 530 551
f 530 563 551
f 551 563 591
f 563 606 591
f 496 508 530
f 508 549 530
f 530 549 563
f 549 583 563
f 563 583 606
f 583 626 606
f 583 565 626
f 549 532 583
f 508 501 549
f 583 532 565
f 532 520 565
f 549 501 532
f 501 494 532
f 532 494 520
f 494 483 520
f 508 471 501
f 471 459 501
f 501 459 494
f 459 450 494
f 494 450 483
f 450 425 483
f 466 471 478
f 452 457 466
f 441 446 452
f 466 457 471
f 457 459 471
f 452 446 457
f 446 448 457
f 457 448 459
f 448 450 459
f 441 419 446
f 419 421 446
f 446 421 448
f 421 423 448
f 448 423 450
f 423 425 450
f 398 419 414
f 389 403 398
f 377 394 389
f 398 403 419
f 403 421 419
f 389 394 403
f 394 405 403
f 403 405 421
f 405 423 421
f 377 382 394
f 382 396 394
f 394 396 405
f 396 407 405
f 405 407 423
f 407 425 423
f 350 382 365
f 334 356 350
f 316 341 334
f 350 356 382
f 356 396 382
f 334 341 356
f 341 363 356
f 356 363 396
f 363 407 396
f 316 327 341
f 327 348 341
f 341 348 363
f 348 375 363
f 363 375 407
f 375 425 407
f 375 358 425
f 348 339 375
f 327 314 348
f 375 339 358
f 339 329 358
f 348 314 339
f 314 312 339
f 339 312 329
f 312 302 329
f 327 295 314
f 295 287 314
f 314 287 312
f 287 275 312
f 312 275 302
f 275 257 302
f 289 295 307
f 264 279 289
f 248 255 264
f 289 279 295
f 279 287 295
f 264 255 279
f 255 262 279
f 279 262 287
f 262 275 287
f 248 243 255
f 243 246 255
f 255 246 262
f 246 253 262
f 262 253 275
f 253 257 275
f 213 243 238
f 189 218 213
f 166 194 189
f 213 218 243
f 218 246 243
f 189 194 218
f 194 220 218
f 218 220 246
f 220 253 246
f 166 171 194
f 171 196 194
f 194 196 220
f 196 222 220
f 220 222 253
f 222 257 253
f 222 105 257
f 196 103 222
f 171 101 196
f 222 103 105
f 103 71 105
f 196 101 103
f 101 69 103
f 103 69 71
f 69 43 71
f 171 99 101
f 99 67 101
f 101 67 69
f 67 41 69
f 69 41 43
f 41 21 43
f 156 99 161
f 151 97 156
f 146 95 151
f 156 97 99
f 97 67 99
f 151 95 97
f 95 65 97
f 97 65 67
f 65 41 67
f 146 93 95
f 93 63 95
f 95 63 65
f 63 39 65
f 65 39 41
f 39 21 41
f 76 115 110
f 48 81 76
f 26 53 48
f 76 81 115
f 81 120 115
f 48 53 81
f 53 83 81
f 81 83 120
f 83 125 120
f 26 31 53
f 31 55 53
f 53 55 83
f 55 85 83
f 83 85 125
f 85 130 125
f 85 135 130
f 55 87 85
f 31 57 55
f 85 87 135
f 87 137 135
f 55 57 87
f 57 89 87
f 87 89 137
f 89 139 137
f 31 33 57
f 33 59 57
f 57 59 89
f 59 91 89
f 89 91 139
f 91 141 139
f 6 33 1
f 11 35 6
f 16 37 11
f 6 35 33
f 35 59 33
f 11 37 35
f 37 61 35
f 35 61 59
f 61 91 59
f 16 39 37
f 39 63 37
f 37 63 61
f 63 93 61
f 61 93 91
f 93 141 91
f 1342 1054 1071
f 1576 1338 1342
f 1757 1569 1576
f 1342 1338 1054
f 1338 1043 1054
f 1576 1569 1338
f 1569 1333 1338
f 1338 1333 1043
f 1333 1028 1043
f 1757 1751 1569
f 1751 1567 1569
f 1569 1567 1333
f 1567 1330 1333
f 1333 1330 1028
f 1330 1013 1028
f 1738 1751 1937
f 1551 1561 1738
f 1306 1309 1551
f 1738 1561 1751
f 1561 1567 1751
f 1551 1309 1561
f 1309 1316 1561
f 1561 1316 1567
f 1316 1330 1567
f 1306 952 1309
f 952 969 1309
f 1309 969 1316
f 969 995 1316
f 1316 995 1330
f 995 1013 1330
f 1306 912 939
f 1551 1300 1306
f 1738 1542 1551
f 1306 1300 912
f 1300 892 912
f 1551 1542 1300
f 1542 1290 1300
f 1300 1290 892
f 1290 865 892
f 1738 1729 1542
f 1729 1529 1542
f 1542 1529 1290
f 1529 1278 1290
f 1290 1278 865
f 1278 847 865
f 1278 831 847
f 1529 1277 1278
f 1729 1518 1529
f 1278 1277 831
f 1277 812 831
f 1529 1518 1277
f 1518 1271 1277
f 1277 1271 812
f 1271 797 812
f 1729 1719 1518
f 1719 1506 1518
f 1518 1506 1271
f 1506 1268 1271
f 1271 1268 797
f 1268 787 797
f 1716 1719 1937
f 1488 1497 1716
f 1255 1258 1488
f 1716 1497 1719
f 1497 1506 1719
f 1488 1258 1497
f 1258 1265 1497
f 1497 1265 1506
f 1265 1268 1506
f 1255 742 1258
f 742 754 1258
f 1258 754 1265
f 754 772 1265
f 1265 772 1268
f 772 787 1268
f 276 306 261
f 288 313 276
f 296 315 288
f 276 313 306
f 313 333 306
f 288 315 313
f 315 340 313
f 313 340 333
f 340 362 333
f 296 328 315
f 328 349 315
f 315 349 340
f 349 376 340
f 340 376 362
f 376 429 362
f 320 328 311
f 338 342 320
f 354 357 338
f 320 342 328
f 342 349 328
f 338 357 342
f 357 364 342
f 342 364 349
f 364 376 349
f 354 383 357
f 383 397 357
f 357 397 364
f 397 408 364
f 364 408 376
f 408 429 376
f 381 383 369
f 393 395 381
f 402 404 393
f 381 395 383
f 395 397 383
f 393 404 395
f 404 406 395
f 395 406 397
f 406 408 397
f 402 420 404
f 420 422 404
f 404 422 406
f 422 424 406
f 406 424 408
f 424 429 408
f 445 420 418
f 456 447 445
f 470 458 456
f 445 447 420
f 447 422 420
f 456 458 447
f 458 449 447
f 447 449 422
f 449 424 422
f 470 472 458
f 472 460 458
f 458 460 449
f 460 451 449
f 449 451 424
f 451 429 424
f 451 487 429
f 460 495 451
f 472 502 460
f 451 495 487
f 495 524 487
f 460 502 495
f 502 533 495
f 495 533 524
f 533 569 524
f 472 509 502
f 509 550 502
f 502 550 533
f 550 584 533
f 533 584 569
f 584 630 569
f 500 509 482
f 519 531 500
f 539 552 519
f 500 531 509
f 531 550 509
f 519 552 531
f 552 564 531
f 531 564 550
f 564 584 550
f 539 571 552
f 571 592 552
f 552 592 564
f 592 607 564
f 564 607 584
f 607 630 584
f 607 669 630
f 592 640 607
f 571 620 592
f 607 640 669
f 640 711 669
f 592 620 640
f 620 681 640
f 640 681 711
f 681 760 711
f 571 599 620
f 599 657 620
f 620 657 681
f 657 720 681
f 681 720 760
f 720 817 760
f 720 877 817
f 657 780 720
f 599 696 657
f 720 780 877
f 780 925 877
f 657 696 780
f 696 842 780
f 780 842 925
f 842 974 925
f 599 638 696
f 638 744 696
f 696 744 842
f 744 900 842
f 842 900 974
f 900 1023 974
f 581 638 557
f 597 659 581
f 612 688 597
f 581 659 638
f 659 744 638
f 597 688 659
f 688 782 659
f 659 782 744
f 782 900 744
f 612 713 688
f 713 819 688
f 688 819 782
f 819 927 782
f 782 927 900
f 927 1023 900
f 820 713 636
f 1030 928 820
f 1249 1221 1030
f 820 928 713
f 928 819 713
f 1030 1221 928
f 1221 1029 928
f 928 1029 819
f 1029 927 819
f 1249 1286 1221
f 1286 1248 1221
f 1221 1248 1029
f 1248 1220 1029
f 1029 1220 927
f 1220 1023 927
f 1249 1358 1322
f 1030 1276 1249
f 820 1177 1030
f 1249 1276 1358
f 1276 1398 1358
f 1030 1177 1276
f 1177 1307 1276
f 1276 1307 1398
f 1307 1442 1398
f 820 907 1177
f 907 1233 1177
f 1177 1233 1307
f 1233 1336 1307
f 1307 1336 1442
f 1336 1485 1442
f 1336 1515 1485
f 1233 1350 1336
f 907 1243 1233
f 1336 1350 1515
f 1350 1549 1515
f 1233 1243 1350
f 1243 1370 1350
f 1350 1370 1549
f 1370 1560 1549
f 907 947 1243
f 947 1259 1243
f 1243 1259 1370
f 1259 1393 1370
f 1370 1393 1560
f 1393 1574 1560
f 985 947 636
f 1289 1274 985
f 1454 1430 1289
f 985 1274 947
f 1274 1259 947
f 1289 1430 1274
f 1430 1410 1274
f 1274 1410 1259
f 1410 1393 1259
f 1454 1613 1430
f 1613 1601 1430
f 1430 1601 1410
f 1601 1585 1410
f 1410 1585 1393
f 1585 1574 1393
f 1454 1642 1627
f 1289 1473 1454
f 985 1303 1289
f 1454 1473 1642
f 1473 1657 1642
f 1289 1303 1473
f 1303 1500 1473
f 1473 1500 1657
f 1500 1671 1657
f 985 1008 1303
f 1008 1310 1303
f 1303 1310 1500
f 1310 1534 1500
f 1500 1534 1671
f 1534 1684 1671
f 1534 1704 1684
f 1310 1550 1534
f 1008 1326 1310
f 1534 1550 1704
f 1550 1724 1704
f 1310 1326 1550
f 1326 1564 1550
f 1550 1564 1724
f 1564 1745 1724
f 1008 1066 1326
f 1066 1343 1326
f 1326 1343 1564
f 1343 1579 1564
f 1564 1579 1745
f 1579 1762 1745
f 1215 1066 636
f 1409 1375 1215
f 1650 1619 1409
f 1215 1375 1066
f 1375 1343 1066
f 1409 1619 1375
f 1619 1596 1375
f 1375 1596 1343
f 1596 1579 1343
f 1650 1870 1619
f 1870 1837 1619
f 1619 1837 1596
f 1837 1801 1596
f 1596 1801 1579
f 1801 1762 1579
f 1255 718 731
f 1488 1250 1255
f 1716 1475 1488
f 1255 1250 718
f 1250 701 718
f 1488 1475 1250
f 1475 1242 1250
f 1250 1242 701
f 1242 694 701
f 1716 1709 1475
f 1709 1470 1475
f 1475 1470 1242
f 1470 1236 1242
f 1242 1236 694
f 1236 679 694
f 1236 674 679
f 1470 1234 1236
f 1709 1460 1470
f 1236 1234 674
f 1234 655 674
f 1470 1460 1234
f 1460 1231 1234
f 1234 1231 655
f 1231 650 655
f 1709 1695 1460
f 1695 1451 1460
f 1460 1451 1231
f 1451 1228 1231
f 1231 1228 650
f 1228 636 650
f 1921 1695 1937
f 1909 1677 1921
f 1895 1664 1909
f 1921 1677 1695
f 1677 1451 1695
f 1909 1664 1677
f 1664 1424 1677
f 1677 1424 1451
f 1424 1228 1451
f 1895 1650 1664
f 1650 1409 1664
f 1664 1409 1424
f 1409 1215 1424
f 1424 1215 1228
f 1215 636 1228
f 1757 1951 1937
f 1576 1777 1757
f 1342 1587 1576
f 1757 1777 1951
f 1777 1967 1951
f 1576 1587 1777
f 1587 1794 1777
f 1777 1794 1967
f 1794 1981 1967
f 1342 1360 1587
f 1360 1593 1587
f 1587 1593 1794
f 1593 1813 1794
f 1794 1813 1981
f 1813 2000 1981
f 1813 2016 2000
f 1593 1830 1813
f 1360 1606 1593
f 1813 1830 2016
f 1830 2034 2016
f 1593 1606 1830
f 1606 1862 1830
f 1830 1862 2034
f 1862 2049 2034
f 1360 1374 1606
f 1374 1618 1606
f 1606 1618 1862
f 1618 1865 1862
f 1862 1865 2049
f 1865 2066 2049
f 1084 1374 1071
f 1095 1379 1084
f 1112 1382 1095
f 1084 1379 1374
f 1379 1618 1374
f 1095 1382 1379
f 1382 1621 1379
f 1379 1621 1618
f 1621 1865 1618
f 1112 1387 1382
f 1387 1629 1382
f 1382 1629 1621
f 1629 1872 1621
f 1621 1872 1865
f 1872 2066 1865
f 1406 1387 1122
f 1652 1637 1406
f 1890 1883 1652
f 1406 1637 1387
f 1637 1629 1387
f 1652 1883 1637
f 1883 1879 1637
f 1637 1879 1629
f 1879 1872 1629
f 1890 2130 1883
f 2130 2107 1883
f 1883 2107 1879
f 2107 2086 1879
f 1879 2086 1872
f 2086 2066 1872
f 1890 2181 2151
f 1652 1902 1890
f 1406 1663 1652
f 1890 1902 2181
f 1902 2197 2181
f 1652 1663 1902
f 1663 1911 1902
f 1902 1911 2197
f 1911 2210 2197
f 1406 1414 1663
f 1414 1674 1663
f 1663 1674 1911
f 1674 1923 1911
f 1911 1923 2210
f 1923 2215 2210
f 1923 2228 2215
f 1674 1925 1923
f 1414 1686 1674
f 1923 1925 2228
f 1925 2242 2228
f 1674 1686 1925
f 1686 1939 1925
f 1925 1939 2242
f 1939 2262 2242
f 1414 1423 1686
f 1423 1694 1686
f 1686 1694 1939
f 1694 1953 1939
f 1939 1953 2262
f 1953 2276 2262
f 1132 1423 1122
f 1143 1427 1132
f 1148 1433 1143
f 1132 1427 1423
f 1427 1694 1423
f 1143 1433 1427
f 1433 1699 1427
f 1427 1699 1694
f 1699 1953 1694
f 1148 1435 1433
f 1435 1706 1433
f 1433 1706 1699
f 1706 1955 1699
f 1699 1955 1953
f 1955 2276 1953
f 1955 2302 2276
f 1706 1974 1955
f 1435 1728 1706
f 1955 1974 2302
f 1974 2335 2302
f 1706 1728 1974
f 1728 1995 1974
f 1974 1995 2335
f 1995 2388 2335
f 1435 1464 1728
f 1464 1753 1728
f 1728 1753 1995
f 1753 2018 1995
f 1995 2018 2388
f 2018 2426 2388
f 2018 2450 2426
f 1753 2038 2018
f 1464 1774 1753
f 2018 2038 2450
f 2038 2475 2450
f 1753 1774 2038
f 1774 2056 2038
f 2038 2056 2475
f 2056 2495 2475
f 1464 1480 1774
f 1480 1788 1774
f 1774 1788 2056
f 1788 2070 2056
f 2056 2070 2495
f 2070 2510 2495
f 1164 1480 1158
f 1176 1487 1164
f 1182 1492 1176
f 1164 1487 1480
f 1487 1788 1480
f 1176 1492 1487
f 1492 1790 1487
f 1487 1790 1788
f 1790 2070 1788
f 1182 1494 1492
f 1494 1792 1492
f 1492 1792 1790
f 1792 2077 1790
f 1790 2077 2070
f 2077 2510 2070
f 2077 2525 2510
f 1792 2081 2077
f 1494 1803 1792
f 2077 2081 2525
f 2081 2535 2525
f 1792 1803 2081
f 1803 2091 2081
f 2081 2091 2535
f 2091 2545 2535
f 1494 1504 1803
f 1504 1809 1803
f 1803 1809 2091
f 1809 2100 2091
f 2091 2100 2545
f 2100 2555 2545
f 1510 1504 1188
f 1822 1815 1510
f 2132 2117 1822
f 1510 1815 1504
f 1815 1809 1504
f 1822 2117 1815
f 2117 2113 1815
f 1815 2113 1809
f 2113 2100 1809
f 2132 2590 2117
f 2590 2575 2117
f 2117 2575 2113
f 2575 2565 2113
f 2113 2565 2100
f 2565 2555 2100
f 2132 2610 2600
f 1822 2138 2132
f 1510 1826 1822
f 2132 2138 2610
f 2138 2620 2610
f 1822 1826 2138
f 1826 2142 2138
f 2138 2142 2620
f 2142 2635 2620
f 1510 1520 1826
f 1520 1832 1826
f 1826 1832 2142
f 1832 2146 2142
f 2142 2146 2635
f 2146 2645 2635
f 2146 2655 2645
f 1832 2157 2146
f 1520 1846 1832
f 2146 2157 2655
f 2157 2665 2655
f 1832 1846 2157
f 1846 2166 2157
f 2157 2166 2665
f 2166 2675 2665
f 1520 1524 1846
f 1524 1850 1846
f 1846 1850 2166
f 1850 2168 2166
f 2166 2168 2675
f 2168 2685 2675
f 1198 1524 1188
f 1204 1528 1198
f 1209 1533 1204
f 1198 1528 1524
f 1528 1850 1524
f 1204 1533 1528
f 1533 1852 1528
f 1528 1852 1850
f 1852 2168 1850
f 1209 1536 1533
f 1536 1854 1533
f 1533 1854 1852
f 1854 2172 1852
f 1852 2172 2168
f 2172 2685 2168
f 1540 1536 1214
f 1860 1858 1540
f 2185 2183 1860
f 1540 1858 1536
f 1858 1854 1536
f 1860 2183 1858
f 2183 2174 1858
f 1858 2174 1854
f 2174 2172 1854
f 2185 2710 2183
f 2710 2700 2183
f 2183 2700 2174
f 2700 2695 2174
f 2174 2695 2172
f 2695 2685 2172
f 2185 2705 2715
f 1860 2176 2185
f 1540 1856 1860
f 2185 2176 2705
f 2176 2690 2705
f 1860 1856 2176
f 1856 2170 2176
f 2176 2170 2690
f 2170 2680 2690
f 1540 1531 1856
f 1531 1848 1856
f 1856 1848 2170
f 1848 2164 2170
f 2170 2164 2680
f 2164 2660 2680
f 2164 2650 2660
f 1848 2153 2164
f 1531 1844 1848
f 2164 2153 2650
f 2153 2640 2650
f 1848 1844 2153
f 1844 2144 2153
f 2153 2144 2640
f 2144 2630 2640
f 1531 1522 1844
f 1522 1828 1844
f 1844 1828 2144
f 1828 2140 2144
f 2144 2140 2630
f 2140 2625 2630
f 1193 1522 1214
f 1171 1517 1193
f 1153 1508 1171
f 1193 1517 1522
f 1517 1828 1522
f 1171 1508 1517
f 1508 1824 1517
f 1517 1824 1828
f 1824 2140 1828
f 1153 1502 1508
f 1502 1820 1508
f 1508 1820 1824
f 1820 2136 1824
f 1824 2136 2140
f 2136 2625 2140
f 2136 2615 2625
f 1820 2134 2136
f 1502 1818 1820
f 2136 2134 2615
f 2134 2605 2615
f 1820 1818 2134
f 1818 2120 2134
f 2134 2120 2605
f 2120 2595 2605
f 1502 1496 1818
f 1496 1811 1818
f 1818 1811 2120
f 1811 2115 2120
f 2120 2115 2595
f 2115 2585 2595
f 1490 1496 1137
f 1805 1807 1490
f 2093 2102 1805
f 1490 1807 1496
f 1807 1811 1496
f 1805 2102 1807
f 2102 2111 1807
f 1807 2111 1811
f 2111 2115 1811
f 2093 2560 2102
f 2560 2570 2102
f 2102 2570 2111
f 2570 2580 2111
f 2111 2580 2115
f 2580 2585 2115
f 2383 2355 2368
f 2399 2363 2383
f 2406 2378 2399
f 2383 2363 2355
f 2363 2342 2355
f 2399 2378 2363
f 2378 2350 2363
f 2363 2350 2342
f 2350 2328 2342
f 2406 2394 2378
f 2394 2361 2378
f 2378 2361 2350
f 2361 2337 2350
f 2350 2337 2328
f 2337 2319 2328
f 2431 2394 2415
f 2438 2401 2431
f 2445 2410 2438
f 2431 2401 2394
f 2401 2361 2394
f 2438 2410 2401
f 2410 2374 2401
f 2401 2374 2361
f 2374 2337 2361
f 2445 2421 2410
f 2421 2390 2410
f 2410 2390 2374
f 2390 2346 2374
f 2374 2346 2337
f 2346 2319 2337
f 2346 2307 2319
f 2390 2330 2346
f 2421 2372 2390
f 2346 2330 2307
f 2330 2295 2307
f 2390 2372 2330
f 2372 2323 2330
f 2330 2323 2295
f 2323 2288 2295
f 2421 2408 2372
f 2408 2357 2372
f 2372 2357 2323
f 2357 2311 2323
f 2323 2311 2288
f 2311 2281 2288
f 2460 2408 2455
f 2465 2417 2460
f 2470 2433 2465
f 2460 2417 2408
f 2417 2357 2408
f 2465 2433 2417
f 2433 2370 2417
f 2417 2370 2357
f 2370 2311 2357
f 2470 2440 2433
f 2440 2376 2433
f 2433 2376 2370
f 2376 2321 2370
f 2370 2321 2311
f 2321 2281 2311
f 2419 2440 2485
f 2344 2359 2419
f 2283 2297 2344
f 2419 2359 2440
f 2359 2376 2440
f 2344 2297 2359
f 2297 2309 2359
f 2359 2309 2376
f 2309 2321 2376
f 2283 2247 2297
f 2247 2257 2297
f 2297 2257 2309
f 2257 2271 2309
f 2309 2271 2321
f 2271 2281 2321
f 2283 2220 2233
f 2344 2264 2283
f 2419 2314 2344
f 2283 2264 2220
f 2264 2203 2220
f 2344 2314 2264
f 2314 2235 2264
f 2264 2235 2203
f 2235 2190 2203
f 2419 2392 2314
f 2392 2290 2314
f 2314 2290 2235
f 2290 2223 2235
f 2235 2223 2190
f 2223 2162 2190
f 2223 2125 2162
f 2290 2205 2223
f 2392 2266 2290
f 2223 2205 2125
f 2205 2098 2125
f 2290 2266 2205
f 2266 2192 2205
f 2205 2192 2098
f 2192 2075 2098
f 2392 2348 2266
f 2348 2237 2266
f 2266 2237 2192
f 2237 2155 2192
f 2192 2155 2075
f 2155 2054 2075
f 2312 2348 2485
f 2198 2221 2312
f 2061 2089 2198
f 2312 2221 2348
f 2221 2237 2348
f 2198 2089 2221
f 2089 2118 2221
f 2221 2118 2237
f 2118 2155 2237
f 2061 1993 2089
f 1993 2009 2089
f 2089 2009 2118
f 2009 2029 2118
f 2118 2029 2155
f 2029 2054 2155
f 2093 2540 2550
f 1805 2088 2093
f 1490 1796 1805
f 2093 2088 2540
f 2088 2530 2540
f 1805 1796 2088
f 1796 2079 2088
f 2088 2079 2530
f 2079 2520 2530
f 1490 1477 1796
f 1477 1786 1796
f 1796 1786 2079
f 1786 2068 2079
f 2079 2068 2520
f 2068 2515 2520
f 2068 2505 2515
f 1786 2060 2068
f 1477 1779 1786
f 2068 2060 2505
f 2060 2500 2505
f 1786 1779 2060
f 1779 2058 2060
f 2060 2058 2500
f 2058 2490 2500
f 1477 1468 1779
f 1468 1772 1779
f 1779 1772 2058
f 1772 2044 2058
f 2058 2044 2490
f 2044 2485 2490
f 1127 1468 1137
f 1117 1466 1127
f 1106 1462 1117
f 1127 1466 1468
f 1466 1772 1468
f 1117 1462 1466
f 1462 1770 1466
f 1466 1770 1772
f 1770 2044 1772
f 1106 1459 1462
f 1459 1766 1462
f 1462 1766 1770
f 1766 2042 1770
f 1770 2042 2044
f 2042 2485 2044
f 1077 1459 1090
f 1065 1457 1077
f 1059 1453 1065
f 1077 1457 1459
f 1457 1766 1459
f 1065 1453 1457
f 1453 1764 1457
f 1457 1764 1766
f 1764 2042 1766
f 1059 1450 1453
f 1450 1755 1453
f 1453 1755 1764
f 1755 2040 1764
f 1764 2040 2042
f 2040 2485 2042
f 1035 1450 1048
f 1018 1445 1035
f 1007 1437 1018
f 1035 1445 1450
f 1445 1755 1450
f 1018 1437 1445
f 1437 1749 1445
f 1445 1749 1755
f 1749 2040 1755
f 1007 1429 1437
f 1429 1747 1437
f 1437 1747 1749
f 1747 2036 1749
f 1749 2036 2040
f 2036 2485 2040
f 990 1429 1002
f 979 1421 990
f 964 1418 979
f 990 1421 1429
f 1421 1747 1429
f 979 1418 1421
f 1418 1740 1421
f 1421 1740 1747
f 1740 2036 1747
f 964 1412 1418
f 1412 1732 1418
f 1418 1732 1740
f 1732 2024 1740
f 1740 2024 2036
f 2024 2485 2036
f 946 1412 958
f 934 1408 946
f 917 1402 934
f 946 1408 1412
f 1408 1732 1412
f 934 1402 1408
f 1402 1726 1408
f 1408 1726 1732
f 1726 2024 1732
f 917 1392 1402
f 1392 1718 1402
f 1402 1718 1726
f 1718 2022 1726
f 1726 2022 2024
f 2022 2485 2024
f 898 1392 905
f 887 1390 898
f 882 1385 887
f 898 1390 1392
f 1390 1718 1392
f 887 1385 1390
f 1385 1715 1390
f 1390 1715 1718
f 1715 2022 1718
f 882 1377 1385
f 1377 1711 1385
f 1385 1711 1715
f 1711 2020 1715
f 1715 2020 2022
f 2020 2485 2022
f 860 1377 870
f 852 1372 860
f 839 1368 852
f 860 1372 1377
f 1372 1711 1377
f 852 1368 1372
f 1368 1708 1372
f 1372 1708 1711
f 1708 2020 1711
f 839 1365 1368
f 1365 1697 1368
f 1368 1697 1708
f 1697 2011 1708
f 1708 2011 2020
f 2011 2485 2020
f 807 1365 826
f 802 1362 807
f 792 1352 802
f 807 1362 1365
f 1362 1697 1365
f 802 1352 1362
f 1352 1692 1362
f 1362 1692 1697
f 1692 2011 1697
f 792 1349 1352
f 1349 1688 1352
f 1352 1688 1692
f 1688 2004 1692
f 1692 2004 2011
f 2004 2485 2011
f 765 1349 778
f 749 1345 765
f 736 1340 749
f 765 1345 1349
f 1345 1688 1349
f 749 1340 1345
f 1340 1679 1345
f 1345 1679 1688
f 1679 2004 1688
f 736 1335 1340
f 1335 1676 1340
f 1340 1676 1679
f 1676 2002 1679
f 1679 2002 2004
f 2002 2485 2004
f 706 1335 726
f 686 1324 706
f 664 1312 686
f 706 1324 1335
f 1324 1676 1335
f 686 1312 1324
f 1312 1666 1324
f 1324 1666 1676
f 1666 2002 1676
f 664 1305 1312
f 1305 1660 1312
f 1312 1660 1666
f 1660 1988 1666
f 1666 1988 2002
f 1988 2485 2002
f 625 1305 645
f 605 1294 625
f 590 1281 605
f 625 1294 1305
f 1294 1660 1305
f 605 1281 1294
f 1281 1644 1294
f 1294 1644 1660
f 1644 1988 1660
f 590 1273 1281
f 1273 1633 1281
f 1281 1633 1644
f 1633 1976 1644
f 1644 1976 1988
f 1976 2485 1988
f 562 1273 576
f 548 1262 562
f 529 1252 548
f 562 1262 1273
f 1262 1633 1273
f 548 1252 1262
f 1252 1616 1262
f 1262 1616 1633
f 1616 1976 1633
f 529 1238 1252
f 1238 1608 1252
f 1252 1608 1616
f 1608 1962 1616
f 1616 1962 1976
f 1962 2485 1976
f 507 1238 514
f 493 1230 507
f 477 1224 493
f 507 1230 1238
f 1230 1608 1238
f 493 1224 1230
f 1224 1595 1230
f 1230 1595 1608
f 1595 1962 1608
f 477 1166 1224
f 1166 1589 1224
f 1224 1589 1595
f 1589 1941 1595
f 1595 1941 1962
f 1941 2485 1962
f 440 1166 465
f 413 1097 440
f 388 1037 413
f 440 1097 1166
f 1097 1589 1166
f 413 1037 1097
f 1037 1578 1097
f 1097 1578 1589
f 1578 1941 1589
f 388 997 1037
f 997 1563 1037
f 1037 1563 1578
f 1563 1932 1578
f 1578 1932 1941
f 1932 2485 1941
f 347 997 374
f 325 920 347
f 301 854 325
f 347 920 997
f 920 1563 997
f 325 854 920
f 854 1526 920
f 920 1526 1563
f 1526 1932 1563
f 301 767 854
f 767 1472 854
f 854 1472 1526
f 1472 1904 1526
f 1526 1904 1932
f 1904 2485 1932
f 229 767 273
f 204 585 229
f 180 488 204
f 229 585 767
f 585 1472 767
f 204 488 585
f 488 1347 585
f 585 1347 1472
f 1347 1904 1472
f 180 355 488
f 355 1260 488
f 488 1260 1347
f 1260 1816 1347
f 1347 1816 1904
f 1816 2485 1904
f 1816 2312 2485
f 1260 1712 1816
f 355 1098 1260
f 1816 1712 2312
f 1712 2198 2312
f 1260 1098 1712
f 1098 1622 1712
f 1712 1622 2198
f 1622 2061 2198
f 355 294 1098
f 294 871 1098
f 1098 871 1622
f 871 1554 1622
f 1622 1554 2061
f 1554 1972 2061
f 281 294 145
f 773 821 281
f 1469 1498 773
f 281 821 294
f 821 871 294
f 773 1498 821
f 1498 1538 821
f 821 1538 871
f 1538 1554 871
f 1469 1916 1498
f 1916 1930 1498
f 1498 1930 1538
f 1930 1946 1538
f 1538 1946 1554
f 1946 1972 1554
f 2670 2480 2720
f 2252 2109 2670
f 1960 1881 2252
f 2670 2109 2480
f 2109 1986 2480
f 2252 1881 2109
f 1881 1768 2109
f 2109 1768 1986
f 1768 1649 1986
f 1960 1631 1881
f 1631 1544 1881
f 1881 1544 1768
f 1544 1400 1768
f 1768 1400 1649
f 1400 1299 1649
f 1448 1631 1737
f 1100 1328 1448
f 543 834 1100
f 1448 1328 1631
f 1328 1544 1631
f 1100 834 1328
f 834 1241 1328
f 1328 1241 1544
f 1241 1400 1544
f 543 435 834
f 435 618 834
f 834 618 1241
f 618 984 1241
f 1241 984 1400
f 984 1299 1400
f 1469 1877 1900
f 773 1415 1469
f 281 689 773
f 1469 1415 1877
f 1415 1842 1877
f 773 689 1415
f 689 1369 1415
f 1415 1369 1842
f 1369 1784 1842
f 281 245 689
f 245 613 689
f 689 613 1369
f 613 1325 1369
f 1369 1325 1784
f 1325 1737 1784
f 1325 1448 1737
f 613 832 1325
f 245 326 613
f 1325 832 1448
f 832 1100 1448
f 613 326 832
f 326 430 832
f 832 430 1100
f 430 543 1100
f 245 188 326
f 188 212 326
f 326 212 430
f 212 237 430
f 430 237 543
f 237 286 543
f 140 188 145
f 138 187 140
f 136 186 138
f 140 187 188
f 187 212 188
f 138 186 187
f 186 211 187
f 187 211 212
f 211 237 212
f 136 185 186
f 185 210 186
f 186 210 211
f 210 236 211
f 211 236 237
f 236 286 237
f 92 140 145
f 60 90 92
f 34 58 60
f 92 90 140
f 90 138 140
f 60 58 90
f 58 88 90
f 90 88 138
f 88 136 138
f 34 32 58
f 32 56 58
f 58 56 88
f 56 86 88
f 88 86 136
f 86 134 136
f 30 32 5
f 52 54 30
f 80 82 52
f 30 54 32
f 54 56 32
f 52 82 54
f 82 84 54
f 54 84 56
f 84 86 56
f 80 119 82
f 119 124 82
f 82 124 84
f 124 129 84
f 84 129 86
f 129 134 86
f 296 293 311
f 288 280 296
f 276 263 288
f 296 280 293
f 280 268 293
f 288 263 280
f 263 256 280
f 280 256 268
f 256 252 268
f 276 254 263
f 254 247 263
f 263 247 256
f 247 244 256
f 256 244 252
f 244 242 252
f 244 217 242
f 247 219 244
f 254 221 247
f 244 219 217
f 219 193 217
f 247 221 219
f 221 195 219
f 219 195 193
f 195 170 193
f 254 223 221
f 223 197 221
f 221 197 195
f 197 172 195
f 195 172 170
f 172 165 170
f 109 223 261
f 75 104 109
f 47 70 75
f 109 104 223
f 104 197 223
f 75 70 104
f 70 102 104
f 104 102 197
f 102 172 197
f 47 42 70
f 42 68 70
f 70 68 102
f 68 100 102
f 102 100 172
f 100 165 172
f 100 160 165
f 68 98 100
f 42 66 68
f 100 98 160
f 98 155 160
f 68 66 98
f 66 96 98
f 98 96 155
f 96 150 155
f 42 40 66
f 40 64 66
f 66 64 96
f 64 94 96
f 96 94 150
f 94 145 150
f 20 40 25
f 15 38 20
f 10 36 15
f 20 38 40
f 38 64 40
f 15 36 38
f 36 62 38
f 38 62 64
f 62 94 64
f 10 34 36
f 34 60 36
f 36 60 62
f 60 92 62
f 62 92 94
f 92 145 94
f 10 4 5
f 15 9 10
f 20 14 15
f 10 9 4
f 9 3 4
f 15 14 9
f 14 8 9
f 9 8 3
f 8 2 3
f 20 19 14
f 19 13 14
f 14 13 8
f 13 7 8
f 8 7 2
f 7 1 2
f 24 19 25
f 23 18 24
f 22 17 23
f 24 18 19
f 18 13 19
f 23 17 18
f 17 12 18
f 18 12 13
f 12 7 13
f 22 16 17
f 16 11 17
f 17 11 12
f 11 6 12
f 12 6 7
f 6 1 7
f 80 113 114
f 52 79 80
f 30 51 52
f 80 79 113
f 79 112 113
f 52 51 79
f 51 78 79
f 79 78 112
f 78 111 112
f 30 29 51
f 29 50 51
f 51 50 78
f 50 77 78
f 78 77 111
f 77 110 111
f 4 29 5
f 3 28 4
f 2 27 3
f 4 28 29
f 28 50 29
f 3 27 28
f 27 49 28
f 28 49 50
f 49 77 50
f 2 26 27
f 26 48 27
f 27 48 49
f 48 76 49
f 49 76 77
f 76 110 77
f 129 133 134
f 124 128 129
f 119 123 124
f 129 128 133
f 128 132 133
f 124 123 128
f 123 127 128
f 128 127 132
f 127 131 132
f 119 118 123
f 118 122 123
f 123 122 127
f 122 126 127
f 127 126 131
f 126 130 131
f 113 118 114
f 112 117 113
f 111 116 112
f 113 117 118
f 117 122 118
f 112 116 117
f 116 121 117
f 117 121 122
f 121 126 122
f 111 115 116
f 115 120 116
f 116 120 121
f 120 125 121
f 121 125 126
f 125 130 126
f 236 285 286
f 210 235 236
f 185 209 210
f 236 235 285
f 235 284 285
f 210 209 235
f 209 234 235
f 235 234 284
f 234 283 284
f 185 184 209
f 184 208 209
f 209 208 234
f 208 233 234
f 234 233 283
f 233 282 283
f 133 184 134
f 132 183 133
f 131 182 132
f 133 183 184
f 183 208 184
f 132 182 183
f 182 207 183
f 183 207 208
f 207 233 208
f 131 181 182
f 181 206 182
f 182 206 207
f 206 232 207
f 207 232 233
f 232 282 233
f 984 1298 1299
f 618 983 984
f 435 617 618
f 984 983 1298
f 983 1297 1298
f 618 617 983
f 617 982 983
f 983 982 1297
f 982 1296 1297
f 435 434 617
f 434 616 617
f 617 616 982
f 616 981 982
f 982 981 1296
f 981 1295 1296
f 285 434 286
f 284 433 285
f 283 432 284
f 285 433 434
f 433 616 434
f 284 432 433
f 432 615 433
f 433 615 616
f 615 981 616
f 283 431 432
f 431 614 432
f 432 614 615
f 614 980 615
f 615 980 981
f 980 1295 981
f 2480 2719 2720
f 1986 2479 2480
f 1649 1985 1986
f 2480 2479 2719
f 2479 2718 2719
f 1986 1985 2479
f 1985 2478 2479
f 2479 2478 2718
f 2478 2717 2718
f 1649 1648 1985
f 1648 1984 1985
f 1985 1984 2478
f 1984 2477 2478
f 2478 2477 2717
f 2477 2716 2717
f 1298 1648 1299
f 1297 1647 1298
f 1296 1646 1297
f 1298 1647 1648
f 1647 1984 1648
f 1297 1646 1647
f 1646 1983 1647
f 1647 1983 1984
f 1983 2477 1984
f 1296 1645 1646
f 1645 1982 1646
f 1646 1982 1983
f 1982 2476 1983
f 1983 2476 2477
f 2476 2716 2477
f 1960 1736 1737
f 2252 1959 1960
f 2670 2251 2252
f 1960 1959 1736
f 1959 1735 1736
f 2252 2251 1959
f 2251 1958 1959
f 1959 1958 1735
f 1958 1734 1735
f 2670 2669 2251
f 2669 2250 2251
f 2251 2250 1958
f 2250 1957 1958
f 1958 1957 1734
f 1957 1733 1734
f 2719 2669 2720
f 2718 2668 2719
f 2717 2667 2718
f 2719 2668 2669
f 2668 2250 2669
f 2718 2667 2668
f 2667 2249 2668
f 2668 2249 2250
f 2249 1957 2250
f 2717 2666 2667
f 2666 2248 2667
f 2667 2248 2249
f 2248 1956 2249
f 2249 1956 1957
f 1956 1733 1957
f 2705 2714 2715
f 2690 2704 2705
f 2680 2689 2690
f 2705 2704 2714
f 2704 2713 2714
f 2690 2689 2704
f 2689 2703 2704
f 2704 2703 2713
f 2703 2712 2713
f 2680 2679 2689
f 2679 2688 2689
f 2689 2688 2703
f 2688 2702 2703
f 2703 2702 2712
f 2702 2711 2712
f 2702 2701 2711
f 2688 2687 2702
f 2679 2678 2688
f 2702 2687 2701
f 2687 2686 2701
f 2688 2678 2687
f 2678 2677 2687
f 2687 2677 2686
f 2677 2676 2686
f 2679 2659 2678
f 2659 2658 2678
f 2678 2658 2677
f 2658 2657 2677
f 2677 2657 2676
f 2657 2656 2676
f 2650 2659 2660
f 2640 2649 2650
f 2630 2639 2640
f 2650 2649 2659
f 2649 2658 2659
f 2640 2639 2649
f 2639 2648 2649
f 2649 2648 2658
f 2648 2657 2658
f 2630 2629 2639
f 2629 2638 2639
f 2639 2638 2648
f 2638 2647 2648
f 2648 2647 2657
f 2647 2656 2657
f 2647 2646 2656
f 2638 2637 2647
f 2629 2628 2638
f 2647 2637 2646
f 2637 2636 2646
f 2638 2628 2637
f 2628 2627 2637
f 2637 2627 2636
f 2627 2626 2636
f 2629 2624 2628
f 2624 2623 2628
f 2628 2623 2627
f 2623 2622 2627
f 2627 2622 2626
f 2622 2621 2626
f 2615 2624 2625
f 2605 2614 2615
f 2595 2604 2605
f 2615 2614 2624
f 2614 2623 2624
f 2605 2604 2614
f 2604 2613 2614
f 2614 2613 2623
f 2613 2622 2623
f 2595 2594 2604
f 2594 2603 2604
f 2604 2603 2613
f 2603 2612 2613
f 2613 2612 2622
f 2612 2621 2622
f 2612 2611 2621
f 2603 2602 2612
f 2594 2593 2603
f 2612 2602 2611
f 2602 2601 2611
f 2603 2593 2602
f 2593 2592 2602
f 2602 2592 2601
f 2592 2591 2601
f 2594 2584 2593
f 2584 2583 2593
f 2593 2583 2592
f 2583 2582 2592
f 2592 2582 2591
f 2582 2581 2591
f 2580 2584 2585
f 2570 2579 2580
f 2560 2569 2570
f 2580 2579 2584
f 2579 2583 2584
f 2570 2569 2579
f 2569 2578 2579
f 2579 2578 2583
f 2578 2582 2583
f 2560 2559 2569
f 2559 2568 2569
f 2569 2568 2578
f 2568 2577 2578
f 2578 2577 2582
f 2577 2581 2582
f 2577 2576 2581
f 2568 2567 2577
f 2559 2558 2568
f 2577 2567 2576
f 2567 2566 2576
f 2568 2558 2567
f 2558 2557 2567
f 2567 2557 2566
f 2557 2556 2566
f 2559 2549 2558
f 2549 2548 2558
f 2558 2548 2557
f 2548 2547 2557
f 2557 2547 2556
f 2547 2546 2556
f 2540 2549 2550
f 2530 2539 2540
f 2520 2529 2530
f 2540 2539 2549
f 2539 2548 2549
f 2530 2529 2539
f 2529 2538 2539
f 2539 2538 2548
f 2538 2547 2548
f 2520 2519 2529
f 2519 2528 2529
f 2529 2528 2538
f 2528 2537 2538
f 2538 2537 2547
f 2537 2546 2547
f 2537 2536 2546
f 2528 2527 2537
f 2519 2518 2528
f 2537 2527 2536
f 2527 2526 2536
f 2528 2518 2527
f 2518 2517 2527
f 2527 2517 2526
f 2517 2516 2526
f 2519 2514 2518
f 2514 2513 2518
f 2518 2513 2517
f 2513 2512 2517
f 2517 2512 2516
f 2512 2511 2516
f 2505 2514 2515
f 2500 2504 2505
f 2490 2499 2500
f 2505 2504 2514
f 2504 2513 2514
f 2500 2499 2504
f 2499 2503 2504
f 2504 2503 2513
f 2503 2512 2513
f 2490 2489 2499
f 2489 2498 2499
f 2499 2498 2503
f 2498 2502 2503
f 2503 2502 2512
f 2502 2511 2512
f 2502 2501 2511
f 2498 2497 2502
f 2489 2488 2498
f 2502 2497 2501
f 2497 2496 2501
f 2498 2488 2497
f 2488 2487 2497
f 2497 2487 2496
f 2487 2486 2496
f 2489 2484 2488
f 2484 2483 2488
f 2488 2483 2487
f 2483 2482 2487
f 2487 2482 2486
f 2482 2481 2486
f 2470 2484 2485
f 2465 2469 2470
f 2460 2464 2465
f 2470 2469 2484
f 2469 2483 2484
f 2465 2464 2469
f 2464 2468 2469
f 2469 2468 2483
f 2468 2482 2483
f 2460 2459 2464
f 2459 2463 2464
f 2464 2463 2468
f 2463 2467 2468
f 2468 2467 2482
f 2467 2481 2482
f 2467 2466 2481
f 2463 2462 2467
f 2459 2458 2463
f 2467 2462 2466
f 2462 2461 2466
f 2463 2458 2462
f 2458 2457 2462
f 2462 2457 2461
f 2457 2456 2461
f 2459 2454 2458
f 2454 2453 2458
f 2458 2453 2457
f 2453 2452 2457
f 2457 2452 2456
f 2452 2451 2456
f 2445 2454 2455
f 2438 2444 2445
f 2431 2437 2438
f 2445 2444 2454
f 2444 2453 2454
f 2438 2437 2444
f 2437 2443 2444
f 2444 2443 2453
f 2443 2452 2453
f 2431 2430 2437
f 2430 2436 2437
f 2437 2436 2443
f 2436 2442 2443
f 2443 2442 2452
f 2442 2451 2452
f 2442 2441 2451
f 2436 2435 2442
f 2430 2429 2436
f 2442 2435 2441
f 2435 2434 2441
f 2436 2429 2435
f 2429 2428 2435
f 2435 2428 2434
f 2428 2427 2434
f 2430 2414 2429
f 2414 2413 2429
f 2429 2413 2428
f 2413 2412 2428
f 2428 2412 2427
f 2412 2411 2427
f 2406 2414 2415
f 2399 2405 2406
f 2383 2398 2399
f 2406 2405 2414
f 2405 2413 2414
f 2399 2398 2405
f 2398 2404 2405
f 2405 2404 2413
f 2404 2412 2413
f 2383 2382 2398
f 2382 2397 2398
f 2398 2397 2404
f 2397 2403 2404
f 2404 2403 2412
f 2403 2411 2412
f 2403 2402 2411
f 2397 2396 2403
f 2382 2381 2397
f 2403 2396 2402
f 2396 2395 2402
f 2397 2381 2396
f 2381 2380 2396
f 2396 2380 2395
f 2380 2379 2395
f 2382 2367 2381
f 2367 2366 2381
f 2381 2366 2380
f 2366 2365 2380
f 2380 2365 2379
f 2365 2364 2379
f 2355 2367 2368
f 2342 2354 2355
f 2328 2341 2342
f 2355 2354 2367
f 2354 2366 2367
f 2342 2341 2354
f 2341 2353 2354
f 2354 2353 2366
f 2353 2365 2366
f 2328 2327 2341
f 2327 2340 2341
f 2341 2340 2353
f 2340 2352 2353
f 2353 2352 2365
f 2352 2364 2365
f 2352 2351 2364
f 2340 2339 2352
f 2327 2326 2340
f 2352 2339 2351
f 2339 2338 2351
f 2340 2326 2339
f 2326 2325 2339
f 2339 2325 2338
f 2325 2324 2338
f 2327 2318 2326
f 2318 2317 2326
f 2326 2317 2325
f 2317 2316 2325
f 2325 2316 2324
f 2316 2315 2324
f 2307 2318 2319
f 2295 2306 2307
f 2288 2294 2295
f 2307 2306 2318
f 2306 2317 2318
f 2295 2294 2306
f 2294 2305 2306
f 2306 2305 2317
f 2305 2316 2317
f 2288 2287 2294
f 2287 2293 2294
f 2294 2293 2305
f 2293 2304 2305
f 2305 2304 2316
f 2304 2315 2316
f 2304 2303 2315
f 2293 2292 2304
f 2287 2286 2293
f 2304 2292 2303
f 2292 2291 2303
f 2293 2286 2292
f 2286 2285 2292
f 2292 2285 2291
f 2285 2284 2291
f 2287 2280 2286
f 2280 2279 2286
f 2286 2279 2285
f 2279 2278 2285
f 2285 2278 2284
f 2278 2277 2284
f 2271 2280 2281
f 2257 2270 2271
f 2247 2256 2257
f 2271 2270 2280
f 2270 2279 2280
f 2257 2256 2270
f 2256 2269 2270
f 2270 2269 2279
f 2269 2278 2279
f 2247 2246 2256
f 2246 2255 2256
f 2256 2255 2269
f 2255 2268 2269
f 2269 2268 2278
f 2268 2277 2278
f 2268 2267 2277
f 2255 2254 2268
f 2246 2245 2255
f 2268 2254 2267
f 2254 2253 2267
f 2255 2245 2254
f 2245 2244 2254
f 2254 2244 2253
f 2244 2243 2253
f 2246 2232 2245
f 2232 2231 2245
f 2245 2231 2244
f 2231 2230 2244
f 2244 2230 2243
f 2230 2229 2243
f 2220 2232 2233
f 2203 2219 2220
f 2190 2202 2203
f 2220 2219 2232
f 2219 2231 2232
f 2203 2202 2219
f 2202 2218 2219
f 2219 2218 2231
f 2218 2230 2231
f 2190 2189 2202
f 2189 2201 2202
f 2202 2201 2218
f 2201 2217 2218
f 2218 2217 2230
f 2217 2229 2230
f 2217 2216 2229
f 2201 2200 2217
f 2189 2188 2201
f 2217 2200 2216
f 2200 2199 2216
f 2201 2188 2200
f 2188 2187 2200
f 2200 2187 2199
f 2187 2186 2199
f 2189 2161 2188
f 2161 2160 2188
f 2188 2160 2187
f 2160 2159 2187
f 2187 2159 2186
f 2159 2158 2186
f 2125 2161 2162
f 2098 2124 2125
f 2075 2097 2098
f 2125 2124 2161
f 2124 2160 2161
f 2098 2097 2124
f 2097 2123 2124
f 2124 2123 2160
f 2123 2159 2160
f 2075 2074 2097
f 2074 2096 2097
f 2097 2096 2123
f 2096 2122 2123
f 2123 2122 2159
f 2122 2158 2159
f 2122 2121 2158
f 2096 2095 2122
f 2074 2073 2096
f 2122 2095 2121
f 2095 2094 2121
f 2096 2073 2095
f 2073 2072 2095
f 2095 2072 2094
f 2072 2071 2094
f 2074 2053 2073
f 2053 2052 2073
f 2073 2052 2072
f 2052 2051 2072
f 2072 2051 2071
f 2051 2050 2071
f 2029 2053 2054
f 2009 2028 2029
f 1993 2008 2009
f 2029 2028 2053
f 2028 2052 2053
f 2009 2008 2028
f 2008 2027 2028
f 2028 2027 2052
f 2027 2051 2052
f 1993 1992 2008
f 1992 2007 2008
f 2008 2007 2027
f 2007 2026 2027
f 2027 2026 2051
f 2026 2050 2051
f 2026 2025 2050
f 2007 2006 2026
f 1992 1991 2007
f 2026 2006 2025
f 2006 2005 2025
f 2007 1991 2006
f 1991 1990 2006
f 2006 1990 2005
f 1990 1989 2005
f 1992 1971 1991
f 1971 1970 1991
f 1991 1970 1990
f 1970 1969 1990
f 1990 1969 1989
f 1969 1968 1989
f 1946 1971 1972
f 1930 1945 1946
f 1916 1929 1930
f 1946 1945 1971
f 1945 1970 1971
f 1930 1929 1945
f 1929 1944 1945
f 1945 1944 1970
f 1944 1969 1970
f 1916 1915 1929
f 1915 1928 1929
f 1929 1928 1944
f 1928 1943 1944
f 1944 1943 1969
f 1943 1968 1969
f 1943 1942 1968
f 1928 1927 1943
f 1915 1914 1928
f 1943 1927 1942
f 1927 1926 1942
f 1928 1914 1927
f 1914 1913 1927
f 1927 1913 1926
f 1913 1912 1926
f 1915 1899 1914
f 1899 1898 1914
f 1914 1898 1913
f 1898 1897 1913
f 1913 1897 1912
f 1897 1896 1912
f 1877 1899 1900
f 1842 1876 1877
f 1784 1841 1842
f 1877 1876 1899
f 1876 1898 1899
f 1842 1841 1876
f 1841 1875 1876
f 1876 1875 1898
f 1875 1897 1898
f 1784 1783 1841
f 1783 1840 1841
f 1841 1840 1875
f 1840 1874 1875
f 1875 1874 1897
f 1874 1896 1897
f 1736 1783 1737
f 1735 1782 1736
f 1734 1781 1735
f 1736 1782 1783
f 1782 1840 1783
f 1735 1781 1782
f 1781 1839 1782
f 1782 1839 1840
f 1839 1874 1840
f 1734 1780 1781
f 1780 1838 1781
f 1781 1838 1839
f 1838 1873 1839
f 1839 1873 1874
f 1873 1896 1874
f 2450 2425 2426
f 2475 2449 2450
f 2495 2474 2475
f 2450 2449 2425
f 2449 2424 2425
f 2475 2474 2449
f 2474 2448 2449
f 2449 2448 2424
f 2448 2423 2424
f 2495 2494 2474
f 2494 2473 2474
f 2474 2473 2448
f 2473 2447 2448
f 2448 2447 2423
f 2447 2422 2423
f 2447 2446 2422
f 2473 2472 2447
f 2494 2493 2473
f 2447 2472 2446
f 2472 2471 2446
f 2473 2493 2472
f 2493 2492 2472
f 2472 2492 2471
f 2492 2491 2471
f 2494 2509 2493
f 2509 2508 2493
f 2493 2508 2492
f 2508 2507 2492
f 2492 2507 2491
f 2507 2506 2491
f 2525 2509 2510
f 2535 2524 2525
f 2545 2534 2535
f 2525 2524 2509
f 2524 2508 2509
f 2535 2534 2524
f 2534 2523 2524
f 2524 2523 2508
f 2523 2507 2508
f 2545 2544 2534
f 2544 2533 2534
f 2534 2533 2523
f 2533 2522 2523
f 2523 2522 2507
f 2522 2506 2507
f 2522 2521 2506
f 2533 2532 2522
f 2544 2543 2533
f 2522 2532 2521
f 2532 2531 2521
f 2533 2543 2532
f 2543 2542 2532
f 2532 2542 2531
f 2542 2541 2531
f 2544 2554 2543
f 2554 2553 2543
f 2543 2553 2542
f 2553 2552 2542
f 2542 2552 2541
f 2552 2551 2541
f 2565 2554 2555
f 2575 2564 2565
f 2590 2574 2575
f 2565 2564 2554
f 2564 2553 2554
f 2575 2574 2564
f 2574 2563 2564
f 2564 2563 2553
f 2563 2552 2553
f 2590 2589 2574
f 2589 2573 2574
f 2574 2573 2563
f 2573 2562 2563
f 2563 2562 2552
f 2562 2551 2552
f 2562 2561 2551
f 2573 2572 2562
f 2589 2588 2573
f 2562 2572 2561
f 2572 2571 2561
f 2573 2588 2572
f 2588 2587 2572
f 2572 2587 2571
f 2587 2586 2571
f 2589 2599 2588
f 2599 2598 2588
f 2588 2598 2587
f 2598 2597 2587
f 2587 2597 2586
f 2597 2596 2586
f 2610 2599 2600
f 2620 2609 2610
f 2635 2619 2620
f 2610 2609 2599
f 2609 2598 2599
f 2620 2619 2609
f 2619 2608 2609
f 2609 2608 2598
f 2608 2597 2598
f 2635 2634 2619
f 2634 2618 2619
f 2619 2618 2608
f 2618 2607 2608
f 2608 2607 2597
f 2607 2596 2597
f 2607 2606 2596
f 2618 2617 2607
f 2634 2633 2618
f 2607 2617 2606
f 2617 2616 2606
f 2618 2633 2617
f 2633 2632 2617
f 2617 2632 2616
f 2632 2631 2616
f 2634 2644 2633
f 2644 2643 2633
f 2633 2643 2632
f 2643 2642 2632
f 2632 2642 2631
f 2642 2641 2631
f 2655 2644 2645
f 2665 2654 2655
f 2675 2664 2665
f 2655 2654 2644
f 2654 2643 2644
f 2665 2664 2654
f 2664 2653 2654
f 2654 2653 2643
f 2653 2642 2643
f 2675 2674 2664
f 2674 2663 2664
f 2664 2663 2653
f 2663 2652 2653
f 2653 2652 2642
f 2652 2641 2642
f 2652 2651 2641
f 2663 2662 2652
f 2674 2673 2663
f 2652 2662 2651
f 2662 2661 2651
f 2663 2673 2662
f 2673 2672 2662
f 2662 2672 2661
f 2672 2671 2661
f 2674 2684 2673
f 2684 2683 2673
f 2673 2683 2672
f 2683 2682 2672
f 2672 2682 2671
f 2682 2681 2671
f 2695 2684 2685
f 2700 2694 2695
f 2710 2699 2700
f 2695 2694 2684
f 2694 2683 2684
f 2700 2699 2694
f 2699 2693 2694
f 2694 2693 2683
f 2693 2682 2683
f 2710 2709 2699
f 2709 2698 2699
f 2699 2698 2693
f 2698 2692 2693
f 2693 2692 2682
f 2692 2681 2682
f 2714 2709 2715
f 2713 2708 2714
f 2712 2707 2713
f 2714 2708 2709
f 2708 2698 2709
f 2713 2707 2708
f 2707 2697 2708
f 2708 2697 2698
f 2697 2692 2698
f 2712 2706 2707
f 2706 2696 2707
f 2707 2696 2697
f 2696 2691 2697
f 2697 2691 2692
f 2691 2681 2692
f 1895 1887 1888
f 1909 1894 1895
f 1921 1908 1909
f 1895 1894 1887
f 1894 1886 1887
f 1909 1908 1894
f 1908 1893 1894
f 1894 1893 1886
f 1893 1885 1886
f 1921 1920 1908
f 1920 1907 1908
f 1908 1907 1893
f 1907 1892 1893
f 1893 1892 1885
f 1892 1884 1885
f 1892 1891 1884
f 1907 1906 1892
f 1920 1919 1907
f 1892 1906 1891
f 1906 1905 1891
f 1907 1919 1906
f 1919 1918 1906
f 1906 1918 1905
f 1918 1917 1905
f 1920 1936 1919
f 1936 1935 1919
f 1919 1935 1918
f 1935 1934 1918
f 1918 1934 1917
f 1934 1933 1917
f 1951 1936 1937
f 1967 1950 1951
f 1981 1966 1967
f 1951 1950 1936
f 1950 1935 1936
f 1967 1966 1950
f 1966 1949 1950
f 1950 1949 1935
f 1949 1934 1935
f 1981 1980 1966
f 1980 1965 1966
f 1966 1965 1949
f 1965 1948 1949
f 1949 1948 1934
f 1948 1933 1934
f 1948 1947 1933
f 1965 1964 1948
f 1980 1979 1965
f 1948 1964 1947
f 1964 1963 1947
f 1965 1979 1964
f 1979 1978 1964
f 1964 1978 1963
f 1978 1977 1963
f 1980 1999 1979
f 1999 1998 1979
f 1979 1998 1978
f 1998 1997 1978
f 1978 1997 1977
f 1997 1996 1977
f 2016 1999 2000
f 2034 2015 2016
f 2049 2033 2034
f 2016 2015 1999
f 2015 1998 1999
f 2034 2033 2015
f 2033 2014 2015
f 2015 2014 1998
f 2014 1997 1998
f 2049 2048 2033
f 2048 2032 2033
f 2033 2032 2014
f 2032 2013 2014
f 2014 2013 1997
f 2013 1996 1997
f 2013 2012 1996
f 2032 2031 2013
f 2048 2047 2032
f 2013 2031 2012
f 2031 2030 2012
f 2032 2047 2031
f 2047 2046 2031
f 2031 2046 2030
f 2046 2045 2030
f 2048 2065 2047
f 2065 2064 2047
f 2047 2064 2046
f 2064 2063 2046
f 2046 2063 2045
f 2063 2062 2045
f 2086 2065 2066
f 2107 2085 2086
f 2130 2106 2107
f 2086 2085 2065
f 2085 2064 2065
f 2107 2106 2085
f 2106 2084 2085
f 2085 2084 2064
f 2084 2063 2064
f 2130 2129 2106
f 2129 2105 2106
f 2106 2105 2084
f 2105 2083 2084
f 2084 2083 2063
f 2083 2062 2063
f 2083 2082 2062
f 2105 2104 2083
f 2129 2128 2105
f 2083 2104 2082
f 2104 2103 2082
f 2105 2128 2104
f 2128 2127 2104
f 2104 2127 2103
f 2127 2126 2103
f 2129 2150 2128
f 2150 2149 2128
f 2128 2149 2127
f 2149 2148 2127
f 2127 2148 2126
f 2148 2147 2126
f 2181 2150 2151
f 2197 2180 2181
f 2210 2196 2197
f 2181 2180 2150
f 2180 2149 2150
f 2197 2196 2180
f 2196 2179 2180
f 2180 2179 2149
f 2179 2148 2149
f 2210 2209 2196
f 2209 2195 2196
f 2196 2195 2179
f 2195 2178 2179
f 2179 2178 2148
f 2178 2147 2148
f 2178 2177 2147
f 2195 2194 2178
f 2209 2208 2195
f 2178 2194 2177
f 2194 2193 2177
f 2195 2208 2194
f 2208 2207 2194
f 2194 2207 2193
f 2207 2206 2193
f 2209 2214 2208
f 2214 2213 2208
f 2208 2213 2207
f 2213 2212 2207
f 2207 2212 2206
f 2212 2211 2206
f 2228 2214 2215
f 2242 2227 2228
f 2262 2241 2242
f 2228 2227 2214
f 2227 2213 2214
f 2242 2241 2227
f 2241 2226 2227
f 2227 2226 2213
f 2226 2212 2213
f 2262 2261 2241
f 2261 2240 2241
f 2241 2240 2226
f 2240 2225 2226
f 2226 2225 2212
f 2225 2211 2212
f 2225 2224 2211
f 2240 2239 2225
f 2261 2260 2240
f 2225 2239 2224
f 2239 2238 2224
f 2240 2260 2239
f 2260 2259 2239
f 2239 2259 2238
f 2259 2258 2238
f 2261 2275 2260
f 2275 2274 2260
f 2260 2274 2259
f 2274 2273 2259
f 2259 2273 2258
f 2273 2272 2258
f 2302 2275 2276
f 2335 2301 2302
f 2388 2334 2335
f 2302 2301 2275
f 2301 2274 2275
f 2335 2334 2301
f 2334 2300 2301
f 2301 2300 2274
f 2300 2273 2274
f 2388 2387 2334
f 2387 2333 2334
f 2334 2333 2300
f 2333 2299 2300
f 2300 2299 2273
f 2299 2272 2273
f 2425 2387 2426
f 2424 2386 2425
f 2423 2385 2424
f 2425 2386 2387
f 2386 2333 2387
f 2424 2385 2386
f 2385 2332 2386
f 2386 2332 2333
f 2332 2299 2333
f 2423 2384 2385
f 2384 2331 2385
f 2385 2331 2332
f 2331 2298 2332
f 2332 2298 2299
f 2298 2272 2299
f 1358 1321 1322
f 1398 1357 1358
f 1442 1397 1398
f 1358 1357 1321
f 1357 1320 1321
f 1398 1397 1357
f 1397 1356 1357
f 1357 1356 1320
f 1356 1319 1320
f 1442 1441 1397
f 1441 1396 1397
f 1397 1396 1356
f 1396 1355 1356
f 1356 1355 1319
f 1355 1318 1319
f 1355 1354 1318
f 1396 1395 1355
f 1441 1440 1396
f 1355 1395 1354
f 1395 1394 1354
f 1396 1440 1395
f 1440 1439 1395
f 1395 1439 1394
f 1439 1438 1394
f 1441 1484 1440
f 1484 1483 1440
f 1440 1483 1439
f 1483 1482 1439
f 1439 1482 1438
f 1482 1481 1438
f 1515 1484 1485
f 1549 1514 1515
f 1560 1548 1549
f 1515 1514 1484
f 1514 1483 1484
f 1549 1548 1514
f 1548 1513 1514
f 1514 1513 1483
f 1513 1482 1483
f 1560 1559 1548
f 1559 1547 1548
f 1548 1547 1513
f 1547 1512 1513
f 1513 1512 1482
f 1512 1481 1482
f 1512 1511 1481
f 1547 1546 1512
f 1559 1558 1547
f 1512 1546 1511
f 1546 1545 1511
f 1547 1558 1546
f 1558 1557 1546
f 1546 1557 1545
f 1557 1556 1545
f 1559 1573 1558
f 1573 1572 1558
f 1558 1572 1557
f 1572 1571 1557
f 1557 1571 1556
f 1571 1570 1556
f 1585 1573 1574
f 1601 1584 1585
f 1613 1600 1601
f 1585 1584 1573
f 1584 1572 1573
f 1601 1600 1584
f 1600 1583 1584
f 1584 1583 1572
f 1583 1571 1572
f 1613 1612 1600
f 1612 1599 1600
f 1600 1599 1583
f 1599 1582 1583
f 1583 1582 1571
f 1582 1570 1571
f 1582 1581 1570
f 1599 1598 1582
f 1612 1611 1599
f 1582 1598 1581
f 1598 1597 1581
f 1599 1611 1598
f 1611 1610 1598
f 1598 1610 1597
f 1610 1609 1597
f 1612 1626 1611
f 1626 1625 1611
f 1611 1625 1610
f 1625 1624 1610
f 1610 1624 1609
f 1624 1623 1609
f 1642 1626 1627
f 1657 1641 1642
f 1671 1656 1657
f 1642 1641 1626
f 1641 1625 1626
f 1657 1656 1641
f 1656 1640 1641
f 1641 1640 1625
f 1640 1624 1625
f 1671 1670 1656
f 1670 1655 1656
f 1656 1655 1640
f 1655 1639 1640
f 1640 1639 1624
f 1639 1623 1624
f 1639 1638 1623
f 1655 1654 1639
f 1670 1669 1655
f 1639 1654 1638
f 1654 1653 1638
f 1655 1669 1654
f 1669 1668 1654
f 1654 1668 1653
f 1668 1667 1653
f 1670 1683 1669
f 1683 1682 1669
f 1669 1682 1668
f 1682 1681 1668
f 1668 1681 1667
f 1681 1680 1667
f 1704 1683 1684
f 1724 1703 1704
f 1745 1723 1724
f 1704 1703 1683
f 1703 1682 1683
f 1724 1723 1703
f 1723 1702 1703
f 1703 1702 1682
f 1702 1681 1682
f 1745 1744 1723
f 1744 1722 1723
f 1723 1722 1702
f 1722 1701 1702
f 1702 1701 1681
f 1701 1680 1681
f 1701 1700 1680
f 1722 1721 1701
f 1744 1743 1722
f 1701 1721 1700
f 1721 1720 1700
f 1722 1743 1721
f 1743 1742 1721
f 1721 1742 1720
f 1742 1741 1720
f 1744 1761 1743
f 1761 1760 1743
f 1743 1760 1742
f 1760 1759 1742
f 1742 1759 1741
f 1759 1758 1741
f 1801 1761 1762
f 1837 1800 1801
f 1870 1836 1837
f 1801 1800 1761
f 1800 1760 1761
f 1837 1836 1800
f 1836 1799 1800
f 1800 1799 1760
f 1799 1759 1760
f 1870 1869 1836
f 1869 1835 1836
f 1836 1835 1799
f 1835 1798 1799
f 1799 1798 1759
f 1798 1758 1759
f 1887 1869 1888
f 1886 1868 1887
f 1885 1867 1886
f 1887 1868 1869
f 1868 1835 1869
f 1886 1867 1868
f 1867 1834 1868
f 1868 1834 1835
f 1834 1798 1835
f 1885 1866 1867
f 1866 1833 1867
f 1867 1833 1834
f 1833 1797 1834
f 1834 1797 1798
f 1797 1758 1798
f 306 260 261
f 333 305 306
f 362 332 333
f 306 305 260
f 305 259 260
f 333 332 305
f 332 304 305
f 305 304 259
f 304 258 259
f 362 361 332
f 361 331 332
f 332 331 304
f 331 303 304
f 304 303 258
f 303 257 258
f 303 302 257
f 331 330 303
f 361 360 331
f 303 330 302
f 330 329 302
f 331 360 330
f 360 359 330
f 330 359 329
f 359 358 329
f 361 428 360
f 428 427 360
f 360 427 359
f 427 426 359
f 359 426 358
f 426 425 358
f 487 428 429
f 524 486 487
f 569 523 524
f 487 486 428
f 486 427 428
f 524 523 486
f 523 485 486
f 486 485 427
f 485 426 427
f 569 568 523
f 568 522 523
f 523 522 485
f 522 484 485
f 485 484 426
f 484 425 426
f 484 483 425
f 522 521 484
f 568 567 522
f 484 521 483
f 521 520 483
f 522 567 521
f 567 566 521
f 521 566 520
f 566 565 520
f 568 629 567
f 629 628 567
f 567 628 566
f 628 627 566
f 566 627 565
f 627 626 565
f 669 629 630
f 711 668 669
f 760 710 711
f 669 668 629
f 668 628 629
f 711 710 668
f 710 667 668
f 668 667 628
f 667 627 628
f 760 759 710
f 759 709 710
f 710 709 667
f 709 666 667
f 667 666 627
f 666 626 627
f 666 665 626
f 709 708 666
f 759 758 709
f 666 708 665
f 708 707 665
f 709 758 708
f 758 757 708
f 708 757 707
f 757 756 707
f 759 816 758
f 816 815 758
f 758 815 757
f 815 814 757
f 757 814 756
f 814 813 756
f 877 816 817
f 925 876 877
f 974 924 925
f 877 876 816
f 876 815 816
f 925 924 876
f 924 875 876
f 876 875 815
f 875 814 815
f 974 973 924
f 973 923 924
f 924 923 875
f 923 874 875
f 875 874 814
f 874 813 814
f 874 873 813
f 923 922 874
f 973 972 923
f 874 922 873
f 922 921 873
f 923 972 922
f 972 971 922
f 922 971 921
f 971 970 921
f 973 1022 972
f 1022 1021 972
f 972 1021 971
f 1021 1020 971
f 971 1020 970
f 1020 1019 970
f 1220 1022 1023
f 1248 1219 1220
f 1286 1247 1248
f 1220 1219 1022
f 1219 1021 1022
f 1248 1247 1219
f 1247 1218 1219
f 1219 1218 1021
f 1218 1020 1021
f 1286 1285 1247
f 1285 1246 1247
f 1247 1246 1218
f 1246 1217 1218
f 1218 1217 1020
f 1217 1019 1020
f 1321 1285 1322
f 1320 1284 1321
f 1319 1283 1320
f 1321 1284 1285
f 1284 1246 1285
f 1320 1283 1284
f 1283 1245 1284
f 1284 1245 1246
f 1245 1217 1246
f 1319 1282 1283
f 1282 1244 1283
f 1283 1244 1245
f 1244 1216 1245
f 1245 1216 1217
f 1216 1019 1217
f 47 24 25
f 75 46 47
f 109 74 75
f 47 46 24
f 46 23 24
f 75 74 46
f 74 45 46
f 46 45 23
f 45 22 23
f 109 108 74
f 108 73 74
f 74 73 45
f 73 44 45
f 45 44 22
f 44 21 22
f 260 108 261
f 259 107 260
f 258 106 259
f 260 107 108
f 107 73 108
f 259 106 107
f 106 72 107
f 107 72 73
f 72 44 73
f 258 105 106
f 105 71 106
f 106 71 72
f 71 43 72
f 72 43 44
f 43 21 44
f 217 241 242
f 193 216 217
f 170 192 193
f 217 216 241
f 216 240 241
f 193 192 216
f 192 215 216
f 216 215 240
f 215 239 240
f 170 169 192
f 169 191 192
f 192 191 215
f 191 214 215
f 215 214 239
f 214 238 239
f 164 169 165
f 163 168 164
f 162 167 163
f 164 168 169
f 168 191 169
f 163 167 168
f 167 190 168
f 168 190 191
f 190 214 191
f 162 166 167
f 166 189 167
f 167 189 190
f 189 213 190
f 190 213 214
f 213 238 214
f 539 556 557
f 519 538 539
f 500 518 519
f 539 538 556
f 538 555 556
f 519 518 538
f 518 537 538
f 538 537 555
f 537 554 555
f 500 499 518
f 499 517 518
f 518 517 537
f 517 536 537
f 537 536 554
f 536 553 554
f 536 535 553
f 517 516 536
f 499 498 517
f 536 516 535
f 516 515 535
f 517 498 516
f 498 497 516
f 516 497 515
f 497 496 515
f 499 481 498
f 481 480 498
f 498 480 497
f 480 479 497
f 497 479 496
f 479 478 496
f 470 481 482
f 456 469 470
f 445 455 456
f 470 469 481
f 469 480 481
f 456 455 469
f 455 468 469
f 469 468 480
f 468 479 480
f 445 444 455
f 444 454 455
f 455 454 468
f 454 467 468
f 468 467 479
f 467 478 479
f 467 466 478
f 454 453 467
f 444 443 454
f 467 453 466
f 453 452 466
f 454 443 453
f 443 442 453
f 453 442 452
f 442 441 452
f 444 417 443
f 417 416 443
f 443 416 442
f 416 415 442
f 442 415 441
f 415 414 441
f 402 417 418
f 393 401 402
f 381 392 393
f 402 401 417
f 401 416 417
f 393 392 401
f 392 400 401
f 401 400 416
f 400 415 416
f 381 380 392
f 380 391 392
f 392 391 400
f 391 399 400
f 400 399 415
f 399 414 415
f 399 398 414
f 391 390 399
f 380 379 391
f 399 390 398
f 390 389 398
f 391 379 390
f 379 378 390
f 390 378 389
f 378 377 389
f 380 368 379
f 368 367 379
f 379 367 378
f 367 366 378
f 378 366 377
f 366 365 377
f 354 368 369
f 338 353 354
f 320 337 338
f 354 353 368
f 353 367 368
f 338 337 353
f 337 352 353
f 353 352 367
f 352 366 367
f 320 319 337
f 319 336 337
f 337 336 352
f 336 351 352
f 352 351 366
f 351 365 366
f 351 350 365
f 336 335 351
f 319 318 336
f 351 335 350
f 335 334 350
f 336 318 335
f 318 317 335
f 335 317 334
f 317 316 334
f 319 310 318
f 310 309 318
f 318 309 317
f 309 308 317
f 317 308 316
f 308 307 316
f 293 310 311
f 268 292 293
f 252 267 268
f 293 292 310
f 292 309 310
f 268 267 292
f 267 291 292
f 292 291 309
f 291 308 309
f 252 251 267
f 251 266 267
f 267 266 291
f 266 290 291
f 291 290 308
f 290 307 308
f 241 251 242
f 240 250 241
f 239 249 240
f 241 250 251
f 250 266 251
f 240 249 250
f 249 265 250
f 250 265 266
f 265 290 266
f 239 248 249
f 248 264 249
f 249 264 265
f 264 289 265
f 265 289 290
f 289 307 290
f 912 938 939
f 892 911 912
f 865 891 892
f 912 911 938
f 911 937 938
f 892 891 911
f 891 910 911
f 911 910 937
f 910 936 937
f 865 864 891
f 864 890 891
f 891 890 910
f 890 909 910
f 910 909 936
f 909 935 936
f 909 908 935
f 890 889 909
f 864 863 890
f 909 889 908
f 889 888 908
f 890 863 889
f 863 862 889
f 889 862 888
f 862 861 888
f 864 846 863
f 846 845 863
f 863 845 862
f 845 844 862
f 862 844 861
f 844 843 861
f 831 846 847
f 812 830 831
f 797 811 812
f 831 830 846
f 830 845 846
f 812 811 830
f 811 829 830
f 830 829 845
f 829 844 845
f 797 796 811
f 796 810 811
f 811 810 829
f 810 828 829
f 829 828 844
f 828 843 844
f 828 827 843
f 810 809 828
f 796 795 810
f 828 809 827
f 809 808 827
f 810 795 809
f 795 794 809
f 809 794 808
f 794 793 808
f 796 786 795
f 786 785 795
f 795 785 794
f 785 784 794
f 794 784 793
f 784 783 793
f 772 786 787
f 754 771 772
f 742 753 754
f 772 771 786
f 771 785 786
f 754 753 771
f 753 770 771
f 771 770 785
f 770 784 785
f 742 741 753
f 741 752 753
f 753 752 770
f 752 769 770
f 770 769 784
f 769 783 784
f 769 768 783
f 752 751 769
f 741 740 752
f 769 751 768
f 751 750 768
f 752 740 751
f 740 739 751
f 751 739 750
f 739 738 750
f 741 730 740
f 730 729 740
f 740 729 739
f 729 728 739
f 739 728 738
f 728 727 738
f 718 730 731
f 701 717 718
f 694 700 701
f 718 717 730
f 717 729 730
f 701 700 717
f 700 716 717
f 717 716 729
f 716 728 729
f 694 693 700
f 693 699 700
f 700 699 716
f 699 715 716
f 716 715 728
f 715 727 728
f 715 714 727
f 699 698 715
f 693 692 699
f 715 698 714
f 698 697 714
f 699 692 698
f 692 691 698
f 698 691 697
f 691 690 697
f 693 678 692
f 678 677 692
f 692 677 691
f 677 676 691
f 691 676 690
f 676 675 690
f 674 678 679
f 655 673 674
f 650 654 655
f 674 673 678
f 673 677 678
f 655 654 673
f 654 672 673
f 673 672 677
f 672 676 677
f 650 649 654
f 649 653 654
f 654 653 672
f 653 671 672
f 672 671 676
f 671 675 676
f 671 670 675
f 653 652 671
f 649 648 653
f 671 652 670
f 652 651 670
f 653 648 652
f 648 647 652
f 652 647 651
f 647 646 651
f 649 635 648
f 635 634 648
f 648 634 647
f 634 633 647
f 647 633 646
f 633 632 646
f 612 635 636
f 597 611 612
f 581 596 597
f 612 611 635
f 611 634 635
f 597 596 611
f 596 610 611
f 611 610 634
f 610 633 634
f 581 580 596
f 580 595 596
f 596 595 610
f 595 609 610
f 610 609 633
f 609 632 633
f 556 580 557
f 555 579 556
f 554 578 555
f 556 579 580
f 579 595 580
f 555 578 579
f 578 594 579
f 579 594 595
f 594 609 595
f 554 577 578
f 577 593 578
f 578 593 594
f 593 608 594
f 594 608 609
f 608 632 609
f 1209 1213 1214
f 1204 1208 1209
f 1198 1203 1204
f 1209 1208 1213
f 1208 1212 1213
f 1204 1203 1208
f 1203 1207 1208
f 1208 1207 1212
f 1207 1211 1212
f 1198 1197 1203
f 1197 1202 1203
f 1203 1202 1207
f 1202 1206 1207
f 1207 1206 1211
f 1206 1210 1211
f 1206 1205 1210
f 1202 1201 1206
f 1197 1196 1202
f 1206 1201 1205
f 1201 1200 1205
f 1202 1196 1201
f 1196 1195 1201
f 1201 1195 1200
f 1195 1194 1200
f 1197 1187 1196
f 1187 1186 1196
f 1196 1186 1195
f 1186 1185 1195
f 1195 1185 1194
f 1185 1184 1194
f 1182 1187 1188
f 1176 1181 1182
f 1164 1175 1176
f 1182 1181 1187
f 1181 1186 1187
f 1176 1175 1181
f 1175 1180 1181
f 1181 1180 1186
f 1180 1185 1186
f 1164 1163 1175
f 1163 1174 1175
f 1175 1174 1180
f 1174 1179 1180
f 1180 1179 1185
f 1179 1184 1185
f 1179 1178 1184
f 1174 1173 1179
f 1163 1162 1174
f 1179 1173 1178
f 1173 1172 1178
f 1174 1162 1173
f 1162 1161 1173
f 1173 1161 1172
f 1161 1160 1172
f 1163 1157 1162
f 1157 1156 1162
f 1162 1156 1161
f 1156 1155 1161
f 1161 1155 1160
f 1155 1154 1160
f 1148 1157 1158
f 1143 1147 1148
f 1132 1142 1143
f 1148 1147 1157
f 1147 1156 1157
f 1143 1142 1147
f 1142 1146 1147
f 1147 1146 1156
f 1146 1155 1156
f 1132 1131 1142
f 1131 1141 1142
f 1142 1141 1146
f 1141 1145 1146
f 1146 1145 1155
f 1145 1154 1155
f 1145 1144 1154
f 1141 1140 1145
f 1131 1130 1141
f 1145 1140 1144
f 1140 1139 1144
f 1141 1130 1140
f 1130 1129 1140
f 1140 1129 1139
f 1129 1128 1139
f 1131 1121 1130
f 1121 1120 1130
f 1130 1120 1129
f 1120 1119 1129
f 1129 1119 1128
f 1119 1118 1128
f 1112 1121 1122
f 1095 1111 1112
f 1084 1094 1095
f 1112 1111 1121
f 1111 1120 1121
f 1095 1094 1111
f 1094 1110 1111
f 1111 1110 1120
f 1110 1119 1120
f 1084 1083 1094
f 1083 1093 1094
f 1094 1093 1110
f 1093 1109 1110
f 1110 1109 1119
f 1109 1118 1119
f 1109 1108 1118
f 1093 1092 1109
f 1083 1082 1093
f 1109 1092 1108
f 1092 1091 1108
f 1093 1082 1092
f 1082 1081 1092
f 1092 1081 1091
f 1081 1080 1091
f 1083 1070 1082
f 1070 1069 1082
f 1082 1069 1081
f 1069 1068 1081
f 1081 1068 1080
f 1068 1067 1080
f 1054 1070 1071
f 1043 1053 1054
f 1028 1042 1043
f 1054 1053 1070
f 1053 1069 1070
f 1043 1042 1053
f 1042 1052 1053
f 1053 1052 1069
f 1052 1068 1069
f 1028 1027 1042
f 1027 1041 1042
f 1042 1041 1052
f 1041 1051 1052
f 1052 1051 1068
f 1051 1067 1068
f 1051 1050 1067
f 1041 1040 1051
f 1027 1026 1041
f 1051 1040 1050
f 1040 1039 1050
f 1041 1026 1040
f 1026 1025 1040
f 1040 1025 1039
f 1025 1024 1039
f 1027 1012 1026
f 1012 1011 1026
f 1026 1011 1025
f 1011 1010 1025
f 1025 1010 1024
f 1010 1009 1024
f 995 1012 1013
f 969 994 995
f 952 968 969
f 995 994 1012
f 994 1011 1012
f 969 968 994
f 968 993 994
f 994 993 1011
f 993 1010 1011
f 952 951 968
f 951 967 968
f 968 967 993
f 967 992 993
f 993 992 1010
f 992 1009 1010
f 938 951 939
f 937 950 938
f 936 949 937
f 938 950 951
f 950 967 951
f 937 949 950
f 949 966 950
f 950 966 967
f 966 992 967
f 936 948 949
f 948 965 949
f 949 965 966
f 965 991 966
f 966 991 992
f 991 1009 992
f 301 272 273
f 325 300 301
f 347 324 325
f 301 300 272
f 300 271 272
f 325 324 300
f 324 299 300
f 300 299 271
f 299 270 271
f 347 346 324
f 346 323 324
f 324 323 299
f 323 298 299
f 299 298 270
f 298 269 270
f 298 297 269
f 323 322 298
f 346 345 323
f 298 322 297
f 322 321 297
f 323 345 322
f 345 344 322
f 322 344 321
f 344 343 321
f 346 373 345
f 373 372 345
f 345 372 344
f 372 371 344
f 344 371 343
f 371 370 343
f 388 373 374
f 413 387 388
f 440 412 413
f 388 387 373
f 387 372 373
f 413 412 387
f 412 386 387
f 387 386 372
f 386 371 372
f 440 439 412
f 439 411 412
f 412 411 386
f 411 385 386
f 386 385 371
f 385 370 371
f 385 384 370
f 411 410 385
f 439 438 411
f 385 410 384
f 410 409 384
f 411 438 410
f 438 437 410
f 410 437 409
f 437 436 409
f 439 464 438
f 464 463 438
f 438 463 437
f 463 462 437
f 437 462 436
f 462 461 436
f 477 464 465
f 493 476 477
f 507 492 493
f 477 476 464
f 476 463 464
f 493 492 476
f 492 475 476
f 476 475 463
f 475 462 463
f 507 506 492
f 506 491 492
f 492 491 475
f 491 474 475
f 475 474 462
f 474 461 462
f 474 473 461
f 491 490 474
f 506 505 491
f 474 490 473
f 490 489 473
f 491 505 490
f 505 504 490
f 490 504 489
f 504 503 489
f 506 513 505
f 513 512 505
f 505 512 504
f 512 511 504
f 504 511 503
f 511 510 503
f 529 513 514
f 548 528 529
f 562 547 548
f 529 528 513
f 528 512 513
f 548 547 528
f 547 527 528
f 528 527 512
f 527 511 512
f 562 561 547
f 561 546 547
f 547 546 527
f 546 526 527
f 527 526 511
f 526 510 511
f 526 525 510
f 546 545 526
f 561 560 546
f 526 545 525
f 545 544 525
f 546 560 545
f 560 559 545
f 545 559 544
f 559 558 544
f 561 575 560
f 575 574 560
f 560 574 559
f 574 573 559
f 559 573 558
f 573 572 558
f 590 575 576
f 605 589 590
f 625 604 605
f 590 589 575
f 589 574 575
f 605 604 589
f 604 588 589
f 589 588 574
f 588 573 574
f 625 624 604
f 624 603 604
f 604 603 588
f 603 587 588
f 588 587 573
f 587 572 573
f 587 586 572
f 603 602 587
f 624 623 603
f 587 602 586
f 602 601 586
f 603 623 602
f 623 622 602
f 602 622 601
f 622 621 601
f 624 644 623
f 644 643 623
f 623 643 622
f 643 642 622
f 622 642 621
f 642 641 621
f 664 644 645
f 686 663 664
f 706 685 686
f 664 663 644
f 663 643 644
f 686 685 663
f 685 662 663
f 663 662 643
f 662 642 643
f 706 705 685
f 705 684 685
f 685 684 662
f 684 661 662
f 662 661 642
f 661 641 642
f 661 660 641
f 684 683 661
f 705 704 684
f 661 683 660
f 683 682 660
f 684 704 683
f 704 703 683
f 683 703 682
f 703 702 682
f 705 725 704
f 725 724 704
f 704 724 703
f 724 723 703
f 703 723 702
f 723 722 702
f 736 725 726
f 749 735 736
f 765 748 749
f 736 735 725
f 735 724 725
f 749 748 735
f 748 734 735
f 735 734 724
f 734 723 724
f 765 764 748
f 764 747 748
f 748 747 734
f 747 733 734
f 734 733 723
f 733 722 723
f 733 732 722
f 747 746 733
f 764 763 747
f 733 746 732
f 746 745 732
f 747 763 746
f 763 762 746
f 746 762 745
f 762 761 745
f 764 777 763
f 777 776 763
f 763 776 762
f 776 775 762
f 762 775 761
f 775 774 761
f 792 777 778
f 802 791 792
f 807 801 802
f 792 791 777
f 791 776 777
f 802 801 791
f 801 790 791
f 791 790 776
f 790 775 776
f 807 806 801
f 806 800 801
f 801 800 790
f 800 789 790
f 790 789 775
f 789 774 775
f 789 788 774
f 800 799 789
f 806 805 800
f 789 799 788
f 799 798 788
f 800 805 799
f 805 804 799
f 799 804 798
f 804 803 798
f 806 825 805
f 825 824 805
f 805 824 804
f 824 823 804
f 804 823 803
f 823 822 803
f 839 825 826
f 852 838 839
f 860 851 852
f 839 838 825
f 838 824 825
f 852 851 838
f 851 837 838
f 838 837 824
f 837 823 824
f 860 859 851
f 859 850 851
f 851 850 837
f 850 836 837
f 837 836 823
f 836 822 823
f 836 835 822
f 850 849 836
f 859 858 850
f 836 849 835
f 849 848 835
f 850 858 849
f 858 857 849
f 849 857 848
f 857 856 848
f 859 869 858
f 869 868 858
f 858 868 857
f 868 867 857
f 857 867 856
f 867 866 856
f 882 869 870
f 887 881 882
f 898 886 887
f 882 881 869
f 881 868 869
f 887 886 881
f 886 880 881
f 881 880 868
f 880 867 868
f 898 897 886
f 897 885 886
f 886 885 880
f 885 879 880
f 880 879 867
f 879 866 867
f 879 878 866
f 885 884 879
f 897 896 885
f 879 884 878
f 884 883 878
f 885 896 884
f 896 895 884
f 884 895 883
f 895 894 883
f 897 904 896
f 904 903 896
f 896 903 895
f 903 902 895
f 895 902 894
f 902 901 894
f 917 904 905
f 934 916 917
f 946 933 934
f 917 916 904
f 916 903 904
f 934 933 916
f 933 915 916
f 916 915 903
f 915 902 903
f 946 945 933
f 945 932 933
f 933 932 915
f 932 914 915
f 915 914 902
f 914 901 902
f 914 913 901
f 932 931 914
f 945 944 932
f 914 931 913
f 931 930 913
f 932 944 931
f 944 943 931
f 931 943 930
f 943 942 930
f 945 957 944
f 957 956 944
f 944 956 943
f 956 955 943
f 943 955 942
f 955 954 942
f 964 957 958
f 979 963 964
f 990 978 979
f 964 963 957
f 963 956 957
f 979 978 963
f 978 962 963
f 963 962 956
f 962 955 956
f 990 989 978
f 989 977 978
f 978 977 962
f 977 961 962
f 962 961 955
f 961 954 955
f 961 960 954
f 977 976 961
f 989 988 977
f 961 976 960
f 976 975 960
f 977 988 976
f 988 987 976
f 976 987 975
f 987 986 975
f 989 1001 988
f 1001 1000 988
f 988 1000 987
f 1000 999 987
f 987 999 986
f 999 998 986
f 1007 1001 1002
f 1018 1006 1007
f 1035 1017 1018
f 1007 1006 1001
f 1006 1000 1001
f 1018 1017 1006
f 1017 1005 1006
f 1006 1005 1000
f 1005 999 1000
f 1035 1034 1017
f 1034 1016 1017
f 1017 1016 1005
f 1016 1004 1005
f 1005 1004 999
f 1004 998 999
f 1004 1003 998
f 1016 1015 1004
f 1034 1033 1016
f 1004 1015 1003
f 1015 1014 1003
f 1016 1033 1015
f 1033 1032 1015
f 1015 1032 1014
f 1032 1031 1014
f 1034 1047 1033
f 1047 1046 1033
f 1033 1046 1032
f 1046 1045 1032
f 1032 1045 1031
f 1045 1044 1031
f 1059 1047 1048
f 1065 1058 1059
f 1077 1064 1065
f 1059 1058 1047
f 1058 1046 1047
f 1065 1064 1058
f 1064 1057 1058
f 1058 1057 1046
f 1057 1045 1046
f 1077 1076 1064
f 1076 1063 1064
f 1064 1063 1057
f 1063 1056 1057
f 1057 1056 1045
f 1056 1044 1045
f 1056 1055 1044
f 1063 1062 1056
f 1076 1075 1063
f 1056 1062 1055
f 1062 1061 1055
f 1063 1075 1062
f 1075 1074 1062
f 1062 1074 1061
f 1074 1073 1061
f 1076 1089 1075
f 1089 1088 1075
f 1075 1088 1074
f 1088 1087 1074
f 1074 1087 1073
f 1087 1086 1073
f 1106 1089 1090
f 1117 1105 1106
f 1127 1116 1117
f 1106 1105 1089
f 1105 1088 1089
f 1117 1116 1105
f 1116 1104 1105
f 1105 1104 1088
f 1104 1087 1088
f 1127 1126 1116
f 1126 1115 1116
f 1116 1115 1104
f 1115 1103 1104
f 1104 1103 1087
f 1103 1086 1087
f 1103 1102 1086
f 1115 1114 1103
f 1126 1125 1115
f 1103 1114 1102
f 1114 1113 1102
f 1115 1125 1114
f 1125 1124 1114
f 1114 1124 1113
f 1124 1123 1113
f 1126 1136 1125
f 1136 1135 1125
f 1125 1135 1124
f 1135 1134 1124
f 1124 1134 1123
f 1134 1133 1123
f 1153 1136 1137
f 1171 1152 1153
f 1193 1170 1171
f 1153 1152 1136
f 1152 1135 1136
f 1171 1170 1152
f 1170 1151 1152
f 1152 1151 1135
f 1151 1134 1135
f 1193 1192 1170
f 1192 1169 1170
f 1170 1169 1151
f 1169 1150 1151
f 1151 1150 1134
f 1150 1133 1134
f 1213 1192 1214
f 1212 1191 1213
f 1211 1190 1212
f 1213 1191 1192
f 1191 1169 1192
f 1212 1190 1191
f 1190 1168 1191
f 1191 1168 1169
f 1168 1150 1169
f 1211 1189 1190
f 1189 1167 1190
f 1190 1167 1168
f 1167 1149 1168
f 1168 1149 1150
f 1149 1133 1150
f 180 144 145
f 204 179 180
f 229 203 204
f 180 179 144
f 179 143 144
f 204 203 179
f 203 178 179
f 179 178 143
f 178 142 143
f 229 228 203
f 228 202 203
f 203 202 178
f 202 177 178
f 178 177 142
f 177 141 142
f 272 228 273
f 271 227 272
f 270 226 271
f 272 227 228
f 227 202 228
f 271 226 227
f 226 201 227
f 227 201 202
f 201 177 202
f 270 225 226
f 225 200 226
f 226 200 201
f 200 176 201
f 201 176 177
f 176 141 177
f 160 164 165
f 155 159 160
f 150 154 155
f 160 159 164
f 159 163 164
f 155 154 159
f 154 158 159
f 159 158 163
f 158 162 163
f 150 149 154
f 149 153 154
f 154 153 158
f 153 157 158
f 158 157 162
f 157 161 162
f 144 149 145
f 143 148 144
f 142 147 143
f 144 148 149
f 148 153 149
f 143 147 148
f 147 152 148
f 148 152 153
f 152 157 153
f 142 146 147
f 146 151 147
f 147 151 152
f 151 156 152
f 152 156 157
f 156 161 157
