# coca_cola, generated by prepare_objects.py
# Vertices: 1020  Faces: 1184
mtllib coca_cola_centered.mtl
v 0.000000 0.000000 0.005801
v 0.000000 0.000000 0.005801
v 0.000000 0.000000 0.005801
v 0.000000 0.000000 0.005801
v 0.000000 0.000000 0.005801
v 0.000000 0.000000 0.005801
v 0.000000 0.000000 0.005801
v 0.000000 0.000000 0.005801
v 0.000000 0.000000 0.005801
v 0.000000 0.000000 0.005801
v 0.000000 0.000000 0.005801
v 0.000000 0.000000 0.005801
v 0.000000 0.000000 0.005801
v 0.000000 0.000000 0.005801
v 0.000000 0.000000 0.005801
v 0.000000 0.000000 0.005801
v 0.000000 0.000000 0.005801
v 0.000000 0.000000 0.005801
v 0.000000 0.000000 0.005801
v 0.000000 0.000000 0.214517
v 0.029844 0.000000 0.002197
v 0.029844 0.000000 0.002197
v 0.029844 0.000000 0.002197
v 0.029844 0.000000 0.002197
v 0.033221 0.000000 0.095703
v 0.013884 0.000000 0.189209
v 0.027573 0.011421 0.002197
v 0.027573 0.011421 0.002197
v 0.027573 0.011421 0.002197
v 0.027573 0.011421 0.002197
v 0.030692 0.012713 0.095703
v 0.012827 0.005313 0.189209
v 0.021103 0.021103 0.002197
v 0.021103 0.021103 0.002197
v 0.021103 0.021103 0.002197
v 0.021103 0.021103 0.002197
v 0.021103 0.021103 0.002197
v 0.023491 0.023491 0.095703
v 0.023491 0.023491 0.095703
v 0.009818 0.009818 0.189209
v 0.009818 0.009818 0.189209
v 0.011421 0.027573 0.002197
v 0.011421 0.027573 0.002197
v 0.011421 0.027573 0.002197
v 0.011421 0.027573 0.002197
v 0.012713 0.030692 0.095703
v 0.005313 0.012827 0.189209
v 0.000000 0.029844 0.002197
v 0.000000 0.029844 0.002197
v 0.000000 0.029844 0.002197
v 0.000000 0.029844 0.002197
v 0.000000 0.033221 0.095703
v 0.000000 0.013884 0.189209
v -0.011421 0.027573 0.002197
v -0.011421 0.027573 0.002197
v -0.011421 0.027573 0.002197
v -0.011421 0.027573 0.002197
v -0.012713 0.030692 0.095703
v -0.005313 0.012827 0.189209
v -0.021103 0.021103 0.002197
v -0.021103 0.021103 0.002197
v -0.021103 0.021103 0.002197
v -0.021103 0.021103 0.002197
v -0.021103 0.021103 0.002197
v -0.023491 0.023491 0.095703
v -0.023491 0.023491 0.095703
v -0.009818 0.009818 0.189209
v -0.009818 0.009818 0.189209
v -0.027573 0.011421 0.002197
v -0.027573 0.011421 0.002197
v -0.027573 0.011421 0.002197
v -0.027573 0.011421 0.002197
v -0.030692 0.012713 0.095703
v -0.012827 0.005313 0.189209
v -0.029844 0.000000 0.002197
v -0.029844 0.000000 0.002197
v -0.029844 0.000000 0.002197
v -0.029844 0.000000 0.002197
v -0.033221 0.000000 0.095703
v -0.013884 0.000000 0.189209
v -0.027573 -0.011421 0.002197
v -0.027573 -0.011421 0.002197
v -0.027573 -0.011421 0.002197
v -0.027573 -0.011421 0.002197
v -0.030692 -0.012713 0.095703
v -0.012827 -0.005313 0.189209
v -0.021103 -0.021103 0.002197
v -0.021103 -0.021103 0.002197
v -0.021103 -0.021103 0.002197
v -0.021103 -0.021103 0.002197
v -0.021103 -0.021103 0.002197
v -0.023491 -0.023491 0.095703
v -0.023491 -0.023491 0.095703
v -0.009818 -0.009818 0.189209
v -0.009818 -0.009818 0.189209
v -0.011421 -0.027573 0.002197
v -0.011421 -0.027573 0.002197
v -0.011421 -0.027573 0.002197
v -0.011421 -0.027573 0.002197
v -0.012713 -0.030692 0.095703
v -0.005313 -0.012827 0.189209
v -0.000000 -0.029844 0.002197
v -0.000000 -0.029844 0.002197
v -0.000000 -0.029844 0.002197
v -0.000000 -0.029844 0.002197
v -0.000000 -0.033221 0.095703
v -0.000000 -0.013884 0.189209
v 0.011421 -0.027573 0.002197
v 0.011421 -0.027573 0.002197
v 0.011421 -0.027573 0.002197
v 0.011421 -0.027573 0.002197
v 0.012713 -0.030692 0.095703
v 0.005313 -0.012827 0.189209
v 0.021103 -0.021103 0.002197
v 0.021103 -0.021103 0.002197
v 0.021103 -0.021103 0.002197
v 0.021103 -0.021103 0.002197
v 0.021103 -0.021103 0.002197
v 0.023491 -0.023491 0.095703
v 0.023491 -0.023491 0.095703
v 0.009818 -0.009818 0.189209
v 0.009818 -0.009818 0.189209
v 0.027573 -0.011421 0.002197
v 0.027573 -0.011421 0.002197
v 0.027573 -0.011421 0.002197
v 0.027573 -0.011421 0.002197
v 0.030692 -0.012713 0.095703
v 0.012827 -0.005313 0.189209
v -0.022866 -0.022866 0.015191
v -0.022866 -0.022866 0.015191
v -0.029875 -0.012375 0.015191
v -0.032337 0.000000 0.015191
v -0.029875 0.012375 0.015191
v -0.022866 0.022866 0.015191
v -0.022866 0.022866 0.015191
v -0.012375 0.029875 0.015191
v 0.000000 0.032337 0.015191
v 0.012375 0.029875 0.015191
v 0.022866 0.022866 0.015191
v 0.022866 0.022866 0.015191
v 0.029875 0.012375 0.015191
v 0.032337 0.000000 0.015191
v 0.029875 -0.012375 0.015191
v 0.022866 -0.022866 0.015191
v 0.022866 -0.022866 0.015191
v 0.012375 -0.029875 0.015191
v -0.000000 -0.032337 0.015191
v -0.012375 -0.029875 0.015191
v 0.025983 0.000000 0.002197
v 0.025983 0.000000 0.002197
v 0.025983 0.000000 0.002197
v 0.024005 0.009943 0.002197
v 0.024005 0.009943 0.002197
v 0.024005 0.009943 0.002197
v 0.018372 0.018372 0.002197
v 0.018372 0.018372 0.002197
v 0.018372 0.018372 0.002197
v 0.009943 0.024005 0.002197
v 0.009943 0.024005 0.002197
v 0.009943 0.024005 0.002197
v 0.000000 0.025983 0.002197
v 0.000000 0.025983 0.002197
v 0.000000 0.025983 0.002197
v -0.009943 0.024005 0.002197
v -0.009943 0.024005 0.002197
v -0.009943 0.024005 0.002197
v -0.018372 0.018372 0.002197
v -0.018372 0.018372 0.002197
v -0.018372 0.018372 0.002197
v -0.024005 0.009943 0.002197
v -0.024005 0.009943 0.002197
v -0.024005 0.009943 0.002197
v -0.025983 0.000000 0.002197
v -0.025983 0.000000 0.002197
v -0.025983 0.000000 0.002197
v -0.024005 -0.009943 0.002197
v -0.024005 -0.009943 0.002197
v -0.024005 -0.009943 0.002197
v -0.018372 -0.018372 0.002197
v -0.018372 -0.018372 0.002197
v -0.018372 -0.018372 0.002197
v -0.009943 -0.024005 0.002197
v -0.009943 -0.024005 0.002197
v -0.009943 -0.024005 0.002197
v -0.000000 -0.025983 0.002197
v -0.000000 -0.025983 0.002197
v -0.000000 -0.025983 0.002197
v 0.009943 -0.024005 0.002197
v 0.009943 -0.024005 0.002197
v 0.009943 -0.024005 0.002197
v 0.018372 -0.018372 0.002197
v 0.018372 -0.018372 0.002197
v 0.018372 -0.018372 0.002197
v 0.024005 -0.009943 0.002197
v 0.024005 -0.009943 0.002197
v 0.024005 -0.009943 0.002197
v 0.021505 0.000000 0.005801
v 0.021505 0.000000 0.005801
v 0.021505 0.000000 0.005801
v 0.019868 0.008230 0.005801
v 0.019868 0.008230 0.005801
v 0.019868 0.008230 0.005801
v 0.015207 0.015207 0.005801
v 0.015207 0.015207 0.005801
v 0.015207 0.015207 0.005801
v 0.008230 0.019868 0.005801
v 0.008230 0.019868 0.005801
v 0.008230 0.019868 0.005801
v 0.000000 0.021505 0.005801
v 0.000000 0.021505 0.005801
v 0.000000 0.021505 0.005801
v -0.008230 0.019868 0.005801
v -0.008230 0.019868 0.005801
v -0.008230 0.019868 0.005801
v -0.015207 0.015207 0.005801
v -0.015207 0.015207 0.005801
v -0.015207 0.015207 0.005801
v -0.019868 0.008230 0.005801
v -0.019868 0.008230 0.005801
v -0.019868 0.008230 0.005801
v -0.021505 0.000000 0.005801
v -0.021505 0.000000 0.005801
v -0.021505 0.000000 0.005801
v -0.019868 -0.008230 0.005801
v -0.019868 -0.008230 0.005801
v -0.019868 -0.008230 0.005801
v -0.015207 -0.015207 0.005801
v -0.015207 -0.015207 0.005801
v -0.015207 -0.015207 0.005801
v -0.008230 -0.019868 0.005801
v -0.008230 -0.019868 0.005801
v -0.008230 -0.019868 0.005801
v -0.000000 -0.021505 0.005801
v -0.000000 -0.021505 0.005801
v -0.000000 -0.021505 0.005801
v 0.008230 -0.019868 0.005801
v 0.008230 -0.019868 0.005801
v 0.008230 -0.019868 0.005801
v 0.015207 -0.015207 0.005801
v 0.015207 -0.015207 0.005801
v 0.015207 -0.015207 0.005801
v 0.019868 -0.008230 0.005801
v 0.019868 -0.008230 0.005801
v 0.019868 -0.008230 0.005801
v 0.007677 0.005129 0.003604
v 0.007677 0.005129 0.003604
v 0.007677 0.005129 0.003604
v 0.015787 0.013392 0.003700
v 0.015787 0.013392 0.003700
v 0.001801 0.009055 0.003604
v 0.001801 0.009055 0.003604
v 0.001801 0.009055 0.003604
v 0.001693 0.020633 0.003700
v 0.001693 0.020633 0.003700
v -0.010935 0.022069 0.000783
v -0.010935 0.022069 0.000783
v -0.011984 0.024325 0.000689
v -0.017888 0.020381 0.000689
v -0.023338 0.007873 0.000783
v -0.023338 0.007873 0.000783
v -0.025675 0.008727 0.000689
v -0.027060 0.001763 0.000689
v 0.022069 0.010935 0.000783
v 0.022069 0.010935 0.000783
v 0.024325 0.011984 0.000689
v 0.020381 0.017888 0.000689
v -0.005129 0.007677 0.003604
v -0.005129 0.007677 0.003604
v -0.005129 0.007677 0.003604
v -0.013392 0.015787 0.003700
v -0.013392 0.015787 0.003700
v 0.007873 0.023338 0.000783
v 0.007873 0.023338 0.000783
v 0.008727 0.025675 0.000689
v 0.001763 0.027060 0.000689
v 0.023338 -0.007873 0.000783
v 0.023338 -0.007873 0.000783
v 0.025675 -0.008727 0.000689
v 0.027060 -0.001763 0.000689
v -0.022069 -0.010935 0.000783
v -0.022069 -0.010935 0.000783
v -0.024325 -0.011984 0.000689
v -0.020381 -0.017888 0.000689
v -0.009055 0.001801 0.003604
v -0.009055 0.001801 0.003604
v -0.009055 0.001801 0.003604
v -0.020633 0.001693 0.003700
v -0.020633 0.001693 0.003700
v -0.007873 -0.023338 0.000783
v -0.007873 -0.023338 0.000783
v -0.008727 -0.025675 0.000689
v -0.001763 -0.027060 0.000689
v -0.007677 -0.005129 0.003604
v -0.007677 -0.005129 0.003604
v -0.007677 -0.005129 0.003604
v -0.015787 -0.013392 0.003700
v -0.015787 -0.013392 0.003700
v -0.001801 -0.009055 0.003604
v -0.001801 -0.009055 0.003604
v -0.001801 -0.009055 0.003604
v -0.001693 -0.020633 0.003700
v -0.001693 -0.020633 0.003700
v 0.005129 -0.007677 0.003604
v 0.005129 -0.007677 0.003604
v 0.005129 -0.007677 0.003604
v 0.013392 -0.015787 0.003700
v 0.013392 -0.015787 0.003700
v 0.009055 -0.001801 0.003604
v 0.009055 -0.001801 0.003604
v 0.009055 -0.001801 0.003604
v 0.020633 -0.001693 0.003700
v 0.020633 -0.001693 0.003700
v 0.010935 -0.022069 0.000783
v 0.010935 -0.022069 0.000783
v 0.011984 -0.024325 0.000689
v 0.017888 -0.020381 0.000689
v 0.019710 -0.006331 0.003700
v 0.019710 -0.006331 0.003700
v 0.024574 -0.001657 0.000783
v 0.024574 -0.001657 0.000783
v 0.018414 0.009460 0.003700
v 0.018414 0.009460 0.003700
v 0.018548 0.016205 0.000783
v 0.018548 0.016205 0.000783
v 0.006331 0.019710 0.003700
v 0.006331 0.019710 0.003700
v 0.001657 0.024574 0.000783
v 0.001657 0.024574 0.000783
v -0.009460 0.018414 0.003700
v -0.009460 0.018414 0.003700
v -0.016205 0.018548 0.000783
v -0.016205 0.018548 0.000783
v -0.019710 0.006331 0.003700
v -0.019710 0.006331 0.003700
v -0.024574 0.001657 0.000783
v -0.024574 0.001657 0.000783
v -0.018414 -0.009460 0.003700
v -0.018414 -0.009460 0.003700
v -0.018548 -0.016205 0.000783
v -0.018548 -0.016205 0.000783
v -0.006331 -0.019710 0.003700
v -0.006331 -0.019710 0.003700
v -0.001657 -0.024574 0.000783
v -0.001657 -0.024574 0.000783
v 0.009460 -0.018414 0.003700
v 0.009460 -0.018414 0.003700
v 0.016205 -0.018548 0.000783
v 0.016205 -0.018548 0.000783
v -0.029523 0.000000 0.071416
v -0.027275 -0.011298 0.071416
v -0.020876 -0.020876 0.071416
v -0.020876 -0.020876 0.071416
v -0.011298 -0.027275 0.071416
v -0.000000 -0.029523 0.071416
v 0.011298 -0.027275 0.071416
v 0.020876 -0.020876 0.071416
v 0.020876 -0.020876 0.071416
v 0.027275 -0.011298 0.071416
v 0.029523 0.000000 0.071416
v 0.027275 0.011298 0.071416
v 0.020876 0.020876 0.071416
v 0.020876 0.020876 0.071416
v 0.011298 0.027275 0.071416
v 0.000000 0.029523 0.071416
v -0.011298 0.027275 0.071416
v -0.020876 0.020876 0.071416
v -0.020876 0.020876 0.071416
v -0.027275 0.011298 0.071416
v 0.023169 0.023169 0.042031
v 0.023169 0.023169 0.042031
v 0.012539 0.030272 0.042031
v 0.000000 0.032767 0.042031
v -0.012539 0.030272 0.042031
v -0.023169 0.023169 0.042031
v -0.023169 0.023169 0.042031
v -0.030272 0.012539 0.042031
v -0.032767 0.000000 0.042031
v -0.030272 -0.012539 0.042031
v -0.023169 -0.023169 0.042031
v -0.023169 -0.023169 0.042031
v -0.012539 -0.030272 0.042031
v -0.000000 -0.032767 0.042031
v 0.012539 -0.030272 0.042031
v 0.023169 -0.023169 0.042031
v 0.023169 -0.023169 0.042031
v 0.030272 -0.012539 0.042031
v 0.032767 0.000000 0.042031
v 0.030272 0.012539 0.042031
v 0.013394 -0.032336 0.106041
v 0.024749 -0.024749 0.106041
v 0.024749 -0.024749 0.106041
v 0.032336 -0.013394 0.106041
v 0.035000 0.000000 0.106041
v 0.032336 0.013394 0.106041
v 0.024749 0.024749 0.106041
v 0.024749 0.024749 0.106041
v 0.013394 0.032336 0.106041
v 0.000000 0.035000 0.106041
v -0.013394 0.032336 0.106041
v -0.024749 0.024749 0.106041
v -0.024749 0.024749 0.106041
v -0.032336 0.013394 0.106041
v -0.035000 0.000000 0.106041
v -0.032336 -0.013394 0.106041
v -0.024749 -0.024749 0.106041
v -0.024749 -0.024749 0.106041
v -0.013394 -0.032336 0.106041
v -0.000000 -0.035000 0.106041
v -0.012216 -0.029493 0.156540
v -0.000000 -0.031923 0.156540
v 0.012216 -0.029493 0.156540
v 0.022573 -0.022573 0.156540
v 0.022573 -0.022573 0.156540
v 0.029493 -0.012216 0.156540
v 0.031923 0.000000 0.156540
v 0.029493 0.012216 0.156540
v 0.022573 0.022573 0.156540
v 0.022573 0.022573 0.156540
v 0.012216 0.029493 0.156540
v 0.000000 0.031923 0.156540
v -0.012216 0.029493 0.156540
v -0.022573 0.022573 0.156540
v -0.022573 0.022573 0.156540
v -0.029493 0.012216 0.156540
v -0.031923 0.000000 0.156540
v -0.029493 -0.012216 0.156540
v -0.022573 -0.022573 0.156540
v -0.022573 -0.022573 0.156540
v 0.011980 0.000000 0.197499
v 0.011068 0.004584 0.197499
v 0.008471 0.008471 0.197499
v 0.008471 0.008471 0.197499
v 0.004584 0.011068 0.197499
v 0.000000 0.011980 0.197499
v -0.004584 0.011068 0.197499
v -0.008471 0.008471 0.197499
v -0.008471 0.008471 0.197499
v -0.011068 0.004584 0.197499
v -0.011980 0.000000 0.197499
v -0.011068 -0.004584 0.197499
v -0.008471 -0.008471 0.197499
v -0.008471 -0.008471 0.197499
v -0.004584 -0.011068 0.197499
v 0.000000 -0.011980 0.197499
v 0.004584 -0.011068 0.197499
v 0.008471 -0.008471 0.197499
v 0.008471 -0.008471 0.197499
v 0.011068 -0.004584 0.197499
v 0.011980 0.000000 0.202376
v 0.011068 0.004584 0.202376
v 0.008471 0.008471 0.202376
v 0.008471 0.008471 0.202376
v 0.004584 0.011068 0.202376
v -0.000000 0.011980 0.202376
v -0.004584 0.011068 0.202376
v -0.008471 0.008471 0.202376
v -0.008471 0.008471 0.202376
v -0.011068 0.004584 0.202376
v -0.011980 0.000000 0.202376
v -0.011068 -0.004584 0.202376
v -0.008471 -0.008471 0.202376
v -0.008471 -0.008471 0.202376
v -0.004584 -0.011068 0.202376
v 0.000000 -0.011980 0.202376
v 0.004584 -0.011068 0.202376
v 0.008471 -0.008471 0.202376
v 0.008471 -0.008471 0.202376
v 0.011068 -0.004584 0.202376
v 0.012623 0.000000 0.203752
v 0.011662 0.004831 0.203752
v 0.008926 0.008926 0.203752
v 0.008926 0.008926 0.203752
v 0.004831 0.011662 0.203752
v -0.000000 0.012623 0.203752
v -0.004831 0.011662 0.203752
v -0.008926 0.008926 0.203752
v -0.008926 0.008926 0.203752
v -0.011662 0.004831 0.203752
v -0.012623 0.000000 0.203752
v -0.011662 -0.004831 0.203752
v -0.008926 -0.008926 0.203752
v -0.008926 -0.008926 0.203752
v -0.004831 -0.011662 0.203752
v 0.000000 -0.012623 0.203752
v 0.004831 -0.011662 0.203752
v 0.008926 -0.008926 0.203752
v 0.008926 -0.008926 0.203752
v 0.011662 -0.004831 0.203752
v 0.012406 0.000000 0.204602
v 0.012406 0.000000 0.204602
v 0.011462 0.004748 0.204602
v 0.011462 0.004748 0.204602
v 0.008772 0.008772 0.204602
v 0.008772 0.008772 0.204602
v 0.008772 0.008772 0.204602
v 0.004748 0.011462 0.204602
v 0.004748 0.011462 0.204602
v -0.000000 0.012406 0.204602
v -0.000000 0.012406 0.204602
v -0.004748 0.011462 0.204602
v -0.004748 0.011462 0.204602
v -0.008772 0.008772 0.204602
v -0.008772 0.008772 0.204602
v -0.008772 0.008772 0.204602
v -0.011462 0.004748 0.204602
v -0.011462 0.004748 0.204602
v -0.012406 -0.000000 0.204602
v -0.012406 -0.000000 0.204602
v -0.011462 -0.004748 0.204602
v -0.011462 -0.004748 0.204602
v -0.008772 -0.008772 0.204602
v -0.008772 -0.008772 0.204602
v -0.008772 -0.008772 0.204602
v -0.004748 -0.011462 0.204602
v -0.004748 -0.011462 0.204602
v 0.000000 -0.012406 0.204602
v 0.000000 -0.012406 0.204602
v 0.004748 -0.011462 0.204602
v 0.004748 -0.011462 0.204602
v 0.008772 -0.008772 0.204602
v 0.008772 -0.008772 0.204602
v 0.008772 -0.008772 0.204602
v 0.011462 -0.004748 0.204602
v 0.011462 -0.004748 0.204602
v 0.011443 0.000000 0.204602
v 0.011443 0.000000 0.204602
v 0.010572 0.004379 0.204602
v 0.010572 0.004379 0.204602
v 0.008091 0.008091 0.204602
v 0.008091 0.008091 0.204602
v 0.008091 0.008091 0.204602
v 0.004379 0.010572 0.204602
v 0.004379 0.010572 0.204602
v -0.000000 0.011443 0.204602
v -0.000000 0.011443 0.204602
v -0.004379 0.010572 0.204602
v -0.004379 0.010572 0.204602
v -0.008091 0.008091 0.204602
v -0.008091 0.008091 0.204602
v -0.008091 0.008091 0.204602
v -0.010572 0.004379 0.204602
v -0.010572 0.004379 0.204602
v -0.011443 -0.000000 0.204602
v -0.011443 -0.000000 0.204602
v -0.010572 -0.004379 0.204602
v -0.010572 -0.004379 0.204602
v -0.008091 -0.008091 0.204602
v -0.008091 -0.008091 0.204602
v -0.008091 -0.008091 0.204602
v -0.004379 -0.010572 0.204602
v -0.004379 -0.010572 0.204602
v 0.000000 -0.011443 0.204602
v 0.000000 -0.011443 0.204602
v 0.004379 -0.010572 0.204602
v 0.004379 -0.010572 0.204602
v 0.008091 -0.008091 0.204602
v 0.008091 -0.008091 0.204602
v 0.008091 -0.008091 0.204602
v 0.010572 -0.004379 0.204602
v 0.010572 -0.004379 0.204602
v 0.011443 0.000000 0.215000
v 0.011443 0.000000 0.215000
v 0.010572 0.004379 0.215000
v 0.010572 0.004379 0.215000
v 0.008091 0.008091 0.215000
v 0.008091 0.008091 0.215000
v 0.008091 0.008091 0.215000
v 0.004379 0.010572 0.215000
v 0.004379 0.010572 0.215000
v -0.000000 0.011443 0.215000
v -0.000000 0.011443 0.215000
v -0.004379 0.010572 0.215000
v -0.004379 0.010572 0.215000
v -0.008091 0.008091 0.215000
v -0.008091 0.008091 0.215000
v -0.008091 0.008091 0.215000
v -0.010572 0.004379 0.215000
v -0.010572 0.004379 0.215000
v -0.011443 -0.000000 0.215000
v -0.011443 -0.000000 0.215000
v -0.010572 -0.004379 0.215000
v -0.010572 -0.004379 0.215000
v -0.008091 -0.008091 0.215000
v -0.008091 -0.008091 0.215000
v -0.008091 -0.008091 0.215000
v -0.004379 -0.010572 0.215000
v -0.004379 -0.010572 0.215000
v 0.000000 -0.011443 0.215000
v 0.000000 -0.011443 0.215000
v 0.004379 -0.010572 0.215000
v 0.004379 -0.010572 0.215000
v 0.008091 -0.008091 0.215000
v 0.008091 -0.008091 0.215000
v 0.008091 -0.008091 0.215000
v 0.010572 -0.004379 0.215000
v 0.010572 -0.004379 0.215000
v 0.010248 0.000000 0.215000
v 0.010248 0.000000 0.215000
v 0.009468 0.003922 0.215000
v 0.009468 0.003922 0.215000
v 0.007246 0.007246 0.215000
v 0.007246 0.007246 0.215000
v 0.007246 0.007246 0.215000
v 0.003922 0.009468 0.215000
v 0.003922 0.009468 0.215000
v -0.000000 0.010248 0.215000
v -0.000000 0.010248 0.215000
v -0.003922 0.009468 0.215000
v -0.003922 0.009468 0.215000
v -0.007246 0.007246 0.215000
v -0.007246 0.007246 0.215000
v -0.007246 0.007246 0.215000
v -0.009468 0.003922 0.215000
v -0.009468 0.003922 0.215000
v -0.010248 -0.000000 0.215000
v -0.010248 -0.000000 0.215000
v -0.009468 -0.003922 0.215000
v -0.009468 -0.003922 0.215000
v -0.007246 -0.007246 0.215000
v -0.007246 -0.007246 0.215000
v -0.007246 -0.007246 0.215000
v -0.003922 -0.009468 0.215000
v -0.003922 -0.009468 0.215000
v 0.000000 -0.010248 0.215000
v 0.000000 -0.010248 0.215000
v 0.003922 -0.009468 0.215000
v 0.003922 -0.009468 0.215000
v 0.007246 -0.007246 0.215000
v 0.007246 -0.007246 0.215000
v 0.007246 -0.007246 0.215000
v 0.009468 -0.003922 0.215000
v 0.009468 -0.003922 0.215000
v 0.010248 0.000000 0.214517
v 0.010248 0.000000 0.214517
v 0.009468 0.003922 0.214517
v 0.009468 0.003922 0.214517
v 0.007246 0.007246 0.214517
v 0.007246 0.007246 0.214517
v 0.007246 0.007246 0.214517
v 0.003922 0.009468 0.214517
v 0.003922 0.009468 0.214517
v -0.000000 0.010248 0.214517
v -0.000000 0.010248 0.214517
v -0.003922 0.009468 0.214517
v -0.003922 0.009468 0.214517
v -0.007246 0.007246 0.214517
v -0.007246 0.007246 0.214517
v -0.007246 0.007246 0.214517
v -0.009468 0.003922 0.214517
v -0.009468 0.003922 0.214517
v -0.010248 -0.000000 0.214517
v -0.010248 -0.000000 0.214517
v -0.009468 -0.003922 0.214517
v -0.009468 -0.003922 0.214517
v -0.007246 -0.007246 0.214517
v -0.007246 -0.007246 0.214517
v -0.007246 -0.007246 0.214517
v -0.003922 -0.009468 0.214517
v -0.003922 -0.009468 0.214517
v 0.000000 -0.010248 0.214517
v 0.000000 -0.010248 0.214517
v 0.003922 -0.009468 0.214517
v 0.003922 -0.009468 0.214517
v 0.007246 -0.007246 0.214517
v 0.007246 -0.007246 0.214517
v 0.007246 -0.007246 0.214517
v 0.009468 -0.003922 0.214517
v 0.009468 -0.003922 0.214517
v -0.010572 -0.004379 0.207003
v -0.010572 -0.004379 0.207003
v -0.008091 -0.008091 0.207003
v -0.008091 -0.008091 0.207003
v -0.008091 -0.008091 0.207003
v -0.004379 -0.010572 0.207003
v -0.004379 -0.010572 0.207003
v 0.000000 -0.011443 0.207003
v 0.000000 -0.011443 0.207003
v 0.004379 -0.010572 0.207003
v 0.004379 -0.010572 0.207003
v 0.008091 -0.008091 0.207003
v 0.008091 -0.008091 0.207003
v 0.008091 -0.008091 0.207003
v 0.010572 -0.004379 0.207003
v 0.010572 -0.004379 0.207003
v 0.011443 0.000000 0.207003
v 0.011443 0.000000 0.207003
v 0.010572 0.004379 0.207003
v 0.010572 0.004379 0.207003
v 0.008091 0.008091 0.207003
v 0.008091 0.008091 0.207003
v 0.008091 0.008091 0.207003
v 0.004379 0.010572 0.207003
v 0.004379 0.010572 0.207003
v -0.000000 0.011443 0.207003
v -0.000000 0.011443 0.207003
v -0.004379 0.010572 0.207003
v -0.004379 0.010572 0.207003
v -0.008091 0.008091 0.207003
v -0.008091 0.008091 0.207003
v -0.008091 0.008091 0.207003
v -0.010572 0.004379 0.207003
v -0.010572 0.004379 0.207003
v -0.011443 -0.000000 0.207003
v -0.011443 -0.000000 0.207003
v -0.008091 -0.008091 0.207504
v -0.008091 -0.008091 0.207504
v -0.008091 -0.008091 0.207504
v -0.004379 -0.010572 0.207504
v -0.004379 -0.010572 0.207504
v 0.000000 -0.011443 0.207504
v 0.000000 -0.011443 0.207504
v 0.004379 -0.010572 0.207504
v 0.004379 -0.010572 0.207504
v 0.008091 -0.008091 0.207504
v 0.008091 -0.008091 0.207504
v 0.008091 -0.008091 0.207504
v 0.010572 -0.004379 0.207504
v 0.010572 -0.004379 0.207504
v 0.011443 0.000000 0.207504
v 0.011443 0.000000 0.207504
v 0.010572 0.004379 0.207504
v 0.010572 0.004379 0.207504
v 0.008091 0.008091 0.207504
v 0.008091 0.008091 0.207504
v 0.008091 0.008091 0.207504
v 0.004379 0.010572 0.207504
v 0.004379 0.010572 0.207504
v -0.000000 0.011443 0.207504
v -0.000000 0.011443 0.207504
v -0.004379 0.010572 0.207504
v -0.004379 0.010572 0.207504
v -0.008091 0.008091 0.207504
v -0.008091 0.008091 0.207504
v -0.008091 0.008091 0.207504
v -0.010572 0.004379 0.207504
v -0.010572 0.004379 0.207504
v -0.011443 -0.000000 0.207504
v -0.011443 -0.000000 0.207504
v -0.010572 -0.004379 0.207504
v -0.010572 -0.004379 0.207504
v -0.010226 -0.004236 0.207003
v -0.010226 -0.004236 0.207003
v -0.007827 -0.007827 0.207003
v -0.007827 -0.007827 0.207003
v -0.007827 -0.007827 0.207003
v -0.004236 -0.010226 0.207003
v -0.004236 -0.010226 0.207003
v 0.000000 -0.011068 0.207003
v 0.000000 -0.011068 0.207003
v 0.004236 -0.010226 0.207003
v 0.004236 -0.010226 0.207003
v 0.007827 -0.007827 0.207003
v 0.007827 -0.007827 0.207003
v 0.007827 -0.007827 0.207003
v 0.010226 -0.004236 0.207003
v 0.010226 -0.004236 0.207003
v 0.011068 0.000000 0.207003
v 0.011068 0.000000 0.207003
v 0.010226 0.004236 0.207003
v 0.010226 0.004236 0.207003
v 0.007827 0.007827 0.207003
v 0.007827 0.007827 0.207003
v 0.007827 0.007827 0.207003
v 0.004236 0.010226 0.207003
v 0.004236 0.010226 0.207003
v -0.000000 0.011068 0.207003
v -0.000000 0.011068 0.207003
v -0.004236 0.010226 0.207003
v -0.004236 0.010226 0.207003
v -0.007827 0.007827 0.207003
v -0.007827 0.007827 0.207003
v -0.007827 0.007827 0.207003
v -0.010226 0.004236 0.207003
v -0.010226 0.004236 0.207003
v -0.011068 -0.000000 0.207003
v -0.011068 -0.000000 0.207003
v -0.007827 -0.007827 0.207504
v -0.007827 -0.007827 0.207504
v -0.007827 -0.007827 0.207504
v -0.004236 -0.010226 0.207504
v -0.004236 -0.010226 0.207504
v 0.000000 -0.011068 0.207504
v 0.000000 -0.011068 0.207504
v 0.004236 -0.010226 0.207504
v 0.004236 -0.010226 0.207504
v 0.007827 -0.007827 0.207504
v 0.007827 -0.007827 0.207504
v 0.007827 -0.007827 0.207504
v 0.010226 -0.004236 0.207504
v 0.010226 -0.004236 0.207504
v 0.011068 0.000000 0.207504
v 0.011068 0.000000 0.207504
v 0.010226 0.004236 0.207504
v 0.010226 0.004236 0.207504
v 0.007827 0.007827 0.207504
v 0.007827 0.007827 0.207504
v 0.007827 0.007827 0.207504
v 0.004236 0.010226 0.207504
v 0.004236 0.010226 0.207504
v -0.000000 0.011068 0.207504
v -0.000000 0.011068 0.207504
v -0.004236 0.010226 0.207504
v -0.004236 0.010226 0.207504
v -0.007827 0.007827 0.207504
v -0.007827 0.007827 0.207504
v -0.007827 0.007827 0.207504
v -0.010226 0.004236 0.207504
v -0.010226 0.004236 0.207504
v -0.011068 -0.000000 0.207504
v -0.011068 -0.000000 0.207504
v -0.010226 -0.004236 0.207504
v -0.010226 -0.004236 0.207504
v 0.011459 -0.004747 0.203065
v 0.012403 0.000000 0.203065
v 0.011459 0.004747 0.203065
v 0.008770 0.008770 0.203065
v 0.008770 0.008770 0.203065
v 0.004747 0.011459 0.203065
v -0.000000 0.012403 0.203065
v -0.004747 0.011459 0.203065
v -0.008770 0.008770 0.203065
v -0.008770 0.008770 0.203065
v -0.011459 0.004747 0.203065
v -0.012403 0.000000 0.203065
v -0.011459 -0.004747 0.203065
v -0.008770 -0.008770 0.203065
v -0.008770 -0.008770 0.203065
v -0.004747 -0.011459 0.203065
v 0.000000 -0.012403 0.203065
v 0.004747 -0.011459 0.203065
v 0.008770 -0.008770 0.203065
v 0.008770 -0.008770 0.203065
v 0.011635 -0.004819 0.204223
v 0.012593 0.000000 0.204223
v 0.011635 0.004819 0.204223
v 0.008905 0.008905 0.204223
v 0.008905 0.008905 0.204223
v 0.004819 0.011635 0.204223
v -0.000000 0.012593 0.204223
v -0.004819 0.011635 0.204223
v -0.008905 0.008905 0.204223
v -0.008905 0.008905 0.204223
v -0.011635 0.004819 0.204223
v -0.012593 0.000000 0.204223
v -0.011635 -0.004819 0.204223
v -0.008905 -0.008905 0.204223
v -0.008905 -0.008905 0.204223
v -0.004819 -0.011635 0.204223
v 0.000000 -0.012593 0.204223
v 0.004819 -0.011635 0.204223
v 0.008905 -0.008905 0.204223
v 0.008905 -0.008905 0.204223
v 0.023703 0.011709 0.000048
v 0.022840 0.015261 0.000000
v 0.019889 0.017418 0.000048
v 0.020752 0.013866 0.000096
v 0.008481 0.025040 0.000048
v 0.005359 0.026942 0.000000
v 0.001747 0.026380 0.000048
v 0.004869 0.024478 0.000096
v -0.011709 0.023703 0.000048
v -0.015261 0.022840 0.000000
v -0.017418 0.019889 0.000048
v -0.013866 0.020752 0.000096
v -0.025040 0.008481 0.000048
v -0.026942 0.005359 0.000000
v -0.026380 0.001747 0.000048
v -0.024478 0.004869 0.000096
v -0.023703 -0.011709 0.000048
v -0.022840 -0.015261 0.000000
v -0.019889 -0.017418 0.000048
v -0.020752 -0.013866 0.000096
v -0.008481 -0.025040 0.000048
v -0.005359 -0.026942 0.000000
v -0.001747 -0.026380 0.000048
v -0.004869 -0.024478 0.000096
v 0.011709 -0.023703 0.000048
v 0.015261 -0.022840 0.000000
v 0.017418 -0.019889 0.000048
v 0.013866 -0.020752 0.000096
v 0.025040 -0.008481 0.000048
v 0.026942 -0.005359 0.000000
v 0.026380 -0.001747 0.000048
v 0.024478 -0.004869 0.000096
v 0.021796 0.014564 0.000048
v 0.005114 0.025710 0.000048
v -0.014564 0.021796 0.000048
v -0.025710 0.005114 0.000048
v -0.021796 -0.014564 0.000048
v -0.005114 -0.025710 0.000048
v 0.014564 -0.021796 0.000048
v 0.025710 -0.005114 0.000048
v 0.031519 0.006270 0.042031
v 0.026721 0.017854 0.042031
v 0.017854 0.026721 0.042031
v 0.006270 0.031519 0.042031
v -0.006270 0.031519 0.042031
v -0.017854 0.026721 0.042031
v -0.026721 0.017854 0.042031
v -0.031519 0.006270 0.042031
v -0.031519 -0.006270 0.042031
v -0.026721 -0.017854 0.042031
v -0.017854 -0.026721 0.042031
v -0.006270 -0.031519 0.042031
v 0.006270 -0.031519 0.042031
v 0.017854 -0.026721 0.042031
v 0.026721 -0.017854 0.042031
v 0.031519 -0.006270 0.042031
v -0.028399 -0.005649 0.071416
v -0.024076 -0.016087 0.071416
v -0.016087 -0.024076 0.071416
v -0.005649 -0.028399 0.071416
v 0.005649 -0.028399 0.071416
v 0.016087 -0.024076 0.071416
v 0.024076 -0.016087 0.071416
v 0.028399 -0.005649 0.071416
v 0.028399 0.005649 0.071416
v 0.024076 0.016087 0.071416
v 0.016087 0.024076 0.071416
v 0.005649 0.028399 0.071416
v -0.005649 0.028399 0.071416
v -0.016087 0.024076 0.071416
v -0.024076 0.016087 0.071416
v -0.028399 0.005649 0.071416
v 0.021268 0.021268 0.058018
v 0.021268 0.021268 0.058018
v 0.011510 0.027788 0.058018
v 0.000000 0.030077 0.058018
v -0.011510 0.027788 0.058018
v -0.021268 0.021268 0.058018
v -0.021268 0.021268 0.058018
v -0.027788 0.011510 0.058018
v -0.030077 0.000000 0.058018
v -0.027788 -0.011510 0.058018
v -0.021268 -0.021268 0.058018
v -0.021268 -0.021268 0.058018
v -0.011510 -0.027788 0.058018
v -0.000000 -0.030077 0.058018
v 0.011510 -0.027788 0.058018
v 0.021268 -0.021268 0.058018
v 0.021268 -0.021268 0.058018
v 0.027788 -0.011510 0.058018
v 0.030077 0.000000 0.058018
v 0.027788 0.011510 0.058018
v 0.016389 0.024528 0.058018
v 0.005755 0.028933 0.058018
v -0.005755 0.028933 0.058018
v -0.016389 0.024528 0.058018
v -0.024528 0.016389 0.058018
v -0.028933 0.005755 0.058018
v -0.028933 -0.005755 0.058018
v -0.024528 -0.016389 0.058018
v -0.016389 -0.024528 0.058018
v -0.005755 -0.028933 0.058018
v 0.005755 -0.028933 0.058018
v 0.016389 -0.024528 0.058018
v 0.024528 -0.016389 0.058018
v 0.028933 -0.005755 0.058018
v 0.028933 0.005755 0.058018
v 0.024528 0.016389 0.058018
v -0.023513 -0.023513 0.147672
v -0.023513 -0.023513 0.147672
v -0.030721 -0.012725 0.147672
v -0.033252 0.000000 0.147672
v -0.030721 0.012725 0.147672
v -0.023513 0.023513 0.147672
v -0.023513 0.023513 0.147672
v -0.012725 0.030721 0.147672
v 0.000000 0.033252 0.147672
v 0.012725 0.030721 0.147672
v 0.023513 0.023513 0.147672
v 0.023513 0.023513 0.147672
v 0.030721 0.012725 0.147672
v 0.033252 0.000000 0.147672
v 0.030721 -0.012725 0.147672
v 0.023513 -0.023513 0.147672
v 0.023513 -0.023513 0.147672
v 0.012725 -0.030721 0.147672
v -0.000000 -0.033252 0.147672
v -0.012725 -0.030721 0.147672
v 0.029840 0.000000 0.162028
v 0.027569 -0.011419 0.162028
v 0.021100 -0.021100 0.162028
v 0.021100 -0.021100 0.162028
v 0.011419 -0.027569 0.162028
v -0.000000 -0.029840 0.162028
v -0.011419 -0.027569 0.162028
v -0.021100 -0.021100 0.162028
v -0.021100 -0.021100 0.162028
v -0.027569 -0.011419 0.162028
v -0.029840 0.000000 0.162028
v -0.027569 0.011419 0.162028
v -0.021100 0.021100 0.162028
v -0.021100 0.021100 0.162028
v -0.011419 0.027569 0.162028
v 0.000000 0.029840 0.162028
v 0.011419 0.027569 0.162028
v 0.021100 0.021100 0.162028
v 0.021100 0.021100 0.162028
v 0.027569 0.011419 0.162028
v 0.031824 0.000000 0.009817
v 0.029402 -0.012179 0.009817
v 0.022503 -0.022503 0.009817
v 0.022503 -0.022503 0.009817
v 0.012179 -0.029402 0.009817
v -0.000000 -0.031824 0.009817
v -0.012179 -0.029402 0.009817
v -0.022503 -0.022503 0.009817
v -0.022503 -0.022503 0.009817
v -0.029402 -0.012179 0.009817
v -0.031824 0.000000 0.009817
v -0.029402 0.012179 0.009817
v -0.022503 0.022503 0.009817
v -0.022503 0.022503 0.009817
v -0.012179 0.029402 0.009817
v 0.000000 0.031824 0.009817
v 0.012179 0.029402 0.009817
v 0.022503 0.022503 0.009817
v 0.022503 0.022503 0.009817
v 0.029402 0.012179 0.009817
vt 0.148227 0.136308
vt 0.148227 0.136308
vt 0.148227 0.136308
vt 0.148227 0.136308
vt 0.148227 0.136308
vt 0.148227 0.136308
vt 0.148227 0.136308
vt 0.148227 0.136308
vt 0.148227 0.136308
vt 0.148227 0.136308
vt 0.148227 0.136308
vt 0.148227 0.136308
vt 0.148227 0.136308
vt 0.148227 0.136308
vt 0.148227 0.136308
vt 0.148227 0.136308
vt 0.148227 0.136308
vt 0.148227 0.136308
vt 0.148227 0.136308
vt 0.862957 0.220195
vt 0.287154 0.136308
vt 0.622534 0.281168
vt 0.287154 0.136308
vt 0.287154 0.136308
vt 0.622534 0.609298
vt 0.622534 0.937429
vt 0.276579 0.087418
vt 0.276579 0.087418
vt 0.276579 0.087418
vt 0.675699 0.281168
vt 0.681714 0.609298
vt 0.647267 0.937429
vt 0.026271 0.281168
vt 0.720770 0.281168
vt 0.246464 0.045971
vt 0.246464 0.045971
vt 0.246464 0.045971
vt 0.731884 0.609298
vt 0.015156 0.609298
vt 0.668235 0.937429
vt 0.078806 0.937429
vt 0.071342 0.281168
vt 0.201392 0.018277
vt 0.201392 0.018277
vt 0.201392 0.018277
vt 0.065327 0.609298
vt 0.099774 0.937429
vt 0.124507 0.281168
vt 0.148227 0.008553
vt 0.148227 0.008553
vt 0.148227 0.008553
vt 0.124507 0.609298
vt 0.124507 0.937429
vt 0.177672 0.281168
vt 0.095062 0.018277
vt 0.095062 0.018277
vt 0.095062 0.018277
vt 0.183687 0.609298
vt 0.149240 0.937429
vt 0.049991 0.045971
vt 0.049991 0.045971
vt 0.049991 0.045971
vt 0.773311 0.281168
vt 0.222743 0.281168
vt 0.233857 0.609298
vt 0.762197 0.609298
vt 0.170208 0.937429
vt 0.825846 0.937429
vt 0.818382 0.281168
vt 0.019876 0.087418
vt 0.019876 0.087418
vt 0.019876 0.087418
vt 0.812367 0.609298
vt 0.846814 0.937429
vt 0.009300 0.136308
vt 0.009300 0.136308
vt 0.009300 0.136308
vt 0.871547 0.281168
vt 0.871547 0.609298
vt 0.871547 0.937429
vt 0.019876 0.185197
vt 0.924712 0.281168
vt 0.019876 0.185197
vt 0.019876 0.185197
vt 0.930727 0.609298
vt 0.896281 0.937429
vt 0.049991 0.226644
vt 0.275284 0.281168
vt 0.049991 0.226644
vt 0.969784 0.281168
vt 0.049991 0.226644
vt 0.980898 0.609298
vt 0.264170 0.609298
vt 0.917248 0.937429
vt 0.327819 0.937429
vt 0.320355 0.281168
vt 0.095062 0.254338
vt 0.095062 0.254338
vt 0.095062 0.254338
vt 0.314340 0.609298
vt 0.348787 0.937429
vt 0.148227 0.264063
vt 0.148227 0.264063
vt 0.373520 0.281168
vt 0.148227 0.264063
vt 0.373520 0.609298
vt 0.373520 0.937429
vt 0.201392 0.254338
vt 0.201392 0.254338
vt 0.426685 0.281168
vt 0.201392 0.254338
vt 0.432700 0.609298
vt 0.398254 0.937429
vt 0.246464 0.226644
vt 0.246464 0.226644
vt 0.524298 0.281168
vt 0.471757 0.281168
vt 0.246464 0.226644
vt 0.513183 0.609298
vt 0.482871 0.609298
vt 0.419221 0.937429
vt 0.576833 0.937429
vt 0.276579 0.185197
vt 0.569369 0.281168
vt 0.276579 0.185197
vt 0.276579 0.185197
vt 0.563354 0.609298
vt 0.597801 0.937429
vt 0.267080 0.326767
vt 0.977987 0.326767
vt 0.929152 0.326767
vt 0.871547 0.326767
vt 0.813942 0.326767
vt 0.230947 0.326767
vt 0.765107 0.326767
vt 0.182112 0.326767
vt 0.124507 0.326767
vt 0.066902 0.326767
vt 0.728974 0.326767
vt 0.018067 0.326767
vt 0.680139 0.326767
vt 0.622534 0.326767
vt 0.564929 0.326767
vt 0.516094 0.326767
vt 0.479960 0.326767
vt 0.431125 0.326767
vt 0.373520 0.326767
vt 0.315915 0.326767
vt 0.929261 0.216701
vt 0.269177 0.136308
vt 0.269177 0.136308
vt 0.792297 0.127652
vt 0.259970 0.093744
vt 0.259970 0.093744
vt 0.533788 0.092937
vt 0.233752 0.057661
vt 0.233752 0.057661
vt 0.194513 0.033551
vt 0.194513 0.033551
vt 0.990700 0.251416
vt 0.148227 0.025084
vt 0.148227 0.025084
vt 0.910303 0.111860
vt 0.101942 0.033551
vt 0.101942 0.033551
vt 0.955286 0.251416
vt 0.062703 0.057661
vt 0.062703 0.057661
vt 0.617356 0.092937
vt 0.036484 0.093744
vt 0.989579 0.181986
vt 0.036484 0.093744
vt 0.027278 0.136308
vt 0.953808 0.146575
vt 0.027278 0.136308
vt 0.036484 0.178871
vt 0.036484 0.178871
vt 0.747671 0.127652
vt 0.062703 0.214955
vt 0.062703 0.214955
vt 0.575572 0.092937
vt 0.101942 0.239065
vt 0.989579 0.216701
vt 0.101942 0.239065
vt 0.148227 0.247531
vt 0.929261 0.181986
vt 0.148227 0.247531
vt 0.935207 0.146575
vt 0.194513 0.239065
vt 0.194513 0.239065
vt 0.233752 0.214955
vt 0.953808 0.111860
vt 0.233752 0.214955
vt 0.259970 0.178871
vt 0.259970 0.178871
vt 0.416497 0.128097
vt 0.950103 0.229348
vt 0.248336 0.136308
vt 0.248336 0.136308
vt 0.240715 0.101079
vt 0.773042 0.140299
vt 0.240715 0.101079
vt 0.219015 0.071213
vt 0.219015 0.071213
vt 0.548525 0.105584
vt 0.186537 0.051257
vt 0.186537 0.051257
vt 0.982724 0.264063
vt 0.148227 0.044250
vt 0.148227 0.044250
vt 0.931144 0.124507
vt 0.109918 0.051257
vt 0.109918 0.051257
vt 0.936031 0.264063
vt 0.632093 0.105584
vt 0.077440 0.071213
vt 0.077440 0.071213
vt 0.055739 0.101079
vt 0.981603 0.194632
vt 0.055739 0.101079
vt 0.048119 0.136308
vt 0.048119 0.136308
vt 0.974649 0.159222
vt 0.055739 0.171537
vt 0.728416 0.140299
vt 0.055739 0.171537
vt 0.590309 0.105584
vt 0.077440 0.201403
vt 0.077440 0.201403
vt 0.109918 0.221358
vt 0.109918 0.221358
vt 0.981603 0.229348
vt 0.148227 0.228366
vt 0.950103 0.194632
vt 0.148227 0.228366
vt 0.186537 0.221358
vt 0.186537 0.221358
vt 0.915952 0.159222
vt 0.219015 0.201403
vt 0.968545 0.124507
vt 0.219015 0.201403
vt 0.240715 0.171537
vt 0.408522 0.140743
vt 0.240715 0.171537
vt 0.183963 0.114350
vt 0.183963 0.114350
vt 0.183963 0.114350
vt 0.556971 0.098209
vt 0.221716 0.078980
vt 0.156612 0.097544
vt 0.156612 0.097544
vt 0.156612 0.097544
vt 0.156110 0.047985
vt 0.935207 0.117132
vt 0.946277 0.246453
vt 0.097324 0.041835
vt 0.092441 0.032177
vt 0.064959 0.049064
vt 0.979943 0.177022
vt 0.039589 0.102605
vt 0.028711 0.098951
vt 0.022263 0.128762
vt 0.250961 0.089497
vt 0.783288 0.122689
vt 0.261463 0.085008
vt 0.243100 0.059736
vt 0.124350 0.103446
vt 0.124350 0.103446
vt 0.124350 0.103446
vt 0.085886 0.068729
vt 0.640540 0.098209
vt 0.184877 0.036405
vt 0.981064 0.246453
vt 0.188851 0.026402
vt 0.156433 0.020472
vt 0.256866 0.170010
vt 0.406861 0.123133
vt 0.267744 0.173664
vt 0.274192 0.143854
vt 0.738662 0.122689
vt 0.045493 0.183118
vt 0.034991 0.187608
vt 0.053354 0.212880
vt 0.106074 0.128597
vt 0.106074 0.128597
vt 0.106074 0.128597
vt 0.052182 0.129059
vt 0.978712 0.151847
vt 0.111578 0.236210
vt 0.979943 0.211737
vt 0.107604 0.246213
vt 0.140021 0.252143
vt 0.112492 0.158265
vt 0.112492 0.158265
vt 0.112492 0.158265
vt 0.598755 0.098209
vt 0.074739 0.193635
vt 0.139843 0.175071
vt 0.139843 0.175071
vt 0.139843 0.175071
vt 0.954165 0.187258
vt 0.140345 0.224630
vt 0.172105 0.169169
vt 0.172105 0.169169
vt 0.172105 0.169169
vt 0.976991 0.117132
vt 0.210568 0.203886
vt 0.190380 0.144018
vt 0.190380 0.144018
vt 0.190380 0.144018
vt 0.244273 0.143556
vt 0.954165 0.221973
vt 0.926198 0.141612
vt 0.199131 0.230780
vt 0.204013 0.240438
vt 0.231495 0.223551
vt 0.239979 0.163410
vt 0.399684 0.133369
vt 0.262621 0.143402
vt 0.935817 0.211737
vt 0.766272 0.132924
vt 0.233946 0.095811
vt 0.543878 0.087973
vt 0.234571 0.066940
vt 0.177700 0.051935
vt 0.973887 0.256688
vt 0.916859 0.106897
vt 0.155942 0.031113
vt 0.104190 0.057482
vt 0.929261 0.256688
vt 0.072793 0.056907
vt 0.627447 0.087973
vt 0.056476 0.109205
vt 0.972766 0.187258
vt 0.033833 0.129214
vt 0.960363 0.141612
vt 0.721646 0.132924
vt 0.062509 0.176804
vt 0.061884 0.205675
vt 0.585662 0.087973
vt 0.972766 0.221973
vt 0.118755 0.220681
vt 0.935817 0.177022
vt 0.140513 0.241503
vt 0.192265 0.215133
vt 0.909182 0.151847
vt 0.223661 0.215708
vt 0.963898 0.106897
vt 0.871547 0.524072
vt 0.924139 0.524072
vt 0.968725 0.524072
vt 0.276343 0.524072
vt 0.320928 0.524072
vt 0.373520 0.524072
vt 0.426112 0.524072
vt 0.525357 0.524072
vt 0.470698 0.524072
vt 0.569942 0.524072
vt 0.622534 0.524072
vt 0.675126 0.524072
vt 0.027330 0.524072
vt 0.719711 0.524072
vt 0.071915 0.524072
vt 0.124507 0.524072
vt 0.177099 0.524072
vt 0.221684 0.524072
vt 0.774370 0.524072
vt 0.818955 0.524072
vt 0.730388 0.420954
vt 0.016652 0.420954
vt 0.066136 0.420954
vt 0.124507 0.420954
vt 0.182877 0.420954
vt 0.763693 0.420954
vt 0.232361 0.420954
vt 0.813177 0.420954
vt 0.871547 0.420954
vt 0.929918 0.420954
vt 0.979402 0.420954
vt 0.265666 0.420954
vt 0.315150 0.420954
vt 0.373520 0.420954
vt 0.431891 0.420954
vt 0.481375 0.420954
vt 0.514679 0.420954
vt 0.564163 0.420954
vt 0.622534 0.420954
vt 0.680904 0.420954
vt 0.435870 0.645575
vt 0.507327 0.645575
vt 0.488727 0.645575
vt 0.560185 0.645575
vt 0.622534 0.645575
vt 0.684883 0.645575
vt 0.009300 0.645575
vt 0.737740 0.645575
vt 0.062158 0.645575
vt 0.124507 0.645575
vt 0.186856 0.645575
vt 0.239713 0.645575
vt 0.756341 0.645575
vt 0.809198 0.645575
vt 0.871547 0.645575
vt 0.933897 0.645575
vt 0.986754 0.645575
vt 0.258314 0.645575
vt 0.311171 0.645575
vt 0.373520 0.645575
vt 0.316653 0.822786
vt 0.373520 0.822786
vt 0.430388 0.822786
vt 0.478598 0.822786
vt 0.517456 0.822786
vt 0.565666 0.822786
vt 0.622534 0.822786
vt 0.679402 0.822786
vt 0.019429 0.822786
vt 0.727612 0.822786
vt 0.067639 0.822786
vt 0.124507 0.822786
vt 0.181374 0.822786
vt 0.229584 0.822786
vt 0.766470 0.822786
vt 0.814680 0.822786
vt 0.871547 0.822786
vt 0.928415 0.822786
vt 0.976625 0.822786
vt 0.268443 0.822786
vt 0.622534 0.966522
vt 0.643874 0.966522
vt 0.661966 0.966522
vt 0.085075 0.966522
vt 0.103166 0.966522
vt 0.124507 0.966522
vt 0.145847 0.966522
vt 0.832115 0.966522
vt 0.163939 0.966522
vt 0.850207 0.966522
vt 0.871547 0.966522
vt 0.892888 0.966522
vt 0.910979 0.966522
vt 0.334088 0.966522
vt 0.352180 0.966522
vt 0.373520 0.966522
vt 0.394861 0.966522
vt 0.583102 0.966522
vt 0.412952 0.966522
vt 0.601193 0.966522
vt 0.622534 0.983634
vt 0.643874 0.983634
vt 0.661966 0.983634
vt 0.085075 0.983634
vt 0.103166 0.983634
vt 0.124507 0.983634
vt 0.145847 0.983634
vt 0.832115 0.983634
vt 0.163939 0.983634
vt 0.850207 0.983634
vt 0.871547 0.983634
vt 0.892888 0.983634
vt 0.334088 0.983634
vt 0.910979 0.983634
vt 0.352180 0.983634
vt 0.373520 0.983634
vt 0.394861 0.983634
vt 0.583102 0.983634
vt 0.412952 0.983634
vt 0.601193 0.983634
vt 0.622534 0.988464
vt 0.645021 0.988464
vt 0.082956 0.988464
vt 0.664084 0.988464
vt 0.102020 0.988464
vt 0.124507 0.988464
vt 0.146994 0.988464
vt 0.829997 0.988464
vt 0.166057 0.988464
vt 0.849060 0.988464
vt 0.871547 0.988464
vt 0.894034 0.988464
vt 0.331970 0.988464
vt 0.913098 0.988464
vt 0.351033 0.988464
vt 0.373520 0.988464
vt 0.396007 0.988464
vt 0.580983 0.988464
vt 0.415071 0.988464
vt 0.600047 0.988464
vt 0.421258 0.210956
vt 0.622534 0.991448
vt 0.644634 0.991448
vt 0.416862 0.231279
vt 0.663370 0.991448
vt 0.404343 0.248508
vt 0.083670 0.991448
vt 0.385607 0.260020
vt 0.102406 0.991448
vt 0.363506 0.264063
vt 0.124507 0.991448
vt 0.146607 0.991448
vt 0.341406 0.260020
vt 0.165343 0.991448
vt 0.830711 0.991448
vt 0.322670 0.248508
vt 0.310151 0.231279
vt 0.849447 0.991448
vt 0.871547 0.991448
vt 0.305755 0.210956
vt 0.310151 0.190632
vt 0.893648 0.991448
vt 0.912384 0.991448
vt 0.322670 0.173403
vt 0.332684 0.991448
vt 0.351420 0.991448
vt 0.341406 0.161891
vt 0.373520 0.991448
vt 0.363506 0.157848
vt 0.395621 0.991448
vt 0.385607 0.161891
vt 0.404343 0.173403
vt 0.581698 0.991448
vt 0.414357 0.991448
vt 0.416862 0.190632
vt 0.600433 0.991448
vt 0.852917 0.107387
vt 0.416772 0.210956
vt 0.873301 0.107387
vt 0.412717 0.229700
vt 0.305755 0.132319
vt 0.890581 0.107387
vt 0.401171 0.245591
vt 0.383890 0.256209
vt 0.323036 0.132319
vt 0.343419 0.132319
vt 0.363506 0.259938
vt 0.343123 0.256209
vt 0.363803 0.132319
vt 0.325842 0.245591
vt 0.381084 0.132319
vt 0.439858 0.097159
vt 0.314296 0.229700
vt 0.457139 0.097159
vt 0.477523 0.097159
vt 0.310241 0.210956
vt 0.314296 0.192211
vt 0.497906 0.097159
vt 0.305755 0.106789
vt 0.325842 0.176320
vt 0.515187 0.097159
vt 0.323036 0.106789
vt 0.343123 0.165702
vt 0.343419 0.106789
vt 0.363506 0.161974
vt 0.383890 0.165702
vt 0.363803 0.106789
vt 0.401171 0.176320
vt 0.815253 0.107387
vt 0.381084 0.106789
vt 0.412717 0.192211
vt 0.832533 0.107387
vt 0.852917 0.159222
vt 0.796652 0.215081
vt 0.792597 0.233825
vt 0.873301 0.159222
vt 0.890581 0.159222
vt 0.781051 0.249716
vt 0.439858 0.148994
vt 0.763770 0.260334
vt 0.457139 0.148994
vt 0.743387 0.264063
vt 0.477523 0.148994
vt 0.497906 0.148994
vt 0.723003 0.260334
vt 0.705722 0.249716
vt 0.627717 0.148994
vt 0.515187 0.148994
vt 0.694176 0.233825
vt 0.644998 0.148994
vt 0.665381 0.148994
vt 0.690121 0.215081
vt 0.694176 0.196336
vt 0.685765 0.148994
vt 0.533788 0.148994
vt 0.703046 0.148994
vt 0.705722 0.180445
vt 0.723003 0.169827
vt 0.551068 0.148994
vt 0.743387 0.166099
vt 0.571452 0.148994
vt 0.591836 0.148994
vt 0.763770 0.169827
vt 0.609116 0.148994
vt 0.781051 0.180445
vt 0.815253 0.159222
vt 0.792597 0.196336
vt 0.832533 0.159222
vt 0.791091 0.215081
vt 0.810009 0.070929
vt 0.791753 0.070929
vt 0.787459 0.231868
vt 0.777118 0.246100
vt 0.742269 0.086721
vt 0.776277 0.070929
vt 0.726793 0.086721
vt 0.761642 0.255609
vt 0.743387 0.258949
vt 0.708537 0.086721
vt 0.725131 0.255609
vt 0.690282 0.086721
vt 0.709655 0.246100
vt 0.556971 0.070868
vt 0.674806 0.086721
vt 0.541495 0.070868
vt 0.699314 0.231868
vt 0.695683 0.215081
vt 0.523239 0.070868
vt 0.504984 0.070868
vt 0.699314 0.198293
vt 0.709655 0.184062
vt 0.929805 0.070929
vt 0.489508 0.070868
vt 0.725131 0.174552
vt 0.914329 0.070929
vt 0.896073 0.070929
vt 0.743387 0.171213
vt 0.761642 0.174552
vt 0.877818 0.070929
vt 0.843741 0.070929
vt 0.777118 0.184062
vt 0.862341 0.070929
vt 0.828264 0.070929
vt 0.787459 0.198293
vt 0.810009 0.069234
vt 0.910661 0.220195
vt 0.907029 0.236982
vt 0.791753 0.069234
vt 0.776277 0.069234
vt 0.742269 0.085026
vt 0.896688 0.251214
vt 0.726793 0.085026
vt 0.881212 0.260724
vt 0.862957 0.264063
vt 0.708537 0.085026
vt 0.844701 0.260724
vt 0.690282 0.085026
vt 0.829225 0.251214
vt 0.674806 0.085026
vt 0.556971 0.069173
vt 0.541495 0.069173
vt 0.818884 0.236982
vt 0.523239 0.069173
vt 0.815253 0.220195
vt 0.504984 0.069173
vt 0.818884 0.203408
vt 0.489508 0.069173
vt 0.929805 0.069234
vt 0.829225 0.189176
vt 0.914329 0.069234
vt 0.844701 0.179666
vt 0.896073 0.069234
vt 0.862957 0.176327
vt 0.881212 0.179666
vt 0.877818 0.069234
vt 0.862341 0.069234
vt 0.843741 0.069234
vt 0.896688 0.189176
vt 0.907029 0.203408
vt 0.828264 0.069234
vt 0.497906 0.105584
vt 0.443913 0.196336
vt 0.455459 0.180445
vt 0.305755 0.115214
vt 0.515187 0.105584
vt 0.472740 0.169827
vt 0.323036 0.115214
vt 0.493124 0.166099
vt 0.343419 0.115214
vt 0.363803 0.115214
vt 0.513507 0.169827
vt 0.530788 0.180445
vt 0.381084 0.115214
vt 0.815253 0.115812
vt 0.542334 0.196336
vt 0.832533 0.115812
vt 0.852917 0.115812
vt 0.546389 0.215081
vt 0.542334 0.233825
vt 0.873301 0.115812
vt 0.530788 0.249716
vt 0.305755 0.140743
vt 0.890581 0.115812
vt 0.513507 0.260334
vt 0.323036 0.140743
vt 0.343419 0.140743
vt 0.493124 0.264063
vt 0.472740 0.260334
vt 0.363803 0.140743
vt 0.439858 0.105584
vt 0.455459 0.249716
vt 0.381084 0.140743
vt 0.443913 0.233825
vt 0.457139 0.105584
vt 0.477523 0.105584
vt 0.439858 0.215081
vt 0.703046 0.122689
vt 0.533788 0.122689
vt 0.580591 0.249716
vt 0.597871 0.260334
vt 0.551068 0.122689
vt 0.571452 0.122689
vt 0.618255 0.264063
vt 0.638639 0.260334
vt 0.591836 0.122689
vt 0.655919 0.249716
vt 0.609116 0.122689
vt 0.815253 0.132917
vt 0.832533 0.132917
vt 0.667466 0.233825
vt 0.671521 0.215081
vt 0.852917 0.132917
vt 0.873301 0.132917
vt 0.667466 0.196336
vt 0.439858 0.122689
vt 0.655919 0.180445
vt 0.890581 0.132917
vt 0.638639 0.169827
vt 0.457139 0.122689
vt 0.618255 0.166099
vt 0.477523 0.122689
vt 0.497906 0.122689
vt 0.597871 0.169827
vt 0.580591 0.180445
vt 0.627717 0.122689
vt 0.515187 0.122689
vt 0.644998 0.122689
vt 0.569044 0.196336
vt 0.564990 0.215081
vt 0.665381 0.122689
vt 0.569044 0.233825
vt 0.685765 0.122689
vt 0.827025 0.088034
vt 0.445522 0.196949
vt 0.456691 0.181578
vt 0.305755 0.087927
vt 0.843741 0.088034
vt 0.473406 0.171307
vt 0.322471 0.087927
vt 0.342188 0.087927
vt 0.493124 0.167700
vt 0.361905 0.087927
vt 0.512841 0.171307
vt 0.378621 0.087927
vt 0.529556 0.181578
vt 0.674806 0.103826
vt 0.691521 0.103826
vt 0.540725 0.196949
vt 0.544647 0.215081
vt 0.711238 0.103826
vt 0.730956 0.103826
vt 0.540725 0.233212
vt 0.747671 0.103826
vt 0.862341 0.088034
vt 0.529556 0.248584
vt 0.512841 0.258855
vt 0.879057 0.088034
vt 0.898774 0.088034
vt 0.493124 0.262461
vt 0.918491 0.088034
vt 0.473406 0.258855
vt 0.770875 0.088034
vt 0.456691 0.248584
vt 0.935207 0.088034
vt 0.445522 0.233212
vt 0.787591 0.088034
vt 0.807308 0.088034
vt 0.441600 0.215081
vt 0.843741 0.089792
vt 0.305755 0.089684
vt 0.581822 0.248584
vt 0.322471 0.089684
vt 0.598538 0.258855
vt 0.618255 0.262461
vt 0.342188 0.089684
vt 0.361905 0.089684
vt 0.637972 0.258855
vt 0.654688 0.248584
vt 0.378621 0.089684
vt 0.674806 0.105584
vt 0.691521 0.105584
vt 0.665857 0.233212
vt 0.669779 0.215081
vt 0.711238 0.105584
vt 0.730956 0.105584
vt 0.665857 0.196949
vt 0.747671 0.105584
vt 0.862341 0.089792
vt 0.654688 0.181578
vt 0.637972 0.171307
vt 0.879057 0.089792
vt 0.618255 0.167700
vt 0.898774 0.089792
vt 0.918491 0.089792
vt 0.598538 0.171307
vt 0.935207 0.089792
vt 0.581822 0.181578
vt 0.770875 0.089792
vt 0.570654 0.196949
vt 0.787591 0.089792
vt 0.807308 0.089792
vt 0.566732 0.215081
vt 0.570654 0.233212
vt 0.827025 0.089792
vt 0.600439 0.986053
vt 0.622534 0.986053
vt 0.644629 0.986053
vt 0.083680 0.986053
vt 0.663360 0.986053
vt 0.102412 0.986053
vt 0.124507 0.986053
vt 0.146602 0.986053
vt 0.165333 0.986053
vt 0.830721 0.986053
vt 0.849452 0.986053
vt 0.871547 0.986053
vt 0.893643 0.986053
vt 0.912374 0.986053
vt 0.332694 0.986053
vt 0.351425 0.986053
vt 0.373520 0.986053
vt 0.395615 0.986053
vt 0.581707 0.986053
vt 0.414347 0.986053
vt 0.600100 0.990115
vt 0.622534 0.990115
vt 0.644968 0.990115
vt 0.083054 0.990115
vt 0.663987 0.990115
vt 0.102073 0.990115
vt 0.124507 0.990115
vt 0.146941 0.990115
vt 0.830095 0.990115
vt 0.165959 0.990115
vt 0.849113 0.990115
vt 0.871547 0.990115
vt 0.893981 0.990115
vt 0.332068 0.990115
vt 0.913000 0.990115
vt 0.351086 0.990115
vt 0.373520 0.990115
vt 0.395954 0.990115
vt 0.414973 0.990115
vt 0.581081 0.990115
vt 0.258566 0.086183
vt 0.254550 0.070978
vt 0.240810 0.061747
vt 0.244827 0.076952
vt 0.187706 0.029117
vt 0.173174 0.020977
vt 0.156361 0.023384
vt 0.170893 0.031524
vt 0.093720 0.034842
vt 0.077185 0.038535
vt 0.067147 0.051170
vt 0.083682 0.047476
vt 0.031664 0.100004
vt 0.022812 0.113367
vt 0.025429 0.128828
vt 0.034281 0.115465
vt 0.037889 0.186432
vt 0.041905 0.201637
vt 0.055644 0.210868
vt 0.051628 0.195663
vt 0.108749 0.243498
vt 0.123281 0.251638
vt 0.140094 0.249231
vt 0.125562 0.241091
vt 0.202735 0.237773
vt 0.219270 0.234080
vt 0.229308 0.221446
vt 0.212773 0.225139
vt 0.264791 0.172611
vt 0.273643 0.159248
vt 0.271026 0.143787
vt 0.262174 0.157150
vt 0.249688 0.073965
vt 0.172033 0.026251
vt 0.080433 0.043006
vt 0.028546 0.114416
vt 0.046767 0.198650
vt 0.124421 0.246365
vt 0.216021 0.229609
vt 0.267909 0.158199
vt 0.651719 0.420954
vt 0.705646 0.420954
vt 0.041394 0.420954
vt 0.095322 0.420954
vt 0.153692 0.420954
vt 0.207619 0.420954
vt 0.788435 0.420954
vt 0.842362 0.420954
vt 0.900733 0.420954
vt 0.954660 0.420954
vt 0.290408 0.420954
vt 0.344335 0.420954
vt 0.402706 0.420954
vt 0.456633 0.420954
vt 0.539421 0.420954
vt 0.593349 0.420954
vt 0.897843 0.524072
vt 0.946432 0.524072
vt 0.298636 0.524072
vt 0.347224 0.524072
vt 0.399816 0.524072
vt 0.448405 0.524072
vt 0.547649 0.524072
vt 0.596238 0.524072
vt 0.648830 0.524072
vt 0.697418 0.524072
vt 0.049622 0.524072
vt 0.098211 0.524072
vt 0.150803 0.524072
vt 0.199391 0.524072
vt 0.796663 0.524072
vt 0.845251 0.524072
vt 0.721537 0.477054
vt 0.025503 0.477054
vt 0.070927 0.477054
vt 0.124507 0.477054
vt 0.178087 0.477054
vt 0.772544 0.477054
vt 0.223510 0.477054
vt 0.817967 0.477054
vt 0.871547 0.477054
vt 0.925128 0.477054
vt 0.970551 0.477054
vt 0.274517 0.477054
vt 0.319940 0.477054
vt 0.373520 0.477054
vt 0.427101 0.477054
vt 0.472524 0.477054
vt 0.523530 0.477054
vt 0.568954 0.477054
vt 0.622534 0.477054
vt 0.676114 0.477054
vt 0.048215 0.477054
vt 0.097717 0.477054
vt 0.151297 0.477054
vt 0.200799 0.477054
vt 0.795256 0.477054
vt 0.844757 0.477054
vt 0.898338 0.477054
vt 0.947839 0.477054
vt 0.297228 0.477054
vt 0.346730 0.477054
vt 0.400310 0.477054
vt 0.449812 0.477054
vt 0.546242 0.477054
vt 0.595744 0.477054
vt 0.649324 0.477054
vt 0.698826 0.477054
vt 0.264069 0.791668
vt 0.980999 0.791668
vt 0.930782 0.791668
vt 0.871547 0.791668
vt 0.812313 0.791668
vt 0.762096 0.791668
vt 0.233959 0.791668
vt 0.183742 0.791668
vt 0.124507 0.791668
vt 0.065272 0.791668
vt 0.015055 0.791668
vt 0.731986 0.791668
vt 0.681769 0.791668
vt 0.622534 0.791668
vt 0.563299 0.791668
vt 0.482972 0.791668
vt 0.513082 0.791668
vt 0.432755 0.791668
vt 0.373520 0.791668
vt 0.314285 0.791668
vt 0.622534 0.842045
vt 0.569376 0.842045
vt 0.471743 0.842045
vt 0.524311 0.842045
vt 0.426678 0.842045
vt 0.373520 0.842045
vt 0.320362 0.842045
vt 0.969770 0.842045
vt 0.275297 0.842045
vt 0.924705 0.842045
vt 0.871547 0.842045
vt 0.818390 0.842045
vt 0.773324 0.842045
vt 0.222730 0.842045
vt 0.177665 0.842045
vt 0.124507 0.842045
vt 0.071349 0.842045
vt 0.720757 0.842045
vt 0.026284 0.842045
vt 0.675692 0.842045
vt 0.622534 0.307908
vt 0.565842 0.307908
vt 0.517780 0.307908
vt 0.478274 0.307908
vt 0.430213 0.307908
vt 0.373520 0.307908
vt 0.316828 0.307908
vt 0.268767 0.307908
vt 0.976301 0.307908
vt 0.928240 0.307908
vt 0.871547 0.307908
vt 0.814855 0.307908
vt 0.766794 0.307908
vt 0.229261 0.307908
vt 0.181199 0.307908
vt 0.124507 0.307908
vt 0.067814 0.307908
vt 0.727288 0.307908
vt 0.019753 0.307908
vt 0.679226 0.307908
vn 0.000000 0.000000 -1.000000
vn -0.546845 0.546845 -0.633973
vn 0.294986 -0.714994 -0.633850
vn -0.714994 -0.294986 -0.633850
vn -0.000000 -0.773355 -0.633973
vn 0.296991 0.714164 -0.633850
vn -0.546845 -0.546845 -0.633973
vn -0.294986 0.714994 -0.633850
vn -0.714164 0.296991 -0.633850
vn 0.546845 -0.546845 -0.633973
vn 0.773355 -0.000000 -0.633973
vn -0.296991 -0.714164 -0.633850
vn -0.000000 0.773355 -0.633973
vn 0.546845 0.546845 -0.633973
vn 0.000000 0.000000 -1.000000
vn 0.000000 0.000000 -1.000000
vn -0.773355 0.000000 -0.633973
vn 0.714994 0.294986 -0.633850
vn 0.714164 -0.296991 -0.633850
vn 0.000000 0.000000 1.000000
vn 0.000000 0.000000 -1.000000
vn 0.967858 -0.000000 -0.251497
vn 0.601525 -0.038759 -0.797913
vn 0.000000 0.775959 -0.630783
vn 0.987073 0.000000 -0.160268
vn 0.926619 -0.000000 0.376002
vn 0.296947 -0.716893 -0.630783
vn 0.540904 0.266002 -0.797913
vn 0.000000 0.000000 -1.000000
vn 0.894184 0.370383 -0.251497
vn 0.911937 0.377737 -0.160268
vn 0.856084 0.354602 0.376002
vn 0.538361 0.805715 -0.246962
vn 0.805715 0.538361 -0.246962
vn -0.548686 0.548686 -0.630783
vn 0.000000 0.000000 -1.000000
vn 0.452749 0.397936 -0.797913
vn 0.821123 0.548657 -0.157266
vn 0.548657 0.821123 -0.157266
vn 0.772537 0.516192 0.369774
vn 0.516192 0.772537 0.369774
vn 0.370383 0.894184 -0.251497
vn 0.000000 0.000000 -1.000000
vn 0.716893 -0.296947 -0.630783
vn 0.194385 0.570569 -0.797913
vn 0.377737 0.911937 -0.160268
vn 0.354602 0.856084 0.376002
vn 0.000000 0.967858 -0.251497
vn -0.775959 0.000000 -0.630783
vn 0.000000 0.000000 -1.000000
vn 0.038759 0.601525 -0.797913
vn -0.000000 0.987073 -0.160268
vn 0.000000 0.926619 0.376002
vn -0.370383 0.894184 -0.251497
vn 0.000000 0.000000 -1.000000
vn -0.266002 0.540904 -0.797913
vn 0.716893 0.296947 -0.630783
vn -0.377737 0.911937 -0.160268
vn -0.354602 0.856084 0.376002
vn -0.397936 0.452749 -0.797913
vn -0.548686 -0.548686 -0.630783
vn 0.000000 0.000000 -1.000000
vn -0.805715 0.538361 -0.246962
vn -0.538361 0.805715 -0.246962
vn -0.548657 0.821123 -0.157266
vn -0.821123 0.548657 -0.157266
vn -0.516192 0.772537 0.369774
vn -0.772537 0.516192 0.369774
vn -0.894184 0.370383 -0.251497
vn -0.570569 0.194385 -0.797913
vn 0.000000 0.000000 -1.000000
vn 0.296947 0.716893 -0.630783
vn -0.911937 0.377737 -0.160268
vn -0.856084 0.354602 0.376002
vn 0.000000 0.000000 -1.000000
vn 0.000000 -0.775959 -0.630783
vn -0.601525 0.038759 -0.797913
vn -0.967858 0.000000 -0.251497
vn -0.987073 -0.000000 -0.160268
vn -0.926619 0.000000 0.376002
vn -0.540904 -0.266002 -0.797913
vn -0.894184 -0.370383 -0.251497
vn -0.296947 0.716893 -0.630783
vn 0.000000 0.000000 -1.000000
vn -0.911937 -0.377737 -0.160268
vn -0.856084 -0.354602 0.376002
vn -0.452749 -0.397936 -0.797913
vn -0.538361 -0.805715 -0.246962
vn 0.000000 0.000000 -1.000000
vn -0.805715 -0.538361 -0.246962
vn 0.548686 -0.548686 -0.630783
vn -0.821123 -0.548657 -0.157266
vn -0.548657 -0.821123 -0.157266
vn -0.772537 -0.516192 0.369774
vn -0.516192 -0.772537 0.369774
vn -0.370383 -0.894184 -0.251497
vn 0.000000 0.000000 -1.000000
vn -0.716893 0.296947 -0.630783
vn -0.194385 -0.570569 -0.797913
vn -0.377737 -0.911937 -0.160268
vn -0.354602 -0.856084 0.376002
vn 0.775959 0.000000 -0.630783
vn -0.038759 -0.601525 -0.797913
vn -0.000000 -0.967858 -0.251497
vn 0.000000 0.000000 -1.000000
vn 0.000000 -0.987073 -0.160268
vn -0.000000 -0.926619 0.376002
vn -0.716893 -0.296947 -0.630783
vn 0.266002 -0.540904 -0.797913
vn 0.370383 -0.894184 -0.251497
vn 0.000000 0.000000 -1.000000
vn 0.377737 -0.911937 -0.160268
vn 0.354602 -0.856084 0.376002
vn 0.548686 0.548686 -0.630783
vn 0.397936 -0.452749 -0.797913
vn 0.805715 -0.538361 -0.246962
vn 0.538361 -0.805715 -0.246962
vn 0.000000 0.000000 -1.000000
vn 0.821123 -0.548657 -0.157266
vn 0.548657 -0.821123 -0.157266
vn 0.516192 -0.772537 0.369774
vn 0.772537 -0.516192 0.369774
vn 0.570569 -0.194385 -0.797913
vn 0.894184 -0.370383 -0.251497
vn 0.000000 0.000000 -1.000000
vn -0.296947 -0.716893 -0.630783
vn 0.911937 -0.377737 -0.160268
vn 0.856084 -0.354602 0.376002
vn -0.554755 -0.830249 -0.054168
vn -0.830249 -0.554755 -0.054168
vn -0.922470 -0.382099 -0.055226
vn -0.998474 -0.000000 -0.055226
vn -0.922470 0.382099 -0.055226
vn -0.554755 0.830249 -0.054168
vn -0.830249 0.554755 -0.054168
vn -0.382099 0.922470 -0.055226
vn -0.000000 0.998474 -0.055226
vn 0.382099 0.922470 -0.055226
vn 0.830249 0.554755 -0.054168
vn 0.554755 0.830249 -0.054168
vn 0.922470 0.382099 -0.055226
vn 0.998474 0.000000 -0.055226
vn 0.922470 -0.382099 -0.055226
vn 0.830249 -0.554755 -0.054168
vn 0.554755 -0.830249 -0.054168
vn 0.382099 -0.922470 -0.055226
vn 0.000000 -0.998474 -0.055226
vn -0.382099 -0.922470 -0.055226
vn -0.385890 0.774522 -0.501203
vn -0.294009 -0.058482 -0.954012
vn -0.076530 0.766715 -0.637410
vn -0.077523 -0.862983 -0.499250
vn -0.294009 -0.058482 -0.954012
vn 0.222705 -0.737639 -0.637410
vn -0.820535 0.274804 -0.501203
vn -0.596264 0.488035 -0.637410
vn -0.166542 -0.249248 -0.954012
vn 0.679065 -0.364113 -0.637410
vn -0.166543 -0.249249 -0.954012
vn 0.555404 -0.665038 -0.499250
vn -0.766715 -0.076530 -0.637410
vn 0.058482 -0.294009 -0.954012
vn -0.774522 -0.385890 -0.501203
vn 0.058482 -0.294009 -0.954012
vn 0.737639 0.222705 -0.637410
vn 0.862983 -0.077523 -0.499250
vn -0.488035 -0.596264 -0.637410
vn 0.249248 -0.166542 -0.954012
vn -0.274804 -0.820535 -0.501203
vn 0.249249 -0.166543 -0.954012
vn 0.665038 0.555404 -0.499250
vn 0.364113 0.679065 -0.637410
vn 0.076530 -0.766715 -0.637410
vn 0.385890 -0.774522 -0.501203
vn 0.294009 0.058482 -0.954012
vn 0.294009 0.058482 -0.954012
vn -0.222705 0.737639 -0.637410
vn 0.077523 0.862983 -0.499250
vn 0.596264 -0.488035 -0.637410
vn 0.166542 0.249248 -0.954012
vn 0.820535 -0.274804 -0.501203
vn 0.166543 0.249249 -0.954012
vn -0.555404 0.665038 -0.499250
vn -0.679065 0.364113 -0.637410
vn 0.766715 0.076530 -0.637410
vn 0.774522 0.385890 -0.501203
vn -0.058482 0.294009 -0.954012
vn -0.862983 0.077523 -0.499250
vn -0.058482 0.294009 -0.954012
vn -0.737639 -0.222705 -0.637410
vn -0.249248 0.166542 -0.954012
vn 0.274804 0.820535 -0.501203
vn 0.488035 0.596264 -0.637410
vn -0.249249 0.166543 -0.954012
vn -0.364113 -0.679065 -0.637410
vn -0.665038 -0.555404 -0.499250
vn -0.384173 0.790336 -0.477263
vn -0.367347 -0.073070 -0.927209
vn -0.001711 0.778086 -0.628155
vn 0.297990 -0.719412 -0.627413
vn -0.049372 -0.869952 -0.490659
vn -0.367347 -0.073070 -0.927209
vn -0.551400 0.548980 -0.628155
vn -0.208085 -0.311421 -0.927209
vn -0.830503 0.287201 -0.477263
vn 0.719412 -0.297990 -0.627413
vn -0.208085 -0.311422 -0.927209
vn 0.580237 -0.650060 -0.490659
vn 0.073070 -0.367347 -0.927209
vn -0.778086 -0.001711 -0.628155
vn -0.790336 -0.384173 -0.477263
vn 0.719412 0.297990 -0.627413
vn 0.073070 -0.367347 -0.927209
vn 0.869952 -0.049372 -0.490659
vn -0.287201 -0.830503 -0.477263
vn -0.548980 -0.551400 -0.628155
vn 0.311421 -0.208085 -0.927209
vn 0.311422 -0.208085 -0.927209
vn 0.650060 0.580237 -0.490659
vn 0.297990 0.719412 -0.627413
vn 0.367347 0.073070 -0.927209
vn 0.001711 -0.778086 -0.628155
vn 0.384173 -0.790336 -0.477263
vn 0.367347 0.073070 -0.927209
vn 0.049372 0.869952 -0.490659
vn -0.297990 0.719412 -0.627413
vn 0.830503 -0.287201 -0.477263
vn 0.551400 -0.548980 -0.628155
vn 0.208085 0.311421 -0.927209
vn 0.208085 0.311422 -0.927209
vn -0.719412 0.297990 -0.627413
vn -0.580237 0.650060 -0.490659
vn -0.073070 0.367347 -0.927209
vn 0.790336 0.384173 -0.477263
vn 0.778086 0.001711 -0.628155
vn -0.073070 0.367347 -0.927209
vn -0.719412 -0.297990 -0.627413
vn -0.869952 0.049372 -0.490659
vn -0.311421 0.208085 -0.927209
vn 0.287201 0.830503 -0.477263
vn 0.548980 0.551400 -0.628155
vn -0.311422 0.208085 -0.927209
vn -0.650060 -0.580237 -0.490659
vn -0.297990 -0.719412 -0.627413
vn 0.292726 -0.711659 -0.638634
vn 0.007016 0.004688 -0.999964
vn -0.547262 0.547041 -0.633443
vn -0.826687 0.282382 -0.486671
vn -0.446695 0.108067 -0.888136
vn -0.773789 -0.000156 -0.633443
vn 0.001646 0.008276 -0.999964
vn 0.710207 -0.296230 -0.638634
vn -0.392276 -0.239446 -0.888136
vn -0.784230 -0.384882 -0.486671
vn 0.865973 -0.065842 -0.495738
vn 0.506038 -0.250700 -0.825273
vn -0.332947 0.455279 -0.825752
vn -0.348854 0.476438 -0.807036
vn 0.658892 0.565778 -0.495738
vn 0.535094 0.180551 -0.825273
vn -0.557360 0.086502 -0.825753
vn -0.583569 0.090214 -0.807037
vn -0.250700 -0.506038 -0.825273
vn -0.065842 -0.865973 -0.495738
vn 0.455279 0.332947 -0.825752
vn 0.476438 0.348854 -0.807036
vn -0.004688 0.007016 -0.999964
vn 0.711659 0.292726 -0.638634
vn -0.547041 -0.547262 -0.633443
vn -0.108067 -0.446695 -0.888136
vn -0.282382 -0.826687 -0.486671
vn 0.180551 -0.535094 -0.825273
vn 0.565778 -0.658892 -0.495738
vn 0.086502 0.557360 -0.825753
vn 0.090214 0.583569 -0.807037
vn -0.535094 -0.180551 -0.825273
vn -0.658892 -0.565778 -0.495738
vn 0.557360 -0.086502 -0.825753
vn 0.583569 -0.090214 -0.807037
vn 0.065842 0.865973 -0.495738
vn 0.250700 0.506038 -0.825273
vn -0.455279 -0.332947 -0.825752
vn -0.476438 -0.348854 -0.807036
vn 0.000156 -0.773789 -0.633443
vn 0.296230 0.710207 -0.638634
vn -0.008276 0.001646 -0.999964
vn 0.239446 -0.392276 -0.888136
vn 0.384882 -0.784230 -0.486671
vn -0.180551 0.535094 -0.825273
vn -0.565778 0.658892 -0.495738
vn -0.086502 -0.557360 -0.825753
vn -0.090214 -0.583569 -0.807037
vn -0.007016 -0.004688 -0.999964
vn 0.547262 -0.547041 -0.633443
vn -0.292726 0.711659 -0.638634
vn 0.826687 -0.282382 -0.486671
vn 0.446695 -0.108067 -0.888136
vn 0.773789 0.000156 -0.633443
vn -0.001646 -0.008276 -0.999964
vn -0.710207 0.296230 -0.638634
vn 0.784230 0.384882 -0.486671
vn 0.392276 0.239446 -0.888136
vn 0.547041 0.547262 -0.633443
vn -0.711659 -0.292726 -0.638634
vn 0.004688 -0.007016 -0.999964
vn 0.282382 0.826687 -0.486671
vn 0.108067 0.446695 -0.888136
vn 0.008276 -0.001646 -0.999964
vn -0.000156 0.773789 -0.633443
vn -0.296230 -0.710207 -0.638634
vn -0.239446 0.392276 -0.888136
vn -0.384882 0.784230 -0.486671
vn -0.865973 0.065842 -0.495738
vn -0.506038 0.250700 -0.825273
vn 0.332947 -0.455279 -0.825752
vn 0.348854 -0.476438 -0.807036
vn -0.370330 -0.270627 -0.888604
vn -0.642637 -0.592004 -0.486363
vn -0.405462 0.340344 -0.848391
vn -0.386628 0.766396 -0.512987
vn -0.035802 -0.873023 -0.486363
vn -0.070501 -0.453225 -0.888604
vn -0.815311 0.268537 -0.512988
vn -0.527364 -0.046046 -0.848391
vn 0.270627 -0.370330 -0.888604
vn 0.592004 -0.642637 -0.486363
vn -0.766396 -0.386628 -0.512987
vn -0.340344 -0.405462 -0.848391
vn 0.453225 -0.070501 -0.888604
vn 0.873023 -0.035802 -0.486363
vn 0.046046 -0.527364 -0.848391
vn -0.268537 -0.815311 -0.512988
vn 0.370330 0.270627 -0.888604
vn 0.642637 0.592004 -0.486363
vn 0.405462 -0.340344 -0.848391
vn 0.386628 -0.766396 -0.512987
vn 0.035802 0.873023 -0.486363
vn 0.070501 0.453225 -0.888604
vn 0.527364 0.046046 -0.848391
vn 0.815311 -0.268537 -0.512988
vn -0.592004 0.642637 -0.486363
vn -0.270627 0.370330 -0.888604
vn 0.766396 0.386628 -0.512987
vn 0.340344 0.405462 -0.848391
vn -0.453225 0.070501 -0.888604
vn -0.873023 0.035802 -0.486363
vn -0.046046 0.527364 -0.848391
vn 0.268537 0.815311 -0.512988
vn -0.998459 0.000000 -0.055503
vn -0.922455 -0.382094 -0.055503
vn -0.830237 -0.554746 -0.054440
vn -0.554746 -0.830237 -0.054440
vn -0.382094 -0.922455 -0.055503
vn -0.000000 -0.998459 -0.055503
vn 0.382094 -0.922455 -0.055503
vn 0.830237 -0.554746 -0.054440
vn 0.554746 -0.830237 -0.054440
vn 0.922455 -0.382094 -0.055503
vn 0.998459 -0.000000 -0.055503
vn 0.922455 0.382094 -0.055503
vn 0.554746 0.830237 -0.054440
vn 0.830237 0.554746 -0.054440
vn 0.382094 0.922455 -0.055503
vn 0.000000 0.998459 -0.055503
vn -0.382094 0.922455 -0.055503
vn -0.554746 0.830237 -0.054440
vn -0.830237 0.554746 -0.054440
vn -0.922455 0.382094 -0.055503
vn 0.829252 0.554088 0.072987
vn 0.554088 0.829252 0.072988
vn 0.381623 0.921318 0.074410
vn 0.000000 0.997228 0.074410
vn -0.381623 0.921318 0.074410
vn -0.829252 0.554088 0.072988
vn -0.554088 0.829252 0.072987
vn -0.921318 0.381623 0.074410
vn -0.997228 0.000000 0.074410
vn -0.921318 -0.381623 0.074410
vn -0.829252 -0.554088 0.072987
vn -0.554088 -0.829252 0.072988
vn -0.381623 -0.921318 0.074410
vn -0.000000 -0.997228 0.074410
vn 0.381623 -0.921318 0.074410
vn 0.554088 -0.829252 0.072987
vn 0.829252 -0.554088 0.072988
vn 0.921318 -0.381623 0.074410
vn 0.997228 -0.000000 0.074410
vn 0.921318 0.381623 0.074410
vn 0.381915 -0.922023 -0.063357
vn 0.829863 -0.554496 -0.062144
vn 0.554496 -0.829863 -0.062144
vn 0.922023 -0.381915 -0.063357
vn 0.997991 -0.000000 -0.063357
vn 0.922023 0.381915 -0.063357
vn 0.554496 0.829863 -0.062144
vn 0.829863 0.554496 -0.062144
vn 0.381915 0.922023 -0.063357
vn 0.000000 0.997991 -0.063357
vn -0.381915 0.922023 -0.063357
vn -0.554496 0.829863 -0.062144
vn -0.829863 0.554496 -0.062144
vn -0.922023 0.381915 -0.063357
vn -0.997991 0.000000 -0.063357
vn -0.922023 -0.381915 -0.063357
vn -0.829863 -0.554496 -0.062144
vn -0.554496 -0.829863 -0.062144
vn -0.381915 -0.922023 -0.063357
vn -0.000000 -0.997991 -0.063357
vn -0.370557 -0.894603 0.249746
vn 0.000000 -0.968311 0.249746
vn 0.370557 -0.894603 0.249746
vn 0.538605 -0.806079 0.245239
vn 0.806079 -0.538605 0.245239
vn 0.894603 -0.370557 0.249746
vn 0.968311 0.000000 0.249746
vn 0.894603 0.370557 0.249746
vn 0.538605 0.806079 0.245239
vn 0.806079 0.538605 0.245239
vn 0.370557 0.894603 0.249746
vn -0.000000 0.968311 0.249746
vn -0.370557 0.894603 0.249746
vn -0.538605 0.806079 0.245239
vn -0.806079 0.538605 0.245239
vn -0.894603 0.370557 0.249746
vn -0.968311 -0.000000 0.249746
vn -0.894603 -0.370557 0.249746
vn -0.806079 -0.538605 0.245239
vn -0.538605 -0.806079 0.245239
vn 0.993451 -0.000000 0.114263
vn 0.917829 0.380177 0.114263
vn 0.826229 0.552069 0.112095
vn 0.552069 0.826229 0.112095
vn 0.380177 0.917829 0.114263
vn 0.000000 0.993451 0.114263
vn -0.380177 0.917829 0.114263
vn -0.826229 0.552069 0.112095
vn -0.552069 0.826229 0.112095
vn -0.917829 0.380177 0.114263
vn -0.993451 0.000000 0.114263
vn -0.917829 -0.380177 0.114263
vn -0.826229 -0.552069 0.112095
vn -0.552069 -0.826229 0.112095
vn -0.380177 -0.917829 0.114263
vn -0.000000 -0.993451 0.114263
vn 0.380177 -0.917829 0.114263
vn 0.826229 -0.552069 0.112095
vn 0.552069 -0.826229 0.112095
vn 0.917829 -0.380177 0.114263
vn 0.959606 0.000000 -0.281349
vn 0.886560 0.367225 -0.281349
vn 0.799087 0.533933 -0.276360
vn 0.533933 0.799087 -0.276360
vn 0.367225 0.886560 -0.281349
vn -0.000000 0.959606 -0.281349
vn -0.367225 0.886560 -0.281349
vn -0.799087 0.533933 -0.276360
vn -0.533933 0.799087 -0.276360
vn -0.886560 0.367225 -0.281349
vn -0.959606 -0.000000 -0.281349
vn -0.886560 -0.367225 -0.281349
vn -0.533933 -0.799087 -0.276360
vn -0.799087 -0.533933 -0.276360
vn -0.367225 -0.886560 -0.281349
vn 0.000000 -0.959606 -0.281349
vn 0.367225 -0.886560 -0.281349
vn 0.799087 -0.533933 -0.276360
vn 0.533933 -0.799087 -0.276360
vn 0.886560 -0.367225 -0.281349
vn 0.992729 -0.000000 -0.120367
vn 0.917163 0.379901 -0.120366
vn 0.551683 0.825652 -0.118087
vn 0.825652 0.551683 -0.118087
vn 0.379901 0.917163 -0.120366
vn 0.000000 0.992729 -0.120367
vn -0.379901 0.917163 -0.120366
vn -0.825652 0.551683 -0.118087
vn -0.551683 0.825652 -0.118087
vn -0.917163 0.379901 -0.120366
vn -0.992729 0.000000 -0.120367
vn -0.917163 -0.379901 -0.120366
vn -0.551683 -0.825652 -0.118087
vn -0.825652 -0.551683 -0.118087
vn -0.379901 -0.917163 -0.120366
vn -0.000000 -0.992729 -0.120367
vn 0.379901 -0.917163 -0.120366
vn 0.825652 -0.551683 -0.118087
vn 0.551683 -0.825652 -0.118087
vn 0.917163 -0.379901 -0.120366
vn 0.000000 0.000000 1.000000
vn 0.896893 0.000000 0.442248
vn 0.828622 0.343226 0.442247
vn 0.000000 0.000000 1.000000
vn 0.748530 0.500152 0.435374
vn 0.000000 0.000000 1.000000
vn 0.500152 0.748530 0.435374
vn 0.000000 0.000000 1.000000
vn 0.343226 0.828622 0.442247
vn 0.000000 0.000000 1.000000
vn -0.000000 0.896893 0.442248
vn -0.343226 0.828622 0.442247
vn 0.000000 0.000000 1.000000
vn -0.500152 0.748530 0.435374
vn -0.748530 0.500152 0.435374
vn 0.000000 0.000000 1.000000
vn 0.000000 0.000000 1.000000
vn -0.828622 0.343226 0.442247
vn -0.896893 -0.000000 0.442248
vn 0.000000 0.000000 1.000000
vn 0.000000 0.000000 1.000000
vn -0.828622 -0.343226 0.442247
vn -0.748530 -0.500152 0.435374
vn 0.000000 0.000000 1.000000
vn -0.500152 -0.748530 0.435374
vn -0.343226 -0.828622 0.442247
vn 0.000000 0.000000 1.000000
vn 0.000000 -0.896893 0.442248
vn 0.000000 0.000000 1.000000
vn 0.343226 -0.828622 0.442247
vn 0.000000 0.000000 1.000000
vn 0.000000 0.000000 1.000000
vn 0.748530 -0.500152 0.435374
vn 0.500152 -0.748530 0.435374
vn 0.000000 0.000000 1.000000
vn 0.828622 -0.343226 0.442247
vn 1.000000 0.000000 0.000000
vn 0.000000 0.000000 1.000000
vn 0.923880 0.382683 0.000000
vn 0.000000 0.000000 1.000000
vn 0.555570 0.831470 0.000000
vn 0.831470 0.555570 0.000000
vn 0.000000 0.000000 1.000000
vn 0.000000 0.000000 1.000000
vn 0.382683 0.923880 0.000000
vn -0.000000 1.000000 0.000000
vn 0.000000 0.000000 1.000000
vn 0.000000 0.000000 1.000000
vn -0.382683 0.923880 0.000000
vn 0.000000 0.000000 1.000000
vn -0.555570 0.831470 0.000000
vn -0.831470 0.555570 0.000000
vn 0.000000 0.000000 1.000000
vn -0.923880 0.382683 0.000000
vn -1.000000 -0.000000 0.000000
vn 0.000000 0.000000 1.000000
vn 0.000000 0.000000 1.000000
vn -0.923880 -0.382683 0.000000
vn -0.555570 -0.831470 0.000000
vn 0.000000 0.000000 1.000000
vn -0.831470 -0.555570 0.000000
vn -0.382683 -0.923880 0.000000
vn 0.000000 0.000000 1.000000
vn 0.000000 -1.000000 0.000000
vn 0.000000 0.000000 1.000000
vn 0.000000 0.000000 1.000000
vn 0.382683 -0.923880 0.000000
vn 0.000000 0.000000 1.000000
vn 0.831470 -0.555570 0.000000
vn 0.555570 -0.831470 0.000000
vn 0.000000 0.000000 1.000000
vn 0.923880 -0.382683 0.000000
vn 1.000000 0.000000 0.000000
vn 0.000000 0.000000 1.000000
vn 0.000000 0.000000 1.000000
vn 0.923880 0.382683 0.000000
vn 0.831470 0.555570 0.000000
vn 0.000000 0.000000 1.000000
vn 0.555570 0.831470 0.000000
vn 0.000000 0.000000 1.000000
vn 0.382683 0.923880 0.000000
vn 0.000000 0.000000 1.000000
vn -0.000000 1.000000 0.000000
vn -0.382683 0.923880 0.000000
vn 0.000000 0.000000 1.000000
vn 0.000000 0.000000 1.000000
vn -0.831470 0.555570 0.000000
vn -0.555570 0.831470 0.000000
vn 0.000000 0.000000 1.000000
vn -0.923880 0.382683 0.000000
vn -1.000000 -0.000000 0.000000
vn 0.000000 0.000000 1.000000
vn 0.000000 0.000000 1.000000
vn -0.923880 -0.382683 0.000000
vn -0.555570 -0.831470 0.000000
vn -0.831470 -0.555570 0.000000
vn 0.000000 0.000000 1.000000
vn 0.000000 0.000000 1.000000
vn -0.382683 -0.923880 0.000000
vn 0.000000 0.000000 1.000000
vn 0.000000 -1.000000 0.000000
vn 0.382683 -0.923880 0.000000
vn 0.000000 0.000000 1.000000
vn 0.555570 -0.831470 0.000000
vn 0.000000 0.000000 1.000000
vn 0.831470 -0.555570 0.000000
vn 0.000000 0.000000 1.000000
vn 0.923880 -0.382683 0.000000
vn 0.000000 0.000000 1.000000
vn -1.000000 -0.000000 0.000000
vn -0.923880 -0.382683 0.000000
vn 0.000000 0.000000 1.000000
vn 0.000000 0.000000 1.000000
vn -0.555570 -0.831470 0.000000
vn -0.831470 -0.555570 0.000000
vn -0.382683 -0.923880 0.000000
vn 0.000000 0.000000 1.000000
vn 0.000000 0.000000 1.000000
vn 0.000000 -1.000000 0.000000
vn 0.000000 0.000000 1.000000
vn 0.382683 -0.923880 0.000000
vn 0.000000 0.000000 1.000000
vn 0.831470 -0.555570 0.000000
vn 0.555570 -0.831470 0.000000
vn 0.923880 -0.382683 0.000000
vn 0.000000 0.000000 1.000000
vn 0.000000 0.000000 1.000000
vn 1.000000 0.000000 0.000000
vn 0.923880 0.382683 0.000000
vn 0.000000 0.000000 1.000000
vn 0.000000 0.000000 1.000000
vn 0.555570 0.831470 0.000000
vn 0.831470 0.555570 0.000000
vn 0.000000 0.000000 1.000000
vn 0.382683 0.923880 0.000000
vn -0.000000 1.000000 0.000000
vn 0.000000 0.000000 1.000000
vn 0.000000 0.000000 1.000000
vn -0.382683 0.923880 0.000000
vn -0.831470 0.555570 0.000000
vn 0.000000 0.000000 1.000000
vn -0.555570 0.831470 0.000000
vn -0.923880 0.382683 0.000000
vn 0.000000 0.000000 1.000000
vn -1.000000 -0.000000 0.000000
vn 0.000000 0.000000 1.000000
vn 0.000000 0.000000 1.000000
vn -0.923880 -0.382683 0.000000
vn -0.831470 -0.555570 0.000000
vn -0.555570 -0.831470 0.000000
vn 0.000000 0.000000 1.000000
vn -0.382683 -0.923880 0.000000
vn 0.000000 0.000000 1.000000
vn 0.000000 0.000000 1.000000
vn 0.000000 -1.000000 0.000000
vn 0.000000 0.000000 1.000000
vn 0.382683 -0.923880 0.000000
vn 0.000000 0.000000 1.000000
vn 0.555570 -0.831470 0.000000
vn 0.831470 -0.555570 0.000000
vn 0.923880 -0.382683 0.000000
vn 0.000000 0.000000 1.000000
vn 1.000000 0.000000 0.000000
vn 0.000000 0.000000 1.000000
vn 0.923880 0.382683 0.000000
vn 0.000000 0.000000 1.000000
vn 0.831470 0.555570 0.000000
vn 0.555570 0.831470 0.000000
vn 0.000000 0.000000 1.000000
vn 0.382683 0.923880 -0.000000
vn 0.000000 0.000000 1.000000
vn 0.000000 1.000000 -0.000000
vn 0.000000 0.000000 1.000000
vn 0.000000 0.000000 1.000000
vn -0.382683 0.923880 0.000000
vn -0.555570 0.831470 0.000000
vn -0.831470 0.555570 0.000000
vn 0.000000 0.000000 1.000000
vn 0.000000 0.000000 1.000000
vn -0.923880 0.382683 0.000000
vn -0.923880 -0.382683 0.000000
vn 0.000000 0.000000 1.000000
vn 0.000000 0.000000 1.000000
vn -0.555570 -0.831470 0.000000
vn -0.831470 -0.555570 0.000000
vn 0.000000 0.000000 1.000000
vn -0.382683 -0.923880 0.000000
vn 0.000000 0.000000 1.000000
vn 0.000000 -1.000000 0.000000
vn 0.382683 -0.923880 0.000000
vn 0.000000 0.000000 1.000000
vn 0.000000 0.000000 1.000000
vn 0.555570 -0.831470 0.000000
vn 0.831470 -0.555570 0.000000
vn 0.000000 0.000000 1.000000
vn 0.923880 -0.382683 0.000000
vn 1.000000 0.000000 0.000000
vn 0.000000 0.000000 1.000000
vn 0.000000 0.000000 1.000000
vn 0.923880 0.382683 0.000000
vn 0.000000 0.000000 1.000000
vn 0.555570 0.831470 0.000000
vn 0.831470 0.555570 0.000000
vn 0.000000 0.000000 1.000000
vn 0.382683 0.923880 0.000000
vn -0.000000 1.000000 0.000000
vn 0.000000 0.000000 1.000000
vn 0.000000 0.000000 1.000000
vn -0.382683 0.923880 0.000000
vn -0.831470 0.555570 0.000000
vn 0.000000 0.000000 1.000000
vn -0.555570 0.831470 0.000000
vn 0.000000 0.000000 1.000000
vn -0.923880 0.382683 0.000000
vn -1.000000 -0.000000 0.000000
vn 0.000000 0.000000 1.000000
vn -0.831470 -0.555570 0.000000
vn -0.555570 -0.831470 0.000000
vn 0.000000 0.000000 -1.000000
vn 0.000000 0.000000 -1.000000
vn -0.382683 -0.923880 0.000000
vn -0.000000 -1.000000 -0.000000
vn 0.000000 0.000000 -1.000000
vn 0.000000 0.000000 -1.000000
vn 0.382683 -0.923880 -0.000000
vn 0.000000 0.000000 -1.000000
vn 0.555570 -0.831470 0.000000
vn 0.831470 -0.555570 0.000000
vn 0.923880 -0.382683 0.000000
vn 0.000000 0.000000 -1.000000
vn 0.000000 0.000000 -1.000000
vn 1.000000 0.000000 0.000000
vn 0.923880 0.382683 0.000000
vn 0.000000 0.000000 -1.000000
vn 0.555570 0.831470 0.000000
vn 0.000000 0.000000 -1.000000
vn 0.831470 0.555570 0.000000
vn 0.000000 0.000000 -1.000000
vn 0.382683 0.923880 0.000000
vn 0.000000 0.000000 -1.000000
vn -0.000000 1.000000 0.000000
vn -0.382683 0.923880 0.000000
vn 0.000000 0.000000 -1.000000
vn 0.000000 0.000000 -1.000000
vn -0.831470 0.555570 0.000000
vn -0.555570 0.831470 0.000000
vn -0.923880 0.382683 0.000000
vn 0.000000 0.000000 -1.000000
vn 0.000000 0.000000 -1.000000
vn -1.000000 -0.000000 0.000000
vn 0.000000 0.000000 -1.000000
vn -0.923880 -0.382683 0.000000
vn -0.923880 -0.382683 0.000000
vn 0.000000 0.000000 1.000000
vn 0.000000 0.000000 1.000000
vn -0.555570 -0.831470 0.000000
vn -0.831470 -0.555570 0.000000
vn 0.000000 0.000000 1.000000
vn -0.382683 -0.923880 0.000000
vn 0.000000 -1.000000 0.000000
vn 0.000000 0.000000 1.000000
vn 0.382683 -0.923880 0.000000
vn 0.000000 0.000000 1.000000
vn 0.555570 -0.831470 0.000000
vn 0.000000 0.000000 1.000000
vn 0.831470 -0.555570 0.000000
vn 0.923880 -0.382683 0.000000
vn 0.000000 0.000000 1.000000
vn 0.000000 0.000000 1.000000
vn 1.000000 0.000000 0.000000
vn 0.923880 0.382683 0.000000
vn 0.000000 0.000000 1.000000
vn 0.831470 0.555570 0.000000
vn 0.555570 0.831470 0.000000
vn 0.000000 0.000000 1.000000
vn 0.000000 0.000000 1.000000
vn 0.382683 0.923880 0.000000
vn -0.000000 1.000000 0.000000
vn 0.000000 0.000000 1.000000
vn -0.382683 0.923880 0.000000
vn 0.000000 0.000000 1.000000
vn -0.831470 0.555570 0.000000
vn 0.000000 0.000000 1.000000
vn -0.555570 0.831470 0.000000
vn 0.000000 0.000000 1.000000
vn -0.923880 0.382683 0.000000
vn -1.000000 -0.000000 0.000000
vn 0.000000 0.000000 1.000000
vn -0.831470 -0.555570 0.000000
vn -0.555570 -0.831470 0.000000
vn 0.000000 0.000000 -1.000000
vn -0.382683 -0.923880 0.000000
vn 0.000000 0.000000 -1.000000
vn 0.000000 0.000000 -1.000000
vn 0.000000 -1.000000 0.000000
vn 0.382683 -0.923880 0.000000
vn 0.000000 0.000000 -1.000000
vn 0.000000 0.000000 -1.000000
vn 0.555570 -0.831470 0.000000
vn 0.831470 -0.555570 0.000000
vn 0.923880 -0.382683 0.000000
vn 0.000000 0.000000 -1.000000
vn 0.000000 0.000000 -1.000000
vn 1.000000 0.000000 0.000000
vn 0.923880 0.382683 0.000000
vn 0.000000 0.000000 -1.000000
vn 0.831470 0.555570 0.000000
vn 0.555570 0.831470 0.000000
vn 0.000000 0.000000 -1.000000
vn 0.000000 0.000000 -1.000000
vn 0.382683 0.923880 0.000000
vn 0.000000 0.000000 -1.000000
vn -0.000000 1.000000 0.000000
vn -0.382683 0.923880 0.000000
vn 0.000000 0.000000 -1.000000
vn -0.555570 0.831470 0.000000
vn 0.000000 0.000000 -1.000000
vn -0.831470 0.555570 0.000000
vn 0.000000 0.000000 -1.000000
vn -0.923880 0.382683 0.000000
vn -1.000000 -0.000000 0.000000
vn 0.000000 0.000000 -1.000000
vn 0.000000 0.000000 -1.000000
vn -0.923880 -0.382683 0.000000
vn 0.841948 -0.348746 -0.411704
vn 0.911318 0.000000 -0.411704
vn 0.841948 0.348746 -0.411704
vn 0.507942 0.760189 -0.405102
vn 0.760189 0.507942 -0.405102
vn 0.348746 0.841948 -0.411704
vn -0.000000 0.911318 -0.411704
vn -0.348746 0.841948 -0.411704
vn -0.507942 0.760189 -0.405102
vn -0.760189 0.507942 -0.405102
vn -0.841948 0.348746 -0.411704
vn -0.911318 -0.000000 -0.411704
vn -0.841948 -0.348746 -0.411704
vn -0.760189 -0.507942 -0.405102
vn -0.507942 -0.760189 -0.405102
vn -0.348746 -0.841948 -0.411704
vn 0.000000 -0.911318 -0.411704
vn 0.348746 -0.841948 -0.411704
vn 0.760189 -0.507942 -0.405102
vn 0.507942 -0.760189 -0.405102
vn 0.894125 -0.370359 0.251744
vn 0.967794 0.000000 0.251744
vn 0.894125 0.370359 0.251744
vn 0.538327 0.805663 0.247205
vn 0.805664 0.538327 0.247205
vn 0.370359 0.894125 0.251744
vn -0.000000 0.967794 0.251744
vn -0.370359 0.894125 0.251744
vn -0.805663 0.538327 0.247205
vn -0.538327 0.805664 0.247205
vn -0.894125 0.370359 0.251744
vn -0.967794 -0.000000 0.251744
vn -0.894125 -0.370359 0.251744
vn -0.538327 -0.805663 0.247205
vn -0.805664 -0.538327 0.247205
vn -0.370359 -0.894125 0.251744
vn 0.000000 -0.967794 0.251744
vn 0.370359 -0.894125 0.251744
vn 0.538327 -0.805664 0.247205
vn 0.805663 -0.538327 0.247205
vn 0.278224 -0.224363 -0.933945
vn 0.341870 0.185560 -0.921245
vn -0.182174 0.326647 -0.927424
vn -0.305375 -0.145285 -0.941084
vn 0.355383 0.038086 -0.933945
vn 0.110528 0.372949 -0.921245
vn -0.359791 0.102158 -0.927424
vn -0.113201 -0.318664 -0.941084
vn 0.224363 0.278224 -0.933945
vn -0.185560 0.341870 -0.921245
vn -0.326647 -0.182174 -0.927424
vn 0.145285 -0.305375 -0.941084
vn -0.038086 0.355383 -0.933945
vn -0.372949 0.110528 -0.921245
vn -0.102158 -0.359791 -0.927424
vn 0.318664 -0.113201 -0.941084
vn -0.278224 0.224363 -0.933945
vn -0.341870 -0.185560 -0.921245
vn 0.182174 -0.326647 -0.927424
vn 0.305375 0.145285 -0.941084
vn -0.355383 -0.038086 -0.933945
vn -0.110528 -0.372949 -0.921245
vn 0.359791 -0.102158 -0.927424
vn 0.113201 0.318664 -0.941084
vn -0.224363 -0.278224 -0.933945
vn 0.185560 -0.341870 -0.921245
vn 0.326647 0.182174 -0.927424
vn -0.145285 0.305375 -0.941084
vn 0.038086 -0.355383 -0.933945
vn 0.372949 -0.110528 -0.921245
vn 0.102158 0.359791 -0.927424
vn -0.318664 0.113201 -0.941084
vn -0.028849 -0.026803 -0.999224
vn -0.001447 -0.039352 -0.999224
vn 0.026803 -0.028849 -0.999224
vn 0.039352 -0.001447 -0.999224
vn 0.028849 0.026803 -0.999224
vn 0.001447 0.039352 -0.999224
vn -0.026803 0.028849 -0.999224
vn -0.039352 0.001447 -0.999224
vn 0.978109 0.194558 0.073831
vn 0.829200 0.554054 0.073831
vn 0.554054 0.829200 0.073831
vn 0.194558 0.978109 0.073831
vn -0.194558 0.978109 0.073831
vn -0.554054 0.829200 0.073831
vn -0.829200 0.554054 0.073831
vn -0.978109 0.194558 0.073831
vn -0.978109 -0.194558 0.073831
vn -0.829200 -0.554054 0.073831
vn -0.554054 -0.829200 0.073831
vn -0.194558 -0.978109 0.073831
vn 0.194558 -0.978109 0.073831
vn 0.554054 -0.829200 0.073831
vn 0.829200 -0.554054 0.073831
vn 0.978109 -0.194558 0.073831
vn -0.979365 -0.194808 -0.053806
vn -0.830265 -0.554765 -0.053806
vn -0.554765 -0.830265 -0.053806
vn -0.194808 -0.979365 -0.053806
vn 0.194808 -0.979365 -0.053806
vn 0.554765 -0.830265 -0.053806
vn 0.830265 -0.554765 -0.053806
vn 0.979365 -0.194808 -0.053806
vn 0.979365 0.194808 -0.053806
vn 0.830265 0.554765 -0.053806
vn 0.554765 0.830265 -0.053806
vn 0.194808 0.979365 -0.053806
vn -0.194808 0.979365 -0.053806
vn -0.554765 0.830265 -0.053806
vn -0.830265 0.554765 -0.053806
vn -0.979365 0.194808 -0.053806
vn 0.827077 0.552635 0.102649
vn 0.552635 0.827077 0.102649
vn 0.380583 0.918808 0.104638
vn 0.000000 0.994510 0.104638
vn -0.380583 0.918808 0.104639
vn -0.827077 0.552635 0.102649
vn -0.552635 0.827077 0.102649
vn -0.918808 0.380583 0.104638
vn -0.994510 0.000000 0.104638
vn -0.918808 -0.380583 0.104639
vn -0.827077 -0.552635 0.102649
vn -0.552635 -0.827077 0.102649
vn -0.380583 -0.918808 0.104638
vn -0.000000 -0.994510 0.104638
vn 0.380583 -0.918808 0.104639
vn 0.552635 -0.827077 0.102649
vn 0.827077 -0.552635 0.102649
vn 0.918808 -0.380583 0.104638
vn 0.994510 -0.000000 0.104638
vn 0.918808 0.380583 0.104639
vn 0.552680 0.827144 0.101867
vn 0.194075 0.975683 0.101867
vn -0.194075 0.975683 0.101867
vn -0.552680 0.827144 0.101867
vn -0.827144 0.552680 0.101867
vn -0.975683 0.194075 0.101867
vn -0.975683 -0.194075 0.101867
vn -0.827144 -0.552680 0.101867
vn -0.552680 -0.827144 0.101867
vn -0.194075 -0.975683 0.101867
vn 0.194075 -0.975683 0.101867
vn 0.552680 -0.827144 0.101867
vn 0.827144 -0.552680 0.101867
vn 0.975683 -0.194075 0.101867
vn 0.975683 0.194075 0.101867
vn 0.827144 0.552680 0.101867
vn -0.553173 -0.827882 0.092790
vn -0.827882 -0.553173 0.092790
vn -0.919737 -0.380968 0.094592
vn -0.995516 -0.000000 0.094592
vn -0.919737 0.380968 0.094592
vn -0.827882 0.553173 0.092790
vn -0.553173 0.827882 0.092790
vn -0.380968 0.919737 0.094592
vn -0.000000 0.995516 0.094592
vn 0.380968 0.919737 0.094592
vn 0.553173 0.827882 0.092790
vn 0.827882 0.553173 0.092790
vn 0.919737 0.380968 0.094592
vn 0.995516 0.000000 0.094592
vn 0.919737 -0.380968 0.094592
vn 0.553173 -0.827882 0.092790
vn 0.827882 -0.553173 0.092790
vn 0.380968 -0.919737 0.094592
vn 0.000000 -0.995516 0.094592
vn -0.380968 -0.919737 0.094592
vn 0.903768 -0.000000 0.428022
vn 0.834973 -0.345857 0.428022
vn 0.503867 -0.754090 0.421269
vn 0.754090 -0.503867 0.421269
vn 0.345857 -0.834973 0.428022
vn -0.000000 -0.903768 0.428022
vn -0.345857 -0.834973 0.428022
vn -0.754090 -0.503867 0.421269
vn -0.503867 -0.754090 0.421269
vn -0.834973 -0.345857 0.428022
vn -0.903768 0.000000 0.428022
vn -0.834973 0.345857 0.428022
vn -0.754090 0.503867 0.421269
vn -0.503867 0.754090 0.421269
vn -0.345857 0.834973 0.428022
vn 0.000000 0.903768 0.428022
vn 0.345857 0.834973 0.428022
vn 0.754090 0.503867 0.421269
vn 0.503867 0.754090 0.421269
vn 0.834973 0.345857 0.428022
vn 0.985083 0.000000 -0.172080
vn 0.910098 -0.376975 -0.172080
vn 0.819529 -0.547591 -0.168869
vn 0.547591 -0.819529 -0.168869
vn 0.376975 -0.910098 -0.172080
vn 0.000000 -0.985083 -0.172080
vn -0.376975 -0.910098 -0.172080
vn -0.547591 -0.819529 -0.168869
vn -0.819529 -0.547591 -0.168869
vn -0.910098 -0.376975 -0.172080
vn -0.985083 -0.000000 -0.172080
vn -0.910098 0.376975 -0.172080
vn -0.819529 0.547591 -0.168869
vn -0.547591 0.819529 -0.168869
vn -0.376975 0.910098 -0.172080
vn -0.000000 0.985083 -0.172080
vn 0.376975 0.910098 -0.172080
vn 0.819529 0.547591 -0.168869
vn 0.547591 0.819529 -0.168869
vn 0.910098 0.376975 -0.172080
usemtl coca_cola
f 202/202/202 198/198/198 1/1/1
f 142/142/142 893/893/893 387/387/387
f 141/141/141 388/388/388 893/893/893
f 142/142/142 141/141/141 893/893/893
f 31/31/31 394/394/394 393/393/393
f 393/393/393 25/25/25 31/31/31
f 635/635/635 20/20/20 634/634/634
f 249/249/249 322/322/322 246/246/246
f 141/141/141 894/894/894 388/388/388
f 139/139/139 369/369/369 894/894/894
f 141/141/141 139/139/139 894/894/894
f 38/38/38 396/396/396 394/394/394
f 394/394/394 31/31/31 38/38/38
f 639/639/639 20/20/20 635/635/635
f 207/207/207 204/204/204 1/1/1
f 140/140/140 895/895/895 370/370/370
f 138/138/138 371/371/371 895/895/895
f 140/140/140 138/138/138 895/895/895
f 46/46/46 397/397/397 395/395/395
f 395/395/395 39/39/39 46/46/46
f 641/641/641 20/20/20 639/639/639
f 253/253/253 325/325/325 251/251/251
f 138/138/138 896/896/896 371/371/371
f 137/137/137 372/372/372 896/896/896
f 138/138/138 137/137/137 896/896/896
f 52/52/52 398/398/398 397/397/397
f 397/397/397 46/46/46 52/52/52
f 642/642/642 20/20/20 641/641/641
f 213/213/213 209/209/209 1/1/1
f 137/137/137 897/897/897 372/372/372
f 136/136/136 373/373/373 897/897/897
f 137/137/137 136/136/136 897/897/897
f 58/58/58 399/399/399 398/398/398
f 398/398/398 52/52/52 58/58/58
f 644/644/644 20/20/20 642/642/642
f 270/270/270 329/329/329 267/267/267
f 136/136/136 898/898/898 373/373/373
f 134/134/134 375/375/375 898/898/898
f 136/136/136 134/134/134 898/898/898
f 65/65/65 400/400/400 399/399/399
f 399/399/399 58/58/58 65/65/65
f 646/646/646 20/20/20 644/644/644
f 218/218/218 217/217/217 1/1/1
f 135/135/135 899/899/899 374/374/374
f 133/133/133 376/376/376 899/899/899
f 135/135/135 133/133/133 899/899/899
f 73/73/73 402/402/402 401/401/401
f 401/401/401 66/66/66 73/73/73
f 650/650/650 20/20/20 646/646/646
f 287/287/287 333/333/333 286/286/286
f 133/133/133 900/900/900 376/376/376
f 132/132/132 377/377/377 900/900/900
f 133/133/133 132/132/132 900/900/900
f 79/79/79 403/403/403 402/402/402
f 402/402/402 73/73/73 79/79/79
f 652/652/652 20/20/20 650/650/650
f 224/224/224 221/221/221 15/15/15
f 132/132/132 901/901/901 377/377/377
f 131/131/131 378/378/378 901/901/901
f 132/132/132 131/131/131 901/901/901
f 85/85/85 404/404/404 403/403/403
f 403/403/403 79/79/79 85/85/85
f 654/654/654 20/20/20 652/652/652
f 297/297/297 338/338/338 293/293/293
f 131/131/131 902/902/902 378/378/378
f 130/130/130 379/379/379 902/902/902
f 131/131/131 130/130/130 902/902/902
f 92/92/92 405/405/405 404/404/404
f 404/404/404 85/85/85 92/92/92
f 657/657/657 20/20/20 654/654/654
f 230/230/230 229/229/229 1/1/1
f 129/129/129 903/903/903 380/380/380
f 148/148/148 381/381/381 903/903/903
f 129/129/129 148/148/148 903/903/903
f 100/100/100 407/407/407 406/406/406
f 406/406/406 93/93/93 100/100/100
f 659/659/659 20/20/20 657/657/657
f 302/302/302 342/342/342 299/299/299
f 148/148/148 904/904/904 381/381/381
f 147/147/147 382/382/382 904/904/904
f 148/148/148 147/147/147 904/904/904
f 106/106/106 408/408/408 407/407/407
f 407/407/407 100/100/100 106/106/106
f 661/661/661 20/20/20 659/659/659
f 236/236/236 233/233/233 16/16/16
f 147/147/147 905/905/905 382/382/382
f 146/146/146 383/383/383 905/905/905
f 147/147/147 146/146/146 905/905/905
f 112/112/112 389/389/389 408/408/408
f 408/408/408 106/106/106 112/112/112
f 662/662/662 20/20/20 661/661/661
f 307/307/307 345/345/345 305/305/305
f 146/146/146 906/906/906 383/383/383
f 145/145/145 384/384/384 906/906/906
f 146/146/146 145/145/145 906/906/906
f 120/120/120 391/391/391 389/389/389
f 389/389/389 112/112/112 120/120/120
f 666/666/666 20/20/20 662/662/662
f 242/242/242 239/239/239 1/1/1
f 144/144/144 907/907/907 385/385/385
f 143/143/143 386/386/386 907/907/907
f 144/144/144 143/143/143 907/907/907
f 127/127/127 392/392/392 390/390/390
f 390/390/390 119/119/119 127/127/127
f 667/667/667 20/20/20 666/666/666
f 311/311/311 317/317/317 308/308/308
f 143/143/143 908/908/908 386/386/386
f 142/142/142 387/387/387 908/908/908
f 143/143/143 142/142/142 908/908/908
f 25/25/25 393/393/393 392/392/392
f 392/392/392 127/127/127 25/25/25
f 634/634/634 20/20/20 667/667/667
f 131/131/131 1010/1010/1010 1009/1009/1009
f 1009/1009/1009 130/130/130 131/131/131
f 132/132/132 1011/1011/1011 1010/1010/1010
f 1010/1010/1010 131/131/131 132/132/132
f 133/133/133 1012/1012/1012 1011/1011/1011
f 1011/1011/1011 132/132/132 133/133/133
f 135/135/135 1013/1013/1013 1012/1012/1012
f 1012/1012/1012 133/133/133 135/135/135
f 136/136/136 1015/1015/1015 1014/1014/1014
f 1014/1014/1014 134/134/134 136/136/136
f 137/137/137 1016/1016/1016 1015/1015/1015
f 1015/1015/1015 136/136/136 137/137/137
f 138/138/138 1017/1017/1017 1016/1016/1016
f 1016/1016/1016 137/137/137 138/138/138
f 140/140/140 1019/1019/1019 1017/1017/1017
f 1017/1017/1017 138/138/138 140/140/140
f 141/141/141 1020/1020/1020 1018/1018/1018
f 1018/1018/1018 139/139/139 141/141/141
f 142/142/142 1001/1001/1001 1020/1020/1020
f 1020/1020/1020 141/141/141 142/142/142
f 143/143/143 1002/1002/1002 1001/1001/1001
f 1001/1001/1001 142/142/142 143/143/143
f 144/144/144 1003/1003/1003 1002/1002/1002
f 1002/1002/1002 143/143/143 144/144/144
f 146/146/146 1005/1005/1005 1004/1004/1004
f 1004/1004/1004 145/145/145 146/146/146
f 147/147/147 1006/1006/1006 1005/1005/1005
f 1005/1005/1005 146/146/146 147/147/147
f 148/148/148 1007/1007/1007 1006/1006/1006
f 1006/1006/1006 147/147/147 148/148/148
f 129/129/129 1008/1008/1008 1007/1007/1007
f 1007/1007/1007 148/148/148 129/129/129
f 153/153/153 29/29/29 21/21/21
f 21/21/21 150/150/150 153/153/153
f 856/856/856 885/885/885 853/853/853
f 853/853/853 263/263/263 856/856/856
f 885/885/885 854/854/854 265/265/265
f 265/265/265 853/853/853 885/885/885
f 855/855/855 266/266/266 854/854/854
f 854/854/854 885/885/885 855/855/855
f 324/324/324 855/855/855 885/885/885
f 885/885/885 856/856/856 324/324/324
f 159/159/159 43/43/43 36/36/36
f 36/36/36 157/157/157 159/159/159
f 860/860/860 886/886/886 857/857/857
f 857/857/857 272/272/272 860/860/860
f 886/886/886 858/858/858 274/274/274
f 274/274/274 857/857/857 886/886/886
f 859/859/859 275/275/275 858/858/858
f 858/858/858 886/886/886 859/859/859
f 328/328/328 859/859/859 886/886/886
f 886/886/886 860/860/860 328/328/328
f 164/164/164 55/55/55 50/50/50
f 50/50/50 162/162/162 164/164/164
f 864/864/864 887/887/887 861/861/861
f 861/861/861 256/256/256 864/864/864
f 887/887/887 862/862/862 257/257/257
f 257/257/257 861/861/861 887/887/887
f 863/863/863 258/258/258 862/862/862
f 862/862/862 887/887/887 863/863/863
f 331/331/331 863/863/863 887/887/887
f 887/887/887 864/864/864 331/331/331
f 170/170/170 71/71/71 62/62/62
f 62/62/62 168/168/168 170/170/170
f 868/868/868 888/888/888 865/865/865
f 865/865/865 260/260/260 868/868/868
f 888/888/888 866/866/866 261/261/261
f 261/261/261 865/865/865 888/888/888
f 867/867/867 262/262/262 866/866/866
f 866/866/866 888/888/888 867/867/867
f 335/335/335 867/867/867 888/888/888
f 888/888/888 868/868/868 335/335/335
f 176/176/176 84/84/84 75/75/75
f 75/75/75 175/175/175 176/176/176
f 872/872/872 889/889/889 869/869/869
f 869/869/869 281/281/281 872/872/872
f 889/889/889 870/870/870 282/282/282
f 282/282/282 869/869/869 889/889/889
f 871/871/871 283/283/283 870/870/870
f 870/870/870 889/889/889 871/871/871
f 339/339/339 871/871/871 889/889/889
f 889/889/889 872/872/872 339/339/339
f 182/182/182 97/97/97 89/89/89
f 89/89/89 180/180/180 182/182/182
f 876/876/876 890/890/890 873/873/873
f 873/873/873 289/289/289 876/876/876
f 890/890/890 874/874/874 291/291/291
f 291/291/291 873/873/873 890/890/890
f 875/875/875 292/292/292 874/874/874
f 874/874/874 890/890/890 875/875/875
f 344/344/344 875/875/875 890/890/890
f 890/890/890 876/876/876 344/344/344
f 189/189/189 111/111/111 105/105/105
f 105/105/105 187/187/187 189/189/189
f 880/880/880 891/891/891 877/877/877
f 877/877/877 314/314/314 880/880/880
f 891/891/891 878/878/878 315/315/315
f 315/315/315 877/877/877 891/891/891
f 879/879/879 316/316/316 878/878/878
f 878/878/878 891/891/891 879/879/879
f 347/347/347 879/879/879 891/891/891
f 891/891/891 880/880/880 347/347/347
f 194/194/194 125/125/125 118/118/118
f 118/118/118 191/191/191 194/194/194
f 884/884/884 892/892/892 881/881/881
f 881/881/881 276/276/276 884/884/884
f 892/892/892 882/882/882 278/278/278
f 278/278/278 881/881/881 892/892/892
f 883/883/883 279/279/279 882/882/882
f 882/882/882 892/892/892 883/883/883
f 319/319/319 883/883/883 892/892/892
f 892/892/892 884/884/884 319/319/319
f 202/202/202 153/153/153 150/150/150
f 150/150/150 198/198/198 202/202/202
f 322/322/322 856/856/856 263/263/263
f 249/249/249 324/324/324 856/856/856
f 322/322/322 249/249/249 856/856/856
f 207/207/207 159/159/159 157/157/157
f 157/157/157 204/204/204 207/207/207
f 325/325/325 860/860/860 272/272/272
f 253/253/253 328/328/328 860/860/860
f 325/325/325 253/253/253 860/860/860
f 213/213/213 164/164/164 162/162/162
f 162/162/162 209/209/209 213/213/213
f 329/329/329 864/864/864 256/256/256
f 270/270/270 331/331/331 864/864/864
f 329/329/329 270/270/270 864/864/864
f 218/218/218 170/170/170 168/168/168
f 168/168/168 217/217/217 218/218/218
f 333/333/333 868/868/868 260/260/260
f 287/287/287 335/335/335 868/868/868
f 333/333/333 287/287/287 868/868/868
f 224/224/224 176/176/176 175/175/175
f 175/175/175 221/221/221 224/224/224
f 338/338/338 872/872/872 281/281/281
f 297/297/297 339/339/339 872/872/872
f 338/338/338 297/297/297 872/872/872
f 230/230/230 182/182/182 180/180/180
f 180/180/180 229/229/229 230/230/230
f 342/342/342 876/876/876 289/289/289
f 302/302/302 344/344/344 876/876/876
f 342/342/342 302/302/302 876/876/876
f 236/236/236 189/189/189 187/187/187
f 187/187/187 233/233/233 236/236/236
f 345/345/345 880/880/880 314/314/314
f 307/307/307 347/347/347 880/880/880
f 345/345/345 307/307/307 880/880/880
f 242/242/242 194/194/194 191/191/191
f 191/191/191 239/239/239 242/242/242
f 317/317/317 884/884/884 276/276/276
f 311/311/311 319/319/319 884/884/884
f 317/317/317 311/311/311 884/884/884
f 3/3/3 245/245/245 322/322/322
f 322/322/322 200/200/200 3/3/3
f 203/203/203 249/249/249 247/247/247
f 247/247/247 2/2/2 203/203/203
f 19/19/19 252/252/252 325/325/325
f 325/325/325 206/206/206 19/19/19
f 210/210/210 253/253/253 250/250/250
f 250/250/250 17/17/17 210/210/210
f 18/18/18 268/268/268 329/329/329
f 329/329/329 212/212/212 18/18/18
f 216/216/216 270/270/270 269/269/269
f 269/269/269 7/7/7 216/216/216
f 6/6/6 285/285/285 333/333/333
f 333/333/333 220/220/220 6/6/6
f 222/222/222 287/287/287 284/284/284
f 284/284/284 5/5/5 222/222/222
f 8/8/8 295/295/295 338/338/338
f 338/338/338 226/226/226 8/8/8
f 228/228/228 297/297/297 294/294/294
f 294/294/294 10/10/10 228/228/228
f 9/9/9 300/300/300 342/342/342
f 342/342/342 231/231/231 9/9/9
f 235/235/235 302/302/302 298/298/298
f 298/298/298 11/11/11 235/235/235
f 4/4/4 304/304/304 345/345/345
f 345/345/345 237/237/237 4/4/4
f 241/241/241 307/307/307 303/303/303
f 303/303/303 14/14/14 241/241/241
f 12/12/12 310/310/310 317/317/317
f 317/317/317 244/244/244 12/12/12
f 199/199/199 311/311/311 309/309/309
f 309/309/309 13/13/13 199/199/199
f 28/28/28 853/853/853 265/265/265
f 154/154/154 263/263/263 853/853/853
f 27/27/27 154/154/154 853/853/853
f 37/37/37 854/854/854 266/266/266
f 28/28/28 265/265/265 854/854/854
f 37/37/37 28/28/28 854/854/854
f 156/156/156 855/855/855 324/324/324
f 37/37/37 266/266/266 855/855/855
f 156/156/156 35/35/35 855/855/855
f 45/45/45 857/857/857 274/274/274
f 158/158/158 272/272/272 857/857/857
f 44/44/44 158/158/158 857/857/857
f 51/51/51 858/858/858 275/275/275
f 45/45/45 274/274/274 858/858/858
f 51/51/51 45/45/45 858/858/858
f 161/161/161 859/859/859 328/328/328
f 51/51/51 275/275/275 859/859/859
f 161/161/161 49/49/49 859/859/859
f 56/56/56 861/861/861 257/257/257
f 165/165/165 256/256/256 861/861/861
f 57/57/57 165/165/165 861/861/861
f 60/60/60 862/862/862 258/258/258
f 56/56/56 257/257/257 862/862/862
f 60/60/60 56/56/56 862/862/862
f 167/167/167 863/863/863 331/331/331
f 60/60/60 258/258/258 863/863/863
f 167/167/167 61/61/61 863/863/863
f 70/70/70 865/865/865 261/261/261
f 172/172/172 260/260/260 865/865/865
f 72/72/72 172/172/172 865/865/865
f 77/77/77 866/866/866 262/262/262
f 70/70/70 261/261/261 866/866/866
f 77/77/77 70/70/70 866/866/866
f 173/173/173 867/867/867 335/335/335
f 77/77/77 262/262/262 867/867/867
f 173/173/173 76/76/76 867/867/867
f 81/81/81 869/869/869 282/282/282
f 177/177/177 281/281/281 869/869/869
f 83/83/83 177/177/177 869/869/869
f 87/87/87 870/870/870 283/283/283
f 81/81/81 282/282/282 870/870/870
f 87/87/87 81/81/81 870/870/870
f 179/179/179 871/871/871 339/339/339
f 87/87/87 283/283/283 871/871/871
f 179/179/179 91/91/91 871/871/871
f 99/99/99 873/873/873 291/291/291
f 184/184/184 289/289/289 873/873/873
f 98/98/98 184/184/184 873/873/873
f 103/103/103 874/874/874 292/292/292
f 99/99/99 291/291/291 874/874/874
f 103/103/103 99/99/99 874/874/874
f 185/185/185 875/875/875 344/344/344
f 103/103/103 292/292/292 875/875/875
f 185/185/185 102/102/102 875/875/875
f 109/109/109 877/877/877 315/315/315
f 190/190/190 314/314/314 877/877/877
f 108/108/108 190/190/190 877/877/877
f 115/115/115 878/878/878 316/316/316
f 109/109/109 315/315/315 878/878/878
f 115/115/115 109/109/109 878/878/878
f 193/193/193 879/879/879 347/347/347
f 115/115/115 316/316/316 879/879/879
f 193/193/193 114/114/114 879/879/879
f 123/123/123 881/881/881 278/278/278
f 195/195/195 276/276/276 881/881/881
f 126/126/126 195/195/195 881/881/881
f 23/23/23 882/882/882 279/279/279
f 123/123/123 278/278/278 882/882/882
f 23/23/23 123/123/123 882/882/882
f 151/151/151 883/883/883 319/319/319
f 23/23/23 279/279/279 883/883/883
f 151/151/151 24/24/24 883/883/883
f 201/201/201 321/321/321 264/264/264
f 264/264/264 152/152/152 201/201/201
f 155/155/155 323/323/323 248/248/248
f 248/248/248 205/205/205 155/155/155
f 208/208/208 326/326/326 273/273/273
f 273/273/273 160/160/160 208/208/208
f 163/163/163 327/327/327 254/254/254
f 254/254/254 211/211/211 163/163/163
f 214/214/214 330/330/330 255/255/255
f 255/255/255 166/166/166 214/214/214
f 169/169/169 332/332/332 271/271/271
f 271/271/271 215/215/215 169/169/169
f 219/219/219 334/334/334 259/259/259
f 259/259/259 171/171/171 219/219/219
f 174/174/174 336/336/336 288/288/288
f 288/288/288 223/223/223 174/174/174
f 225/225/225 337/337/337 280/280/280
f 280/280/280 178/178/178 225/225/225
f 181/181/181 340/340/340 296/296/296
f 296/296/296 227/227/227 181/181/181
f 232/232/232 341/341/341 290/290/290
f 290/290/290 183/183/183 232/232/232
f 186/186/186 343/343/343 301/301/301
f 301/301/301 234/234/234 186/186/186
f 238/238/238 346/346/346 313/313/313
f 313/313/313 188/188/188 238/238/238
f 192/192/192 348/348/348 306/306/306
f 306/306/306 240/240/240 192/192/192
f 243/243/243 318/318/318 277/277/277
f 277/277/277 196/196/196 243/243/243
f 149/149/149 320/320/320 312/312/312
f 312/312/312 197/197/197 149/149/149
f 85/85/85 909/909/909 350/350/350
f 79/79/79 349/349/349 909/909/909
f 85/85/85 79/79/79 909/909/909
f 92/92/92 910/910/910 351/351/351
f 85/85/85 350/350/350 910/910/910
f 92/92/92 85/85/85 910/910/910
f 100/100/100 911/911/911 353/353/353
f 93/93/93 352/352/352 911/911/911
f 100/100/100 93/93/93 911/911/911
f 106/106/106 912/912/912 354/354/354
f 100/100/100 353/353/353 912/912/912
f 106/106/106 100/100/100 912/912/912
f 112/112/112 913/913/913 355/355/355
f 106/106/106 354/354/354 913/913/913
f 112/112/112 106/106/106 913/913/913
f 120/120/120 914/914/914 357/357/357
f 112/112/112 355/355/355 914/914/914
f 120/120/120 112/112/112 914/914/914
f 127/127/127 915/915/915 358/358/358
f 119/119/119 356/356/356 915/915/915
f 127/127/127 119/119/119 915/915/915
f 25/25/25 916/916/916 359/359/359
f 127/127/127 358/358/358 916/916/916
f 25/25/25 127/127/127 916/916/916
f 31/31/31 917/917/917 360/360/360
f 25/25/25 359/359/359 917/917/917
f 31/31/31 25/25/25 917/917/917
f 38/38/38 918/918/918 362/362/362
f 31/31/31 360/360/360 918/918/918
f 38/38/38 31/31/31 918/918/918
f 46/46/46 919/919/919 363/363/363
f 39/39/39 361/361/361 919/919/919
f 46/46/46 39/39/39 919/919/919
f 52/52/52 920/920/920 364/364/364
f 46/46/46 363/363/363 920/920/920
f 52/52/52 46/46/46 920/920/920
f 58/58/58 921/921/921 365/365/365
f 52/52/52 364/364/364 921/921/921
f 58/58/58 52/52/52 921/921/921
f 65/65/65 922/922/922 366/366/366
f 58/58/58 365/365/365 922/922/922
f 65/65/65 58/58/58 922/922/922
f 73/73/73 923/923/923 368/368/368
f 66/66/66 367/367/367 923/923/923
f 73/73/73 66/66/66 923/923/923
f 79/79/79 924/924/924 349/349/349
f 73/73/73 368/368/368 924/924/924
f 79/79/79 73/73/73 924/924/924
f 895/895/895 945/945/945 926/926/926
f 926/926/926 370/370/370 895/895/895
f 945/945/945 919/919/919 361/361/361
f 361/361/361 926/926/926 945/945/945
f 927/927/927 363/363/363 919/919/919
f 919/919/919 945/945/945 927/927/927
f 371/371/371 927/927/927 945/945/945
f 945/945/945 895/895/895 371/371/371
f 896/896/896 946/946/946 927/927/927
f 927/927/927 371/371/371 896/896/896
f 946/946/946 920/920/920 363/363/363
f 363/363/363 927/927/927 946/946/946
f 928/928/928 364/364/364 920/920/920
f 920/920/920 946/946/946 928/928/928
f 372/372/372 928/928/928 946/946/946
f 946/946/946 896/896/896 372/372/372
f 897/897/897 947/947/947 928/928/928
f 928/928/928 372/372/372 897/897/897
f 947/947/947 921/921/921 364/364/364
f 364/364/364 928/928/928 947/947/947
f 929/929/929 365/365/365 921/921/921
f 921/921/921 947/947/947 929/929/929
f 373/373/373 929/929/929 947/947/947
f 947/947/947 897/897/897 373/373/373
f 898/898/898 948/948/948 929/929/929
f 929/929/929 373/373/373 898/898/898
f 948/948/948 922/922/922 365/365/365
f 365/365/365 929/929/929 948/948/948
f 931/931/931 366/366/366 922/922/922
f 922/922/922 948/948/948 931/931/931
f 375/375/375 931/931/931 948/948/948
f 948/948/948 898/898/898 375/375/375
f 899/899/899 949/949/949 930/930/930
f 930/930/930 374/374/374 899/899/899
f 949/949/949 923/923/923 367/367/367
f 367/367/367 930/930/930 949/949/949
f 932/932/932 368/368/368 923/923/923
f 923/923/923 949/949/949 932/932/932
f 376/376/376 932/932/932 949/949/949
f 949/949/949 899/899/899 376/376/376
f 900/900/900 950/950/950 932/932/932
f 932/932/932 376/376/376 900/900/900
f 950/950/950 924/924/924 368/368/368
f 368/368/368 932/932/932 950/950/950
f 933/933/933 349/349/349 924/924/924
f 924/924/924 950/950/950 933/933/933
f 377/377/377 933/933/933 950/950/950
f 950/950/950 900/900/900 377/377/377
f 901/901/901 951/951/951 933/933/933
f 933/933/933 377/377/377 901/901/901
f 951/951/951 909/909/909 349/349/349
f 349/349/349 933/933/933 951/951/951
f 934/934/934 350/350/350 909/909/909
f 909/909/909 951/951/951 934/934/934
f 378/378/378 934/934/934 951/951/951
f 951/951/951 901/901/901 378/378/378
f 902/902/902 952/952/952 934/934/934
f 934/934/934 378/378/378 902/902/902
f 952/952/952 910/910/910 350/350/350
f 350/350/350 934/934/934 952/952/952
f 935/935/935 351/351/351 910/910/910
f 910/910/910 952/952/952 935/935/935
f 379/379/379 935/935/935 952/952/952
f 952/952/952 902/902/902 379/379/379
f 903/903/903 953/953/953 936/936/936
f 936/936/936 380/380/380 903/903/903
f 953/953/953 911/911/911 352/352/352
f 352/352/352 936/936/936 953/953/953
f 937/937/937 353/353/353 911/911/911
f 911/911/911 953/953/953 937/937/937
f 381/381/381 937/937/937 953/953/953
f 953/953/953 903/903/903 381/381/381
f 904/904/904 954/954/954 937/937/937
f 937/937/937 381/381/381 904/904/904
f 954/954/954 912/912/912 353/353/353
f 353/353/353 937/937/937 954/954/954
f 938/938/938 354/354/354 912/912/912
f 912/912/912 954/954/954 938/938/938
f 382/382/382 938/938/938 954/954/954
f 954/954/954 904/904/904 382/382/382
f 905/905/905 955/955/955 938/938/938
f 938/938/938 382/382/382 905/905/905
f 955/955/955 913/913/913 354/354/354
f 354/354/354 938/938/938 955/955/955
f 939/939/939 355/355/355 913/913/913
f 913/913/913 955/955/955 939/939/939
f 383/383/383 939/939/939 955/955/955
f 955/955/955 905/905/905 383/383/383
f 906/906/906 956/956/956 939/939/939
f 939/939/939 383/383/383 906/906/906
f 956/956/956 914/914/914 355/355/355
f 355/355/355 939/939/939 956/956/956
f 940/940/940 357/357/357 914/914/914
f 914/914/914 956/956/956 940/940/940
f 384/384/384 940/940/940 956/956/956
f 956/956/956 906/906/906 384/384/384
f 907/907/907 957/957/957 941/941/941
f 941/941/941 385/385/385 907/907/907
f 957/957/957 915/915/915 356/356/356
f 356/356/356 941/941/941 957/957/957
f 942/942/942 358/358/358 915/915/915
f 915/915/915 957/957/957 942/942/942
f 386/386/386 942/942/942 957/957/957
f 957/957/957 907/907/907 386/386/386
f 908/908/908 958/958/958 942/942/942
f 942/942/942 386/386/386 908/908/908
f 958/958/958 916/916/916 358/358/358
f 358/358/358 942/942/942 958/958/958
f 943/943/943 359/359/359 916/916/916
f 916/916/916 958/958/958 943/943/943
f 387/387/387 943/943/943 958/958/958
f 958/958/958 908/908/908 387/387/387
f 893/893/893 959/959/959 943/943/943
f 943/943/943 387/387/387 893/893/893
f 959/959/959 917/917/917 359/359/359
f 359/359/359 943/943/943 959/959/959
f 944/944/944 360/360/360 917/917/917
f 917/917/917 959/959/959 944/944/944
f 388/388/388 944/944/944 959/959/959
f 959/959/959 893/893/893 388/388/388
f 894/894/894 960/960/960 944/944/944
f 944/944/944 388/388/388 894/894/894
f 960/960/960 918/918/918 360/360/360
f 360/360/360 944/944/944 960/960/960
f 925/925/925 362/362/362 918/918/918
f 918/918/918 960/960/960 925/925/925
f 369/369/369 925/925/925 960/960/960
f 960/960/960 894/894/894 369/369/369
f 976/976/976 412/412/412 411/411/411
f 411/411/411 978/978/978 976/976/976
f 975/975/975 414/414/414 413/413/413
f 413/413/413 977/977/977 975/975/975
f 974/974/974 415/415/415 414/414/414
f 414/414/414 975/975/975 974/974/974
f 973/973/973 416/416/416 415/415/415
f 415/415/415 974/974/974 973/973/973
f 972/972/972 418/418/418 416/416/416
f 416/416/416 973/973/973 972/972/972
f 970/970/970 419/419/419 417/417/417
f 417/417/417 971/971/971 970/970/970
f 969/969/969 420/420/420 419/419/419
f 419/419/419 970/970/970 969/969/969
f 968/968/968 421/421/421 420/420/420
f 420/420/420 969/969/969 968/968/968
f 967/967/967 422/422/422 421/421/421
f 421/421/421 968/968/968 967/967/967
f 965/965/965 424/424/424 423/423/423
f 423/423/423 966/966/966 965/965/965
f 964/964/964 425/425/425 424/424/424
f 424/424/424 965/965/965 964/964/964
f 963/963/963 426/426/426 425/425/425
f 425/425/425 964/964/964 963/963/963
f 962/962/962 427/427/427 426/426/426
f 426/426/426 963/963/963 962/962/962
f 980/980/980 409/409/409 428/428/428
f 428/428/428 961/961/961 980/980/980
f 979/979/979 410/410/410 409/409/409
f 409/409/409 980/980/980 979/979/979
f 978/978/978 411/411/411 410/410/410
f 410/410/410 979/979/979 978/978/978
f 986/986/986 107/107/107 101/101/101
f 101/101/101 987/987/987 986/986/986
f 985/985/985 113/113/113 107/107/107
f 107/107/107 986/986/986 985/985/985
f 983/983/983 121/121/121 113/113/113
f 113/113/113 985/985/985 983/983/983
f 982/982/982 128/128/128 122/122/122
f 122/122/122 984/984/984 982/982/982
f 981/981/981 26/26/26 128/128/128
f 128/128/128 982/982/982 981/981/981
f 1000/1000/1000 32/32/32 26/26/26
f 26/26/26 981/981/981 1000/1000/1000
f 998/998/998 40/40/40 32/32/32
f 32/32/32 1000/1000/1000 998/998/998
f 997/997/997 47/47/47 41/41/41
f 41/41/41 999/999/999 997/997/997
f 996/996/996 53/53/53 47/47/47
f 47/47/47 997/997/997 996/996/996
f 995/995/995 59/59/59 53/53/53
f 53/53/53 996/996/996 995/995/995
f 994/994/994 67/67/67 59/59/59
f 59/59/59 995/995/995 994/994/994
f 992/992/992 74/74/74 68/68/68
f 68/68/68 993/993/993 992/992/992
f 991/991/991 80/80/80 74/74/74
f 74/74/74 992/992/992 991/991/991
f 990/990/990 86/86/86 80/80/80
f 80/80/80 991/991/991 990/990/990
f 988/988/988 94/94/94 86/86/86
f 86/86/86 990/990/990 988/988/988
f 987/987/987 101/101/101 95/95/95
f 95/95/95 989/989/989 987/987/987
f 429/429/429 26/26/26 32/32/32
f 32/32/32 430/430/430 429/429/429
f 430/430/430 32/32/32 40/40/40
f 40/40/40 431/431/431 430/430/430
f 432/432/432 41/41/41 47/47/47
f 47/47/47 433/433/433 432/432/432
f 433/433/433 47/47/47 53/53/53
f 53/53/53 434/434/434 433/433/433
f 434/434/434 53/53/53 59/59/59
f 59/59/59 435/435/435 434/434/434
f 435/435/435 59/59/59 67/67/67
f 67/67/67 437/437/437 435/435/435
f 436/436/436 68/68/68 74/74/74
f 74/74/74 438/438/438 436/436/436
f 438/438/438 74/74/74 80/80/80
f 80/80/80 439/439/439 438/438/438
f 439/439/439 80/80/80 86/86/86
f 86/86/86 440/440/440 439/439/439
f 440/440/440 86/86/86 94/94/94
f 94/94/94 441/441/441 440/440/440
f 442/442/442 95/95/95 101/101/101
f 101/101/101 443/443/443 442/442/442
f 443/443/443 101/101/101 107/107/107
f 107/107/107 444/444/444 443/443/443
f 444/444/444 107/107/107 113/113/113
f 113/113/113 445/445/445 444/444/444
f 445/445/445 113/113/113 121/121/121
f 121/121/121 447/447/447 445/445/445
f 446/446/446 122/122/122 128/128/128
f 128/128/128 448/448/448 446/446/446
f 448/448/448 128/128/128 26/26/26
f 26/26/26 429/429/429 448/448/448
f 449/449/449 429/429/429 430/430/430
f 430/430/430 450/450/450 449/449/449
f 450/450/450 430/430/430 431/431/431
f 431/431/431 451/451/451 450/450/450
f 452/452/452 432/432/432 433/433/433
f 433/433/433 453/453/453 452/452/452
f 453/453/453 433/433/433 434/434/434
f 434/434/434 454/454/454 453/453/453
f 454/454/454 434/434/434 435/435/435
f 435/435/435 455/455/455 454/454/454
f 455/455/455 435/435/435 437/437/437
f 437/437/437 457/457/457 455/455/455
f 456/456/456 436/436/436 438/438/438
f 438/438/438 458/458/458 456/456/456
f 458/458/458 438/438/438 439/439/439
f 439/439/439 459/459/459 458/458/458
f 459/459/459 439/439/439 440/440/440
f 440/440/440 460/460/460 459/459/459
f 460/460/460 440/440/440 441/441/441
f 441/441/441 462/462/462 460/460/460
f 461/461/461 442/442/442 443/443/443
f 443/443/443 463/463/463 461/461/461
f 463/463/463 443/443/443 444/444/444
f 444/444/444 464/464/464 463/463/463
f 464/464/464 444/444/444 445/445/445
f 445/445/445 465/465/465 464/464/464
f 465/465/465 445/445/445 447/447/447
f 447/447/447 467/467/467 465/465/465
f 466/466/466 446/446/446 448/448/448
f 448/448/448 468/468/468 466/466/466
f 468/468/468 448/448/448 429/429/429
f 429/429/429 449/449/449 468/468/468
f 814/814/814 449/449/449 450/450/450
f 450/450/450 815/815/815 814/814/814
f 815/815/815 450/450/450 451/451/451
f 451/451/451 817/817/817 815/815/815
f 816/816/816 452/452/452 453/453/453
f 453/453/453 818/818/818 816/816/816
f 818/818/818 453/453/453 454/454/454
f 454/454/454 819/819/819 818/818/818
f 819/819/819 454/454/454 455/455/455
f 455/455/455 820/820/820 819/819/819
f 820/820/820 455/455/455 457/457/457
f 457/457/457 821/821/821 820/820/820
f 822/822/822 456/456/456 458/458/458
f 458/458/458 823/823/823 822/822/822
f 823/823/823 458/458/458 459/459/459
f 459/459/459 824/824/824 823/823/823
f 824/824/824 459/459/459 460/460/460
f 460/460/460 825/825/825 824/824/824
f 825/825/825 460/460/460 462/462/462
f 462/462/462 826/826/826 825/825/825
f 827/827/827 461/461/461 463/463/463
f 463/463/463 828/828/828 827/827/827
f 828/828/828 463/463/463 464/464/464
f 464/464/464 829/829/829 828/828/828
f 829/829/829 464/464/464 465/465/465
f 465/465/465 830/830/830 829/829/829
f 830/830/830 465/465/465 467/467/467
f 467/467/467 832/832/832 830/830/830
f 831/831/831 466/466/466 468/468/468
f 468/468/468 813/813/813 831/831/831
f 813/813/813 468/468/468 449/449/449
f 449/449/449 814/814/814 813/813/813
f 834/834/834 469/469/469 470/470/470
f 470/470/470 835/835/835 834/834/834
f 835/835/835 470/470/470 472/472/472
f 472/472/472 837/837/837 835/835/835
f 836/836/836 471/471/471 473/473/473
f 473/473/473 838/838/838 836/836/836
f 838/838/838 473/473/473 474/474/474
f 474/474/474 839/839/839 838/838/838
f 839/839/839 474/474/474 475/475/475
f 475/475/475 840/840/840 839/839/839
f 840/840/840 475/475/475 477/477/477
f 477/477/477 842/842/842 840/840/840
f 841/841/841 476/476/476 478/478/478
f 478/478/478 843/843/843 841/841/841
f 843/843/843 478/478/478 479/479/479
f 479/479/479 844/844/844 843/843/843
f 844/844/844 479/479/479 480/480/480
f 480/480/480 845/845/845 844/844/844
f 845/845/845 480/480/480 482/482/482
f 482/482/482 847/847/847 845/845/845
f 846/846/846 481/481/481 483/483/483
f 483/483/483 848/848/848 846/846/846
f 848/848/848 483/483/483 484/484/484
f 484/484/484 849/849/849 848/848/848
f 849/849/849 484/484/484 485/485/485
f 485/485/485 850/850/850 849/849/849
f 850/850/850 485/485/485 487/487/487
f 487/487/487 851/851/851 850/850/850
f 852/852/852 486/486/486 488/488/488
f 488/488/488 833/833/833 852/852/852
f 833/833/833 488/488/488 469/469/469
f 469/469/469 834/834/834 833/833/833
f 526/526/526 489/489/489 492/492/492
f 492/492/492 528/528/528 526/526/526
f 528/528/528 492/492/492 494/494/494
f 494/494/494 531/531/531 528/528/528
f 531/531/531 494/494/494 496/496/496
f 496/496/496 532/532/532 531/531/531
f 532/532/532 496/496/496 498/498/498
f 498/498/498 535/535/535 532/532/532
f 535/535/535 498/498/498 501/501/501
f 501/501/501 536/536/536 535/535/535
f 536/536/536 501/501/501 504/504/504
f 504/504/504 538/538/538 536/536/536
f 538/538/538 504/504/504 505/505/505
f 505/505/505 541/541/541 538/538/538
f 541/541/541 505/505/505 508/508/508
f 508/508/508 544/544/544 541/541/541
f 544/544/544 508/508/508 509/509/509
f 509/509/509 545/545/545 544/544/544
f 545/545/545 509/509/509 512/512/512
f 512/512/512 548/548/548 545/545/545
f 548/548/548 512/512/512 515/515/515
f 515/515/515 551/551/551 548/548/548
f 551/551/551 515/515/515 517/517/517
f 517/517/517 553/553/553 551/551/551
f 553/553/553 517/517/517 519/519/519
f 519/519/519 554/554/554 553/553/553
f 554/554/554 519/519/519 520/520/520
f 520/520/520 556/556/556 554/554/554
f 556/556/556 520/520/520 523/523/523
f 523/523/523 559/559/559 556/556/556
f 559/559/559 523/523/523 489/489/489
f 489/489/489 526/526/526 559/559/559
f 685/685/685 525/525/525 527/527/527
f 527/527/527 688/688/688 685/685/685
f 688/688/688 527/527/527 530/530/530
f 530/530/530 691/691/691 688/688/688
f 690/690/690 529/529/529 533/533/533
f 533/533/533 693/693/693 690/690/690
f 693/693/693 533/533/533 534/534/534
f 534/534/534 694/694/694 693/693/693
f 694/694/694 534/534/534 537/537/537
f 537/537/537 697/697/697 694/694/694
f 697/697/697 537/537/537 539/539/539
f 539/539/539 700/700/700 697/697/697
f 698/698/698 540/540/540 542/542/542
f 542/542/542 702/702/702 698/698/698
f 702/702/702 542/542/542 543/543/543
f 543/543/543 703/703/703 702/702/702
f 703/703/703 543/543/543 546/546/546
f 546/546/546 669/669/669 703/703/703
f 669/669/669 546/546/546 549/549/549
f 549/549/549 673/673/673 669/669/669
f 672/672/672 547/547/547 550/550/550
f 550/550/550 675/675/675 672/672/672
f 675/675/675 550/550/550 552/552/552
f 552/552/552 677/677/677 675/675/675
f 677/677/677 552/552/552 555/555/555
f 555/555/555 678/678/678 677/677/677
f 678/678/678 555/555/555 558/558/558
f 558/558/558 681/681/681 678/678/678
f 682/682/682 557/557/557 560/560/560
f 560/560/560 684/684/684 682/682/682
f 684/684/684 560/560/560 525/525/525
f 525/525/525 685/685/685 684/684/684
f 597/597/597 562/562/562 563/563/563
f 563/563/563 600/600/600 597/597/597
f 600/600/600 563/563/563 566/566/566
f 566/566/566 601/601/601 600/600/600
f 601/601/601 566/566/566 568/568/568
f 568/568/568 605/605/605 601/601/601
f 605/605/605 568/568/568 570/570/570
f 570/570/570 606/606/606 605/605/605
f 606/606/606 570/570/570 573/573/573
f 573/573/573 608/608/608 606/606/606
f 608/608/608 573/573/573 574/574/574
f 574/574/574 610/610/610 608/608/608
f 610/610/610 574/574/574 577/577/577
f 577/577/577 614/614/614 610/610/610
f 614/614/614 577/577/577 580/580/580
f 580/580/580 615/615/615 614/614/614
f 615/615/615 580/580/580 581/581/581
f 581/581/581 618/618/618 615/615/615
f 618/618/618 581/581/581 585/585/585
f 585/585/585 619/619/619 618/618/618
f 619/619/619 585/585/585 586/586/586
f 586/586/586 622/622/622 619/619/619
f 622/622/622 586/586/586 588/588/588
f 588/588/588 625/625/625 622/622/622
f 625/625/625 588/588/588 591/591/591
f 591/591/591 626/626/626 625/625/625
f 626/626/626 591/591/591 593/593/593
f 593/593/593 629/629/629 626/626/626
f 629/629/629 593/593/593 595/595/595
f 595/595/595 632/632/632 629/629/629
f 632/632/632 595/595/595 562/562/562
f 562/562/562 597/597/597 632/632/632
f 633/633/633 598/598/598 599/599/599
f 599/599/599 636/636/636 633/633/633
f 636/636/636 599/599/599 603/603/603
f 603/603/603 637/637/637 636/636/636
f 638/638/638 602/602/602 604/604/604
f 604/604/604 640/640/640 638/638/638
f 640/640/640 604/604/604 607/607/607
f 607/607/607 643/643/643 640/640/640
f 643/643/643 607/607/607 609/609/609
f 609/609/609 645/645/645 643/643/643
f 645/645/645 609/609/609 612/612/612
f 612/612/612 647/647/647 645/645/645
f 648/648/648 611/611/611 613/613/613
f 613/613/613 649/649/649 648/648/648
f 649/649/649 613/613/613 616/616/616
f 616/616/616 651/651/651 649/649/649
f 651/651/651 616/616/616 617/617/617
f 617/617/617 653/653/653 651/651/651
f 653/653/653 617/617/617 621/621/621
f 621/621/621 655/655/655 653/653/653
f 656/656/656 620/620/620 623/623/623
f 623/623/623 658/658/658 656/656/656
f 658/658/658 623/623/623 624/624/624
f 624/624/624 660/660/660 658/658/658
f 660/660/660 624/624/624 627/627/627
f 627/627/627 663/663/663 660/660/660
f 663/663/663 627/627/627 630/630/630
f 630/630/630 664/664/664 663/663/663
f 665/665/665 628/628/628 631/631/631
f 631/631/631 668/668/668 665/665/665
f 668/668/668 631/631/631 598/598/598
f 598/598/598 633/633/633 668/668/668
f 745/745/745 777/777/777 812/812/812
f 812/812/812 741/741/741 745/745/745
f 747/747/747 780/780/780 778/778/778
f 778/778/778 744/744/744 747/747/747
f 748/748/748 783/783/783 780/780/780
f 780/780/780 747/747/747 748/748/748
f 750/750/750 784/784/784 783/783/783
f 783/783/783 748/748/748 750/750/750
f 752/752/752 787/787/787 784/784/784
f 784/784/784 750/750/750 752/752/752
f 755/755/755 789/789/789 788/788/788
f 788/788/788 754/754/754 755/755/755
f 758/758/758 792/792/792 789/789/789
f 789/789/789 755/755/755 758/758/758
f 759/759/759 793/793/793 792/792/792
f 792/792/792 758/758/758 759/759/759
f 761/761/761 795/795/795 793/793/793
f 793/793/793 759/759/759 761/761/761
f 765/765/765 799/799/799 796/796/796
f 796/796/796 762/762/762 765/765/765
f 766/766/766 801/801/801 799/799/799
f 799/799/799 765/765/765 766/766/766
f 768/768/768 802/802/802 801/801/801
f 801/801/801 766/766/766 768/768/768
f 772/772/772 804/804/804 802/802/802
f 802/802/802 768/768/768 772/772/772
f 774/774/774 808/808/808 806/806/806
f 806/806/806 770/770/770 774/774/774
f 775/775/775 809/809/809 808/808/808
f 808/808/808 774/774/774 775/775/775
f 741/741/741 812/812/812 809/809/809
f 809/809/809 775/775/775 741/741/741
f 709/709/709 587/587/587 583/583/583
f 583/583/583 706/706/706 709/709/709
f 710/710/710 589/589/589 587/587/587
f 587/587/587 709/709/709 710/710/710
f 713/713/713 590/590/590 589/589/589
f 589/589/589 710/710/710 713/713/713
f 715/715/715 592/592/592 590/590/590
f 590/590/590 713/713/713 715/715/715
f 717/717/717 596/596/596 594/594/594
f 594/594/594 716/716/716 717/717/717
f 720/720/720 561/561/561 596/596/596
f 596/596/596 717/717/717 720/720/720
f 721/721/721 564/564/564 561/561/561
f 561/561/561 720/720/720 721/721/721
f 725/725/725 565/565/565 564/564/564
f 564/564/564 721/721/721 725/725/725
f 727/727/727 569/569/569 567/567/567
f 567/567/567 723/723/723 727/727/727
f 729/729/729 571/571/571 569/569/569
f 569/569/569 727/727/727 729/729/729
f 730/730/730 572/572/572 571/571/571
f 571/571/571 729/729/729 730/730/730
f 734/734/734 576/576/576 572/572/572
f 572/572/572 730/730/730 734/734/734
f 735/735/735 578/578/578 575/575/575
f 575/575/575 733/733/733 735/735/735
f 738/738/738 579/579/579 578/578/578
f 578/578/578 735/735/735 738/738/738
f 740/740/740 582/582/582 579/579/579
f 579/579/579 738/738/738 740/740/740
f 705/705/705 584/584/584 582/582/582
f 582/582/582 740/740/740 705/705/705
f 779/779/779 707/707/707 739/739/739
f 739/739/739 811/811/811 779/779/779
f 742/742/742 670/670/670 671/671/671
f 671/671/671 743/743/743 742/742/742
f 781/781/781 708/708/708 707/707/707
f 707/707/707 779/779/779 781/781/781
f 743/743/743 671/671/671 674/674/674
f 674/674/674 746/746/746 743/743/743
f 782/782/782 711/711/711 708/708/708
f 708/708/708 781/781/781 782/782/782
f 746/746/746 674/674/674 676/676/676
f 676/676/676 749/749/749 746/746/746
f 785/785/785 712/712/712 711/711/711
f 711/711/711 782/782/782 785/785/785
f 749/749/749 676/676/676 679/679/679
f 679/679/679 751/751/751 749/749/749
f 786/786/786 714/714/714 712/712/712
f 712/712/712 785/785/785 786/786/786
f 751/751/751 679/679/679 680/680/680
f 680/680/680 753/753/753 751/751/751
f 790/790/790 718/718/718 714/714/714
f 714/714/714 786/786/786 790/790/790
f 753/753/753 680/680/680 683/683/683
f 683/683/683 756/756/756 753/753/753
f 791/791/791 719/719/719 718/718/718
f 718/718/718 790/790/790 791/791/791
f 756/756/756 683/683/683 686/686/686
f 686/686/686 757/757/757 756/756/756
f 794/794/794 722/722/722 719/719/719
f 719/719/719 791/791/791 794/794/794
f 757/757/757 686/686/686 687/687/687
f 687/687/687 760/760/760 757/757/757
f 797/797/797 724/724/724 722/722/722
f 722/722/722 794/794/794 797/797/797
f 760/760/760 687/687/687 689/689/689
f 689/689/689 763/763/763 760/760/760
f 798/798/798 726/726/726 724/724/724
f 724/724/724 797/797/797 798/798/798
f 763/763/763 689/689/689 692/692/692
f 692/692/692 764/764/764 763/763/763
f 800/800/800 728/728/728 726/726/726
f 726/726/726 798/798/798 800/800/800
f 764/764/764 692/692/692 695/695/695
f 695/695/695 767/767/767 764/764/764
f 803/803/803 731/731/731 728/728/728
f 728/728/728 800/800/800 803/803/803
f 767/767/767 695/695/695 696/696/696
f 696/696/696 769/769/769 767/767/767
f 805/805/805 732/732/732 731/731/731
f 731/731/731 803/803/803 805/805/805
f 769/769/769 696/696/696 699/699/699
f 699/699/699 771/771/771 769/769/769
f 807/807/807 736/736/736 732/732/732
f 732/732/732 805/805/805 807/807/807
f 771/771/771 699/699/699 701/701/701
f 701/701/701 773/773/773 771/771/771
f 810/810/810 737/737/737 736/736/736
f 736/736/736 807/807/807 810/810/810
f 773/773/773 701/701/701 704/704/704
f 704/704/704 776/776/776 773/773/773
f 811/811/811 739/739/739 737/737/737
f 737/737/737 810/810/810 811/811/811
f 776/776/776 704/704/704 670/670/670
f 670/670/670 742/742/742 776/776/776
f 814/814/814 469/469/469 488/488/488
f 488/488/488 813/813/813 814/814/814
f 815/815/815 470/470/470 469/469/469
f 469/469/469 814/814/814 815/815/815
f 817/817/817 472/472/472 470/470/470
f 470/470/470 815/815/815 817/817/817
f 818/818/818 473/473/473 471/471/471
f 471/471/471 816/816/816 818/818/818
f 819/819/819 474/474/474 473/473/473
f 473/473/473 818/818/818 819/819/819
f 820/820/820 475/475/475 474/474/474
f 474/474/474 819/819/819 820/820/820
f 821/821/821 477/477/477 475/475/475
f 475/475/475 820/820/820 821/821/821
f 823/823/823 478/478/478 476/476/476
f 476/476/476 822/822/822 823/823/823
f 824/824/824 479/479/479 478/478/478
f 478/478/478 823/823/823 824/824/824
f 825/825/825 480/480/480 479/479/479
f 479/479/479 824/824/824 825/825/825
f 826/826/826 482/482/482 480/480/480
f 480/480/480 825/825/825 826/826/826
f 828/828/828 483/483/483 481/481/481
f 481/481/481 827/827/827 828/828/828
f 829/829/829 484/484/484 483/483/483
f 483/483/483 828/828/828 829/829/829
f 830/830/830 485/485/485 484/484/484
f 484/484/484 829/829/829 830/830/830
f 832/832/832 487/487/487 485/485/485
f 485/485/485 830/830/830 832/832/832
f 813/813/813 488/488/488 486/486/486
f 486/486/486 831/831/831 813/813/813
f 834/834/834 490/490/490 524/524/524
f 524/524/524 833/833/833 834/834/834
f 835/835/835 491/491/491 490/490/490
f 490/490/490 834/834/834 835/835/835
f 837/837/837 493/493/493 491/491/491
f 491/491/491 835/835/835 837/837/837
f 838/838/838 497/497/497 495/495/495
f 495/495/495 836/836/836 838/838/838
f 839/839/839 499/499/499 497/497/497
f 497/497/497 838/838/838 839/839/839
f 840/840/840 500/500/500 499/499/499
f 499/499/499 839/839/839 840/840/840
f 842/842/842 502/502/502 500/500/500
f 500/500/500 840/840/840 842/842/842
f 843/843/843 506/506/506 503/503/503
f 503/503/503 841/841/841 843/843/843
f 844/844/844 507/507/507 506/506/506
f 506/506/506 843/843/843 844/844/844
f 845/845/845 510/510/510 507/507/507
f 507/507/507 844/844/844 845/845/845
f 847/847/847 511/511/511 510/510/510
f 510/510/510 845/845/845 847/847/847
f 848/848/848 514/514/514 513/513/513
f 513/513/513 846/846/846 848/848/848
f 849/849/849 516/516/516 514/514/514
f 514/514/514 848/848/848 849/849/849
f 850/850/850 518/518/518 516/516/516
f 516/516/516 849/849/849 850/850/850
f 851/851/851 522/522/522 518/518/518
f 518/518/518 850/850/850 851/851/851
f 833/833/833 524/524/524 521/521/521
f 521/521/521 852/852/852 833/833/833
f 963/963/963 404/404/404 405/405/405
f 405/405/405 962/962/962 963/963/963
f 964/964/964 403/403/403 404/404/404
f 404/404/404 963/963/963 964/964/964
f 965/965/965 402/402/402 403/403/403
f 403/403/403 964/964/964 965/965/965
f 966/966/966 401/401/401 402/402/402
f 402/402/402 965/965/965 966/966/966
f 968/968/968 399/399/399 400/400/400
f 400/400/400 967/967/967 968/968/968
f 969/969/969 398/398/398 399/399/399
f 399/399/399 968/968/968 969/969/969
f 970/970/970 397/397/397 398/398/398
f 398/398/398 969/969/969 970/970/970
f 971/971/971 395/395/395 397/397/397
f 397/397/397 970/970/970 971/971/971
f 973/973/973 394/394/394 396/396/396
f 396/396/396 972/972/972 973/973/973
f 974/974/974 393/393/393 394/394/394
f 394/394/394 973/973/973 974/974/974
f 975/975/975 392/392/392 393/393/393
f 393/393/393 974/974/974 975/975/975
f 977/977/977 390/390/390 392/392/392
f 392/392/392 975/975/975 977/977/977
f 978/978/978 389/389/389 391/391/391
f 391/391/391 976/976/976 978/978/978
f 979/979/979 408/408/408 389/389/389
f 389/389/389 978/978/978 979/979/979
f 980/980/980 407/407/407 408/408/408
f 408/408/408 979/979/979 980/980/980
f 961/961/961 406/406/406 407/407/407
f 407/407/407 980/980/980 961/961/961
f 982/982/982 414/414/414 415/415/415
f 415/415/415 981/981/981 982/982/982
f 984/984/984 413/413/413 414/414/414
f 414/414/414 982/982/982 984/984/984
f 985/985/985 411/411/411 412/412/412
f 412/412/412 983/983/983 985/985/985
f 986/986/986 410/410/410 411/411/411
f 411/411/411 985/985/985 986/986/986
f 987/987/987 409/409/409 410/410/410
f 410/410/410 986/986/986 987/987/987
f 989/989/989 428/428/428 409/409/409
f 409/409/409 987/987/987 989/989/989
f 990/990/990 426/426/426 427/427/427
f 427/427/427 988/988/988 990/990/990
f 991/991/991 425/425/425 426/426/426
f 426/426/426 990/990/990 991/991/991
f 992/992/992 424/424/424 425/425/425
f 425/425/425 991/991/991 992/992/992
f 993/993/993 423/423/423 424/424/424
f 424/424/424 992/992/992 993/993/993
f 995/995/995 421/421/421 422/422/422
f 422/422/422 994/994/994 995/995/995
f 996/996/996 420/420/420 421/421/421
f 421/421/421 995/995/995 996/996/996
f 997/997/997 419/419/419 420/420/420
f 420/420/420 996/996/996 997/997/997
f 999/999/999 417/417/417 419/419/419
f 419/419/419 997/997/997 999/999/999
f 1000/1000/1000 416/416/416 418/418/418
f 418/418/418 998/998/998 1000/1000/1000
f 981/981/981 415/415/415 416/416/416
f 416/416/416 1000/1000/1000 981/981/981
f 1002/1002/1002 124/124/124 22/22/22
f 22/22/22 1001/1001/1001 1002/1002/1002
f 1003/1003/1003 116/116/116 124/124/124
f 124/124/124 1002/1002/1002 1003/1003/1003
f 1005/1005/1005 110/110/110 117/117/117
f 117/117/117 1004/1004/1004 1005/1005/1005
f 1006/1006/1006 104/104/104 110/110/110
f 110/110/110 1005/1005/1005 1006/1006/1006
f 1007/1007/1007 96/96/96 104/104/104
f 104/104/104 1006/1006/1006 1007/1007/1007
f 1008/1008/1008 88/88/88 96/96/96
f 96/96/96 1007/1007/1007 1008/1008/1008
f 1010/1010/1010 82/82/82 90/90/90
f 90/90/90 1009/1009/1009 1010/1010/1010
f 1011/1011/1011 78/78/78 82/82/82
f 82/82/82 1010/1010/1010 1011/1011/1011
f 1012/1012/1012 69/69/69 78/78/78
f 78/78/78 1011/1011/1011 1012/1012/1012
f 1013/1013/1013 63/63/63 69/69/69
f 69/69/69 1012/1012/1012 1013/1013/1013
f 1015/1015/1015 54/54/54 64/64/64
f 64/64/64 1014/1014/1014 1015/1015/1015
f 1016/1016/1016 48/48/48 54/54/54
f 54/54/54 1015/1015/1015 1016/1016/1016
f 1017/1017/1017 42/42/42 48/48/48
f 48/48/48 1016/1016/1016 1017/1017/1017
f 1019/1019/1019 33/33/33 42/42/42
f 42/42/42 1017/1017/1017 1019/1019/1019
f 1020/1020/1020 30/30/30 34/34/34
f 34/34/34 1018/1018/1018 1020/1020/1020
f 1001/1001/1001 22/22/22 30/30/30
f 30/30/30 1020/1020/1020 1001/1001/1001
