# hammer_real, generated by prepare_objects.py
# Vertices: 5338  Faces: 10502
mtllib hammer_real_centered.mtl
v 0.090147 0.044791 0.005813
v 0.090100 0.044825 0.008570
v 0.089993 0.044906 0.011754
v 0.089994 0.044869 0.013957
v 0.090026 0.044763 0.025590
v 0.089897 0.045000 0.027411
v 0.089868 0.044999 0.030436
v 0.089993 0.044813 0.033635
v 0.090060 0.044625 0.036245
v 0.091526 0.043880 0.000662
v 0.091016 0.044566 0.002276
v 0.091072 0.044782 0.005297
v 0.091096 0.044784 0.008482
v 0.091090 0.044784 0.011573
v 0.091083 0.044552 0.014987
v 0.091002 0.044391 0.025234
v 0.091050 0.044565 0.027227
v 0.091030 0.044517 0.030562
v 0.090986 0.044474 0.033612
v 0.090877 0.044383 0.036798
v 0.091018 0.044247 0.039184
v 0.091829 0.043650 0.000665
v 0.092513 0.043757 0.002059
v 0.092599 0.043840 0.005399
v 0.092585 0.043864 0.008554
v 0.092632 0.043800 0.011723
v 0.092554 0.043730 0.014962
v 0.092571 0.043421 0.016516
v 0.092469 0.043583 0.025206
v 0.092487 0.043667 0.027381
v 0.092569 0.043571 0.030598
v 0.092485 0.043555 0.033680
v 0.092310 0.043532 0.036642
v 0.091987 0.043645 0.038996
v 0.093993 0.042830 0.002472
v 0.093994 0.042883 0.005392
v 0.094063 0.042867 0.008472
v 0.094033 0.042824 0.011656
v 0.093957 0.042798 0.014779
v 0.093549 0.042911 0.025249
v 0.093584 0.042907 0.027336
v 0.093603 0.042896 0.030467
v 0.093402 0.042940 0.033391
v 0.093176 0.043027 0.035657
v 0.094893 0.042248 0.002897
v 0.094883 0.042251 0.005436
v 0.094918 0.042253 0.008682
v 0.094942 0.042230 0.010620
v 0.089994 0.044386 0.005306
v 0.089895 0.044311 0.008792
v 0.089783 0.044339 0.011667
v 0.089801 0.044272 0.014009
v 0.089791 0.044243 0.025569
v 0.089442 0.044024 0.027449
v 0.089297 0.044020 0.030499
v 0.089436 0.043990 0.033520
v 0.089639 0.044056 0.036893
v 0.089738 0.043884 0.038560
v 0.091094 0.043520 0.000654
v 0.090464 0.043354 0.001843
v 0.090111 0.043418 0.005296
v 0.089936 0.043238 0.008553
v 0.090098 0.043021 0.011846
v 0.090547 0.043354 0.014778
v 0.091341 0.043819 0.016381
v 0.090686 0.043633 0.025211
v 0.090207 0.042894 0.027078
v 0.089799 0.042860 0.030552
v 0.089703 0.042941 0.033525
v 0.089675 0.043015 0.036777
v 0.090381 0.043401 0.039780
v 0.091568 0.043191 0.000650
v 0.092054 0.042520 0.000875
v 0.091836 0.042450 0.015109
v 0.092441 0.042936 0.016646
v 0.092182 0.042733 0.025064
v 0.091666 0.042055 0.026423
v 0.092839 0.043111 0.037651
v 0.092171 0.042771 0.040000
v 0.093614 0.041905 0.001134
v 0.093504 0.041656 0.015688
v 0.093740 0.042148 0.016788
v 0.093637 0.041921 0.024906
v 0.094100 0.042287 0.027220
v 0.094298 0.042393 0.030641
v 0.094092 0.042473 0.033701
v 0.093854 0.042464 0.036813
v 0.093606 0.041944 0.039744
v 0.095210 0.041366 0.002036
v 0.095587 0.041741 0.005367
v 0.095606 0.041706 0.008541
v 0.095513 0.041743 0.011821
v 0.095355 0.041722 0.014821
v 0.095113 0.041035 0.016969
v 0.095144 0.041183 0.024658
v 0.095360 0.041658 0.027353
v 0.095357 0.041626 0.030561
v 0.095309 0.041606 0.033658
v 0.095256 0.041442 0.036748
v 0.095035 0.041068 0.039564
v 0.096635 0.040501 0.002473
v 0.096834 0.040852 0.005403
v 0.096861 0.040827 0.008506
v 0.096845 0.040789 0.011639
v 0.096807 0.040725 0.014878
v 0.096623 0.040180 0.017165
v 0.096629 0.040332 0.024546
v 0.096742 0.040627 0.027306
v 0.096773 0.040589 0.030399
v 0.096679 0.040557 0.033596
v 0.096695 0.040380 0.036670
v 0.096503 0.040132 0.039192
v 0.098094 0.039539 0.002748
v 0.098237 0.039819 0.005350
v 0.098247 0.039764 0.008548
v 0.098235 0.039725 0.011697
v 0.098202 0.039687 0.014803
v 0.098041 0.039396 0.017409
v 0.098085 0.039441 0.024569
v 0.098146 0.039542 0.027427
v 0.098123 0.039519 0.030488
v 0.098100 0.039457 0.033674
v 0.098059 0.039330 0.036840
v 0.097821 0.039202 0.039005
v 0.099566 0.038543 0.003098
v 0.099654 0.038703 0.005373
v 0.099603 0.038710 0.008548
v 0.099621 0.038651 0.011692
v 0.099630 0.038569 0.014824
v 0.099462 0.038530 0.017330
v 0.099450 0.038461 0.024598
v 0.099523 0.038444 0.027397
v 0.099492 0.038430 0.030550
v 0.099384 0.038466 0.033626
v 0.099209 0.038468 0.036461
v 0.098840 0.038551 0.038705
v 0.100688 0.037781 0.003469
v 0.100914 0.037727 0.005371
v 0.100878 0.037740 0.008398
v 0.100752 0.037767 0.011528
v 0.100539 0.037811 0.014552
v 0.100420 0.037829 0.016977
v 0.100271 0.037863 0.025016
v 0.100288 0.037863 0.027416
v 0.090601 0.042078 0.002607
v 0.090454 0.042158 0.005474
v 0.090445 0.042208 0.008502
v 0.090653 0.042207 0.011113
v 0.090458 0.042192 0.028301
v 0.090383 0.042172 0.030423
v 0.090260 0.042121 0.033728
v 0.090190 0.042140 0.036703
v 0.090336 0.042114 0.039328
v 0.091514 0.041366 0.002248
v 0.091436 0.041299 0.005445
v 0.091473 0.041380 0.008521
v 0.091491 0.041493 0.011651
v 0.091801 0.041552 0.013660
v 0.091549 0.041410 0.027771
v 0.091457 0.041218 0.030475
v 0.091298 0.040969 0.033659
v 0.091280 0.041026 0.036793
v 0.091425 0.041200 0.039660
v 0.092925 0.040361 0.002031
v 0.092776 0.040087 0.005477
v 0.092785 0.040166 0.008421
v 0.092832 0.040195 0.011731
v 0.093100 0.040571 0.014123
v 0.093650 0.040804 0.025583
v 0.092868 0.040342 0.027424
v 0.092673 0.039948 0.030433
v 0.092683 0.039841 0.033655
v 0.092566 0.039834 0.036694
v 0.092815 0.040215 0.039639
v 0.094276 0.039456 0.002036
v 0.093679 0.039191 0.005219
v 0.093733 0.039169 0.008591
v 0.093887 0.039119 0.011726
v 0.094467 0.039704 0.014858
v 0.095258 0.040113 0.016540
v 0.094743 0.040069 0.025228
v 0.094151 0.039412 0.026887
v 0.093559 0.039181 0.029982
v 0.093321 0.039190 0.034223
v 0.094368 0.039647 0.039973
v 0.095940 0.038852 0.001850
v 0.095847 0.038717 0.015246
v 0.096266 0.039316 0.016940
v 0.096100 0.038995 0.024875
v 0.095614 0.038366 0.026191
v 0.096023 0.038928 0.039772
v 0.097529 0.038172 0.002077
v 0.097124 0.037768 0.015644
v 0.097599 0.038309 0.017363
v 0.097526 0.038124 0.024459
v 0.097543 0.038207 0.039547
v 0.099055 0.037447 0.002309
v 0.098260 0.036908 0.016189
v 0.098997 0.037442 0.017729
v 0.099088 0.037468 0.023862
v 0.100193 0.037851 0.032024
v 0.100101 0.037886 0.034032
v 0.099817 0.037911 0.037095
v 0.099075 0.037552 0.039174
v 0.100707 0.036740 0.002794
v 0.101594 0.037194 0.005341
v 0.101555 0.037197 0.008845
v 0.101443 0.037218 0.011891
v 0.101218 0.037289 0.014885
v 0.100697 0.036862 0.017895
v 0.100729 0.036927 0.024050
v 0.100992 0.037272 0.027403
v 0.100885 0.037337 0.030425
v 0.100896 0.037260 0.033607
v 0.100815 0.037142 0.036878
v 0.100512 0.036566 0.038964
v 0.102143 0.036006 0.003193
v 0.102439 0.036531 0.005387
v 0.102447 0.036509 0.008557
v 0.102443 0.036432 0.011596
v 0.102325 0.036390 0.014847
v 0.102100 0.036016 0.017902
v 0.102164 0.036014 0.024038
v 0.102284 0.036223 0.027493
v 0.102230 0.036239 0.030566
v 0.102241 0.036172 0.033621
v 0.102189 0.036033 0.036766
v 0.101896 0.035649 0.038781
v 0.103418 0.034980 0.003422
v 0.103816 0.035401 0.005267
v 0.103782 0.035424 0.008477
v 0.103795 0.035329 0.011735
v 0.103683 0.035277 0.014821
v 0.103546 0.035051 0.017995
v 0.103576 0.035038 0.024091
v 0.103645 0.035092 0.027454
v 0.103605 0.035091 0.030567
v 0.103568 0.035063 0.033641
v 0.103539 0.034839 0.036882
v 0.103164 0.034748 0.038478
v 0.104506 0.034197 0.003671
v 0.105107 0.034231 0.005181
v 0.105113 0.034318 0.008530
v 0.105121 0.034206 0.011638
v 0.105032 0.034143 0.014880
v 0.104933 0.034067 0.017838
v 0.104782 0.034101 0.024222
v 0.104777 0.034108 0.027402
v 0.104749 0.034112 0.030531
v 0.104682 0.034108 0.033428
v 0.104410 0.034122 0.036418
v 0.106137 0.033394 0.005618
v 0.106173 0.033389 0.008459
v 0.106037 0.033435 0.011446
v 0.105830 0.033458 0.014611
v 0.105766 0.033458 0.016447
v 0.093201 0.039180 0.031710
v 0.093158 0.039202 0.037341
v 0.093144 0.039164 0.038943
v 0.094413 0.038531 0.003100
v 0.094277 0.038500 0.005522
v 0.094357 0.038482 0.008530
v 0.094509 0.038460 0.011806
v 0.094612 0.038481 0.013600
v 0.094302 0.038386 0.028064
v 0.094067 0.038426 0.030664
v 0.093894 0.038473 0.033614
v 0.093880 0.038488 0.036833
v 0.093988 0.038549 0.039143
v 0.095458 0.037700 0.002825
v 0.095268 0.037432 0.005498
v 0.095320 0.037473 0.008416
v 0.095264 0.037462 0.011644
v 0.095529 0.037666 0.013833
v 0.095401 0.037386 0.027593
v 0.095124 0.037130 0.030516
v 0.095199 0.037220 0.033588
v 0.095226 0.037166 0.036730
v 0.095384 0.037511 0.039224
v 0.096786 0.036587 0.002706
v 0.096456 0.036155 0.005626
v 0.096436 0.036196 0.008543
v 0.096477 0.036154 0.011733
v 0.096927 0.036658 0.014180
v 0.097536 0.037084 0.025399
v 0.096707 0.036522 0.027025
v 0.096073 0.036213 0.030543
v 0.096068 0.036241 0.033503
v 0.095987 0.036183 0.036586
v 0.096741 0.036628 0.039392
v 0.098332 0.035900 0.002412
v 0.098300 0.035960 0.015043
v 0.099103 0.036376 0.016846
v 0.098600 0.036193 0.025048
v 0.098078 0.035543 0.026293
v 0.098360 0.035907 0.039381
v 0.099851 0.035195 0.002467
v 0.099727 0.034974 0.015545
v 0.100188 0.035533 0.017240
v 0.099966 0.035225 0.024603
v 0.099107 0.034768 0.025957
v 0.099934 0.035185 0.039189
v 0.101492 0.034488 0.002626
v 0.100998 0.034034 0.015977
v 0.101602 0.034577 0.017686
v 0.101425 0.034499 0.023891
v 0.101453 0.034443 0.039025
v 0.103008 0.033745 0.002938
v 0.102966 0.033653 0.018334
v 0.102964 0.033712 0.023326
v 0.102992 0.033785 0.038773
v 0.104477 0.033041 0.003342
v 0.105355 0.033352 0.003910
v 0.104535 0.033051 0.019052
v 0.104684 0.033131 0.023159
v 0.105434 0.033530 0.027361
v 0.105417 0.033516 0.030567
v 0.105292 0.033539 0.033802
v 0.104988 0.033586 0.037053
v 0.104392 0.032930 0.038584
v 0.105775 0.031983 0.003604
v 0.106508 0.032656 0.004721
v 0.106836 0.032807 0.008569
v 0.106689 0.032822 0.011822
v 0.106512 0.032876 0.014883
v 0.106197 0.032719 0.018290
v 0.106124 0.031856 0.021089
v 0.106179 0.032685 0.023830
v 0.106325 0.032733 0.027371
v 0.106260 0.032745 0.030494
v 0.106287 0.032675 0.033596
v 0.106201 0.032404 0.037097
v 0.105619 0.031972 0.038408
v 0.107659 0.031661 0.005086
v 0.107825 0.031904 0.008468
v 0.107763 0.031872 0.011723
v 0.107742 0.031737 0.014883
v 0.107659 0.031657 0.018019
v 0.107453 0.031150 0.021097
v 0.107621 0.031532 0.024017
v 0.107668 0.031519 0.027315
v 0.107624 0.031492 0.030395
v 0.107575 0.031510 0.033729
v 0.107498 0.031234 0.036895
v 0.109035 0.030618 0.005527
v 0.109124 0.030713 0.008624
v 0.109087 0.030652 0.011750
v 0.109077 0.030514 0.014708
v 0.109029 0.030413 0.017975
v 0.108649 0.030411 0.020565
v 0.108900 0.030360 0.024176
v 0.108813 0.030436 0.027344
v 0.108807 0.030403 0.030447
v 0.108701 0.030432 0.033590
v 0.108433 0.030446 0.036314
v 0.110117 0.029730 0.006020
v 0.110169 0.029719 0.008469
v 0.110095 0.029709 0.011536
v 0.109933 0.029731 0.014384
v 0.109775 0.029736 0.017511
v 0.096952 0.035549 0.003732
v 0.097030 0.035508 0.005093
v 0.097093 0.035462 0.008725
v 0.097096 0.035470 0.011818
v 0.096820 0.035330 0.028178
v 0.096639 0.035462 0.030425
v 0.096615 0.035429 0.033760
v 0.096503 0.035447 0.036942
v 0.096793 0.035509 0.038813
v 0.097971 0.034774 0.003350
v 0.097826 0.034645 0.005452
v 0.097798 0.034637 0.008532
v 0.097778 0.034617 0.011736
v 0.098013 0.034702 0.013870
v 0.097817 0.034487 0.027652
v 0.097655 0.034262 0.030441
v 0.097624 0.034331 0.033593
v 0.097610 0.034328 0.036785
v 0.097909 0.034651 0.038947
v 0.099254 0.033717 0.003063
v 0.098911 0.033217 0.005400
v 0.098913 0.033266 0.008499
v 0.098863 0.033248 0.011741
v 0.099315 0.033747 0.014159
v 0.099897 0.034172 0.025727
v 0.099144 0.033601 0.026981
v 0.098428 0.033321 0.030628
v 0.098387 0.033276 0.033811
v 0.098567 0.033204 0.037131
v 0.099288 0.033672 0.038935
v 0.100696 0.032916 0.002911
v 0.100781 0.032892 0.014814
v 0.101024 0.033258 0.025223
v 0.100477 0.032649 0.026370
v 0.100760 0.032948 0.038987
v 0.102265 0.032189 0.002953
v 0.102116 0.032056 0.015412
v 0.102688 0.032657 0.016759
v 0.102385 0.032235 0.024764
v 0.101527 0.031787 0.026012
v 0.102314 0.032202 0.038947
v 0.103802 0.031508 0.003061
v 0.103445 0.031129 0.015886
v 0.104077 0.031708 0.017819
v 0.104860 0.031918 0.019578
v 0.103767 0.031443 0.023868
v 0.103865 0.031466 0.038760
v 0.105486 0.030836 0.003329
v 0.105229 0.030514 0.017938
v 0.105745 0.031096 0.020885
v 0.104864 0.030466 0.023523
v 0.106480 0.031097 0.038315
v 0.105384 0.030798 0.038555
v 0.106759 0.029939 0.003567
v 0.107543 0.030385 0.003980
v 0.106185 0.029627 0.018833
v 0.106931 0.030218 0.020881
v 0.107333 0.030424 0.038246
v 0.106709 0.029799 0.038432
v 0.107707 0.029088 0.003768
v 0.108626 0.029363 0.004198
v 0.108710 0.029796 0.021213
v 0.109558 0.029749 0.024144
v 0.109484 0.029783 0.027162
v 0.109438 0.029777 0.030404
v 0.109351 0.029781 0.033863
v 0.108725 0.029507 0.037550
v 0.107743 0.029164 0.038364
v 0.110240 0.028775 0.005078
v 0.110813 0.029074 0.008505
v 0.110729 0.029079 0.011714
v 0.110562 0.029092 0.014777
v 0.110383 0.029137 0.017998
v 0.110207 0.028904 0.021050
v 0.110276 0.029081 0.024178
v 0.110251 0.029051 0.027400
v 0.110216 0.029059 0.030577
v 0.110160 0.028999 0.033569
v 0.110048 0.028560 0.036994
v 0.111546 0.027872 0.005649
v 0.111733 0.028145 0.008475
v 0.111675 0.028133 0.011677
v 0.111672 0.027994 0.014814
v 0.111619 0.027907 0.017942
v 0.111539 0.027779 0.021073
v 0.111537 0.027819 0.024235
v 0.111538 0.027795 0.027323
v 0.111542 0.027765 0.030534
v 0.111508 0.027711 0.033737
v 0.111382 0.027499 0.036652
v 0.112825 0.026830 0.006093
v 0.112993 0.026838 0.008547
v 0.112996 0.026780 0.011746
v 0.112938 0.026721 0.014804
v 0.112781 0.026744 0.017958
v 0.112660 0.026718 0.021187
v 0.112635 0.026744 0.024048
v 0.112617 0.026734 0.027313
v 0.112587 0.026709 0.030396
v 0.112439 0.026768 0.033620
v 0.112205 0.026811 0.036282
v 0.113722 0.026068 0.006537
v 0.113768 0.026034 0.008205
v 0.113695 0.026047 0.011747
v 0.113602 0.026069 0.013934
v 0.099570 0.032507 0.005590
v 0.099477 0.032519 0.009161
v 0.099475 0.032507 0.011741
v 0.099218 0.032445 0.028314
v 0.098989 0.032548 0.030531
v 0.099043 0.032569 0.033683
v 0.099073 0.032598 0.036733
v 0.100432 0.031779 0.003405
v 0.100199 0.031734 0.005354
v 0.100204 0.031808 0.008511
v 0.100188 0.031675 0.011776
v 0.100470 0.031773 0.013764
v 0.100236 0.031504 0.027809
v 0.099954 0.031290 0.030525
v 0.100011 0.031393 0.033625
v 0.100085 0.031502 0.036786
v 0.100501 0.031810 0.038643
v 0.101779 0.030882 0.003374
v 0.101420 0.030321 0.005351
v 0.101418 0.030373 0.008586
v 0.101250 0.030294 0.011688
v 0.101671 0.030625 0.014030
v 0.102448 0.031070 0.025711
v 0.101477 0.030577 0.027027
v 0.100897 0.030196 0.030636
v 0.101002 0.030266 0.033619
v 0.101087 0.030321 0.037022
v 0.101751 0.030759 0.038677
v 0.103134 0.029947 0.003425
v 0.102163 0.029532 0.005464
v 0.102098 0.029555 0.007498
v 0.103138 0.029947 0.014830
v 0.103534 0.030295 0.025311
v 0.102939 0.029721 0.026258
v 0.103132 0.029941 0.038679
v 0.104659 0.029229 0.003386
v 0.104572 0.029137 0.015470
v 0.105298 0.029541 0.016729
v 0.104862 0.029263 0.024665
v 0.104082 0.028920 0.025988
v 0.104690 0.029262 0.038668
v 0.106225 0.028471 0.003484
v 0.105709 0.028183 0.016010
v 0.106434 0.028691 0.017643
v 0.106858 0.028910 0.020995
v 0.105975 0.028363 0.023932
v 0.106264 0.028563 0.038554
v 0.107764 0.027847 0.003666
v 0.108577 0.028115 0.003826
v 0.107595 0.027600 0.018224
v 0.107942 0.028051 0.021003
v 0.107279 0.027339 0.023289
v 0.108141 0.027990 0.038266
v 0.107491 0.027580 0.038451
v 0.108406 0.026949 0.003819
v 0.109356 0.027163 0.003984
v 0.108575 0.026708 0.018927
v 0.108822 0.026841 0.020556
v 0.109404 0.027112 0.038167
v 0.108359 0.026636 0.038343
v 0.110936 0.026336 0.004492
v 0.110895 0.026367 0.037863
v 0.112553 0.025652 0.005224
v 0.113447 0.026044 0.018033
v 0.113272 0.026093 0.021285
v 0.113295 0.026041 0.024249
v 0.113246 0.026068 0.027286
v 0.113219 0.026086 0.030616
v 0.113098 0.026083 0.033817
v 0.112546 0.025775 0.037090
v 0.114029 0.025020 0.005967
v 0.114407 0.025343 0.008549
v 0.114337 0.025363 0.011646
v 0.114213 0.025374 0.014820
v 0.114198 0.025272 0.017847
v 0.114142 0.025197 0.021153
v 0.114105 0.025194 0.024157
v 0.114151 0.025124 0.027258
v 0.114069 0.025179 0.030487
v 0.114062 0.025079 0.033601
v 0.113896 0.024772 0.036623
v 0.115220 0.023958 0.006444
v 0.115496 0.024104 0.008505
v 0.115517 0.024039 0.011639
v 0.115481 0.023977 0.014838
v 0.115407 0.023937 0.017897
v 0.115407 0.023814 0.021108
v 0.115355 0.023842 0.024168
v 0.115372 0.023785 0.027412
v 0.115322 0.023769 0.030575
v 0.115276 0.023760 0.033538
v 0.115050 0.023788 0.036141
v 0.116040 0.023086 0.006815
v 0.116370 0.023055 0.008477
v 0.116333 0.023077 0.011755
v 0.116247 0.023087 0.014798
v 0.116165 0.023073 0.017717
v 0.116052 0.023071 0.020803
v 0.115995 0.023080 0.024935
v 0.101816 0.029474 0.011667
v 0.101802 0.029552 0.013442
v 0.101534 0.029494 0.028272
v 0.101458 0.029470 0.030326
v 0.101612 0.029480 0.033588
v 0.101588 0.029504 0.036436
v 0.103133 0.028768 0.003761
v 0.102664 0.028675 0.005370
v 0.102598 0.028689 0.008623
v 0.102490 0.028553 0.011747
v 0.102722 0.028770 0.013715
v 0.102597 0.028431 0.027685
v 0.102398 0.028206 0.030483
v 0.102382 0.028296 0.033604
v 0.102473 0.028426 0.036975
v 0.102623 0.029103 0.038398
v 0.104361 0.028265 0.003723
v 0.103915 0.027432 0.005013
v 0.103573 0.027330 0.008512
v 0.103365 0.027347 0.011648
v 0.103940 0.027654 0.014079
v 0.104901 0.028116 0.025729
v 0.103902 0.027673 0.026818
v 0.103057 0.027251 0.030399
v 0.103035 0.027359 0.033859
v 0.103550 0.027281 0.037415
v 0.104177 0.028061 0.038481
v 0.105732 0.027218 0.003655
v 0.105232 0.026622 0.004030
v 0.105564 0.026973 0.015028
v 0.105931 0.027161 0.025207
v 0.105240 0.026744 0.026417
v 0.105101 0.026489 0.038279
v 0.105677 0.027079 0.038461
v 0.107127 0.026292 0.003699
v 0.106315 0.025770 0.003905
v 0.106872 0.026131 0.015731
v 0.107592 0.026522 0.016883
v 0.107090 0.026233 0.024611
v 0.106155 0.025829 0.025898
v 0.106374 0.025641 0.038320
v 0.107094 0.026219 0.038432
v 0.108189 0.025619 0.003789
v 0.108847 0.025421 0.003887
v 0.107768 0.025133 0.016045
v 0.108694 0.025549 0.017782
v 0.109381 0.025849 0.021112
v 0.108405 0.025316 0.024025
v 0.108868 0.025483 0.038282
v 0.108232 0.025496 0.038373
v 0.110172 0.024794 0.004156
v 0.109843 0.024493 0.018618
v 0.110164 0.024858 0.020997
v 0.109749 0.024386 0.023353
v 0.110188 0.024814 0.038114
v 0.111725 0.024011 0.004581
v 0.110799 0.023679 0.019227
v 0.111027 0.023716 0.020913
v 0.110659 0.023803 0.022849
v 0.111765 0.024110 0.037879
v 0.113280 0.023311 0.005104
v 0.113292 0.023365 0.037602
v 0.114858 0.022573 0.005766
v 0.115940 0.023061 0.029417
v 0.115850 0.023088 0.034020
v 0.114915 0.022683 0.037135
v 0.116298 0.021860 0.006500
v 0.116918 0.022320 0.008425
v 0.116934 0.022328 0.011722
v 0.116850 0.022355 0.014816
v 0.116738 0.022355 0.017982
v 0.116670 0.022332 0.021137
v 0.116589 0.022391 0.024304
v 0.116521 0.022409 0.027365
v 0.116541 0.022332 0.030577
v 0.116534 0.022293 0.033648
v 0.116308 0.021899 0.036482
v 0.117158 0.020846 0.006775
v 0.117784 0.021086 0.008356
v 0.117914 0.021047 0.011729
v 0.117860 0.021028 0.014792
v 0.117854 0.020911 0.017992
v 0.117795 0.020913 0.021048
v 0.117777 0.020921 0.024241
v 0.117791 0.020830 0.027349
v 0.117724 0.020854 0.030527
v 0.117704 0.020826 0.033665
v 0.117457 0.020853 0.036072
v 0.118545 0.020121 0.008911
v 0.118611 0.020092 0.011544
v 0.118535 0.020087 0.014612
v 0.118479 0.020093 0.017772
v 0.118429 0.020091 0.020414
v 0.118404 0.020098 0.023522
v 0.118373 0.020084 0.026581
v 0.104267 0.026505 0.006074
v 0.104048 0.026498 0.008745
v 0.103865 0.026460 0.011739
v 0.103939 0.026586 0.013591
v 0.103629 0.026347 0.028030
v 0.103560 0.026417 0.030527
v 0.103531 0.026423 0.033590
v 0.103722 0.026359 0.036551
v 0.104995 0.025553 0.005349
v 0.104772 0.025407 0.008461
v 0.104707 0.025189 0.011701
v 0.105002 0.025564 0.013809
v 0.104824 0.025354 0.027451
v 0.104417 0.025134 0.030353
v 0.104412 0.025198 0.033612
v 0.104788 0.025266 0.037224
v 0.107275 0.025080 0.003778
v 0.106213 0.024647 0.004568
v 0.105474 0.024291 0.008253
v 0.105303 0.024269 0.011712
v 0.106386 0.024642 0.014469
v 0.107035 0.025132 0.025584
v 0.106273 0.024666 0.026576
v 0.106222 0.024596 0.038138
v 0.107070 0.025088 0.038364
v 0.107858 0.024658 0.003775
v 0.107847 0.023777 0.003979
v 0.107925 0.023953 0.015578
v 0.108751 0.024284 0.016721
v 0.108170 0.024119 0.025105
v 0.107443 0.023675 0.026153
v 0.107892 0.023874 0.038218
v 0.107721 0.024680 0.038374
v 0.109468 0.023300 0.004034
v 0.108910 0.022818 0.016009
v 0.109674 0.023302 0.017273
v 0.109457 0.023201 0.024485
v 0.109469 0.023231 0.038186
v 0.110975 0.022518 0.004310
v 0.110870 0.022509 0.018284
v 0.111520 0.022836 0.020863
v 0.110815 0.022326 0.023691
v 0.111021 0.022513 0.038083
v 0.112602 0.021809 0.004688
v 0.111990 0.021476 0.019028
v 0.112235 0.021772 0.020655
v 0.111743 0.021403 0.023165
v 0.112551 0.021817 0.037963
v 0.114072 0.021076 0.005134
v 0.114137 0.021101 0.037728
v 0.115676 0.020346 0.005757
v 0.115721 0.020406 0.037341
v 0.117162 0.019608 0.006420
v 0.118179 0.019941 0.007279
v 0.118300 0.020091 0.030439
v 0.118266 0.020100 0.034268
v 0.117227 0.019699 0.036756
v 0.118010 0.018782 0.006738
v 0.118962 0.019195 0.008243
v 0.119171 0.019263 0.011654
v 0.119088 0.019309 0.014792
v 0.119028 0.019305 0.018003
v 0.119000 0.019280 0.021179
v 0.118989 0.019264 0.024228
v 0.118924 0.019288 0.027363
v 0.118940 0.019232 0.030503
v 0.118898 0.019236 0.033628
v 0.118622 0.018881 0.036141
v 0.119882 0.017959 0.008672
v 0.119991 0.017980 0.011702
v 0.120013 0.017909 0.014781
v 0.119928 0.017966 0.017890
v 0.119927 0.017923 0.021033
v 0.119912 0.017921 0.024301
v 0.119862 0.017929 0.027311
v 0.119867 0.017906 0.030556
v 0.119796 0.017947 0.033584
v 0.119671 0.017825 0.035609
v 0.104893 0.024256 0.028361
v 0.104931 0.024186 0.030580
v 0.104922 0.024303 0.033681
v 0.105104 0.024262 0.036142
v 0.106171 0.023446 0.005610
v 0.105943 0.023349 0.008712
v 0.105818 0.023288 0.011693
v 0.106091 0.023306 0.013695
v 0.105805 0.023173 0.027841
v 0.105644 0.023097 0.030503
v 0.105685 0.023199 0.033684
v 0.105835 0.023285 0.036710
v 0.107081 0.022347 0.005109
v 0.106549 0.022150 0.008376
v 0.106512 0.022068 0.011724
v 0.107176 0.022435 0.014244
v 0.107197 0.022428 0.027036
v 0.106191 0.022062 0.030447
v 0.106309 0.022036 0.033828
v 0.107005 0.022340 0.037548
v 0.108698 0.021710 0.004263
v 0.108843 0.021641 0.015408
v 0.109806 0.021968 0.016605
v 0.109333 0.022068 0.025511
v 0.108589 0.021601 0.026388
v 0.108725 0.021679 0.038050
v 0.110301 0.020993 0.004305
v 0.109743 0.020900 0.015933
v 0.110543 0.021017 0.017012
v 0.110384 0.021028 0.025025
v 0.109565 0.020693 0.025983
v 0.110252 0.021061 0.038065
v 0.111876 0.020251 0.004509
v 0.111770 0.020244 0.018370
v 0.112438 0.020097 0.020820
v 0.111630 0.020321 0.023804
v 0.111806 0.020211 0.038039
v 0.113418 0.019515 0.004823
v 0.112399 0.019348 0.020633
v 0.113460 0.019565 0.037918
v 0.114966 0.018798 0.005293
v 0.114972 0.018843 0.037655
v 0.116507 0.018084 0.005836
v 0.116469 0.018138 0.037389
v 0.117938 0.017333 0.006405
v 0.118904 0.017753 0.007095
v 0.118069 0.017381 0.037047
v 0.118957 0.016521 0.006807
v 0.119914 0.016813 0.007773
v 0.120538 0.017088 0.011543
v 0.120529 0.017054 0.014730
v 0.120464 0.017079 0.017848
v 0.120459 0.017047 0.021193
v 0.120451 0.017068 0.024278
v 0.120429 0.017070 0.027519
v 0.120424 0.017055 0.030470
v 0.120364 0.017050 0.033642
v 0.119626 0.016704 0.036298
v 0.120979 0.015869 0.008698
v 0.121155 0.015977 0.011694
v 0.121142 0.015928 0.014788
v 0.121122 0.015942 0.017973
v 0.121131 0.015875 0.021117
v 0.121124 0.015911 0.024224
v 0.121151 0.015829 0.027422
v 0.121107 0.015891 0.030559
v 0.121108 0.015841 0.033774
v 0.120755 0.015675 0.035839
v 0.121634 0.014935 0.009695
v 0.121730 0.014910 0.011655
v 0.121697 0.014878 0.014845
v 0.121693 0.014884 0.018151
v 0.121671 0.014857 0.020949
v 0.121704 0.014870 0.024214
v 0.121677 0.014866 0.027451
v 0.121687 0.014838 0.030516
v 0.121644 0.014834 0.033572
v 0.107223 0.021059 0.005825
v 0.106972 0.021029 0.008824
v 0.106949 0.020955 0.011717
v 0.107255 0.021106 0.013751
v 0.106804 0.021187 0.028101
v 0.106681 0.021097 0.030450
v 0.106783 0.021063 0.033471
v 0.106904 0.021125 0.036458
v 0.108065 0.020177 0.005231
v 0.107530 0.019962 0.008314
v 0.107339 0.019843 0.011730
v 0.108034 0.020195 0.014243
v 0.107988 0.020115 0.027401
v 0.107279 0.019851 0.030595
v 0.107377 0.019833 0.033628
v 0.107907 0.020088 0.037124
v 0.109519 0.019468 0.004531
v 0.109564 0.019351 0.015444
v 0.110447 0.019641 0.016476
v 0.110316 0.019723 0.025571
v 0.109496 0.019361 0.026523
v 0.109579 0.019421 0.037799
v 0.111144 0.018742 0.004515
v 0.110279 0.018375 0.016012
v 0.111318 0.018607 0.017969
v 0.111766 0.018221 0.020854
v 0.111256 0.018691 0.024247
v 0.110316 0.018486 0.025973
v 0.111166 0.018744 0.037891
v 0.112695 0.017989 0.004705
v 0.111956 0.018345 0.021096
v 0.112678 0.018045 0.037875
v 0.114213 0.017209 0.004972
v 0.114228 0.017243 0.037776
v 0.115723 0.016579 0.005440
v 0.115805 0.016572 0.037616
v 0.117354 0.015854 0.005976
v 0.117356 0.015778 0.037405
v 0.118870 0.015109 0.006565
v 0.119766 0.015418 0.007087
v 0.118938 0.015129 0.037090
v 0.119730 0.014205 0.006820
v 0.120646 0.014450 0.007498
v 0.120438 0.014427 0.036504
v 0.121912 0.013723 0.008725
v 0.122211 0.013850 0.011665
v 0.122175 0.013928 0.014752
v 0.122193 0.013881 0.017949
v 0.122190 0.013864 0.021204
v 0.122188 0.013847 0.024374
v 0.122165 0.013894 0.027498
v 0.122200 0.013863 0.030511
v 0.122182 0.013800 0.033644
v 0.121718 0.013625 0.035834
v 0.122679 0.012654 0.009364
v 0.122754 0.012658 0.011709
v 0.122759 0.012680 0.014729
v 0.122777 0.012645 0.017890
v 0.122750 0.012679 0.021023
v 0.122766 0.012634 0.024194
v 0.122786 0.012638 0.027184
v 0.122756 0.012644 0.030439
v 0.122722 0.012690 0.033609
v 0.122643 0.012586 0.035534
v 0.108180 0.018956 0.006207
v 0.107939 0.018804 0.008884
v 0.107819 0.018842 0.011638
v 0.107977 0.018815 0.013735
v 0.107843 0.018973 0.028308
v 0.107817 0.018894 0.030524
v 0.107840 0.018802 0.033472
v 0.107991 0.018906 0.036141
v 0.108923 0.017944 0.005579
v 0.108409 0.017684 0.008493
v 0.108311 0.017609 0.011751
v 0.108922 0.017883 0.014618
v 0.108886 0.017851 0.027615
v 0.108354 0.017679 0.030284
v 0.108382 0.017653 0.033763
v 0.108938 0.017878 0.036600
v 0.110395 0.017172 0.004890
v 0.109908 0.017416 0.016012
v 0.110482 0.017082 0.017885
v 0.110803 0.017028 0.021168
v 0.110380 0.017225 0.024210
v 0.109858 0.017562 0.026230
v 0.110372 0.017130 0.037337
v 0.111934 0.016406 0.004837
v 0.111952 0.016406 0.037556
v 0.113490 0.015701 0.004962
v 0.113494 0.015711 0.037662
v 0.115064 0.015055 0.005181
v 0.115092 0.015052 0.037641
v 0.116674 0.014283 0.005584
v 0.116585 0.014300 0.037533
v 0.118125 0.013603 0.006045
v 0.118213 0.013551 0.037308
v 0.119605 0.012873 0.006641
v 0.120504 0.012963 0.007052
v 0.119743 0.012843 0.036996
v 0.120398 0.011785 0.006894
v 0.121279 0.012117 0.007441
v 0.121295 0.012143 0.036546
v 0.122790 0.011488 0.008873
v 0.123208 0.011603 0.011650
v 0.123219 0.011667 0.014774
v 0.123262 0.011604 0.017911
v 0.123227 0.011696 0.021067
v 0.123234 0.011695 0.024254
v 0.123281 0.011582 0.027508
v 0.123229 0.011641 0.030552
v 0.123206 0.011617 0.033681
v 0.122731 0.011369 0.035877
v 0.123502 0.010378 0.009413
v 0.123601 0.010502 0.011733
v 0.123689 0.010557 0.014756
v 0.123701 0.010521 0.018028
v 0.123699 0.010569 0.021124
v 0.123656 0.010509 0.024306
v 0.123621 0.010592 0.027417
v 0.123626 0.010538 0.030643
v 0.123612 0.010458 0.033566
v 0.123455 0.010406 0.035594
v 0.109064 0.016580 0.006494
v 0.108829 0.016488 0.008473
v 0.108759 0.016572 0.011531
v 0.108854 0.016395 0.014499
v 0.108924 0.016541 0.027785
v 0.108760 0.016540 0.030307
v 0.108828 0.016539 0.033606
v 0.109008 0.016598 0.035811
v 0.109797 0.015637 0.005879
v 0.109101 0.015387 0.008534
v 0.109035 0.015515 0.011669
v 0.109040 0.015469 0.015128
v 0.109340 0.015784 0.017912
v 0.109612 0.015691 0.021087
v 0.109334 0.015818 0.024244
v 0.109090 0.015605 0.027206
v 0.109174 0.015436 0.030433
v 0.109198 0.015461 0.033477
v 0.109763 0.015694 0.036418
v 0.111245 0.014880 0.005242
v 0.111235 0.014861 0.037158
v 0.112756 0.014147 0.005164
v 0.112810 0.014153 0.037454
v 0.114374 0.013489 0.005205
v 0.114358 0.013471 0.037545
v 0.115915 0.012699 0.005311
v 0.115924 0.012724 0.037555
v 0.117487 0.012028 0.005727
v 0.117496 0.012040 0.037483
v 0.119032 0.011335 0.006225
v 0.119003 0.011310 0.037277
v 0.120293 0.010526 0.006677
v 0.121083 0.010662 0.007104
v 0.120585 0.010613 0.037015
v 0.121055 0.009541 0.006933
v 0.122115 0.009854 0.007680
v 0.122092 0.009882 0.036361
v 0.123485 0.009156 0.008988
v 0.123870 0.009077 0.011581
v 0.123956 0.009030 0.014906
v 0.123938 0.009109 0.017980
v 0.123934 0.009156 0.021071
v 0.123912 0.009077 0.024259
v 0.123899 0.009109 0.027444
v 0.123920 0.009130 0.030377
v 0.123896 0.009059 0.033868
v 0.123364 0.009132 0.035828
v 0.124119 0.008040 0.033478
v 0.109736 0.014254 0.006468
v 0.109469 0.014131 0.008740
v 0.109368 0.013906 0.011664
v 0.109354 0.014026 0.014819
v 0.109281 0.014083 0.017992
v 0.109329 0.014045 0.021053
v 0.109350 0.014084 0.024286
v 0.109410 0.014138 0.027173
v 0.109541 0.014163 0.030514
v 0.109518 0.014211 0.033708
v 0.109611 0.014131 0.035810
v 0.110546 0.013384 0.005927
v 0.109678 0.013082 0.008229
v 0.109503 0.012962 0.011317
v 0.109491 0.012937 0.015934
v 0.109518 0.012983 0.017348
v 0.109511 0.013033 0.021115
v 0.109521 0.012990 0.024161
v 0.109619 0.012989 0.027481
v 0.109683 0.013129 0.030731
v 0.109681 0.013144 0.033553
v 0.110456 0.013341 0.036532
v 0.112114 0.012629 0.005463
v 0.112036 0.012614 0.037196
v 0.113610 0.011894 0.005333
v 0.113613 0.011895 0.037432
v 0.115169 0.011249 0.005283
v 0.115205 0.011200 0.037479
v 0.116695 0.010498 0.005434
v 0.116734 0.010424 0.037442
v 0.118310 0.009752 0.005834
v 0.118277 0.009739 0.037361
v 0.119793 0.009049 0.006314
v 0.119856 0.009015 0.037190
v 0.120929 0.008284 0.006758
v 0.121694 0.008435 0.007189
v 0.121375 0.008321 0.036735
v 0.122994 0.007650 0.008083
v 0.124043 0.008037 0.012680
v 0.124043 0.008025 0.013610
v 0.124077 0.008009 0.018376
v 0.123966 0.007857 0.021066
v 0.123986 0.007940 0.024129
v 0.124007 0.007946 0.027207
v 0.122983 0.007622 0.036138
v 0.124118 0.006814 0.009101
v 0.124216 0.007006 0.011670
v 0.124047 0.007061 0.014909
v 0.124128 0.007113 0.017945
v 0.124044 0.007026 0.021128
v 0.124058 0.007019 0.024258
v 0.124161 0.006996 0.027397
v 0.124184 0.006945 0.030510
v 0.124278 0.007030 0.033713
v 0.123971 0.006809 0.035594
v 0.110151 0.011699 0.006460
v 0.109733 0.011875 0.008483
v 0.109599 0.011940 0.011646
v 0.109524 0.011941 0.014752
v 0.109492 0.011950 0.017808
v 0.109497 0.011926 0.021169
v 0.109627 0.011909 0.024131
v 0.109731 0.011877 0.027372
v 0.109731 0.011827 0.030626
v 0.109726 0.011832 0.033683
v 0.110166 0.011730 0.036241
v 0.111340 0.011054 0.005804
v 0.111350 0.011022 0.036911
v 0.112950 0.010350 0.005452
v 0.112963 0.010426 0.037294
v 0.114518 0.009700 0.005324
v 0.114458 0.009657 0.037401
v 0.116034 0.008953 0.005258
v 0.116022 0.008958 0.037424
v 0.117591 0.008165 0.005458
v 0.117567 0.008254 0.037348
v 0.119085 0.007527 0.005896
v 0.119112 0.007469 0.037246
v 0.120637 0.006706 0.006458
v 0.121635 0.007116 0.006999
v 0.120680 0.006751 0.036893
v 0.121590 0.005849 0.006846
v 0.122386 0.006092 0.007340
v 0.122246 0.006061 0.036383
v 0.123866 0.005382 0.008403
v 0.124444 0.005424 0.011644
v 0.124374 0.005368 0.014896
v 0.124360 0.005427 0.017911
v 0.124313 0.005348 0.021235
v 0.124312 0.005413 0.024161
v 0.124347 0.005395 0.027283
v 0.124389 0.005424 0.030393
v 0.124459 0.005478 0.033635
v 0.123717 0.005351 0.035725
v 0.124519 0.004438 0.009352
v 0.124588 0.004380 0.011558
v 0.124523 0.004441 0.014329
v 0.124475 0.004393 0.017740
v 0.124447 0.004394 0.020832
v 0.124448 0.004409 0.024237
v 0.124455 0.004375 0.027610
v 0.124473 0.004422 0.030726
v 0.124573 0.004499 0.033321
v 0.124313 0.004294 0.035396
v 0.109745 0.009968 0.006650
v 0.109584 0.010010 0.008525
v 0.109586 0.009992 0.011634
v 0.109494 0.010052 0.014819
v 0.109477 0.010004 0.017959
v 0.109497 0.010019 0.021177
v 0.109541 0.010064 0.024128
v 0.109517 0.010017 0.027299
v 0.109542 0.010030 0.030519
v 0.109525 0.010001 0.033636
v 0.109631 0.010039 0.035738
v 0.110659 0.009518 0.006021
v 0.110605 0.009521 0.036662
v 0.112235 0.008825 0.005569
v 0.112162 0.008818 0.037147
v 0.113802 0.008150 0.005344
v 0.113764 0.008112 0.037352
v 0.115332 0.007354 0.005208
v 0.115333 0.007372 0.037411
v 0.116825 0.006693 0.005203
v 0.116843 0.006657 0.037329
v 0.118448 0.005962 0.005548
v 0.118411 0.005901 0.037284
v 0.120003 0.005242 0.006074
v 0.120014 0.005228 0.037032
v 0.121415 0.004408 0.006640
v 0.122255 0.004807 0.007034
v 0.121547 0.004493 0.036674
v 0.122335 0.003544 0.006927
v 0.123145 0.003856 0.007468
v 0.123079 0.003768 0.036124
v 0.124476 0.002976 0.008733
v 0.124726 0.002966 0.011773
v 0.124619 0.002988 0.014808
v 0.124633 0.003048 0.017902
v 0.124616 0.003114 0.021008
v 0.124579 0.003100 0.024168
v 0.124548 0.003142 0.027249
v 0.124584 0.003030 0.030423
v 0.124667 0.003105 0.033662
v 0.124159 0.003085 0.035563
v 0.106873 0.008643 0.008624
v 0.106994 0.008568 0.011454
v 0.107057 0.008428 0.014701
v 0.107127 0.008374 0.016761
v 0.107145 0.008345 0.024717
v 0.107095 0.008434 0.027631
v 0.107078 0.008463 0.030491
v 0.107109 0.008455 0.033514
v 0.108665 0.008372 0.006580
v 0.108378 0.008688 0.008414
v 0.108482 0.008724 0.011628
v 0.108531 0.008610 0.014751
v 0.108490 0.008496 0.017883
v 0.108523 0.008489 0.021033
v 0.108509 0.008551 0.024297
v 0.108394 0.008608 0.027306
v 0.108470 0.008726 0.030406
v 0.108388 0.008721 0.033802
v 0.108701 0.008419 0.035892
v 0.109930 0.007999 0.005956
v 0.109959 0.008001 0.036675
v 0.111459 0.007228 0.005551
v 0.111484 0.007281 0.037067
v 0.113022 0.006551 0.005318
v 0.113064 0.006584 0.037265
v 0.114631 0.005796 0.005213
v 0.114615 0.005793 0.037367
v 0.116130 0.005087 0.005024
v 0.116161 0.005158 0.037353
v 0.117675 0.004425 0.005263
v 0.117672 0.004354 0.037251
v 0.119237 0.003661 0.005648
v 0.119211 0.003692 0.037123
v 0.120780 0.002900 0.006130
v 0.120825 0.002897 0.036895
v 0.122173 0.002158 0.006689
v 0.122940 0.002585 0.007121
v 0.122348 0.002204 0.036440
v 0.122905 0.001154 0.006883
v 0.124061 0.001446 0.007969
v 0.124799 0.001744 0.011863
v 0.124767 0.001736 0.015221
v 0.124747 0.001683 0.017835
v 0.124758 0.001707 0.021066
v 0.124727 0.001677 0.024360
v 0.124650 0.001658 0.027163
v 0.124691 0.001737 0.030398
v 0.124785 0.001732 0.033492
v 0.123909 0.001508 0.035781
v 0.124811 0.000635 0.009177
v 0.124865 0.000795 0.011731
v 0.124797 0.000819 0.014868
v 0.124710 0.000799 0.017886
v 0.124821 0.000807 0.020783
v 0.124784 0.000721 0.024189
v 0.124738 0.000694 0.027114
v 0.124773 0.000767 0.030590
v 0.124838 0.000853 0.033607
v 0.124527 0.000480 0.035408
v 0.102891 0.008716 0.008861
v 0.102921 0.008752 0.011763
v 0.102980 0.008625 0.014755
v 0.103058 0.008559 0.017858
v 0.103009 0.008564 0.020923
v 0.103018 0.008521 0.024273
v 0.103179 0.008511 0.027324
v 0.103055 0.008537 0.030479
v 0.103032 0.008511 0.033009
v 0.104587 0.008515 0.008330
v 0.104698 0.008679 0.011730
v 0.104513 0.008560 0.014941
v 0.104658 0.008460 0.017952
v 0.104490 0.008450 0.021065
v 0.104455 0.008463 0.024308
v 0.104510 0.008446 0.027361
v 0.104552 0.008496 0.030568
v 0.104535 0.008303 0.033754
v 0.104847 0.007571 0.035261
v 0.106094 0.007602 0.006769
v 0.106032 0.008553 0.008118
v 0.106061 0.008630 0.011795
v 0.106141 0.008481 0.014916
v 0.106346 0.008357 0.018007
v 0.106360 0.008327 0.021043
v 0.106261 0.008375 0.024163
v 0.106129 0.008405 0.027336
v 0.106174 0.008476 0.030439
v 0.106171 0.008346 0.033907
v 0.106183 0.007599 0.035570
v 0.107690 0.007139 0.006303
v 0.107333 0.008206 0.020531
v 0.107607 0.007158 0.036113
v 0.109263 0.006426 0.005846
v 0.109184 0.006446 0.036598
v 0.110781 0.005694 0.005543
v 0.110764 0.005675 0.036963
v 0.112320 0.004984 0.005279
v 0.112321 0.005024 0.037161
v 0.113879 0.004288 0.005125
v 0.113895 0.004329 0.037287
v 0.115422 0.003552 0.005003
v 0.115453 0.003542 0.037380
v 0.116963 0.002867 0.005030
v 0.117019 0.002820 0.037261
v 0.118531 0.002126 0.005327
v 0.118536 0.002089 0.037212
v 0.120083 0.001361 0.005733
v 0.120061 0.001403 0.037004
v 0.121663 0.000683 0.006277
v 0.121645 0.000683 0.036669
v 0.122821 -0.000128 0.006773
v 0.123639 0.000066 0.007310
v 0.123167 -0.000057 0.036158
v 0.124628 -0.000815 0.008511
v 0.124932 -0.000817 0.011579
v 0.124883 -0.000725 0.014845
v 0.124851 -0.000735 0.017996
v 0.124797 -0.000728 0.021115
v 0.124791 -0.000890 0.024105
v 0.124810 -0.000753 0.027363
v 0.124825 -0.000786 0.030434
v 0.124867 -0.000798 0.033744
v 0.124305 -0.000707 0.035587
v 0.098041 0.008764 0.010871
v 0.098009 0.008769 0.014000
v 0.099200 0.008659 0.009293
v 0.099058 0.008782 0.011644
v 0.098927 0.008755 0.014752
v 0.099005 0.008704 0.017970
v 0.099014 0.008643 0.021077
v 0.099024 0.008620 0.024321
v 0.099125 0.008590 0.027368
v 0.099263 0.008572 0.030408
v 0.099335 0.008386 0.032669
v 0.100751 0.008397 0.008615
v 0.100881 0.008780 0.011677
v 0.100902 0.008715 0.014782
v 0.100787 0.008661 0.018069
v 0.100810 0.008596 0.021036
v 0.100781 0.008599 0.024246
v 0.100845 0.008551 0.027396
v 0.100775 0.008575 0.030542
v 0.100705 0.008265 0.033296
v 0.102277 0.007853 0.007737
v 0.101911 0.008777 0.011944
v 0.102045 0.008688 0.014707
v 0.102106 0.008603 0.017885
v 0.102138 0.008579 0.021213
v 0.102167 0.008586 0.024114
v 0.102166 0.008543 0.027316
v 0.102156 0.008562 0.030644
v 0.102270 0.007786 0.034230
v 0.104409 0.006700 0.006868
v 0.103700 0.007128 0.007140
v 0.103604 0.007289 0.034974
v 0.104187 0.006676 0.035312
v 0.105397 0.006320 0.006649
v 0.105438 0.006325 0.035677
v 0.106982 0.005584 0.006193
v 0.106964 0.005612 0.036114
v 0.108556 0.004869 0.005844
v 0.108496 0.004896 0.036468
v 0.110098 0.004112 0.005552
v 0.110048 0.004143 0.036777
v 0.111600 0.003454 0.005286
v 0.111590 0.003418 0.036999
v 0.113185 0.002674 0.005053
v 0.113141 0.002721 0.037172
v 0.114791 0.001957 0.004938
v 0.114716 0.001988 0.037251
v 0.116265 0.001301 0.004830
v 0.116244 0.001254 0.037259
v 0.117825 0.000551 0.005105
v 0.117822 0.000570 0.037208
v 0.119389 -0.000169 0.005504
v 0.119365 -0.000168 0.037049
v 0.120933 -0.000864 0.005915
v 0.120959 -0.000895 0.036809
v 0.122438 -0.001610 0.006526
v 0.123407 -0.001170 0.006976
v 0.122492 -0.001588 0.036378
v 0.123345 -0.002396 0.006844
v 0.124269 -0.002212 0.007691
v 0.124937 -0.002016 0.011702
v 0.124919 -0.002128 0.014688
v 0.124899 -0.002137 0.017715
v 0.124873 -0.002113 0.021089
v 0.124804 -0.002161 0.024260
v 0.124828 -0.002124 0.027520
v 0.124856 -0.002159 0.030532
v 0.124896 -0.002124 0.033679
v 0.123978 -0.002332 0.035704
v 0.124944 -0.003038 0.008942
v 0.124983 -0.002971 0.011661
v 0.124916 -0.003018 0.014874
v 0.124906 -0.003050 0.018009
v 0.124870 -0.003048 0.021304
v 0.124826 -0.003102 0.024171
v 0.124819 -0.003147 0.027235
v 0.124835 -0.003053 0.030519
v 0.124894 -0.003046 0.033779
v 0.124563 -0.003264 0.035328
v 0.094181 0.008671 0.012669
v 0.094193 0.008659 0.014244
v 0.094226 0.008664 0.016947
v 0.094236 0.008665 0.020632
v 0.094202 0.008666 0.025340
v 0.095512 0.008247 0.009826
v 0.095307 0.008630 0.011702
v 0.095199 0.008709 0.014869
v 0.095153 0.008700 0.017836
v 0.095086 0.008672 0.021060
v 0.095132 0.008634 0.024329
v 0.095260 0.008575 0.027286
v 0.095411 0.008449 0.030452
v 0.095626 0.008135 0.032220
v 0.097061 0.008170 0.009207
v 0.097091 0.008713 0.011645
v 0.097090 0.008737 0.014705
v 0.097044 0.008691 0.017948
v 0.097006 0.008675 0.021007
v 0.097048 0.008613 0.024285
v 0.097051 0.008585 0.027371
v 0.096978 0.008490 0.030552
v 0.096829 0.007947 0.032790
v 0.098453 0.007668 0.008429
v 0.098056 0.008714 0.018763
v 0.098095 0.008659 0.021754
v 0.098189 0.008620 0.024081
v 0.098194 0.008602 0.027308
v 0.098258 0.008512 0.030784
v 0.098484 0.007654 0.033393
v 0.100042 0.006902 0.007806
v 0.100056 0.006870 0.034244
v 0.101545 0.006175 0.007393
v 0.101549 0.006156 0.034717
v 0.103666 0.005388 0.006887
v 0.102812 0.005586 0.007088
v 0.102749 0.005585 0.035066
v 0.103543 0.005293 0.035312
v 0.104695 0.004754 0.006624
v 0.104664 0.004770 0.035555
v 0.106283 0.004000 0.006225
v 0.106194 0.004071 0.035917
v 0.107791 0.003313 0.005893
v 0.107822 0.003366 0.036295
v 0.109355 0.002607 0.005570
v 0.109327 0.002579 0.036566
v 0.110909 0.001878 0.005281
v 0.110899 0.001833 0.036804
v 0.112431 0.001178 0.005037
v 0.112488 0.001141 0.037041
v 0.114032 0.000427 0.004872
v 0.113975 0.000393 0.037165
v 0.115533 -0.000271 0.004779
v 0.115542 -0.000321 0.037225
v 0.117075 -0.001003 0.004915
v 0.117048 -0.001007 0.037153
v 0.118672 -0.001701 0.005267
v 0.118642 -0.001718 0.037112
v 0.120246 -0.002422 0.005649
v 0.120200 -0.002410 0.036926
v 0.121763 -0.003092 0.006098
v 0.121792 -0.003116 0.036580
v 0.123087 -0.003822 0.006667
v 0.123960 -0.003835 0.007184
v 0.123320 -0.003872 0.036003
v 0.124738 -0.004597 0.008278
v 0.124979 -0.004614 0.011717
v 0.124941 -0.004620 0.014879
v 0.124940 -0.004645 0.017793
v 0.124883 -0.004556 0.021034
v 0.124812 -0.004598 0.024306
v 0.124776 -0.004605 0.027304
v 0.124789 -0.004569 0.030486
v 0.124815 -0.004565 0.033775
v 0.124310 -0.004504 0.035458
v 0.093509 0.007565 0.009800
v 0.093206 0.008097 0.011751
v 0.093128 0.008212 0.014869
v 0.093140 0.008216 0.018002
v 0.093129 0.008254 0.021070
v 0.093064 0.008234 0.024168
v 0.093159 0.008237 0.027358
v 0.093254 0.007964 0.030305
v 0.094681 0.007427 0.009293
v 0.094396 0.008281 0.010494
v 0.094296 0.008528 0.028189
v 0.094381 0.008169 0.030999
v 0.094774 0.007358 0.032539
v 0.096208 0.006780 0.008580
v 0.096213 0.006816 0.033210
v 0.097739 0.006024 0.008116
v 0.097729 0.006056 0.033799
v 0.099315 0.005336 0.007720
v 0.099257 0.005310 0.034252
v 0.100866 0.004598 0.007360
v 0.100876 0.004622 0.034650
v 0.102994 0.003728 0.006918
v 0.102243 0.004010 0.007071
v 0.102356 0.003843 0.035019
v 0.103198 0.004080 0.035242
v 0.103958 0.003190 0.006663
v 0.103022 0.003177 0.035182
v 0.103978 0.003214 0.035395
v 0.105562 0.002475 0.006260
v 0.105555 0.002479 0.035733
v 0.107080 0.001763 0.005922
v 0.107059 0.001772 0.036076
v 0.108589 0.001013 0.005618
v 0.108638 0.001084 0.036371
v 0.110185 0.000311 0.005311
v 0.110149 0.000299 0.036630
v 0.111734 -0.000324 0.005078
v 0.111718 -0.000406 0.036834
v 0.113268 -0.001077 0.004819
v 0.113298 -0.001103 0.037030
v 0.114872 -0.001804 0.004726
v 0.114841 -0.001821 0.037160
v 0.116316 -0.002533 0.004680
v 0.116353 -0.002616 0.037154
v 0.117922 -0.003191 0.005005
v 0.117978 -0.003211 0.037055
v 0.119452 -0.003931 0.005393
v 0.119523 -0.004019 0.036969
v 0.121046 -0.004699 0.005782
v 0.121031 -0.004655 0.036758
v 0.122588 -0.005471 0.006343
v 0.122615 -0.005402 0.036273
v 0.123564 -0.005988 0.006817
v 0.124521 -0.006095 0.007727
v 0.124995 -0.005877 0.011589
v 0.124974 -0.005954 0.014766
v 0.124951 -0.005996 0.017782
v 0.124900 -0.006009 0.020969
v 0.124819 -0.006087 0.024188
v 0.124768 -0.006192 0.027392
v 0.124748 -0.006177 0.030483
v 0.124742 -0.006206 0.033902
v 0.123937 -0.006093 0.035662
v 0.124883 -0.006964 0.008761
v 0.125000 -0.006885 0.011731
v 0.124950 -0.006859 0.014978
v 0.124909 -0.006983 0.018045
v 0.124893 -0.006963 0.021036
v 0.124816 -0.007100 0.024116
v 0.124764 -0.007066 0.027076
v 0.124713 -0.007140 0.030796
v 0.124741 -0.007106 0.033542
v 0.083721 0.008608 0.012784
v 0.083199 0.008747 0.014800
v 0.083015 0.008754 0.017973
v 0.083022 0.008755 0.021189
v 0.082901 0.008804 0.024306
v 0.083113 0.008755 0.027249
v 0.083772 0.008625 0.029464
v 0.087363 0.008299 0.012167
v 0.087144 0.008423 0.014852
v 0.087216 0.008414 0.017926
v 0.087132 0.008420 0.021157
v 0.087245 0.008440 0.024292
v 0.087334 0.008460 0.027343
v 0.087559 0.008269 0.030420
v 0.089156 0.007898 0.011693
v 0.089366 0.008053 0.014910
v 0.089336 0.008045 0.017937
v 0.089290 0.008064 0.021101
v 0.089294 0.008095 0.024311
v 0.089258 0.008121 0.027382
v 0.089255 0.007869 0.030765
v 0.090911 0.007500 0.011554
v 0.090900 0.007800 0.014840
v 0.091048 0.007751 0.017979
v 0.090996 0.007759 0.021169
v 0.091065 0.007783 0.024167
v 0.091041 0.007780 0.027444
v 0.090907 0.007428 0.030798
v 0.093001 0.006358 0.009781
v 0.092252 0.006727 0.010880
v 0.091996 0.007721 0.014682
v 0.092102 0.007641 0.018039
v 0.092063 0.007638 0.020624
v 0.092010 0.007703 0.024231
v 0.092052 0.007673 0.027913
v 0.092345 0.006756 0.031283
v 0.093947 0.005906 0.009048
v 0.093183 0.006307 0.032040
v 0.094011 0.005958 0.032625
v 0.095479 0.005223 0.008422
v 0.095519 0.005227 0.033300
v 0.097043 0.004466 0.008036
v 0.097011 0.004533 0.033717
v 0.098573 0.003731 0.007707
v 0.098571 0.003815 0.034096
v 0.100154 0.003085 0.007371
v 0.100171 0.003061 0.034465
v 0.102298 0.002170 0.006901
v 0.101420 0.002438 0.007102
v 0.101690 0.002361 0.034806
v 0.103296 0.001657 0.006683
v 0.102929 0.001571 0.035085
v 0.103747 0.001761 0.035321
v 0.104789 0.000928 0.006330
v 0.104778 0.000912 0.035524
v 0.106375 0.000199 0.005980
v 0.106362 0.000194 0.035844
v 0.107889 -0.000534 0.005654
v 0.107891 -0.000475 0.036121
v 0.109448 -0.001229 0.005338
v 0.109439 -0.001232 0.036430
v 0.111019 -0.001902 0.005057
v 0.111040 -0.001938 0.036658
v 0.112521 -0.002617 0.004814
v 0.112550 -0.002697 0.036916
v 0.114121 -0.003327 0.004694
v 0.114143 -0.003332 0.037057
v 0.115718 -0.004091 0.004576
v 0.115684 -0.004155 0.037059
v 0.117216 -0.004843 0.004800
v 0.117200 -0.004760 0.037016
v 0.118781 -0.005518 0.005180
v 0.118757 -0.005529 0.036926
v 0.120320 -0.006229 0.005538
v 0.120317 -0.006265 0.036842
v 0.121866 -0.006971 0.005927
v 0.121876 -0.006962 0.036458
v 0.123325 -0.007769 0.006602
v 0.124144 -0.007497 0.007013
v 0.123414 -0.007671 0.035831
v 0.124720 -0.008335 0.008094
v 0.124950 -0.008340 0.011720
v 0.124850 -0.008386 0.014793
v 0.124860 -0.008295 0.017906
v 0.124807 -0.008327 0.021174
v 0.124751 -0.008351 0.024089
v 0.124693 -0.008281 0.027392
v 0.124677 -0.008304 0.030446
v 0.124672 -0.008291 0.033863
v 0.124326 -0.008470 0.035386
v 0.068900 0.009152 0.015909
v 0.068443 0.009468 0.018199
v 0.068319 0.009597 0.021205
v 0.068318 0.009514 0.024029
v 0.068946 0.009225 0.026322
v 0.073499 0.008474 0.012993
v 0.072356 0.009000 0.014920
v 0.072763 0.009451 0.017952
v 0.072867 0.009579 0.020981
v 0.072902 0.009515 0.024116
v 0.072423 0.009065 0.027281
v 0.073119 0.008579 0.029287
v 0.076756 0.008299 0.012347
v 0.077410 0.009015 0.014803
v 0.077750 0.009210 0.017870
v 0.077597 0.009255 0.021137
v 0.077574 0.009264 0.024171
v 0.077367 0.009058 0.027318
v 0.076978 0.008419 0.029935
v 0.081809 0.007151 0.009970
v 0.081232 0.008019 0.011466
v 0.080626 0.008915 0.014664
v 0.080746 0.008942 0.017895
v 0.080713 0.008944 0.020787
v 0.080541 0.008998 0.024343
v 0.080678 0.008927 0.027369
v 0.081284 0.008192 0.030763
v 0.081486 0.007326 0.032364
v 0.085181 0.006836 0.009897
v 0.085916 0.007728 0.010781
v 0.085665 0.007910 0.031676
v 0.085698 0.007076 0.032465
v 0.087776 0.006348 0.010044
v 0.088655 0.006592 0.010332
v 0.089116 0.006553 0.031989
v 0.088307 0.006522 0.032200
v 0.090109 0.005795 0.010648
v 0.090158 0.005847 0.031708
v 0.092364 0.004726 0.009944
v 0.091648 0.005109 0.010675
v 0.091743 0.005082 0.031516
v 0.093179 0.004401 0.009118
v 0.092645 0.004759 0.031830
v 0.093444 0.004436 0.032520
v 0.094742 0.003725 0.008427
v 0.094780 0.003676 0.033077
v 0.096343 0.002937 0.008010
v 0.096318 0.002920 0.033500
v 0.097857 0.002188 0.007699
v 0.097881 0.002246 0.033863
v 0.099423 0.001539 0.007385
v 0.099404 0.001536 0.034254
v 0.101627 0.000660 0.006919
v 0.100821 0.000850 0.007102
v 0.100989 0.000799 0.034613
v 0.102549 0.000072 0.006743
v 0.102472 0.000063 0.034950
v 0.103381 0.000339 0.035247
v 0.104054 -0.000659 0.006401
v 0.103532 -0.000900 0.035149
v 0.104296 -0.000564 0.035339
v 0.105624 -0.001322 0.006066
v 0.105628 -0.001328 0.035586
v 0.107134 -0.002076 0.005740
v 0.107215 -0.002092 0.035876
v 0.108729 -0.002778 0.005426
v 0.108749 -0.002801 0.036184
v 0.110319 -0.003434 0.005146
v 0.110278 -0.003456 0.036467
v 0.111830 -0.004162 0.004871
v 0.111828 -0.004230 0.036723
v 0.113369 -0.004946 0.004675
v 0.113389 -0.004911 0.036959
v 0.114947 -0.005634 0.004597
v 0.114972 -0.005684 0.036993
v 0.116517 -0.006401 0.004597
v 0.116487 -0.006360 0.036963
v 0.118073 -0.007094 0.004971
v 0.118027 -0.007086 0.036911
v 0.119644 -0.007828 0.005360
v 0.119571 -0.007817 0.036807
v 0.121117 -0.008529 0.005727
v 0.121137 -0.008513 0.036590
v 0.122707 -0.009172 0.006219
v 0.122701 -0.009235 0.036135
v 0.123689 -0.009775 0.006759
v 0.124569 -0.010067 0.007949
v 0.124860 -0.009969 0.011582
v 0.124837 -0.010085 0.014922
v 0.124845 -0.010015 0.018075
v 0.124724 -0.010131 0.021251
v 0.124672 -0.010161 0.024326
v 0.124614 -0.010129 0.027366
v 0.124601 -0.010127 0.030536
v 0.124594 -0.010055 0.033856
v 0.123937 -0.009884 0.035514
v 0.124788 -0.010940 0.009068
v 0.124886 -0.010909 0.011475
v 0.124771 -0.010973 0.014704
v 0.124857 -0.010930 0.017769
v 0.124734 -0.011017 0.020292
v 0.058361 0.009001 0.016199
v 0.057677 0.009309 0.018435
v 0.057374 0.009444 0.021096
v 0.057575 0.009325 0.024169
v 0.058161 0.009026 0.026208
v 0.062781 0.008199 0.013083
v 0.061597 0.008798 0.015086
v 0.061484 0.009275 0.017735
v 0.061916 0.009508 0.021039
v 0.061933 0.009380 0.024338
v 0.061869 0.008874 0.027225
v 0.062984 0.008349 0.029134
v 0.066329 0.008029 0.012495
v 0.066330 0.008785 0.014662
v 0.065788 0.009323 0.017379
v 0.065303 0.009557 0.021327
v 0.065629 0.009444 0.024352
v 0.066391 0.008903 0.027578
v 0.066035 0.008132 0.029842
v 0.071608 0.006741 0.010034
v 0.070655 0.007842 0.011884
v 0.070216 0.008620 0.013769
v 0.069735 0.008714 0.028595
v 0.070437 0.007890 0.030637
v 0.071397 0.007084 0.032240
v 0.075123 0.006645 0.009788
v 0.074839 0.007479 0.010902
v 0.074853 0.007671 0.031426
v 0.075087 0.006869 0.032632
v 0.079490 0.006354 0.009469
v 0.078405 0.007228 0.010263
v 0.078235 0.007510 0.031953
v 0.079265 0.006423 0.032978
v 0.083724 0.005654 0.009596
v 0.083791 0.005662 0.032745
v 0.087074 0.004880 0.009997
v 0.088259 0.005039 0.010200
v 0.088748 0.005113 0.032063
v 0.087820 0.005022 0.032298
v 0.089402 0.004302 0.010380
v 0.089439 0.004247 0.031842
v 0.088506 0.004146 0.032082
v 0.091014 0.003558 0.010647
v 0.090925 0.003544 0.031433
v 0.092590 0.002827 0.009374
v 0.091800 0.002859 0.010351
v 0.092200 0.002897 0.031619
v 0.093018 0.002746 0.032284
v 0.094032 0.002153 0.008498
v 0.094071 0.002073 0.032748
v 0.095603 0.001374 0.008011
v 0.095636 0.001396 0.033232
v 0.097144 0.000630 0.007681
v 0.097158 0.000688 0.033610
v 0.098725 -0.000023 0.007414
v 0.098769 0.000014 0.034015
v 0.100848 -0.000928 0.006919
v 0.100161 -0.000694 0.007110
v 0.100195 -0.000746 0.034341
v 0.101855 -0.001450 0.006800
v 0.100950 -0.001777 0.006965
v 0.101757 -0.001481 0.034680
v 0.103400 -0.002205 0.006470
v 0.103264 -0.002252 0.035002
v 0.104213 -0.001959 0.035248
v 0.105002 -0.002859 0.006103
v 0.104056 -0.003216 0.035146
v 0.105009 -0.002855 0.035399
v 0.106461 -0.003639 0.005802
v 0.106483 -0.003620 0.035652
v 0.107975 -0.004348 0.005532
v 0.108025 -0.004344 0.035932
v 0.109583 -0.005034 0.005196
v 0.109582 -0.005054 0.036258
v 0.111108 -0.005761 0.004909
v 0.111070 -0.005751 0.036532
v 0.112674 -0.006494 0.004662
v 0.112647 -0.006486 0.036815
v 0.114241 -0.007190 0.004599
v 0.114276 -0.007202 0.036898
v 0.115762 -0.007891 0.004509
v 0.115818 -0.007908 0.036886
v 0.117296 -0.008677 0.004769
v 0.117370 -0.008627 0.036857
v 0.118900 -0.009315 0.005182
v 0.118931 -0.009318 0.036780
v 0.120477 -0.010034 0.005571
v 0.120448 -0.010088 0.036607
v 0.122149 -0.010756 0.006044
v 0.121985 -0.010753 0.036329
v 0.123223 -0.011425 0.006521
v 0.124074 -0.011490 0.007130
v 0.124649 -0.011082 0.022474
v 0.124621 -0.011144 0.025116
v 0.124554 -0.011240 0.027471
v 0.124531 -0.011223 0.030625
v 0.124488 -0.011261 0.034554
v 0.123515 -0.011491 0.035636
v 0.124662 -0.012119 0.008485
v 0.124804 -0.012188 0.011621
v 0.124744 -0.011994 0.014767
v 0.124771 -0.012072 0.018016
v 0.124696 -0.012074 0.020976
v 0.124639 -0.012024 0.024215
v 0.124580 -0.012118 0.027356
v 0.124511 -0.012139 0.030424
v 0.124511 -0.012110 0.033717
v 0.124143 -0.012402 0.035226
v 0.047678 0.008850 0.016042
v 0.046753 0.009177 0.018206
v 0.046550 0.009330 0.021038
v 0.046733 0.009220 0.024112
v 0.047296 0.008936 0.026111
v 0.050955 0.008645 0.015202
v 0.051156 0.009151 0.017832
v 0.051685 0.009373 0.021003
v 0.051131 0.009258 0.024123
v 0.050989 0.008711 0.027107
v 0.052391 0.008136 0.028975
v 0.055357 0.007862 0.012727
v 0.055626 0.008579 0.014766
v 0.055323 0.009177 0.017702
v 0.054741 0.009404 0.020913
v 0.055012 0.009245 0.024604
v 0.055611 0.008672 0.027468
v 0.055696 0.007911 0.029740
v 0.059731 0.007550 0.012010
v 0.059728 0.008433 0.013972
v 0.059259 0.008531 0.028283
v 0.059956 0.007657 0.030454
v 0.060890 0.006713 0.032072
v 0.064842 0.006246 0.009916
v 0.064066 0.007151 0.011122
v 0.064156 0.007369 0.031296
v 0.064430 0.006527 0.032484
v 0.068924 0.006121 0.009588
v 0.068200 0.006880 0.010413
v 0.067683 0.007187 0.031841
v 0.068721 0.006292 0.032944
v 0.073074 0.005661 0.009055
v 0.072875 0.005518 0.033628
v 0.077288 0.004930 0.008803
v 0.077345 0.004902 0.033433
v 0.081516 0.004153 0.009237
v 0.081695 0.004142 0.032874
v 0.085810 0.003458 0.009709
v 0.085986 0.003431 0.032378
v 0.088134 0.002744 0.009993
v 0.088968 0.002787 0.010226
v 0.088848 0.002639 0.031859
v 0.087953 0.002873 0.032120
v 0.090254 0.001985 0.010551
v 0.090229 0.001989 0.031488
v 0.092112 0.001145 0.009367
v 0.091345 0.001356 0.010497
v 0.091756 0.001275 0.031584
v 0.092755 0.001620 0.032215
v 0.093401 0.000548 0.008547
v 0.093346 0.000609 0.032460
v 0.094949 -0.000156 0.008065
v 0.094870 -0.000225 0.032919
v 0.096484 -0.000870 0.007731
v 0.096423 -0.000802 0.033318
v 0.098005 -0.001563 0.007446
v 0.098016 -0.001541 0.033729
v 0.099529 -0.002296 0.007148
v 0.099558 -0.002251 0.034099
v 0.101227 -0.003101 0.006812
v 0.100541 -0.002667 0.006985
v 0.101123 -0.003030 0.034442
v 0.102651 -0.003708 0.006530
v 0.102597 -0.003743 0.034798
v 0.104212 -0.004461 0.006201
v 0.103977 -0.004559 0.035060
v 0.104751 -0.004252 0.035290
v 0.105769 -0.005169 0.005912
v 0.104898 -0.005370 0.035168
v 0.105820 -0.005145 0.035444
v 0.107274 -0.005925 0.005584
v 0.107265 -0.005917 0.035733
v 0.108855 -0.006601 0.005311
v 0.108891 -0.006602 0.036034
v 0.110408 -0.007284 0.005002
v 0.110416 -0.007331 0.036321
v 0.111979 -0.008047 0.004713
v 0.111936 -0.008006 0.036627
v 0.113535 -0.008740 0.004605
v 0.113505 -0.008731 0.036778
v 0.115052 -0.009499 0.004536
v 0.115053 -0.009507 0.036777
v 0.116604 -0.010225 0.004663
v 0.116569 -0.010156 0.036712
v 0.118197 -0.010948 0.005014
v 0.118167 -0.010864 0.036670
v 0.119735 -0.011597 0.005391
v 0.119758 -0.011612 0.036543
v 0.121290 -0.012269 0.005754
v 0.121313 -0.012315 0.036344
v 0.122714 -0.013065 0.006374
v 0.123675 -0.013041 0.007050
v 0.122838 -0.013073 0.035728
v 0.123289 -0.014122 0.006960
v 0.124355 -0.013727 0.008325
v 0.124613 -0.013878 0.011649
v 0.124633 -0.013896 0.014783
v 0.124631 -0.013894 0.017900
v 0.124580 -0.013892 0.020996
v 0.124573 -0.013870 0.024281
v 0.124504 -0.013836 0.027244
v 0.124458 -0.013800 0.030321
v 0.124319 -0.013775 0.034040
v 0.123706 -0.013491 0.035268
v 0.037079 0.008774 0.015916
v 0.036028 0.009116 0.018136
v 0.035868 0.009253 0.021110
v 0.035900 0.009155 0.023908
v 0.036623 0.008841 0.026114
v 0.040238 0.008571 0.015203
v 0.040424 0.009095 0.017785
v 0.040490 0.009285 0.021089
v 0.040534 0.009152 0.024214
v 0.040114 0.008617 0.027036
v 0.041635 0.007985 0.028988
v 0.044803 0.007631 0.012673
v 0.044890 0.008423 0.014662
v 0.044364 0.009089 0.017563
v 0.043865 0.009312 0.021208
v 0.044149 0.009153 0.024513
v 0.044950 0.008554 0.027416
v 0.044851 0.007747 0.029634
v 0.049038 0.007395 0.012183
v 0.049117 0.008267 0.014027
v 0.048912 0.008336 0.028274
v 0.049109 0.007414 0.030413
v 0.054631 0.005807 0.009993
v 0.053487 0.006904 0.011314
v 0.053377 0.007120 0.031105
v 0.053857 0.006226 0.032271
v 0.057833 0.005715 0.009761
v 0.057702 0.006508 0.010582
v 0.057703 0.006858 0.031741
v 0.058018 0.005975 0.032671
v 0.062377 0.005430 0.009299
v 0.061047 0.006402 0.010267
v 0.062154 0.005502 0.033274
v 0.066610 0.004710 0.008494
v 0.066478 0.004782 0.033929
v 0.071078 0.004003 0.008019
v 0.070990 0.003995 0.034137
v 0.075448 0.003361 0.008383
v 0.075210 0.003301 0.033611
v 0.079572 0.002534 0.008953
v 0.079797 0.002603 0.032986
v 0.084093 0.001849 0.009479
v 0.084144 0.001918 0.032482
v 0.087869 0.001136 0.009900
v 0.088786 0.001295 0.010161
v 0.088356 0.001058 0.031927
v 0.086989 0.001172 0.032170
v 0.088676 0.000159 0.010078
v 0.089552 0.000461 0.010335
v 0.089503 0.000484 0.031630
v 0.091820 -0.000130 0.009642
v 0.090996 -0.000258 0.010470
v 0.091051 -0.000282 0.031514
v 0.092605 -0.000974 0.008922
v 0.091700 -0.001153 0.010131
v 0.092075 -0.000729 0.031888
v 0.092895 -0.001026 0.032394
v 0.094164 -0.001707 0.008224
v 0.094152 -0.001745 0.032657
v 0.095682 -0.002455 0.007776
v 0.095702 -0.002460 0.033061
v 0.097276 -0.003131 0.007486
v 0.097258 -0.003117 0.033455
v 0.098796 -0.003882 0.007230
v 0.098789 -0.003779 0.033831
v 0.100595 -0.004649 0.006854
v 0.099754 -0.004420 0.007022
v 0.100374 -0.004554 0.034182
v 0.101903 -0.005255 0.006612
v 0.101949 -0.005266 0.034548
v 0.103461 -0.006005 0.006316
v 0.103472 -0.006024 0.034890
v 0.104996 -0.006683 0.006006
v 0.104709 -0.006772 0.035101
v 0.105557 -0.006641 0.035317
v 0.106582 -0.007393 0.005708
v 0.106630 -0.007431 0.035519
v 0.108123 -0.008178 0.005410
v 0.108166 -0.008185 0.035831
v 0.109682 -0.008860 0.005109
v 0.109670 -0.008847 0.036072
v 0.111248 -0.009603 0.004813
v 0.111253 -0.009524 0.036435
v 0.112795 -0.010312 0.004616
v 0.112832 -0.010296 0.036617
v 0.114342 -0.011000 0.004523
v 0.114311 -0.011016 0.036671
v 0.115935 -0.011721 0.004530
v 0.115973 -0.011677 0.036625
v 0.117462 -0.012441 0.004814
v 0.117440 -0.012474 0.036546
v 0.118981 -0.013158 0.005217
v 0.119019 -0.013156 0.036495
v 0.120575 -0.013884 0.005608
v 0.120566 -0.013878 0.036276
v 0.122088 -0.014610 0.006241
v 0.122116 -0.014640 0.035772
v 0.122969 -0.015062 0.006895
v 0.123868 -0.015491 0.008435
v 0.124317 -0.015582 0.011516
v 0.124401 -0.015511 0.015017
v 0.124334 -0.015674 0.017925
v 0.124334 -0.015583 0.020824
v 0.124379 -0.015458 0.024411
v 0.124290 -0.015647 0.027368
v 0.124248 -0.015662 0.030614
v 0.123957 -0.015449 0.033791
v 0.123185 -0.014826 0.035336
v 0.124338 -0.015975 0.012791
v 0.124285 -0.016114 0.014165
v 0.124356 -0.015952 0.022125
v 0.124270 -0.016115 0.023963
v 0.124299 -0.015991 0.025974
v 0.022108 0.009236 0.020576
v 0.025987 0.008732 0.015993
v 0.025369 0.009050 0.017929
v 0.024656 0.009230 0.021086
v 0.024995 0.009079 0.024087
v 0.025991 0.008730 0.026182
v 0.029697 0.008515 0.015223
v 0.029797 0.009041 0.017809
v 0.030037 0.009227 0.020963
v 0.029708 0.009068 0.024317
v 0.029599 0.008519 0.027093
v 0.034079 0.007604 0.012810
v 0.034075 0.008407 0.014818
v 0.033528 0.009026 0.017459
v 0.033133 0.009240 0.021758
v 0.033377 0.009055 0.024648
v 0.033931 0.008374 0.027598
v 0.033652 0.007587 0.029556
v 0.038414 0.007302 0.012252
v 0.038459 0.008158 0.013978
v 0.038011 0.008246 0.028110
v 0.038524 0.007376 0.030067
v 0.042703 0.006753 0.011435
v 0.042599 0.006779 0.031089
v 0.043854 0.005802 0.032151
v 0.047242 0.005351 0.009832
v 0.047093 0.006259 0.010721
v 0.047126 0.006518 0.031660
v 0.047106 0.005675 0.032418
v 0.051229 0.005120 0.009550
v 0.051019 0.006003 0.010319
v 0.050713 0.006396 0.031942
v 0.051577 0.005320 0.032855
v 0.055981 0.004556 0.008952
v 0.055921 0.004650 0.033439
v 0.060425 0.003917 0.008331
v 0.060032 0.003950 0.033964
v 0.064677 0.003212 0.007712
v 0.064509 0.003197 0.034387
v 0.068993 0.002507 0.007472
v 0.069030 0.002441 0.034415
v 0.073134 0.001774 0.008006
v 0.073224 0.001795 0.033834
v 0.077554 0.001084 0.008664
v 0.077627 0.001090 0.033170
v 0.082030 0.000364 0.009199
v 0.081988 0.000317 0.032632
v 0.086386 -0.000401 0.009641
v 0.087818 -0.000543 0.031986
v 0.085721 -0.000282 0.032221
v 0.088537 -0.001069 0.009976
v 0.089392 -0.001145 0.010207
v 0.088787 -0.001131 0.031699
v 0.090392 -0.001815 0.010422
v 0.090340 -0.001803 0.031387
v 0.092198 -0.002595 0.009306
v 0.091452 -0.002383 0.010348
v 0.091702 -0.002599 0.031570
v 0.092520 -0.002336 0.032283
v 0.093470 -0.003252 0.008363
v 0.092657 -0.003580 0.031985
v 0.093519 -0.003195 0.032400
v 0.094967 -0.004014 0.007855
v 0.094992 -0.003996 0.032821
v 0.096557 -0.004715 0.007535
v 0.096545 -0.004707 0.033214
v 0.098124 -0.005389 0.007249
v 0.098077 -0.005430 0.033583
v 0.100024 -0.006275 0.006876
v 0.099256 -0.005930 0.007025
v 0.099673 -0.006103 0.033952
v 0.101234 -0.006846 0.006671
v 0.101222 -0.006822 0.034271
v 0.102763 -0.007559 0.006393
v 0.102769 -0.007509 0.034651
v 0.104350 -0.008265 0.006090
v 0.104274 -0.008307 0.034953
v 0.105896 -0.008989 0.005787
v 0.105365 -0.009177 0.035124
v 0.106173 -0.008890 0.035341
v 0.107406 -0.009713 0.005498
v 0.107435 -0.009723 0.035573
v 0.108989 -0.010387 0.005194
v 0.108989 -0.010442 0.035872
v 0.110522 -0.011160 0.004935
v 0.110523 -0.011110 0.036195
v 0.112072 -0.011841 0.004643
v 0.112115 -0.011842 0.036430
v 0.113594 -0.012572 0.004483
v 0.113630 -0.012580 0.036538
v 0.115195 -0.013308 0.004467
v 0.115170 -0.013274 0.036522
v 0.116743 -0.013964 0.004685
v 0.116729 -0.014008 0.036452
v 0.118277 -0.014670 0.005050
v 0.118287 -0.014748 0.036377
v 0.119912 -0.015393 0.005510
v 0.119858 -0.015428 0.036193
v 0.121299 -0.016066 0.006299
v 0.121743 -0.016705 0.007700
v 0.121800 -0.016612 0.034422
v 0.121319 -0.015968 0.035710
v 0.122587 -0.015849 0.006886
v 0.122614 -0.016540 0.008856
v 0.123152 -0.016908 0.011630
v 0.123367 -0.017043 0.014859
v 0.123307 -0.017048 0.018030
v 0.123396 -0.017060 0.021075
v 0.123398 -0.017036 0.024151
v 0.123336 -0.017049 0.027296
v 0.123049 -0.016927 0.030625
v 0.122691 -0.016461 0.033276
v 0.011184 0.009198 0.019016
v 0.010980 0.009266 0.021040
v 0.011132 0.009189 0.023444
v 0.015033 0.008693 0.015866
v 0.014427 0.009059 0.017954
v 0.014373 0.009247 0.021135
v 0.014292 0.009092 0.024098
v 0.015148 0.008716 0.026204
v 0.018739 0.008461 0.015107
v 0.019271 0.009055 0.017984
v 0.019383 0.009229 0.021295
v 0.019056 0.009046 0.024262
v 0.018884 0.008436 0.027198
v 0.023321 0.007497 0.012801
v 0.023331 0.008300 0.014675
v 0.022799 0.008994 0.017489
v 0.022123 0.009213 0.019835
v 0.022543 0.008986 0.024760
v 0.023346 0.008328 0.027550
v 0.023427 0.007555 0.029385
v 0.027633 0.007230 0.012330
v 0.027506 0.008027 0.013845
v 0.027295 0.008069 0.028352
v 0.027667 0.007219 0.029997
v 0.032147 0.006646 0.011490
v 0.032000 0.006651 0.030852
v 0.037040 0.005155 0.009933
v 0.036308 0.006037 0.010729
v 0.036146 0.006110 0.031596
v 0.036629 0.005267 0.032272
v 0.041139 0.004956 0.009725
v 0.040722 0.005701 0.010312
v 0.040281 0.005955 0.031888
v 0.040735 0.005179 0.032485
v 0.045181 0.004507 0.009308
v 0.045099 0.004528 0.032977
v 0.049366 0.003812 0.008751
v 0.049603 0.003820 0.033445
v 0.053679 0.003073 0.008195
v 0.053749 0.003073 0.033866
v 0.057889 0.002306 0.007663
v 0.058229 0.002375 0.034296
v 0.063501 0.000905 0.006908
v 0.062296 0.001730 0.007207
v 0.062633 0.001623 0.034622
v 0.065475 0.000599 0.006883
v 0.067500 0.001073 0.007140
v 0.066826 0.000933 0.034593
v 0.071367 0.000186 0.007663
v 0.071300 0.000192 0.034015
v 0.075521 -0.000474 0.008307
v 0.075587 -0.000519 0.033343
v 0.079950 -0.001268 0.008869
v 0.079953 -0.001227 0.032765
v 0.084346 -0.001928 0.009369
v 0.086725 -0.001814 0.032027
v 0.084183 -0.001962 0.032268
v 0.088039 -0.002648 0.009798
v 0.088073 -0.002672 0.031795
v 0.088941 -0.003506 0.010020
v 0.089800 -0.003275 0.010243
v 0.089670 -0.003328 0.031345
v 0.091823 -0.004056 0.009640
v 0.090987 -0.004099 0.010355
v 0.091236 -0.004069 0.031223
v 0.092699 -0.004793 0.008661
v 0.092255 -0.004837 0.031760
v 0.093131 -0.004938 0.032264
v 0.094262 -0.005554 0.007983
v 0.094305 -0.005504 0.032554
v 0.095782 -0.006238 0.007569
v 0.095837 -0.006265 0.032967
v 0.097378 -0.006916 0.007301
v 0.097374 -0.006917 0.033316
v 0.099565 -0.007713 0.006921
v 0.098750 -0.007672 0.007083
v 0.098947 -0.007660 0.033680
v 0.100425 -0.008403 0.006770
v 0.100529 -0.008428 0.034041
v 0.102012 -0.009123 0.006486
v 0.102130 -0.009093 0.034373
v 0.103590 -0.009831 0.006183
v 0.103582 -0.009822 0.034707
v 0.105167 -0.010545 0.005867
v 0.105109 -0.010563 0.034995
v 0.106099 -0.010227 0.035256
v 0.106717 -0.011282 0.005573
v 0.106025 -0.011501 0.035139
v 0.106802 -0.011198 0.035338
v 0.108304 -0.011992 0.005264
v 0.108258 -0.011985 0.035644
v 0.109895 -0.012704 0.004939
v 0.109806 -0.012712 0.035943
v 0.111395 -0.013413 0.004648
v 0.111345 -0.013461 0.036222
v 0.112929 -0.014110 0.004425
v 0.112888 -0.014119 0.036401
v 0.114393 -0.014859 0.004406
v 0.114452 -0.014799 0.036405
v 0.115989 -0.015575 0.004550
v 0.116043 -0.015619 0.036353
v 0.117555 -0.016304 0.004933
v 0.117556 -0.016299 0.036284
v 0.119159 -0.016969 0.005687
v 0.119561 -0.017968 0.034731
v 0.119092 -0.016979 0.035983
v 0.120156 -0.017227 0.006540
v 0.120814 -0.017798 0.008431
v 0.121189 -0.018371 0.010637
v 0.121163 -0.018301 0.031403
v 0.120657 -0.017705 0.033660
v 0.120318 -0.017030 0.035562
v 0.121768 -0.017543 0.009780
v 0.121907 -0.018156 0.011921
v 0.122303 -0.018437 0.014769
v 0.122372 -0.018429 0.017929
v 0.122339 -0.018482 0.021118
v 0.122353 -0.018492 0.024184
v 0.122250 -0.018422 0.027355
v 0.121889 -0.018071 0.030152
v 0.121812 -0.017393 0.032418
v -0.000077 0.009271 0.018360
v -0.000534 0.009421 0.021236
v -0.000196 0.009316 0.023785
v 0.003732 0.008738 0.015749
v 0.003492 0.009150 0.017996
v 0.003930 0.009334 0.021054
v 0.003440 0.009180 0.024316
v 0.003998 0.008726 0.026634
v 0.008939 0.007702 0.013158
v 0.007829 0.008403 0.014886
v 0.008663 0.009067 0.017792
v 0.008511 0.009280 0.021213
v 0.008498 0.009116 0.024324
v 0.007985 0.008494 0.027171
v 0.009197 0.007591 0.029258
v 0.012385 0.007438 0.012726
v 0.012654 0.008316 0.014705
v 0.011714 0.008919 0.016899
v 0.011546 0.008948 0.025260
v 0.012615 0.008267 0.027663
v 0.012035 0.007459 0.029466
v 0.016986 0.007132 0.012309
v 0.016842 0.007959 0.013744
v 0.016706 0.008014 0.028360
v 0.016842 0.007073 0.030007
v 0.021085 0.006520 0.011530
v 0.021287 0.006606 0.030591
v 0.026006 0.004959 0.010035
v 0.025544 0.005844 0.010774
v 0.025622 0.005874 0.031397
v 0.026620 0.004909 0.032129
v 0.029959 0.004781 0.009884
v 0.029750 0.005563 0.010438
v 0.029956 0.005580 0.031768
v 0.030145 0.004776 0.032290
v 0.034359 0.004415 0.009577
v 0.033338 0.005350 0.010174
v 0.034310 0.004414 0.032571
v 0.038565 0.003663 0.009023
v 0.038738 0.003733 0.032986
v 0.043031 0.002926 0.008530
v 0.043119 0.003017 0.033365
v 0.047517 0.002246 0.008094
v 0.047311 0.002259 0.033748
v 0.051750 0.001514 0.007675
v 0.051780 0.001499 0.034085
v 0.056099 0.000804 0.007324
v 0.056281 0.000811 0.034384
v 0.061322 -0.000057 0.006846
v 0.059225 0.000371 0.007045
v 0.060493 0.000042 0.034595
v 0.064766 -0.000633 0.006759
v 0.067505 -0.000368 0.007015
v 0.065061 -0.000654 0.034635
v 0.066874 -0.001607 0.006874
v 0.069493 -0.001370 0.007297
v 0.069349 -0.001332 0.034193
v 0.073812 -0.002080 0.008016
v 0.073651 -0.002068 0.033486
v 0.077891 -0.002823 0.008563
v 0.078050 -0.002751 0.032875
v 0.082346 -0.003462 0.009157
v 0.082540 -0.003521 0.032335
v 0.086602 -0.004232 0.009683
v 0.086960 -0.004240 0.031870
v 0.084592 -0.004078 0.032102
v 0.088763 -0.004934 0.009945
v 0.089605 -0.004852 0.010183
v 0.088984 -0.004934 0.031458
v 0.090525 -0.005650 0.010332
v 0.090461 -0.005669 0.031179
v 0.092107 -0.006330 0.009064
v 0.091294 -0.006403 0.010251
v 0.091961 -0.006419 0.031533
v 0.092874 -0.006079 0.032103
v 0.093582 -0.007102 0.008118
v 0.092786 -0.007574 0.032034
v 0.093651 -0.007038 0.032296
v 0.095106 -0.007797 0.007686
v 0.095141 -0.007817 0.032651
v 0.096660 -0.008504 0.007416
v 0.096694 -0.008501 0.033036
v 0.099257 -0.008877 0.006959
v 0.098227 -0.009234 0.007135
v 0.098279 -0.009272 0.033381
v 0.099967 -0.009858 0.006827
v 0.099174 -0.010134 0.007003
v 0.099754 -0.009971 0.033747
v 0.101268 -0.010663 0.006633
v 0.101361 -0.010636 0.034110
v 0.102900 -0.011397 0.006346
v 0.102885 -0.011364 0.034403
v 0.104465 -0.012060 0.006059
v 0.104463 -0.012131 0.034746
v 0.105973 -0.012799 0.005741
v 0.105866 -0.012854 0.034990
v 0.106751 -0.012603 0.035266
v 0.107500 -0.013548 0.005403
v 0.106941 -0.013805 0.035136
v 0.107663 -0.013387 0.035380
v 0.109129 -0.014225 0.005018
v 0.109062 -0.014264 0.035676
v 0.110656 -0.014981 0.004689
v 0.110654 -0.014990 0.035929
v 0.112213 -0.015724 0.004455
v 0.112244 -0.015614 0.036269
v 0.113732 -0.016412 0.004382
v 0.113832 -0.016348 0.036334
v 0.115305 -0.017122 0.004526
v 0.115297 -0.017091 0.036242
v 0.116849 -0.017858 0.004922
v 0.116874 -0.017787 0.036133
v 0.118421 -0.018487 0.006113
v 0.118953 -0.019131 0.007354
v 0.118757 -0.018873 0.034358
v 0.118172 -0.018309 0.035741
v 0.119696 -0.019030 0.008664
v 0.120386 -0.019559 0.011080
v 0.120322 -0.019507 0.030864
v 0.119603 -0.019006 0.032928
v 0.121018 -0.019590 0.012560
v 0.121390 -0.019930 0.014725
v 0.121531 -0.019935 0.017965
v 0.121417 -0.019948 0.021041
v 0.121425 -0.019955 0.024140
v 0.121253 -0.019882 0.027577
v 0.121019 -0.019510 0.029422
v -0.014855 0.009677 0.019163
v -0.014821 0.009721 0.021322
v -0.014633 0.009655 0.023038
v -0.010677 0.009107 0.015859
v -0.011662 0.009474 0.017878
v -0.011826 0.009657 0.020992
v -0.011678 0.009495 0.024098
v -0.010289 0.009114 0.026077
v -0.007102 0.008801 0.015149
v -0.006799 0.009367 0.017910
v -0.006569 0.009543 0.020961
v -0.006714 0.009377 0.024220
v -0.007072 0.008804 0.026905
v -0.002348 0.007783 0.013004
v -0.002653 0.008592 0.014870
v -0.002380 0.009219 0.017462
v -0.002966 0.009472 0.021382
v -0.002462 0.009254 0.024545
v -0.002700 0.008478 0.027548
v -0.001865 0.007616 0.029390
v 0.001244 0.007478 0.012646
v 0.001884 0.008302 0.014339
v 0.001818 0.008272 0.027974
v 0.001605 0.007413 0.029649
v 0.006250 0.007036 0.012194
v 0.005752 0.007958 0.013630
v 0.005693 0.007970 0.028553
v 0.006160 0.007068 0.030007
v 0.010498 0.006490 0.011549
v 0.010595 0.006470 0.030626
v 0.016281 0.004742 0.010060
v 0.014731 0.005802 0.010882
v 0.014849 0.005750 0.031281
v 0.019216 0.004522 0.009885
v 0.019483 0.005302 0.010403
v 0.019049 0.005177 0.031755
v 0.019782 0.004316 0.032159
v 0.023634 0.004175 0.009628
v 0.023389 0.005076 0.010169
v 0.022893 0.005046 0.031923
v 0.023787 0.004161 0.032311
v 0.028181 0.003572 0.009250
v 0.027965 0.003566 0.032619
v 0.032313 0.002816 0.008819
v 0.032299 0.002912 0.032913
v 0.036701 0.002142 0.008426
v 0.036570 0.002163 0.033242
v 0.041209 0.001379 0.008038
v 0.040962 0.001433 0.033551
v 0.045420 0.000677 0.007696
v 0.045370 0.000642 0.033817
v 0.049911 -0.000017 0.007408
v 0.049784 -0.000078 0.034025
v 0.054143 -0.000748 0.007191
v 0.054139 -0.000738 0.034202
v 0.058618 -0.001586 0.006859
v 0.057303 -0.000718 0.007018
v 0.058383 -0.001488 0.034373
v 0.062758 -0.002201 0.006683
v 0.062817 -0.002169 0.034464
v 0.066312 -0.002861 0.006762
v 0.068722 -0.002884 0.007109
v 0.067367 -0.002886 0.034265
v 0.071626 -0.003623 0.007580
v 0.071412 -0.003660 0.033734
v 0.076061 -0.004333 0.008242
v 0.075777 -0.004299 0.033067
v 0.080381 -0.005010 0.008815
v 0.080294 -0.005105 0.032475
v 0.084664 -0.005747 0.009346
v 0.085345 -0.005873 0.031931
v 0.083078 -0.005553 0.032165
v 0.088211 -0.006484 0.009775
v 0.088247 -0.006457 0.031558
v 0.089094 -0.007231 0.010025
v 0.089951 -0.007140 0.010243
v 0.089764 -0.007207 0.031205
v 0.091706 -0.008027 0.009413
v 0.090918 -0.007898 0.010326
v 0.091338 -0.007881 0.031144
v 0.092843 -0.008634 0.008458
v 0.092697 -0.008654 0.031864
v 0.093476 -0.008518 0.032165
v 0.094409 -0.009365 0.007981
v 0.093587 -0.009776 0.032031
v 0.094455 -0.009363 0.032344
v 0.095936 -0.010091 0.007665
v 0.095936 -0.010068 0.032692
v 0.097524 -0.010797 0.007404
v 0.097471 -0.010814 0.033052
v 0.099875 -0.011148 0.006931
v 0.099004 -0.011563 0.007251
v 0.099106 -0.011560 0.033376
v 0.100878 -0.011872 0.006815
v 0.100462 -0.012766 0.008134
v 0.100693 -0.013142 0.011448
v 0.100848 -0.013221 0.013454
v 0.100725 -0.013101 0.018086
v 0.100754 -0.013153 0.031387
v 0.100588 -0.012340 0.033422
v 0.102287 -0.012709 0.006604
v 0.101735 -0.013460 0.007981
v 0.101246 -0.013423 0.012189
v 0.101417 -0.013512 0.013925
v 0.101595 -0.013575 0.024102
v 0.101911 -0.013693 0.027356
v 0.101872 -0.013569 0.030509
v 0.102176 -0.012962 0.033508
v 0.103857 -0.013561 0.006459
v 0.103204 -0.014154 0.007318
v 0.102760 -0.014117 0.028777
v 0.102921 -0.014184 0.030369
v 0.103606 -0.013740 0.033882
v 0.105242 -0.014420 0.006196
v 0.105285 -0.014382 0.034603
v 0.106810 -0.015080 0.005800
v 0.106714 -0.015132 0.034927
v 0.107658 -0.014774 0.035258
v 0.108322 -0.015835 0.005341
v 0.107789 -0.016076 0.035054
v 0.108611 -0.015807 0.035390
v 0.109943 -0.016508 0.004908
v 0.109914 -0.016535 0.035655
v 0.111458 -0.017242 0.004669
v 0.111491 -0.017213 0.035962
v 0.113054 -0.017946 0.004616
v 0.113079 -0.017910 0.036039
v 0.114590 -0.018670 0.004844
v 0.114593 -0.018686 0.035838
v 0.116152 -0.019406 0.005322
v 0.116256 -0.020034 0.035011
v 0.116143 -0.019182 0.035677
v 0.117503 -0.019878 0.006343
v 0.118208 -0.020366 0.007551
v 0.117770 -0.020184 0.034003
v 0.117312 -0.019355 0.035423
v 0.118844 -0.020572 0.009079
v 0.119617 -0.020983 0.011257
v 0.119383 -0.020883 0.030628
v 0.118699 -0.020276 0.032538
v 0.120209 -0.021138 0.012874
v 0.120636 -0.021427 0.014821
v 0.120843 -0.021556 0.017950
v 0.120826 -0.021479 0.021057
v 0.120646 -0.021480 0.024206
v 0.120502 -0.021361 0.027481
v 0.120228 -0.020854 0.029053
v -0.025394 0.009526 0.016126
v -0.026196 0.009855 0.018429
v -0.026577 0.009995 0.021092
v -0.026190 0.009872 0.023918
v -0.022247 0.009293 0.015615
v -0.022198 0.009698 0.017880
v -0.022175 0.009879 0.021089
v -0.022050 0.009714 0.024167
v -0.022086 0.009228 0.026657
v -0.017071 0.008184 0.013074
v -0.017699 0.008892 0.014781
v -0.017322 0.009580 0.017776
v -0.017323 0.009770 0.021155
v -0.017174 0.009586 0.024219
v -0.017749 0.008889 0.027280
v -0.013560 0.007964 0.012848
v -0.013135 0.008734 0.014584
v -0.013951 0.009400 0.016908
v -0.014070 0.009439 0.024877
v -0.013080 0.008681 0.027558
v -0.013470 0.007810 0.029411
v -0.008864 0.007532 0.012410
v -0.008871 0.008363 0.013877
v -0.008942 0.008330 0.028242
v -0.009230 0.007431 0.029795
v -0.004539 0.007027 0.011919
v -0.005429 0.008010 0.013252
v -0.005733 0.007982 0.028853
v -0.004584 0.006991 0.030180
v -0.000333 0.006317 0.011286
v -0.000322 0.006316 0.030802
v 0.005490 0.004587 0.010089
v 0.004019 0.005644 0.010779
v 0.004058 0.005637 0.031285
v 0.008402 0.004281 0.009894
v 0.008736 0.005189 0.010435
v 0.008624 0.004868 0.031724
v 0.012947 0.004086 0.009742
v 0.012419 0.004936 0.010232
v 0.012789 0.004635 0.031915
v 0.013013 0.003741 0.032204
v 0.017344 0.003357 0.009346
v 0.016063 0.004392 0.032063
v 0.017151 0.003421 0.032370
v 0.021502 0.002693 0.009011
v 0.021516 0.002672 0.032629
v 0.025833 0.001957 0.008670
v 0.025948 0.001974 0.032849
v 0.030255 0.001270 0.008356
v 0.030302 0.001282 0.033089
v 0.034699 0.000546 0.008042
v 0.034639 0.000595 0.033305
v 0.039161 -0.000166 0.007785
v 0.039091 -0.000153 0.033471
v 0.043419 -0.000883 0.007588
v 0.043408 -0.000895 0.033610
v 0.047838 -0.001582 0.007391
v 0.047819 -0.001584 0.033740
v 0.052108 -0.002227 0.007235
v 0.052139 -0.002326 0.033838
v 0.057548 -0.002713 0.006879
v 0.055726 -0.003208 0.007078
v 0.056569 -0.003017 0.033952
v 0.061009 -0.003570 0.006789
v 0.059739 -0.004306 0.007019
v 0.060818 -0.003730 0.033987
v 0.065102 -0.004406 0.006815
v 0.065935 -0.004619 0.006981
v 0.065138 -0.004471 0.033894
v 0.067433 -0.005003 0.006934
v 0.069827 -0.005145 0.007275
v 0.069596 -0.005188 0.033657
v 0.074033 -0.005821 0.007934
v 0.074033 -0.005922 0.033172
v 0.078306 -0.006559 0.008554
v 0.078293 -0.006621 0.032650
v 0.082550 -0.007275 0.009079
v 0.084157 -0.007484 0.031974
v 0.081948 -0.007292 0.032216
v 0.086852 -0.008048 0.009570
v 0.086988 -0.008099 0.031672
v 0.088812 -0.008644 0.009958
v 0.089622 -0.008747 0.010177
v 0.089039 -0.008815 0.031134
v 0.091331 -0.009461 0.009900
v 0.090529 -0.009467 0.010276
v 0.090703 -0.009516 0.030711
v 0.092214 -0.010117 0.009146
v 0.091490 -0.010678 0.010603
v 0.092034 -0.010192 0.031254
v 0.093698 -0.010969 0.008581
v 0.093436 -0.010990 0.031822
v 0.094236 -0.010706 0.032181
v 0.095216 -0.011594 0.008578
v 0.095110 -0.012235 0.011499
v 0.095243 -0.012338 0.014664
v 0.095440 -0.012494 0.017710
v 0.095411 -0.012432 0.020949
v 0.095370 -0.012465 0.024195
v 0.095547 -0.012550 0.027093
v 0.095101 -0.012227 0.031086
v 0.095373 -0.011352 0.032359
v 0.096842 -0.012053 0.008650
v 0.096689 -0.012443 0.011660
v 0.096639 -0.012543 0.014939
v 0.096623 -0.012637 0.017923
v 0.096659 -0.012577 0.021024
v 0.096710 -0.012616 0.024093
v 0.096708 -0.012643 0.027336
v 0.096677 -0.012576 0.030578
v 0.096984 -0.011947 0.032573
v 0.098557 -0.012499 0.008857
v 0.098517 -0.012735 0.011680
v 0.098501 -0.012842 0.014922
v 0.098405 -0.012868 0.017918
v 0.098438 -0.012847 0.021109
v 0.098390 -0.012879 0.024212
v 0.098412 -0.012906 0.027436
v 0.098494 -0.012809 0.030441
v 0.098620 -0.012530 0.032519
v 0.099753 -0.012833 0.009168
v 0.099838 -0.012941 0.011739
v 0.100138 -0.013144 0.014776
v 0.100084 -0.013272 0.017943
v 0.100103 -0.013213 0.021101
v 0.100129 -0.013211 0.024200
v 0.100143 -0.013209 0.027441
v 0.100027 -0.013070 0.030353
v 0.099818 -0.012794 0.032395
v 0.102041 -0.013872 0.009114
v 0.101916 -0.013866 0.011651
v 0.101857 -0.013820 0.015042
v 0.101761 -0.013859 0.018024
v 0.101750 -0.013907 0.021107
v 0.101900 -0.013818 0.024237
v 0.101387 -0.013543 0.027073
v 0.103289 -0.014597 0.008867
v 0.103219 -0.014743 0.011703
v 0.103152 -0.014800 0.014824
v 0.103145 -0.014864 0.017878
v 0.103153 -0.014948 0.021086
v 0.103171 -0.014709 0.024023
v 0.103321 -0.014639 0.027326
v 0.103543 -0.014617 0.030622
v 0.103741 -0.014691 0.032690
v 0.105545 -0.015480 0.006832
v 0.104747 -0.015520 0.008491
v 0.104520 -0.015946 0.011632
v 0.104443 -0.016066 0.014910
v 0.104410 -0.016234 0.017816
v 0.104279 -0.016262 0.021076
v 0.104383 -0.016194 0.024317
v 0.104535 -0.016001 0.027395
v 0.104778 -0.015470 0.030418
v 0.104850 -0.015484 0.033225
v 0.106579 -0.016064 0.006620
v 0.106189 -0.016624 0.008570
v 0.105558 -0.016959 0.011132
v 0.105106 -0.016967 0.014574
v 0.105062 -0.017052 0.017356
v 0.105370 -0.016879 0.028121
v 0.105850 -0.016856 0.030626
v 0.106315 -0.016467 0.033455
v 0.107888 -0.016951 0.006333
v 0.107408 -0.017683 0.008182
v 0.106991 -0.017752 0.031530
v 0.107673 -0.017409 0.033728
v 0.108744 -0.017039 0.035230
v 0.109320 -0.018001 0.005926
v 0.108778 -0.018628 0.007193
v 0.109019 -0.018237 0.034437
v 0.109684 -0.017529 0.035337
v 0.110730 -0.018797 0.005505
v 0.110620 -0.019108 0.034721
v 0.110937 -0.018272 0.035470
v 0.112326 -0.019503 0.005368
v 0.112260 -0.019711 0.034781
v 0.112625 -0.019011 0.035437
v 0.113879 -0.020242 0.005669
v 0.113833 -0.020312 0.034613
v 0.113751 -0.019472 0.035303
v 0.115446 -0.020951 0.006049
v 0.115437 -0.020892 0.034395
v 0.116541 -0.021419 0.006528
v 0.117335 -0.021927 0.007699
v 0.117416 -0.022579 0.031958
v 0.117039 -0.021609 0.033326
v 0.118068 -0.022175 0.009276
v 0.118892 -0.022490 0.011315
v 0.119188 -0.022760 0.028836
v 0.118498 -0.022346 0.030420
v 0.119415 -0.022912 0.012881
v 0.120007 -0.023032 0.014728
v 0.120264 -0.023188 0.018035
v 0.120169 -0.023125 0.021024
v 0.120053 -0.023069 0.024252
v 0.119772 -0.022974 0.027291
v -0.040955 0.010276 0.018378
v -0.041158 0.010406 0.021123
v -0.041179 0.010335 0.023460
v -0.037126 0.009771 0.015817
v -0.037714 0.010121 0.017905
v -0.037330 0.010284 0.021085
v -0.037593 0.010125 0.024226
v -0.037132 0.009700 0.026341
v -0.032832 0.009387 0.014960
v -0.032563 0.009967 0.017959
v -0.032198 0.010140 0.021072
v -0.032292 0.009971 0.024291
v -0.032900 0.009376 0.026981
v -0.028357 0.008422 0.012933
v -0.028426 0.009151 0.014692
v -0.028513 0.009825 0.017673
v -0.029242 0.010064 0.020968
v -0.028613 0.009837 0.024677
v -0.028182 0.009084 0.027413
v -0.027952 0.008214 0.029298
v -0.024400 0.007974 0.012407
v -0.023916 0.008816 0.014078
v -0.023984 0.008825 0.027840
v -0.024377 0.007895 0.029636
v -0.019415 0.007525 0.012021
v -0.020331 0.008471 0.013495
v -0.020304 0.008420 0.028579
v -0.019605 0.007557 0.029901
v -0.015067 0.006876 0.011433
v -0.015242 0.006963 0.030433
v -0.010802 0.006160 0.010867
v -0.010914 0.006165 0.031016
v -0.006424 0.004760 0.009998
v -0.006482 0.005628 0.010532
v -0.006591 0.005457 0.031413
v -0.002369 0.004339 0.009875
v -0.001928 0.005190 0.010328
v -0.002274 0.004759 0.031702
v 0.002053 0.003948 0.009779
v 0.001715 0.004794 0.010164
v 0.001999 0.004257 0.031882
v 0.002415 0.003367 0.032144
v 0.006439 0.003345 0.009470
v 0.005921 0.004051 0.031987
v 0.006605 0.003179 0.032232
v 0.010950 0.002586 0.009145
v 0.010885 0.002580 0.032411
v 0.015306 0.001882 0.008889
v 0.015346 0.001885 0.032588
v 0.019477 0.001152 0.008615
v 0.019380 0.001117 0.032740
v 0.023862 0.000416 0.008341
v 0.023929 0.000487 0.032876
v 0.028263 -0.000254 0.008147
v 0.028333 -0.000239 0.032999
v 0.032626 -0.000983 0.007999
v 0.032736 -0.000952 0.033111
v 0.037022 -0.001687 0.007881
v 0.037125 -0.001692 0.033174
v 0.041341 -0.002456 0.007776
v 0.041306 -0.002435 0.033217
v 0.045612 -0.003144 0.007627
v 0.045717 -0.003117 0.033263
v 0.050183 -0.003846 0.007520
v 0.050065 -0.003844 0.033241
v 0.054367 -0.004592 0.007478
v 0.054568 -0.004492 0.033222
v 0.058797 -0.005268 0.007404
v 0.058818 -0.005179 0.033177
v 0.063155 -0.005984 0.007392
v 0.063169 -0.006172 0.032925
v 0.067415 -0.006702 0.007508
v 0.067551 -0.006754 0.032897
v 0.071902 -0.007448 0.007867
v 0.071107 -0.008204 0.031987
v 0.071916 -0.007346 0.032747
v 0.076281 -0.008167 0.008383
v 0.076122 -0.008802 0.031804
v 0.076578 -0.007935 0.032525
v 0.080637 -0.008872 0.008907
v 0.080797 -0.009118 0.031606
v 0.080418 -0.008262 0.032253
v 0.084853 -0.009613 0.009434
v 0.085850 -0.010560 0.010241
v 0.085032 -0.009606 0.030843
v 0.088250 -0.009944 0.009876
v 0.088349 -0.010692 0.011198
v 0.088225 -0.010810 0.014942
v 0.088305 -0.010799 0.017794
v 0.088201 -0.010746 0.021070
v 0.088269 -0.010774 0.024002
v 0.088219 -0.010777 0.027448
v 0.088331 -0.010132 0.029982
v 0.090017 -0.010618 0.011549
v 0.090027 -0.010733 0.014991
v 0.089936 -0.010760 0.017985
v 0.090101 -0.010662 0.021134
v 0.090103 -0.010664 0.024240
v 0.090145 -0.010665 0.027550
v 0.089936 -0.010386 0.029599
v 0.092270 -0.011248 0.009895
v 0.091752 -0.011262 0.011989
v 0.091639 -0.011286 0.014758
v 0.091573 -0.011362 0.017938
v 0.091608 -0.011346 0.021099
v 0.091592 -0.011385 0.024231
v 0.091624 -0.011327 0.027376
v 0.091856 -0.011256 0.029914
v 0.093121 -0.011725 0.009660
v 0.093145 -0.011981 0.011749
v 0.093225 -0.012083 0.014712
v 0.093129 -0.012132 0.017984
v 0.093120 -0.012116 0.021123
v 0.093086 -0.012169 0.024222
v 0.093132 -0.012259 0.027289
v 0.093184 -0.012044 0.030343
v 0.094238 -0.012170 0.012064
v 0.094374 -0.012259 0.015032
v 0.094623 -0.012457 0.017910
v 0.094430 -0.012328 0.021099
v 0.094432 -0.012365 0.024386
v 0.094740 -0.012470 0.027496
v 0.094455 -0.012338 0.029828
v 0.104925 -0.017036 0.019060
v 0.104853 -0.017068 0.021108
v 0.104930 -0.017062 0.024091
v 0.105916 -0.017787 0.012160
v 0.105586 -0.018057 0.014918
v 0.105439 -0.018093 0.017975
v 0.105367 -0.018143 0.021007
v 0.105357 -0.018166 0.024247
v 0.105718 -0.018061 0.027228
v 0.106161 -0.017756 0.029562
v 0.107541 -0.018571 0.009358
v 0.106782 -0.018965 0.011398
v 0.106240 -0.019229 0.014245
v 0.105907 -0.019285 0.017804
v 0.106439 -0.019178 0.027786
v 0.107118 -0.018727 0.030264
v 0.107981 -0.018507 0.032303
v 0.108567 -0.019595 0.008555
v 0.107858 -0.019986 0.010542
v 0.108183 -0.019899 0.031068
v 0.108742 -0.019359 0.032988
v 0.110372 -0.020010 0.006603
v 0.109742 -0.020508 0.007590
v 0.109988 -0.020356 0.033394
v 0.111702 -0.020969 0.006410
v 0.110867 -0.021400 0.007118
v 0.111537 -0.021043 0.033593
v 0.113156 -0.021778 0.006511
v 0.113060 -0.021815 0.033478
v 0.114665 -0.022303 0.006654
v 0.114887 -0.023151 0.007059
v 0.114690 -0.022487 0.033244
v 0.115938 -0.022532 0.006789
v 0.116269 -0.023314 0.007452
v 0.117097 -0.023288 0.031986
v 0.116235 -0.023198 0.032796
v 0.117455 -0.023779 0.009205
v 0.118245 -0.024041 0.011047
v 0.118543 -0.024353 0.028751
v 0.117836 -0.023893 0.030340
v 0.118834 -0.024419 0.012594
v 0.119579 -0.024742 0.014829
v 0.119885 -0.024869 0.018019
v 0.119778 -0.024836 0.021216
v 0.119642 -0.024756 0.024273
v 0.119194 -0.024559 0.027414
v -0.055962 0.010782 0.019183
v -0.055636 0.010820 0.021145
v -0.055853 0.010753 0.023342
v -0.051699 0.010241 0.015886
v -0.052784 0.010566 0.017893
v -0.052688 0.010730 0.021120
v -0.052713 0.010579 0.024157
v -0.051681 0.010165 0.026310
v -0.048168 0.009949 0.015162
v -0.047819 0.010417 0.017845
v -0.047695 0.010593 0.020923
v -0.047989 0.010446 0.024167
v -0.047953 0.009861 0.026958
v -0.043637 0.008949 0.012863
v -0.043574 0.009657 0.014694
v -0.043207 0.010276 0.017789
v -0.043678 0.010475 0.021216
v -0.043216 0.010265 0.024457
v -0.043493 0.009560 0.027345
v -0.042815 0.008823 0.029054
v -0.039464 0.008553 0.012471
v -0.038918 0.009386 0.014344
v -0.039089 0.009308 0.027627
v -0.039327 0.008431 0.029533
v -0.034683 0.008101 0.012101
v -0.034685 0.008954 0.013584
v -0.034489 0.008793 0.028520
v -0.035046 0.008009 0.029922
v -0.029991 0.007526 0.011586
v -0.031087 0.008531 0.028797
v -0.030415 0.007513 0.030271
v -0.025851 0.006798 0.010982
v -0.026061 0.006825 0.030817
v -0.021609 0.005312 0.009996
v -0.021433 0.006190 0.010600
v -0.021806 0.006056 0.031239
v -0.017516 0.004941 0.009885
v -0.017271 0.005708 0.010353
v -0.017381 0.005322 0.031550
v -0.012985 0.004470 0.009740
v -0.012940 0.005362 0.010214
v -0.012968 0.004604 0.031783
v -0.008553 0.003949 0.009596
v -0.008780 0.004138 0.031914
v -0.008330 0.003269 0.032125
v -0.004145 0.003183 0.009367
v -0.004141 0.003823 0.032003
v -0.004375 0.002965 0.032193
v 0.000137 0.002463 0.009168
v 0.000109 0.002537 0.032277
v 0.004647 0.001739 0.008970
v 0.004514 0.001758 0.032388
v 0.009058 0.001000 0.008743
v 0.008925 0.001048 0.032480
v 0.013123 0.000288 0.008555
v 0.013293 0.000306 0.032564
v 0.017517 -0.000395 0.008395
v 0.017648 -0.000374 0.032624
v 0.021951 -0.001125 0.008287
v 0.021842 -0.001150 0.032634
v 0.026379 -0.001810 0.008232
v 0.026328 -0.001807 0.032650
v 0.030597 -0.002530 0.008239
v 0.030689 -0.002543 0.032641
v 0.035025 -0.003229 0.008250
v 0.035043 -0.003266 0.032605
v 0.039346 -0.003954 0.008181
v 0.040181 -0.004983 0.032027
v 0.039289 -0.003941 0.032545
v 0.043673 -0.004717 0.008152
v 0.042821 -0.005333 0.031949
v 0.043967 -0.004540 0.032487
v 0.048059 -0.005398 0.008174
v 0.047475 -0.006013 0.031878
v 0.048648 -0.005196 0.032438
v 0.052528 -0.006130 0.008243
v 0.051959 -0.006582 0.031825
v 0.052907 -0.005839 0.032349
v 0.056897 -0.006832 0.008330
v 0.056253 -0.007235 0.031608
v 0.057357 -0.006333 0.032395
v 0.061165 -0.007611 0.008555
v 0.061323 -0.007948 0.031357
v 0.061738 -0.006956 0.032319
v 0.065566 -0.008350 0.008889
v 0.066611 -0.009354 0.010110
v 0.065437 -0.008376 0.031257
v 0.066164 -0.007570 0.032182
v 0.069887 -0.008934 0.009116
v 0.069493 -0.009723 0.010353
v 0.069529 -0.009070 0.030700
v 0.074495 -0.009395 0.009252
v 0.073863 -0.010234 0.010774
v 0.074483 -0.010547 0.028639
v 0.074235 -0.009671 0.030327
v 0.078973 -0.009931 0.009523
v 0.078408 -0.010800 0.011488
v 0.079013 -0.011231 0.014692
v 0.079322 -0.011207 0.017907
v 0.079107 -0.011195 0.020947
v 0.079453 -0.011202 0.023900
v 0.078385 -0.010995 0.027752
v 0.078743 -0.010226 0.029822
v 0.082748 -0.010349 0.009892
v 0.083264 -0.010909 0.011655
v 0.083458 -0.011051 0.014710
v 0.082914 -0.011039 0.018032
v 0.083147 -0.011006 0.021034
v 0.082994 -0.011035 0.024260
v 0.083301 -0.010966 0.027547
v 0.083393 -0.010570 0.029343
v 0.086454 -0.010948 0.012271
v 0.086471 -0.010909 0.014883
v 0.086503 -0.010907 0.017728
v 0.086368 -0.010859 0.021336
v 0.086623 -0.010887 0.024486
v 0.086451 -0.010862 0.027331
v 0.105737 -0.019320 0.021336
v 0.105680 -0.019383 0.023949
v 0.106808 -0.020346 0.012500
v 0.106374 -0.020477 0.014781
v 0.106195 -0.020502 0.018057
v 0.106004 -0.020427 0.020996
v 0.106040 -0.020473 0.024418
v 0.106584 -0.020303 0.026971
v 0.108473 -0.020965 0.009767
v 0.107695 -0.021193 0.011458
v 0.106698 -0.021583 0.013386
v 0.107385 -0.021251 0.027909
v 0.108109 -0.021045 0.029791
v 0.109368 -0.021881 0.008767
v 0.108407 -0.022248 0.010351
v 0.109087 -0.021972 0.030976
v 0.109818 -0.021551 0.032431
v 0.111660 -0.022177 0.006933
v 0.110837 -0.022623 0.007521
v 0.110217 -0.023021 0.031905
v 0.110997 -0.022549 0.032498
v 0.112759 -0.022701 0.006905
v 0.112377 -0.023459 0.007178
v 0.112382 -0.023322 0.032466
v 0.113647 -0.023063 0.006928
v 0.114012 -0.024104 0.007204
v 0.113970 -0.024038 0.032528
v 0.115517 -0.024801 0.007412
v 0.116516 -0.024539 0.032053
v 0.115578 -0.024816 0.032344
v 0.116910 -0.025378 0.008751
v 0.117762 -0.025608 0.010585
v 0.117076 -0.025423 0.030802
v 0.118398 -0.026101 0.012086
v 0.119260 -0.026213 0.014384
v 0.119704 -0.025846 0.017933
v 0.119618 -0.025919 0.021096
v 0.119424 -0.026148 0.024464
v 0.118750 -0.026193 0.027461
v 0.117874 -0.026219 0.029194
v 0.119456 -0.027027 0.015307
v 0.119641 -0.026795 0.018016
v 0.119545 -0.026810 0.021016
v 0.119410 -0.027007 0.024185
v 0.119306 -0.027150 0.026095
v -0.066785 0.010731 0.016049
v -0.067435 0.011000 0.018012
v -0.067746 0.011159 0.021108
v -0.067461 0.010976 0.024019
v -0.063367 0.010468 0.015399
v -0.063259 0.010874 0.017980
v -0.062947 0.011035 0.021018
v -0.063143 0.010853 0.024081
v -0.063197 0.010346 0.026795
v -0.058225 0.009499 0.012950
v -0.058648 0.010158 0.014803
v -0.058162 0.010712 0.017804
v -0.058357 0.010900 0.021075
v -0.058234 0.010709 0.024247
v -0.058704 0.010027 0.027354
v -0.058145 0.009258 0.029133
v -0.054672 0.009160 0.012561
v -0.053902 0.009934 0.014573
v -0.055017 0.010520 0.016921
v -0.055293 0.010515 0.025192
v -0.053988 0.009776 0.027660
v -0.054652 0.008958 0.029493
v -0.049678 0.008721 0.012136
v -0.049736 0.009554 0.013750
v -0.049571 0.009355 0.028421
v -0.049966 0.008536 0.029864
v -0.045384 0.008103 0.011489
v -0.046374 0.009051 0.028857
v -0.045473 0.008133 0.030159
v -0.039831 0.006399 0.010056
v -0.040763 0.007340 0.010848
v -0.041260 0.007391 0.030777
v -0.037189 0.006062 0.009965
v -0.036450 0.006835 0.010569
v -0.036857 0.006643 0.031243
v -0.032969 0.005507 0.009814
v -0.032425 0.006342 0.010367
v -0.032401 0.005899 0.031537
v -0.028015 0.005013 0.009693
v -0.027732 0.005908 0.010207
v -0.028019 0.005259 0.031718
v -0.023526 0.004524 0.009545
v -0.023709 0.004592 0.031885
v -0.023806 0.003770 0.032106
v -0.019323 0.003803 0.009336
v -0.019269 0.004216 0.031941
v -0.019504 0.003406 0.032133
v -0.014916 0.003101 0.009162
v -0.014831 0.003739 0.032018
v -0.015094 0.002914 0.032191
v -0.010604 0.002340 0.008981
v -0.010620 0.002389 0.032253
v -0.006273 0.001663 0.008848
v -0.006267 0.001646 0.032300
v -0.001727 0.000952 0.008754
v -0.001890 0.000919 0.032301
v 0.002520 0.000229 0.008653
v 0.002427 0.000196 0.032306
v 0.006969 -0.000486 0.008575
v 0.006945 -0.000524 0.032299
v 0.011219 -0.001208 0.008522
v 0.011104 -0.001182 0.032301
v 0.015594 -0.001895 0.008480
v 0.015552 -0.002716 0.032010
v 0.015406 -0.001851 0.032278
v 0.019860 -0.002692 0.008531
v 0.019400 -0.003157 0.031965
v 0.020189 -0.002397 0.032267
v 0.024349 -0.003418 0.008611
v 0.024022 -0.003714 0.031887
v 0.024563 -0.002952 0.032232
v 0.028575 -0.004107 0.008708
v 0.028227 -0.004208 0.031781
v 0.028960 -0.003496 0.032175
v 0.033079 -0.004812 0.008788
v 0.033051 -0.004866 0.031670
v 0.033690 -0.004072 0.032170
v 0.037420 -0.005490 0.008889
v 0.037378 -0.005437 0.031570
v 0.041668 -0.006239 0.009029
v 0.041981 -0.006255 0.031313
v 0.046141 -0.006952 0.009240
v 0.045897 -0.006931 0.031042
v 0.050514 -0.007534 0.009378
v 0.050279 -0.008373 0.010348
v 0.050491 -0.007671 0.030627
v 0.055071 -0.008080 0.009534
v 0.054705 -0.008849 0.010651
v 0.055088 -0.009253 0.028760
v 0.054898 -0.008388 0.030115
v 0.059455 -0.008531 0.009662
v 0.059002 -0.009338 0.011083
v 0.058990 -0.009676 0.028292
v 0.059274 -0.008923 0.029826
v 0.063509 -0.008975 0.009874
v 0.063551 -0.009870 0.011675
v 0.063666 -0.010587 0.013863
v 0.064710 -0.010888 0.025707
v 0.063260 -0.010194 0.027640
v 0.063730 -0.009389 0.029583
v 0.068213 -0.010311 0.011935
v 0.067514 -0.011024 0.014762
v 0.068406 -0.011475 0.017555
v 0.068814 -0.011587 0.021267
v 0.067675 -0.011235 0.024646
v 0.067835 -0.010578 0.027352
v 0.068074 -0.009832 0.029278
v 0.072413 -0.010775 0.012415
v 0.072399 -0.011315 0.014928
v 0.071891 -0.011573 0.017853
v 0.071966 -0.011587 0.021156
v 0.072044 -0.011454 0.024128
v 0.072537 -0.010912 0.027222
v 0.076281 -0.011137 0.012961
v 0.076410 -0.011314 0.014836
v 0.076148 -0.011409 0.017936
v 0.076449 -0.011343 0.021128
v 0.076203 -0.011365 0.024401
v 0.076195 -0.011227 0.026674
v 0.106319 -0.021788 0.015376
v 0.106228 -0.021918 0.017906
v 0.106197 -0.021854 0.021034
v 0.106236 -0.021870 0.023843
v 0.107330 -0.022634 0.012557
v 0.106656 -0.022730 0.014393
v 0.106306 -0.022806 0.018572
v 0.106287 -0.022795 0.021064
v 0.106566 -0.022703 0.024814
v 0.107300 -0.022724 0.027012
v 0.108129 -0.022349 0.028942
v 0.109047 -0.023507 0.009631
v 0.108187 -0.023485 0.011014
v 0.108107 -0.023452 0.028448
v 0.108890 -0.023344 0.029921
v 0.110146 -0.024159 0.008371
v 0.110165 -0.024208 0.031366
v 0.111707 -0.024874 0.007537
v 0.111548 -0.024996 0.031836
v 0.112356 -0.024542 0.032120
v 0.113258 -0.025605 0.007287
v 0.113056 -0.025894 0.031968
v 0.113499 -0.025201 0.032145
v 0.114852 -0.026284 0.007300
v 0.115139 -0.026717 0.032015
v 0.114703 -0.026095 0.032144
v 0.116405 -0.027038 0.008206
v 0.116432 -0.027018 0.031303
v 0.115867 -0.026287 0.032081
v 0.117260 -0.027704 0.009620
v 0.118119 -0.027766 0.011409
v 0.118903 -0.027378 0.013423
v 0.118319 -0.027797 0.028091
v 0.117475 -0.027636 0.029631
v 0.118796 -0.028567 0.012607
v 0.119441 -0.028529 0.014726
v 0.119677 -0.028616 0.017789
v 0.119576 -0.028469 0.021081
v 0.119480 -0.028514 0.024361
v 0.119120 -0.028359 0.026571
v -0.081491 0.011196 0.015965
v -0.082201 0.011480 0.018103
v -0.082360 0.011617 0.021219
v -0.082244 0.011458 0.024038
v -0.078384 0.010958 0.015422
v -0.078378 0.011336 0.017907
v -0.078203 0.011472 0.020980
v -0.078313 0.011300 0.024131
v -0.078205 0.010832 0.026639
v -0.073239 0.010001 0.012976
v -0.073835 0.010633 0.014825
v -0.073162 0.011153 0.017824
v -0.073172 0.011316 0.021030
v -0.073551 0.011151 0.024100
v -0.073747 0.010563 0.027031
v -0.069304 0.009668 0.012550
v -0.068956 0.010476 0.014814
v -0.069840 0.011016 0.017459
v -0.070275 0.011215 0.020992
v -0.069610 0.010933 0.024890
v -0.068879 0.010266 0.027467
v -0.069278 0.009452 0.029312
v -0.065132 0.009315 0.012205
v -0.064673 0.010067 0.013877
v -0.064500 0.009852 0.028292
v -0.065044 0.009045 0.029751
v -0.060484 0.008776 0.011642
v -0.061228 0.009586 0.028681
v -0.060667 0.008649 0.030102
v -0.055804 0.007166 0.010017
v -0.056223 0.008039 0.010894
v -0.056145 0.008016 0.030641
v -0.052098 0.006760 0.009843
v -0.051367 0.007572 0.010572
v -0.051862 0.007236 0.031223
v -0.047510 0.006278 0.009683
v -0.047096 0.007088 0.010297
v -0.047759 0.006587 0.031558
v -0.046294 0.005499 0.032107
v -0.043273 0.005737 0.009507
v -0.043941 0.006819 0.010189
v -0.043066 0.006013 0.031802
v -0.043875 0.005215 0.032135
v -0.038683 0.005052 0.009332
v -0.038711 0.005361 0.031903
v -0.039064 0.004497 0.032157
v -0.034541 0.004332 0.009181
v -0.034282 0.004831 0.031946
v -0.034581 0.003941 0.032192
v -0.030102 0.003629 0.009049
v -0.029906 0.004358 0.032012
v -0.030037 0.003508 0.032223
v -0.025693 0.002968 0.008891
v -0.025675 0.002943 0.032279
v -0.021163 0.002248 0.008786
v -0.021307 0.002230 0.032284
v -0.016907 0.001493 0.008677
v -0.017045 0.001517 0.032267
v -0.012552 0.000810 0.008605
v -0.012501 0.000881 0.032258
v -0.008257 0.000129 0.008570
v -0.007283 -0.000915 0.032059
v -0.008232 0.000105 0.032214
v -0.003903 -0.000646 0.008601
v -0.003953 -0.001287 0.032006
v -0.003914 -0.000403 0.032173
v 0.000446 -0.001347 0.008637
v 0.000189 -0.001681 0.031935
v 0.000734 -0.000795 0.032138
v 0.004776 -0.002083 0.008703
v 0.004614 -0.002265 0.031845
v 0.005572 -0.001410 0.032119
v 0.009224 -0.002779 0.008792
v 0.009082 -0.002823 0.031752
v 0.008756 -0.001869 0.032077
v 0.013575 -0.003408 0.008875
v 0.013553 -0.003470 0.031574
v 0.017852 -0.004257 0.009167
v 0.018007 -0.004203 0.031321
v 0.022233 -0.004961 0.009319
v 0.022402 -0.004869 0.031144
v 0.026663 -0.005661 0.009519
v 0.027336 -0.006631 0.010137
v 0.026340 -0.005771 0.030731
v 0.031007 -0.006148 0.009580
v 0.030801 -0.007018 0.010286
v 0.031055 -0.006283 0.030582
v 0.035610 -0.006672 0.009694
v 0.035275 -0.007563 0.010607
v 0.036525 -0.008189 0.028757
v 0.034928 -0.006998 0.030164
v 0.040169 -0.007256 0.009891
v 0.039360 -0.008032 0.010952
v 0.039334 -0.008429 0.028603
v 0.039688 -0.007687 0.029743
v 0.043957 -0.007655 0.010028
v 0.044223 -0.008526 0.011365
v 0.044534 -0.009454 0.013493
v 0.043740 -0.008942 0.028032
v 0.044328 -0.008159 0.029512
v 0.048665 -0.009001 0.011730
v 0.048249 -0.009855 0.014413
v 0.048811 -0.010103 0.025424
v 0.048145 -0.009358 0.027553
v 0.048581 -0.008549 0.029301
v 0.053198 -0.009459 0.012108
v 0.052587 -0.010190 0.014862
v 0.052825 -0.010659 0.017799
v 0.053007 -0.010778 0.021007
v 0.052234 -0.010439 0.024354
v 0.052993 -0.009713 0.027276
v 0.051551 -0.008920 0.028952
v 0.057392 -0.009940 0.012742
v 0.057616 -0.010423 0.014726
v 0.056634 -0.010851 0.018038
v 0.056528 -0.010949 0.021017
v 0.056942 -0.010682 0.024306
v 0.057751 -0.010143 0.026817
v 0.061978 -0.010756 0.015179
v 0.062049 -0.011172 0.018174
v 0.061596 -0.011213 0.020985
v 0.061926 -0.010967 0.024177
v 0.061422 -0.010555 0.026231
v 0.065448 -0.011149 0.016046
v 0.066238 -0.011401 0.018098
v 0.066298 -0.011472 0.020955
v 0.065842 -0.011288 0.023602
v 0.107162 -0.024240 0.013056
v 0.106716 -0.024495 0.014553
v 0.106477 -0.024234 0.017516
v 0.106378 -0.024418 0.021278
v 0.106571 -0.024345 0.024342
v 0.107167 -0.024016 0.026199
v 0.108891 -0.024684 0.009886
v 0.107862 -0.024961 0.011553
v 0.106882 -0.025312 0.013419
v 0.106976 -0.025140 0.025687
v 0.107772 -0.024947 0.027494
v 0.108700 -0.024915 0.029262
v 0.109479 -0.025740 0.009004
v 0.108493 -0.025925 0.010237
v 0.108431 -0.025906 0.028825
v 0.109499 -0.025705 0.030401
v 0.111025 -0.026432 0.007651
v 0.111064 -0.026406 0.031499
v 0.112583 -0.027801 0.006886
v 0.112552 -0.026959 0.007107
v 0.112544 -0.027152 0.031874
v 0.114091 -0.028159 0.006738
v 0.114353 -0.027311 0.007051
v 0.114078 -0.027608 0.032013
v 0.114199 -0.027859 0.032149
v 0.115275 -0.028730 0.006705
v 0.116021 -0.028334 0.007366
v 0.116001 -0.028356 0.031776
v 0.115365 -0.028730 0.032204
v 0.117088 -0.029352 0.008626
v 0.117881 -0.029179 0.010380
v 0.118071 -0.029114 0.028770
v 0.117161 -0.029302 0.030439
v 0.117989 -0.030296 0.009749
v 0.118774 -0.030022 0.011726
v 0.119596 -0.029758 0.014308
v 0.119838 -0.029673 0.018141
v 0.119750 -0.029692 0.021301
v 0.119690 -0.029751 0.024211
v 0.118917 -0.029974 0.027502
v 0.118040 -0.030242 0.029321
v 0.119641 -0.031029 0.012648
v 0.120115 -0.030782 0.014859
v 0.120188 -0.030824 0.017937
v 0.120059 -0.030721 0.021126
v 0.119992 -0.030867 0.024078
v 0.119751 -0.031035 0.026567
v -0.097024 0.012008 0.018407
v -0.097439 0.012108 0.020971
v -0.096954 0.011968 0.023575
v -0.093430 0.011512 0.015541
v -0.093747 0.011859 0.017941
v -0.093231 0.011973 0.020964
v -0.093642 0.011781 0.024252
v -0.093000 0.011414 0.026395
v -0.088243 0.010525 0.012891
v -0.089276 0.011182 0.014836
v -0.088507 0.011673 0.017944
v -0.088286 0.011814 0.021129
v -0.088381 0.011615 0.024295
v -0.089172 0.011058 0.027193
v -0.084539 0.010190 0.012447
v -0.084221 0.010973 0.014751
v -0.084412 0.011496 0.017547
v -0.085214 0.011710 0.021146
v -0.084546 0.011492 0.024360
v -0.084350 0.010827 0.027391
v -0.084485 0.009986 0.029528
v -0.080101 0.009839 0.012092
v -0.079886 0.010624 0.014030
v -0.079965 0.010491 0.027892
v -0.080485 0.009675 0.029748
v -0.075534 0.009407 0.011730
v -0.076713 0.010279 0.013348
v -0.075593 0.009986 0.028709
v -0.075626 0.009164 0.030129
v -0.071182 0.007803 0.009889
v -0.071498 0.008698 0.010893
v -0.071169 0.008574 0.030635
v -0.066722 0.007353 0.009699
v -0.066219 0.008165 0.010507
v -0.066930 0.007916 0.031161
v -0.062790 0.006928 0.009551
v -0.062137 0.007778 0.010294
v -0.062727 0.007265 0.031539
v -0.062492 0.006331 0.032130
v -0.058348 0.006313 0.009321
v -0.058077 0.006756 0.031761
v -0.058635 0.005928 0.032220
v -0.053931 0.005645 0.009092
v -0.053531 0.006224 0.031948
v -0.054111 0.005417 0.032290
v -0.049456 0.004901 0.008871
v -0.049861 0.005904 0.032012
v -0.049488 0.004971 0.032321
v -0.045085 0.004297 0.008730
v -0.045097 0.004235 0.032424
v -0.040702 0.003565 0.008642
v -0.040712 0.003505 0.032439
v -0.036450 0.002889 0.008591
v -0.036519 0.002854 0.032432
v -0.031956 0.002151 0.008536
v -0.032068 0.002117 0.032444
v -0.027598 0.001390 0.008446
v -0.027654 0.001421 0.032391
v -0.023360 0.000678 0.008430
v -0.023211 0.000723 0.032261
v -0.018882 0.000028 0.008488
v -0.018785 -0.000799 0.032029
v -0.018937 0.000041 0.032171
v -0.014804 -0.000767 0.008557
v -0.014761 -0.001138 0.031959
v -0.014216 -0.000324 0.032133
v -0.010221 -0.001446 0.008643
v -0.010198 -0.001587 0.031853
v -0.010441 -0.000639 0.032106
v -0.005954 -0.002196 0.008775
v -0.005929 -0.002220 0.031661
v -0.001442 -0.002892 0.008937
v -0.001505 -0.002907 0.031408
v 0.002727 -0.003611 0.009144
v 0.002648 -0.003637 0.031107
v 0.007079 -0.004303 0.009375
v 0.007023 -0.004351 0.030857
v 0.011360 -0.004933 0.009624
v 0.011916 -0.005808 0.010186
v 0.011564 -0.005077 0.030515
v 0.016181 -0.005464 0.009821
v 0.015345 -0.006267 0.010411
v 0.015849 -0.005726 0.030092
v 0.020258 -0.005862 0.009895
v 0.019975 -0.006747 0.010653
v 0.020846 -0.007426 0.028708
v 0.020194 -0.006452 0.029692
v 0.024665 -0.006351 0.010034
v 0.024696 -0.007275 0.011046
v 0.024184 -0.007781 0.028393
v 0.024878 -0.006933 0.029569
v 0.028928 -0.007810 0.011578
v 0.030112 -0.008793 0.013536
v 0.028826 -0.008266 0.027843
v 0.029251 -0.007363 0.029351
v 0.033369 -0.008329 0.012069
v 0.033060 -0.009161 0.014416
v 0.033841 -0.009462 0.025062
v 0.033239 -0.008658 0.027408
v 0.033230 -0.007829 0.029033
v 0.038064 -0.008773 0.012565
v 0.037355 -0.009408 0.014753
v 0.037166 -0.009934 0.017699
v 0.037535 -0.010054 0.021099
v 0.037357 -0.009754 0.024285
v 0.037932 -0.008982 0.027203
v 0.041384 -0.009106 0.012903
v 0.042461 -0.009675 0.014905
v 0.042120 -0.010157 0.017852
v 0.041959 -0.010259 0.021155
v 0.042079 -0.009983 0.024251
v 0.042224 -0.009462 0.026553
v 0.046341 -0.010034 0.015685
v 0.046976 -0.010391 0.017945
v 0.046796 -0.010491 0.021104
v 0.046708 -0.010226 0.024059
v 0.045855 -0.009824 0.025960
v 0.050578 -0.010621 0.018720
v 0.050594 -0.010663 0.021156
v 0.050034 -0.010487 0.023404
v 0.106538 -0.025690 0.015189
v 0.106217 -0.026170 0.018269
v 0.106127 -0.026094 0.021147
v 0.106229 -0.025990 0.023721
v 0.107392 -0.026573 0.011999
v 0.106556 -0.026488 0.014488
v 0.106229 -0.026771 0.017316
v 0.106573 -0.026472 0.025139
v 0.107385 -0.026625 0.026992
v 0.108937 -0.027318 0.009208
v 0.108077 -0.027105 0.010456
v 0.108111 -0.027045 0.028655
v 0.108957 -0.027264 0.029882
v 0.110751 -0.028635 0.006846
v 0.110198 -0.027903 0.007552
v 0.110390 -0.028005 0.031374
v 0.111846 -0.028741 0.006565
v 0.111397 -0.027901 0.007003
v 0.111656 -0.028463 0.031917
v 0.112172 -0.029121 0.032193
v 0.113420 -0.029419 0.006049
v 0.113451 -0.029405 0.032479
v 0.114951 -0.030083 0.005814
v 0.114980 -0.030128 0.032850
v 0.116309 -0.030986 0.005942
v 0.116999 -0.030534 0.007665
v 0.116965 -0.030560 0.031584
v 0.116257 -0.030980 0.032855
v 0.117383 -0.032015 0.006571
v 0.118069 -0.031587 0.008453
v 0.118820 -0.031247 0.010566
v 0.118822 -0.031229 0.028656
v 0.118030 -0.031551 0.030492
v 0.117276 -0.031962 0.032253
v 0.119227 -0.032658 0.009180
v 0.119796 -0.032099 0.011440
v 0.120551 -0.031899 0.014240
v 0.120580 -0.031912 0.018575
v 0.120462 -0.031890 0.021441
v 0.120370 -0.032012 0.024222
v 0.119913 -0.032064 0.027713
v 0.119236 -0.032587 0.029417
v 0.120149 -0.033379 0.009709
v 0.120791 -0.033209 0.011951
v 0.121166 -0.033046 0.014883
v 0.121169 -0.033050 0.017952
v 0.121061 -0.033101 0.021053
v 0.120922 -0.033161 0.024232
v 0.120662 -0.033193 0.027124
v 0.120098 -0.033397 0.029001
v 0.121607 -0.034120 0.013125
v 0.121676 -0.034133 0.015003
v 0.121638 -0.034107 0.017336
v -0.111872 0.012519 0.018358
v -0.112047 0.012603 0.021024
v -0.111884 0.012497 0.023505
v -0.108329 0.012024 0.015513
v -0.108618 0.012356 0.017973
v -0.108622 0.012476 0.021036
v -0.108622 0.012324 0.024022
v -0.107904 0.011934 0.026255
v -0.103497 0.011104 0.012909
v -0.104166 0.011728 0.014957
v -0.103801 0.012180 0.017980
v -0.103686 0.012301 0.021003
v -0.103839 0.012137 0.024109
v -0.104204 0.011605 0.027071
v -0.099810 0.010804 0.012495
v -0.099279 0.011522 0.014800
v -0.099526 0.012031 0.017840
v -0.099889 0.012181 0.020982
v -0.099343 0.011950 0.024413
v -0.099402 0.011339 0.027400
v -0.099170 0.010616 0.029301
v -0.095349 0.010400 0.011969
v -0.094977 0.011209 0.014155
v -0.096192 0.011662 0.025714
v -0.094760 0.011097 0.027726
v -0.095355 0.010251 0.029753
v -0.090201 0.008924 0.010031
v -0.090712 0.009973 0.011571
v -0.091143 0.010802 0.013339
v -0.091133 0.010747 0.028367
v -0.090634 0.009812 0.030214
v -0.086479 0.008537 0.009822
v -0.086322 0.009453 0.011000
v -0.086522 0.009206 0.030801
v -0.082440 0.008164 0.009662
v -0.081967 0.008922 0.010532
v -0.082165 0.008476 0.031344
v -0.081982 0.007578 0.032092
v -0.077718 0.007601 0.009407
v -0.078161 0.008544 0.010291
v -0.077421 0.007994 0.031564
v -0.077896 0.007083 0.032224
v -0.073123 0.007033 0.009198
v -0.073078 0.007468 0.031778
v -0.073437 0.006622 0.032315
v -0.068818 0.006299 0.008895
v -0.068596 0.006944 0.031955
v -0.069062 0.006103 0.032397
v -0.064541 0.005597 0.008676
v -0.065557 0.006589 0.032065
v -0.064618 0.005529 0.032487
v -0.060320 0.004871 0.008491
v -0.060184 0.004877 0.032582
v -0.055949 0.004171 0.008355
v -0.055970 0.004129 0.032640
v -0.051552 0.003391 0.008233
v -0.051569 0.003422 0.032673
v -0.047228 0.002716 0.008165
v -0.047103 0.002697 0.032685
v -0.042835 0.002079 0.008125
v -0.042842 0.001997 0.032650
v -0.038488 0.001279 0.008134
v -0.038425 0.001313 0.032541
v -0.034226 0.000667 0.008180
v -0.034115 0.000538 0.032370
v -0.029761 -0.000095 0.008282
v -0.029223 -0.000812 0.032024
v -0.029688 -0.000002 0.032225
v -0.025324 -0.000860 0.008414
v -0.025138 -0.001196 0.031903
v -0.025446 -0.000312 0.032145
v -0.021070 -0.001588 0.008570
v -0.020873 -0.001611 0.031789
v -0.016726 -0.002284 0.008783
v -0.016513 -0.002310 0.031564
v -0.012263 -0.003007 0.009004
v -0.012187 -0.003053 0.031251
v -0.007786 -0.003734 0.009278
v -0.007937 -0.003764 0.030903
v -0.003595 -0.004482 0.009623
v -0.002763 -0.005414 0.010183
v -0.003684 -0.004460 0.030472
v 0.001053 -0.004820 0.009769
v 0.000712 -0.005688 0.010371
v 0.000648 -0.005174 0.030108
v 0.005208 -0.005211 0.009962
v 0.005270 -0.006100 0.010619
v 0.005535 -0.006727 0.028781
v 0.004878 -0.005820 0.029708
v 0.009463 -0.006682 0.011072
v 0.009462 -0.007133 0.028446
v 0.009591 -0.006284 0.029416
v 0.013845 -0.007209 0.011547
v 0.014232 -0.008258 0.013514
v 0.013811 -0.007580 0.027882
v 0.013911 -0.006724 0.029070
v 0.018447 -0.007741 0.012103
v 0.018061 -0.008620 0.014415
v 0.018302 -0.008813 0.025224
v 0.018285 -0.007999 0.027403
v 0.022722 -0.008154 0.012609
v 0.022517 -0.008882 0.014861
v 0.022295 -0.009372 0.017799
v 0.022485 -0.009459 0.021152
v 0.022178 -0.009125 0.024295
v 0.022894 -0.008401 0.026977
v 0.025683 -0.008430 0.012978
v 0.027474 -0.009074 0.014910
v 0.026615 -0.009523 0.017792
v 0.026758 -0.009622 0.021139
v 0.027105 -0.009333 0.024280
v 0.026989 -0.008788 0.026471
v 0.031587 -0.009421 0.015674
v 0.032018 -0.009733 0.017830
v 0.031784 -0.009813 0.021119
v 0.031573 -0.009550 0.023997
v 0.030124 -0.009152 0.025878
v 0.035208 -0.009954 0.018959
v 0.035076 -0.009951 0.021023
v 0.105985 -0.027073 0.019399
v 0.105975 -0.027064 0.021039
v 0.105969 -0.027038 0.022952
v 0.106870 -0.028206 0.012220
v 0.106206 -0.027906 0.014771
v 0.105996 -0.027967 0.017749
v 0.105820 -0.027870 0.021034
v 0.106045 -0.027957 0.024270
v 0.106911 -0.028214 0.026709
v 0.108242 -0.028895 0.009166
v 0.107424 -0.028625 0.010564
v 0.107481 -0.028656 0.028251
v 0.108180 -0.028899 0.029617
v 0.109848 -0.029839 0.006524
v 0.109203 -0.029278 0.007544
v 0.109501 -0.029480 0.031304
v 0.110003 -0.030226 0.032159
v 0.111148 -0.030305 0.005559
v 0.110704 -0.029422 0.032047
v 0.111066 -0.030285 0.032576
v 0.113060 -0.031995 0.003777
v 0.112693 -0.031001 0.004795
v 0.112653 -0.030957 0.033270
v 0.114190 -0.032304 0.003353
v 0.114273 -0.031435 0.004491
v 0.114264 -0.031659 0.033850
v 0.115672 -0.032782 0.002977
v 0.116053 -0.031960 0.004504
v 0.115843 -0.032327 0.034421
v 0.115949 -0.033258 0.035369
v 0.117052 -0.033574 0.003298
v 0.117513 -0.032874 0.005195
v 0.118302 -0.032702 0.007175
v 0.118147 -0.032762 0.031618
v 0.117334 -0.033082 0.033742
v 0.116722 -0.033582 0.035403
v 0.117836 -0.034124 0.003695
v 0.118755 -0.033941 0.005541
v 0.119272 -0.033381 0.007834
v 0.119130 -0.033518 0.031009
v 0.118567 -0.034111 0.032945
v 0.119636 -0.034784 0.006532
v 0.120314 -0.034509 0.008618
v 0.121039 -0.034284 0.010900
v 0.121497 -0.034139 0.022189
v 0.121407 -0.034151 0.024499
v 0.121052 -0.034395 0.027691
v 0.120253 -0.034572 0.030252
v 0.121445 -0.035147 0.012064
v 0.121850 -0.035131 0.014705
v 0.121988 -0.035185 0.017938
v 0.121939 -0.035163 0.020971
v 0.121793 -0.035124 0.024227
v 0.121450 -0.035318 0.026759
v -0.117568 0.013063 0.018472
v -0.117687 0.013140 0.021076
v -0.117528 0.013034 0.023619
v -0.116303 0.012596 0.015641
v -0.116451 0.012892 0.017917
v -0.116473 0.013023 0.021220
v -0.116519 0.012875 0.024161
v -0.116245 0.012512 0.026405
v -0.114512 0.011716 0.012949
v -0.114859 0.012276 0.014818
v -0.114663 0.012703 0.017778
v -0.114581 0.012832 0.021009
v -0.114626 0.012667 0.024275
v -0.114894 0.012219 0.026913
v -0.113352 0.011371 0.012370
v -0.113141 0.012090 0.014771
v -0.113070 0.012545 0.017694
v -0.113165 0.012688 0.021134
v -0.113046 0.012480 0.024308
v -0.113235 0.011842 0.027459
v -0.113076 0.011136 0.029377
v -0.110366 0.011019 0.011944
v -0.110064 0.011822 0.014344
v -0.111346 0.012299 0.024967
v -0.109804 0.011622 0.027632
v -0.110167 0.010777 0.029789
v -0.105916 0.009701 0.009962
v -0.105595 0.010620 0.011594
v -0.106352 0.011403 0.013479
v -0.105668 0.011243 0.028405
v -0.105905 0.010280 0.030380
v -0.101831 0.009269 0.009713
v -0.101356 0.010191 0.011095
v -0.101538 0.009759 0.030855
v -0.096984 0.008765 0.009466
v -0.096729 0.009651 0.010553
v -0.097113 0.009257 0.031289
v -0.097329 0.008332 0.032219
v -0.092580 0.008329 0.009305
v -0.093213 0.009208 0.010201
v -0.092741 0.008749 0.031628
v -0.093292 0.007906 0.032370
v -0.088315 0.007564 0.008873
v -0.088053 0.008242 0.031872
v -0.088590 0.007418 0.032476
v -0.084192 0.006866 0.008559
v -0.084934 0.007925 0.032003
v -0.084158 0.006881 0.032554
v -0.079770 0.006251 0.008402
v -0.079804 0.006189 0.032687
v -0.075338 0.005469 0.008203
v -0.075287 0.005518 0.032809
v -0.071033 0.004760 0.008072
v -0.070903 0.004762 0.032871
v -0.066604 0.004069 0.007995
v -0.066613 0.004013 0.032902
v -0.062276 0.003313 0.007898
v -0.062336 0.003312 0.032889
v -0.057884 0.002635 0.007833
v -0.057905 0.002580 0.032869
v -0.053480 0.001898 0.007819
v -0.053558 0.001921 0.032817
v -0.049108 0.001187 0.007843
v -0.049203 0.001171 0.032703
v -0.044845 0.000467 0.007897
v -0.044727 0.000479 0.032549
v -0.040529 -0.000309 0.008033
v -0.039825 -0.001150 0.032024
v -0.040538 -0.000209 0.032325
v -0.036203 -0.001009 0.008224
v -0.036085 -0.001376 0.031896
v -0.036060 -0.000501 0.032179
v -0.031669 -0.001737 0.008430
v -0.031612 -0.001680 0.031752
v -0.032958 -0.000608 0.032122
v -0.027472 -0.002416 0.008665
v -0.027362 -0.002454 0.031437
v -0.023076 -0.003099 0.008953
v -0.023013 -0.003100 0.031177
v -0.018693 -0.003883 0.009315
v -0.018628 -0.003756 0.030808
v -0.014271 -0.004546 0.009657
v -0.013452 -0.005444 0.010226
v -0.014419 -0.004624 0.030254
v -0.009890 -0.004873 0.009858
v -0.010356 -0.005658 0.010354
v -0.009477 -0.006229 0.028863
v -0.009917 -0.005252 0.029828
v -0.006486 -0.005097 0.010003
v -0.005400 -0.006061 0.010668
v -0.005746 -0.006534 0.028532
v -0.005553 -0.005674 0.029492
v -0.001189 -0.006733 0.011384
v -0.001455 -0.007025 0.027984
v -0.000894 -0.006103 0.029235
v 0.003116 -0.007271 0.012065
v 0.003212 -0.008130 0.014095
v 0.003740 -0.008341 0.025291
v 0.003075 -0.007458 0.027397
v 0.007833 -0.007666 0.012518
v 0.007064 -0.008376 0.014714
v 0.007651 -0.008902 0.017704
v 0.007934 -0.009013 0.021190
v 0.007203 -0.008606 0.024454
v 0.007643 -0.007829 0.026991
v 0.011569 -0.007958 0.012924
v 0.012058 -0.008552 0.014850
v 0.011630 -0.009039 0.017856
v 0.011441 -0.009120 0.021227
v 0.012020 -0.008779 0.024291
v 0.011942 -0.008216 0.026431
v 0.015858 -0.008820 0.015530
v 0.016713 -0.009195 0.017822
v 0.016569 -0.009283 0.021103
v 0.016676 -0.008994 0.023934
v 0.019999 -0.009363 0.018528
v 0.020099 -0.009401 0.021017
v 0.019719 -0.009281 0.022719
v 0.106091 -0.029840 0.012033
v 0.105587 -0.029626 0.014819
v 0.105409 -0.029441 0.017982
v 0.105274 -0.029458 0.021051
v 0.105439 -0.029523 0.024342
v 0.106203 -0.029875 0.026727
v 0.107422 -0.030439 0.008718
v 0.106763 -0.029961 0.010551
v 0.106861 -0.030074 0.028248
v 0.107532 -0.030487 0.029854
v 0.108905 -0.031193 0.005697
v 0.108437 -0.030423 0.007304
v 0.108567 -0.030809 0.031394
v 0.109117 -0.031372 0.032546
v 0.110427 -0.032275 0.003340
v 0.110367 -0.031457 0.004563
v 0.110348 -0.031835 0.033566
v 0.111985 -0.032630 0.002814
v 0.111773 -0.031731 0.004038
v 0.111927 -0.032416 0.034429
v 0.112226 -0.033270 0.035493
v 0.113751 -0.034110 0.000644
v 0.113507 -0.033258 0.001791
v 0.113644 -0.032724 0.034899
v 0.113603 -0.033567 0.036000
v 0.114105 -0.034215 0.000618
v 0.115099 -0.033825 0.001342
v 0.114786 -0.033011 0.035094
v 0.115051 -0.033965 0.036383
v 0.116621 -0.034588 0.002304
v 0.117425 -0.034536 0.034991
v 0.116511 -0.034637 0.035842
v 0.117682 -0.035346 0.003346
v 0.118555 -0.035368 0.004579
v 0.118189 -0.035370 0.034022
v 0.117215 -0.035451 0.035225
v 0.119388 -0.036044 0.006010
v 0.120205 -0.036111 0.008010
v 0.120771 -0.035792 0.028896
v 0.120086 -0.036151 0.030764
v 0.119187 -0.036040 0.032572
v 0.120686 -0.036839 0.009317
v 0.121308 -0.036782 0.011714
v 0.121867 -0.036943 0.014655
v 0.122111 -0.036727 0.017824
v 0.122095 -0.036653 0.021349
v 0.121792 -0.036885 0.024446
v 0.121182 -0.036727 0.027413
v 0.120557 -0.036902 0.029436
v 0.121934 -0.037674 0.015384
v 0.122083 -0.037637 0.018060
v 0.122091 -0.037607 0.021126
v 0.121951 -0.037773 0.023507
v -0.122944 0.013602 0.019072
v -0.122936 0.013656 0.020774
v -0.122909 0.013604 0.023101
v -0.121543 0.013119 0.015613
v -0.121789 0.013403 0.017910
v -0.121889 0.013550 0.021103
v -0.121876 0.013418 0.023921
v -0.121528 0.013010 0.026469
v -0.119878 0.012310 0.012985
v -0.120266 0.012840 0.014853
v -0.120075 0.013248 0.017835
v -0.120049 0.013370 0.021025
v -0.120110 0.013211 0.024280
v -0.120129 0.012729 0.027014
v -0.118650 0.011945 0.012351
v -0.118490 0.012643 0.014804
v -0.118442 0.013082 0.017721
v -0.118630 0.013229 0.021181
v -0.118427 0.013045 0.024386
v -0.118508 0.012495 0.027262
v -0.118533 0.011737 0.029470
v -0.117106 0.011574 0.011857
v -0.116928 0.012384 0.014398
v -0.117330 0.012840 0.016516
v -0.117258 0.012786 0.025567
v -0.116997 0.012236 0.027679
v -0.117116 0.011366 0.029916
v -0.115408 0.010372 0.009857
v -0.115423 0.011205 0.011456
v -0.115730 0.012052 0.013622
v -0.115436 0.011781 0.028517
v -0.115588 0.010889 0.030430
v -0.114040 0.009947 0.009535
v -0.113874 0.010811 0.010968
v -0.113919 0.010393 0.030877
v -0.113560 0.009355 0.032122
v -0.112431 0.009498 0.009269
v -0.112179 0.010367 0.010438
v -0.112085 0.009852 0.031360
v -0.112480 0.009021 0.032284
v -0.108104 0.008914 0.008933
v -0.107733 0.009410 0.031692
v -0.107868 0.008603 0.032440
v -0.103671 0.008253 0.008602
v -0.103814 0.009081 0.031846
v -0.103470 0.008120 0.032615
v -0.099125 0.007452 0.008250
v -0.099168 0.007505 0.032844
v -0.094611 0.006799 0.008048
v -0.094771 0.006783 0.033031
v -0.090446 0.006034 0.007813
v -0.090373 0.006048 0.033116
v -0.086124 0.005305 0.007673
v -0.086073 0.005348 0.033185
v -0.081618 0.004647 0.007614
v -0.081720 0.004648 0.033182
v -0.077329 0.003900 0.007524
v -0.077485 0.003914 0.033210
v -0.072924 0.003250 0.007512
v -0.072977 0.003220 0.033174
v -0.068554 0.002537 0.007498
v -0.068803 0.002466 0.033116
v -0.064238 0.001746 0.007489
v -0.064392 0.001755 0.032977
v -0.059987 0.001053 0.007557
v -0.059881 0.001040 0.032820
v -0.055730 0.000325 0.007688
v -0.055607 0.000340 0.032648
v -0.051415 -0.000444 0.007851
v -0.051388 -0.000369 0.032397
v -0.046977 -0.001110 0.007990
v -0.046481 -0.001678 0.031921
v -0.047059 -0.000812 0.032231
v -0.042397 -0.001863 0.008227
v -0.042460 -0.001947 0.031741
v -0.042961 -0.001041 0.032113
v -0.038157 -0.002502 0.008509
v -0.038047 -0.002553 0.031420
v -0.033717 -0.003295 0.008868
v -0.033968 -0.003251 0.031015
v -0.029361 -0.004036 0.009246
v -0.029342 -0.003996 0.030562
v -0.025020 -0.004614 0.009610
v -0.024500 -0.005563 0.010258
v -0.024883 -0.004705 0.030058
v -0.020380 -0.004928 0.009839
v -0.020764 -0.005751 0.010481
v -0.020412 -0.006125 0.028715
v -0.020794 -0.005277 0.029614
v -0.016287 -0.006147 0.010934
v -0.016601 -0.006469 0.028367
v -0.016424 -0.005641 0.029351
v -0.012002 -0.006759 0.011667
v -0.011394 -0.007737 0.013724
v -0.010813 -0.007958 0.025493
v -0.011819 -0.006970 0.027670
v -0.012460 -0.006040 0.029039
v -0.007359 -0.007161 0.012187
v -0.007815 -0.008056 0.014686
v -0.006711 -0.008535 0.017140
v -0.006469 -0.008629 0.021997
v -0.007667 -0.008188 0.024635
v -0.007494 -0.007386 0.026997
v -0.003294 -0.007576 0.012850
v -0.003166 -0.008159 0.014781
v -0.003777 -0.008670 0.017941
v -0.003874 -0.008730 0.021215
v -0.003353 -0.008365 0.024238
v -0.002893 -0.007719 0.026538
v 0.001420 -0.008337 0.015166
v 0.001262 -0.008748 0.017761
v 0.001281 -0.008854 0.021166
v 0.001408 -0.008518 0.024115
v 0.000644 -0.008008 0.026091
v 0.005202 -0.008873 0.018109
v 0.005380 -0.008952 0.021071
v 0.004841 -0.008733 0.023433
v 0.103882 -0.031552 0.022272
v 0.103938 -0.031446 0.022879
v 0.105374 -0.031806 0.009565
v 0.105184 -0.031230 0.011579
v 0.104709 -0.031045 0.014746
v 0.104487 -0.030907 0.017879
v 0.104399 -0.030882 0.021085
v 0.104609 -0.030910 0.024269
v 0.105345 -0.031422 0.026950
v 0.106960 -0.032264 0.006230
v 0.106406 -0.031721 0.008201
v 0.106158 -0.030904 0.010231
v 0.106082 -0.031465 0.028393
v 0.106741 -0.032014 0.030457
v 0.106968 -0.032889 0.032319
v 0.108294 -0.033060 0.003096
v 0.108000 -0.032276 0.004837
v 0.107779 -0.031823 0.031815
v 0.108203 -0.032668 0.033335
v 0.109637 -0.033341 0.002067
v 0.109585 -0.033000 0.034627
v 0.109808 -0.033873 0.035919
v 0.111633 -0.034568 0.000519
v 0.111125 -0.033846 0.001112
v 0.110963 -0.033108 0.035032
v 0.111275 -0.034078 0.036499
v 0.112807 -0.034785 0.000455
v 0.113008 -0.033955 0.000718
v 0.112849 -0.034792 0.037286
v 0.113954 -0.035419 0.000558
v 0.114753 -0.035601 0.000881
v 0.114421 -0.035469 0.037149
v 0.115845 -0.036185 0.001586
v 0.115889 -0.036190 0.036255
v 0.117363 -0.036976 0.002936
v 0.118230 -0.036710 0.003990
v 0.117735 -0.036931 0.034544
v 0.116874 -0.036847 0.035472
v 0.119020 -0.037670 0.005363
v 0.119840 -0.037374 0.007174
v 0.119658 -0.037695 0.031578
v 0.118786 -0.037638 0.033104
v 0.119674 -0.038423 0.006795
v 0.120362 -0.038209 0.008491
v 0.121137 -0.038467 0.011312
v 0.121648 -0.037976 0.013583
v 0.121566 -0.038105 0.025280
v 0.120963 -0.038445 0.027752
v 0.120203 -0.038343 0.030093
v 0.121395 -0.039059 0.012635
v 0.121763 -0.038926 0.014927
v 0.121983 -0.039021 0.018070
v 0.122023 -0.039043 0.021157
v 0.121779 -0.039036 0.024040
v 0.121202 -0.039348 0.026545
v -0.123907 0.013208 0.014877
v -0.123798 0.013597 0.017811
v -0.123829 0.013745 0.021153
v -0.123730 0.013574 0.024148
v -0.122449 0.012108 0.011706
v -0.122308 0.012958 0.014489
v -0.122698 0.013386 0.016753
v -0.122617 0.013343 0.025205
v -0.122363 0.012780 0.027680
v -0.122463 0.011979 0.029863
v -0.120795 0.010952 0.009688
v -0.120823 0.011832 0.011452
v -0.121037 0.012585 0.013504
v -0.120848 0.012426 0.028366
v -0.120784 0.011482 0.030537
v -0.119344 0.010571 0.009417
v -0.119236 0.011439 0.010955
v -0.119285 0.010995 0.031049
v -0.119201 0.010145 0.032266
v -0.117777 0.010160 0.009171
v -0.117958 0.011008 0.010431
v -0.117675 0.010603 0.031379
v -0.117962 0.009792 0.032392
v -0.116099 0.009525 0.008687
v -0.116030 0.010070 0.031725
v -0.116336 0.009272 0.032599
v -0.114521 0.008790 0.008228
v -0.114685 0.009638 0.032001
v -0.114630 0.008774 0.032770
v -0.113063 0.008084 0.007885
v -0.113124 0.008081 0.033087
v -0.109922 0.007357 0.007649
v -0.109950 0.007386 0.033300
v -0.105488 0.006634 0.007451
v -0.105508 0.006608 0.033493
v -0.100605 0.004937 0.006916
v -0.101326 0.006011 0.007324
v -0.101080 0.005933 0.033538
v -0.097423 0.004505 0.006915
v -0.096898 0.005368 0.007257
v -0.096794 0.005229 0.033566
v -0.093564 0.003950 0.006910
v -0.092329 0.004675 0.007190
v -0.092513 0.004474 0.033591
v -0.089076 0.003138 0.006927
v -0.087935 0.003919 0.007155
v -0.088062 0.003793 0.033487
v -0.084703 0.002365 0.006949
v -0.083822 0.003148 0.007140
v -0.083806 0.003071 0.033449
v -0.081937 0.001897 0.006943
v -0.079274 0.002376 0.007104
v -0.079286 0.002386 0.033382
v -0.075035 0.001642 0.007177
v -0.075071 0.001658 0.033253
v -0.070794 0.000914 0.007255
v -0.070568 0.000925 0.033039
v -0.066376 0.000181 0.007409
v -0.066316 0.000193 0.032779
v -0.061965 -0.000504 0.007588
v -0.061973 -0.000508 0.032495
v -0.057466 -0.001239 0.007789
v -0.057685 -0.001902 0.031941
v -0.057682 -0.001025 0.032294
v -0.053113 -0.001953 0.008035
v -0.053017 -0.002117 0.031799
v -0.053588 -0.001246 0.032170
v -0.048934 -0.002654 0.008307
v -0.048812 -0.002628 0.031518
v -0.044519 -0.003396 0.008653
v -0.044414 -0.003370 0.031089
v -0.040304 -0.004104 0.009064
v -0.040150 -0.004032 0.030620
v -0.035851 -0.004747 0.009527
v -0.035077 -0.005660 0.010257
v -0.035659 -0.004779 0.029930
v -0.031304 -0.005073 0.009795
v -0.031566 -0.005906 0.010589
v -0.031519 -0.006088 0.028615
v -0.031409 -0.005331 0.029432
v -0.027436 -0.005344 0.010038
v -0.027227 -0.006303 0.011159
v -0.026844 -0.006567 0.027934
v -0.026990 -0.005629 0.029177
v -0.022961 -0.006867 0.012040
v -0.022384 -0.007682 0.013966
v -0.022298 -0.007851 0.025153
v -0.022901 -0.006924 0.027393
v -0.017969 -0.007149 0.012463
v -0.018358 -0.007930 0.014799
v -0.018187 -0.008403 0.017741
v -0.017970 -0.008470 0.021258
v -0.018554 -0.008051 0.024366
v -0.018045 -0.007307 0.026830
v -0.014694 -0.007465 0.013042
v -0.013654 -0.008018 0.014916
v -0.014123 -0.008483 0.018029
v -0.013964 -0.008544 0.021147
v -0.013894 -0.008159 0.024193
v -0.014108 -0.007624 0.026244
v -0.009786 -0.008300 0.015923
v -0.009275 -0.008567 0.018037
v -0.009070 -0.008624 0.020996
v -0.009747 -0.008347 0.023645
v -0.006373 -0.008710 0.019569
v 0.103260 -0.032843 0.012781
v 0.103209 -0.032746 0.014905
v 0.103267 -0.032419 0.017904
v 0.103360 -0.032313 0.021067
v 0.103336 -0.032561 0.023827
v 0.104614 -0.032980 0.008707
v 0.103953 -0.032520 0.011591
v 0.103807 -0.032133 0.014744
v 0.103892 -0.031800 0.017579
v 0.103899 -0.032154 0.024797
v 0.104278 -0.032743 0.027361
v 0.104741 -0.033366 0.029684
v 0.105897 -0.033577 0.005551
v 0.105349 -0.032910 0.007413
v 0.105393 -0.032524 0.028874
v 0.105660 -0.033282 0.030903
v 0.106250 -0.033815 0.032822
v 0.107504 -0.034213 0.002842
v 0.106768 -0.033850 0.004068
v 0.107299 -0.033948 0.034286
v 0.107989 -0.034466 0.035432
v 0.108928 -0.034881 0.001545
v 0.108955 -0.034897 0.036239
v 0.110842 -0.035738 0.000560
v 0.110060 -0.035402 0.000814
v 0.110523 -0.035596 0.037119
v 0.112062 -0.036342 0.000260
v 0.112135 -0.036366 0.037492
v 0.113590 -0.037030 0.000410
v 0.114535 -0.036836 0.000705
v 0.113650 -0.037028 0.037335
v 0.114357 -0.037949 0.000613
v 0.115239 -0.037761 0.001069
v 0.115209 -0.037753 0.036637
v 0.116776 -0.038507 0.002319
v 0.117254 -0.038584 0.034875
v 0.116425 -0.038412 0.035746
v 0.117731 -0.039128 0.003345
v 0.118569 -0.039279 0.004626
v 0.118318 -0.039178 0.033506
v 0.119374 -0.039796 0.006134
v 0.120191 -0.039950 0.008249
v 0.120870 -0.039722 0.010363
v 0.120642 -0.039738 0.028530
v 0.119868 -0.039937 0.030545
v 0.119026 -0.040072 0.032364
v 0.120628 -0.040623 0.009624
v 0.121101 -0.040613 0.011626
v 0.121638 -0.040778 0.014767
v 0.121893 -0.040781 0.017726
v 0.121938 -0.040699 0.020958
v 0.121650 -0.040679 0.024029
v 0.120963 -0.040542 0.027209
v 0.120320 -0.041046 0.029230
v 0.121939 -0.041590 0.019083
v 0.121912 -0.041674 0.020379
v -0.123030 0.010727 0.008985
v -0.123120 0.011642 0.010422
v -0.123015 0.011288 0.031365
v -0.123196 0.010403 0.032618
v -0.121476 0.010079 0.008414
v -0.121460 0.010786 0.031851
v -0.121515 0.009940 0.032812
v -0.120034 0.009525 0.008029
v -0.119968 0.009519 0.032993
v -0.118410 0.007808 0.006928
v -0.118482 0.008737 0.007569
v -0.118461 0.008692 0.033409
v -0.117218 0.007403 0.006848
v -0.116783 0.008188 0.007403
v -0.116948 0.007970 0.033647
v -0.115479 0.006773 0.006768
v -0.115239 0.007613 0.007274
v -0.115356 0.007223 0.033808
v -0.113898 0.006193 0.006703
v -0.113572 0.007001 0.007150
v -0.113783 0.006533 0.033899
v -0.112041 0.005642 0.006678
v -0.111367 0.006471 0.007082
v -0.111797 0.005866 0.033942
v -0.107715 0.005047 0.006654
v -0.107540 0.005915 0.006999
v -0.107634 0.005088 0.033929
v -0.103256 0.004396 0.006641
v -0.103247 0.004334 0.033916
v -0.098810 0.003686 0.006644
v -0.098747 0.003693 0.033850
v -0.094572 0.002919 0.006681
v -0.094333 0.002947 0.033803
v -0.089990 0.002232 0.006727
v -0.090038 0.002250 0.033648
v -0.085769 0.001558 0.006793
v -0.085654 0.001557 0.033477
v -0.081996 0.000838 0.006896
v -0.079788 0.000478 0.006987
v -0.081394 0.000855 0.033242
v -0.077028 0.000117 0.007107
v -0.077128 0.000132 0.033017
v -0.072610 -0.000616 0.007297
v -0.072719 -0.000611 0.032676
v -0.068353 -0.001329 0.007562
v -0.067864 -0.002108 0.031987
v -0.068322 -0.001226 0.032373
v -0.063922 -0.002060 0.007844
v -0.063862 -0.002301 0.031832
v -0.064091 -0.001516 0.032198
v -0.059659 -0.002766 0.008143
v -0.059559 -0.002812 0.031509
v -0.055107 -0.003501 0.008500
v -0.055185 -0.003448 0.031125
v -0.050918 -0.004228 0.008922
v -0.051073 -0.004272 0.030487
v -0.046668 -0.004960 0.009450
v -0.045897 -0.005809 0.010248
v -0.045669 -0.005889 0.028778
v -0.046461 -0.004869 0.029907
v -0.042061 -0.005231 0.009720
v -0.042300 -0.006102 0.010718
v -0.042191 -0.006115 0.028483
v -0.042003 -0.005291 0.029485
v -0.038178 -0.005460 0.009986
v -0.037880 -0.006404 0.011282
v -0.036970 -0.007419 0.013446
v -0.037835 -0.006583 0.027754
v -0.038140 -0.005609 0.029120
v -0.033303 -0.006811 0.011992
v -0.033508 -0.007669 0.014251
v -0.033463 -0.007779 0.024929
v -0.033323 -0.007017 0.027009
v -0.028979 -0.007169 0.012688
v -0.029182 -0.007800 0.014697
v -0.029575 -0.008278 0.017795
v -0.029458 -0.008342 0.021203
v -0.029293 -0.007963 0.024251
v -0.028791 -0.007273 0.026549
v -0.024370 -0.007954 0.015146
v -0.024643 -0.008335 0.017821
v -0.024724 -0.008390 0.021130
v -0.024255 -0.008051 0.024064
v -0.025493 -0.007520 0.026057
v -0.021306 -0.008143 0.015876
v -0.020694 -0.008416 0.018231
v -0.020564 -0.008447 0.021009
v -0.020998 -0.008239 0.023213
v 0.102957 -0.033535 0.012710
v 0.102511 -0.033778 0.014912
v 0.102268 -0.033717 0.018044
v 0.102433 -0.033724 0.021087
v 0.102738 -0.033746 0.023871
v 0.103933 -0.034364 0.008873
v 0.103088 -0.034170 0.011452
v 0.102639 -0.034373 0.013489
v 0.102767 -0.034265 0.025123
v 0.103334 -0.034165 0.027403
v 0.104113 -0.034424 0.029620
v 0.105305 -0.035003 0.005743
v 0.104511 -0.034940 0.007400
v 0.104779 -0.034953 0.031195
v 0.105562 -0.035013 0.032754
v 0.107002 -0.035779 0.003144
v 0.106169 -0.035594 0.004305
v 0.106586 -0.035829 0.034179
v 0.107596 -0.035716 0.035333
v 0.108248 -0.036442 0.001898
v 0.107365 -0.036700 0.035158
v 0.108344 -0.036434 0.035962
v 0.110268 -0.037321 0.000575
v 0.109445 -0.037064 0.000922
v 0.109760 -0.037184 0.036831
v 0.111354 -0.037890 0.000270
v 0.111360 -0.037860 0.037362
v 0.112914 -0.038624 0.000171
v 0.112946 -0.038562 0.037401
v 0.114177 -0.039369 0.000470
v 0.114941 -0.039233 0.000822
v 0.114517 -0.039354 0.036948
v 0.116000 -0.039988 0.001643
v 0.116937 -0.039757 0.035066
v 0.115991 -0.040040 0.035914
v 0.117461 -0.040800 0.003034
v 0.118251 -0.040661 0.004199
v 0.117580 -0.040760 0.034236
v 0.116645 -0.040853 0.035237
v 0.119009 -0.041444 0.005610
v 0.119807 -0.041554 0.007433
v 0.119485 -0.041593 0.031090
v 0.118665 -0.041314 0.032713
v 0.120231 -0.042110 0.008799
v 0.121004 -0.042381 0.011758
v 0.121469 -0.042152 0.014294
v 0.121773 -0.041807 0.016862
v 0.121398 -0.042188 0.024792
v 0.120755 -0.042164 0.027484
v 0.120098 -0.042000 0.029596
v 0.121192 -0.043170 0.013103
v 0.121505 -0.042820 0.015284
v 0.121732 -0.042794 0.018053
v 0.121721 -0.042591 0.021017
v 0.121430 -0.042962 0.023718
v -0.123963 0.008730 0.006761
v -0.123669 0.009594 0.007539
v -0.123817 0.009234 0.033733
v -0.122412 0.008217 0.006638
v -0.122216 0.009017 0.007230
v -0.122327 0.008612 0.033968
v -0.120666 0.007697 0.006560
v -0.120580 0.008532 0.007081
v -0.120756 0.007852 0.034195
v -0.119129 0.007126 0.006448
v -0.119140 0.007094 0.034318
v -0.117607 0.006441 0.006315
v -0.117619 0.006404 0.034360
v -0.116055 0.005688 0.006212
v -0.116058 0.005759 0.034353
v -0.114502 0.005004 0.006173
v -0.114504 0.004980 0.034320
v -0.112959 0.004283 0.006145
v -0.112912 0.004238 0.034256
v -0.109530 0.003566 0.006176
v -0.109639 0.003593 0.034150
v -0.105397 0.002845 0.006218
v -0.105269 0.002828 0.034076
v -0.100903 0.002103 0.006276
v -0.100925 0.002146 0.033931
v -0.096487 0.001401 0.006409
v -0.096553 0.001414 0.033735
v -0.092128 0.000699 0.006534
v -0.092034 0.000702 0.033487
v -0.087809 0.000005 0.006716
v -0.087819 -0.000093 0.033169
v -0.084021 -0.000370 0.006903
v -0.082841 -0.001013 0.007055
v -0.083453 -0.000696 0.032880
v -0.079079 -0.001476 0.007310
v -0.078313 -0.002443 0.032043
v -0.078986 -0.001474 0.032501
v -0.074727 -0.002181 0.007640
v -0.074586 -0.002589 0.031852
v -0.074724 -0.001747 0.032280
v -0.070183 -0.002888 0.007997
v -0.070592 -0.002915 0.031621
v -0.071240 -0.001910 0.032159
v -0.066017 -0.003634 0.008384
v -0.066206 -0.003645 0.031107
v -0.061598 -0.004330 0.008831
v -0.061481 -0.004277 0.030530
v -0.057230 -0.004932 0.009343
v -0.056671 -0.005782 0.010306
v -0.056707 -0.005938 0.028720
v -0.057312 -0.005031 0.029847
v -0.052730 -0.005297 0.009677
v -0.052903 -0.006107 0.010779
v -0.053049 -0.006213 0.028307
v -0.052895 -0.005373 0.029444
v -0.048762 -0.005626 0.010030
v -0.048453 -0.006468 0.011384
v -0.047532 -0.007475 0.013623
v -0.047509 -0.007572 0.025455
v -0.048482 -0.006615 0.027616
v -0.048700 -0.005650 0.029066
v -0.044339 -0.006883 0.012131
v -0.044305 -0.007714 0.014545
v -0.043441 -0.008183 0.017532
v -0.043330 -0.008255 0.021353
v -0.044258 -0.007741 0.024802
v -0.044264 -0.006984 0.026944
v -0.040307 -0.007157 0.012709
v -0.039709 -0.007755 0.014719
v -0.040171 -0.008220 0.017910
v -0.040546 -0.008276 0.021256
v -0.039806 -0.007897 0.024241
v -0.039876 -0.007246 0.026402
v -0.035489 -0.007955 0.015490
v -0.034707 -0.008258 0.017996
v -0.035165 -0.008309 0.021105
v -0.035381 -0.007979 0.023966
v -0.031967 -0.008331 0.018854
v -0.031857 -0.008342 0.020931
v 0.102108 -0.035022 0.015472
v 0.101791 -0.035274 0.017966
v 0.101996 -0.035267 0.020884
v 0.102260 -0.034995 0.022990
v 0.103503 -0.035978 0.009597
v 0.102910 -0.035882 0.012160
v 0.102361 -0.035748 0.014357
v 0.101875 -0.036177 0.016431
v 0.102038 -0.036094 0.021625
v 0.102523 -0.035742 0.024460
v 0.103128 -0.035932 0.027358
v 0.103807 -0.035598 0.029246
v 0.104876 -0.036620 0.006189
v 0.104082 -0.036461 0.008035
v 0.103581 -0.036653 0.028633
v 0.104390 -0.036673 0.030564
v 0.105240 -0.036479 0.032195
v 0.106519 -0.037392 0.003471
v 0.105695 -0.037262 0.004640
v 0.105052 -0.037630 0.031882
v 0.105985 -0.037237 0.033458
v 0.107536 -0.037990 0.002335
v 0.107044 -0.037956 0.034820
v 0.107868 -0.038047 0.035626
v 0.109765 -0.038895 0.000622
v 0.108936 -0.038679 0.001105
v 0.109102 -0.038662 0.036557
v 0.110680 -0.039435 0.000323
v 0.110696 -0.039399 0.037148
v 0.112159 -0.040155 0.000000
v 0.112210 -0.040140 0.037390
v 0.113754 -0.040794 0.000272
v 0.113759 -0.040873 0.037063
v 0.114593 -0.041491 0.000612
v 0.115390 -0.041603 0.001146
v 0.115321 -0.041541 0.036175
v 0.116921 -0.042306 0.002638
v 0.117005 -0.042401 0.034543
v 0.116236 -0.042084 0.035415
v 0.117754 -0.042853 0.003617
v 0.118599 -0.043100 0.005303
v 0.119459 -0.042692 0.007171
v 0.118900 -0.043183 0.031570
v 0.118142 -0.042935 0.032940
v 0.119097 -0.043687 0.006745
v 0.119777 -0.043619 0.008547
v 0.120362 -0.043972 0.011550
v 0.120334 -0.044557 0.013823
v 0.120338 -0.044755 0.017904
v 0.120341 -0.044797 0.021370
v 0.120352 -0.043864 0.027731
v 0.119601 -0.043526 0.029881
v 0.120973 -0.043657 0.012992
v 0.120962 -0.044122 0.014946
v 0.121119 -0.044257 0.017849
v 0.121083 -0.044253 0.021059
v 0.120904 -0.044221 0.024327
v 0.120709 -0.044349 0.026154
v -0.123001 0.007010 0.005900
v -0.123004 0.007007 0.034768
v -0.121422 0.006323 0.005772
v -0.121468 0.006302 0.034819
v -0.119864 0.005603 0.005685
v -0.119905 0.005574 0.034827
v -0.118376 0.004893 0.005638
v -0.118350 0.004859 0.034814
v -0.116756 0.004167 0.005645
v -0.116711 0.004179 0.034680
v -0.115238 0.003473 0.005693
v -0.115249 0.003412 0.034553
v -0.113710 0.002740 0.005776
v -0.113704 0.002737 0.034397
v -0.111552 0.002021 0.005909
v -0.111538 0.002026 0.034216
v -0.107188 0.001307 0.006018
v -0.107197 0.001294 0.034000
v -0.102778 0.000581 0.006203
v -0.102930 0.000620 0.033735
v -0.098327 -0.000132 0.006423
v -0.098358 -0.000218 0.033365
v -0.094138 -0.000837 0.006683
v -0.094136 -0.000882 0.033033
v -0.089892 -0.001119 0.006859
v -0.089624 -0.001974 0.007102
v -0.089810 -0.001579 0.032651
v -0.085528 -0.002289 0.007345
v -0.085174 -0.002973 0.031894
v -0.085346 -0.002101 0.032338
v -0.081206 -0.002990 0.007753
v -0.081268 -0.003128 0.031702
v -0.081371 -0.002236 0.032189
v -0.076676 -0.003774 0.008238
v -0.076708 -0.003694 0.031246
v -0.072272 -0.004499 0.008754
v -0.072211 -0.004439 0.030536
v -0.068060 -0.004975 0.009205
v -0.067512 -0.005907 0.010359
v -0.067377 -0.006025 0.028675
v -0.068092 -0.005112 0.029833
v -0.063753 -0.005371 0.009683
v -0.063670 -0.006198 0.010864
v -0.063517 -0.006266 0.028227
v -0.063499 -0.005416 0.029453
v -0.060522 -0.005634 0.010042
v -0.059436 -0.006622 0.011683
v -0.058783 -0.007478 0.013664
v -0.058622 -0.007500 0.025446
v -0.059366 -0.006703 0.027364
v -0.060285 -0.005654 0.029136
v -0.054745 -0.006901 0.012205
v -0.055197 -0.007703 0.014565
v -0.054475 -0.008148 0.017794
v -0.054217 -0.008208 0.021253
v -0.055179 -0.007787 0.024406
v -0.054924 -0.006986 0.026866
v -0.051192 -0.007185 0.012831
v -0.050464 -0.007781 0.014911
v -0.050880 -0.008180 0.018060
v -0.050645 -0.008224 0.021169
v -0.050410 -0.007840 0.024241
v -0.050701 -0.007255 0.026304
v -0.046512 -0.007961 0.015684
v -0.045949 -0.008206 0.017917
v -0.045937 -0.008257 0.021064
v -0.046163 -0.008008 0.023511
v 0.101677 -0.036405 0.018487
v 0.102730 -0.037576 0.012040
v 0.101989 -0.037363 0.014797
v 0.101702 -0.037239 0.017878
v 0.101965 -0.037314 0.021193
v 0.102457 -0.037526 0.024160
v 0.102853 -0.037404 0.026550
v 0.104502 -0.038099 0.006570
v 0.103769 -0.038176 0.008367
v 0.102957 -0.038299 0.010876
v 0.102660 -0.038539 0.025708
v 0.103253 -0.038083 0.027749
v 0.104011 -0.038188 0.029949
v 0.106213 -0.038596 0.003644
v 0.105253 -0.038866 0.005079
v 0.104730 -0.038771 0.031378
v 0.105574 -0.038944 0.032949
v 0.106826 -0.039558 0.002772
v 0.105857 -0.039893 0.004032
v 0.106661 -0.039578 0.034409
v 0.107607 -0.039497 0.035417
v 0.109317 -0.040107 0.000659
v 0.108334 -0.040274 0.001284
v 0.108368 -0.040285 0.036050
v 0.109969 -0.040961 0.000359
v 0.109059 -0.041270 0.000735
v 0.109933 -0.041021 0.036892
v 0.111447 -0.041705 0.000021
v 0.111478 -0.041663 0.037206
v 0.112981 -0.042374 0.000201
v 0.113387 -0.043263 0.000843
v 0.113063 -0.042432 0.036910
v 0.114047 -0.042497 0.000602
v 0.114593 -0.043270 0.001627
v 0.114903 -0.044197 0.004817
v 0.114639 -0.043130 0.036156
v 0.116108 -0.043585 0.002952
v 0.116008 -0.044268 0.005253
v 0.116035 -0.044440 0.008680
v 0.116140 -0.044522 0.011409
v 0.116331 -0.044672 0.014838
v 0.116321 -0.044721 0.017874
v 0.116336 -0.044797 0.021073
v 0.116401 -0.044845 0.023992
v 0.116432 -0.044831 0.026542
v 0.116479 -0.044857 0.030545
v 0.116285 -0.044039 0.034288
v 0.115632 -0.043404 0.035410
v 0.117319 -0.043606 0.003718
v 0.117656 -0.044233 0.005677
v 0.117629 -0.044561 0.008605
v 0.117652 -0.044627 0.011655
v 0.117592 -0.044680 0.014824
v 0.117674 -0.044729 0.017973
v 0.117575 -0.044808 0.021017
v 0.117600 -0.044849 0.024365
v 0.117552 -0.044865 0.027219
v 0.117751 -0.044783 0.030713
v 0.117319 -0.044352 0.032781
v 0.118989 -0.044538 0.008746
v 0.119179 -0.044594 0.011646
v 0.119475 -0.044805 0.014777
v 0.119436 -0.044822 0.017926
v 0.119437 -0.044877 0.021149
v 0.119418 -0.045000 0.024169
v 0.119221 -0.044947 0.027227
v 0.118939 -0.044742 0.029729
v 0.120386 -0.044895 0.015914
v 0.120390 -0.044918 0.022629
v 0.120409 -0.044933 0.025251
v 0.120398 -0.044968 0.025984
v -0.123724 0.005448 0.005171
v -0.123486 0.005954 0.035108
v -0.123826 0.005149 0.035296
v -0.122075 0.004861 0.005181
v -0.121881 0.005164 0.035120
v -0.122394 0.004456 0.035283
v -0.120572 0.004078 0.005173
v -0.120410 0.004115 0.035124
v -0.121181 0.003676 0.035232
v -0.119074 0.003279 0.005259
v -0.119041 0.003291 0.034994
v -0.117521 0.002641 0.005333
v -0.117578 0.002611 0.034777
v -0.115936 0.001884 0.005445
v -0.115915 0.001909 0.034518
v -0.114421 0.001164 0.005597
v -0.114354 0.001183 0.034273
v -0.112914 0.000444 0.005815
v -0.112810 0.000409 0.033966
v -0.109078 -0.000299 0.006075
v -0.109062 -0.000211 0.033644
v -0.104793 -0.000981 0.006359
v -0.104864 -0.000961 0.033274
v -0.100480 -0.001652 0.006697
v -0.100053 -0.002552 0.007012
v -0.100667 -0.001669 0.032858
v -0.096306 -0.001787 0.006864
v -0.096013 -0.002565 0.007130
v -0.095629 -0.003084 0.031927
v -0.095971 -0.002242 0.032444
v -0.091861 -0.003151 0.007521
v -0.091702 -0.003369 0.031708
v -0.091743 -0.002544 0.032230
v -0.087352 -0.003864 0.008037
v -0.087780 -0.003810 0.031325
v -0.082936 -0.004540 0.008607
v -0.083004 -0.004640 0.030575
v -0.078603 -0.005164 0.009239
v -0.078360 -0.005997 0.010380
v -0.078413 -0.006081 0.028666
v -0.078709 -0.005251 0.029812
v -0.074252 -0.005446 0.009597
v -0.074700 -0.006284 0.010897
v -0.074798 -0.006353 0.028113
v -0.074204 -0.005526 0.029373
v -0.069962 -0.006652 0.011698
v -0.069347 -0.007537 0.014005
v -0.069718 -0.007545 0.025359
v -0.070084 -0.006712 0.027422
v -0.070426 -0.005739 0.029055
v -0.065553 -0.006979 0.012333
v -0.065921 -0.007711 0.014803
v -0.065472 -0.008111 0.017808
v -0.065301 -0.008174 0.021096
v -0.065922 -0.007760 0.024360
v -0.065540 -0.007024 0.026752
v -0.062092 -0.007243 0.012959
v -0.061176 -0.007737 0.014845
v -0.061181 -0.008144 0.018002
v -0.060884 -0.008178 0.021080
v -0.060916 -0.007778 0.024275
v -0.061708 -0.007263 0.026128
v -0.057519 -0.007919 0.015653
v -0.057122 -0.008160 0.018147
v -0.056862 -0.008195 0.021140
v -0.057295 -0.008004 0.023199
v 0.102477 -0.038646 0.012711
v 0.101862 -0.039041 0.014745
v 0.101684 -0.039123 0.017905
v 0.101899 -0.039078 0.021024
v 0.102262 -0.038849 0.023720
v 0.103303 -0.039784 0.008783
v 0.102601 -0.039598 0.011523
v 0.102086 -0.039819 0.013535
v 0.102035 -0.039998 0.022365
v 0.102448 -0.039600 0.024840
v 0.103081 -0.039752 0.027496
v 0.103720 -0.039521 0.029402
v 0.104716 -0.040351 0.005768
v 0.103888 -0.040391 0.007432
v 0.103494 -0.040748 0.028826
v 0.104341 -0.040360 0.030736
v 0.105236 -0.040337 0.032519
v 0.106416 -0.041171 0.003064
v 0.105582 -0.041059 0.004260
v 0.106123 -0.041024 0.033781
v 0.107671 -0.041802 0.001864
v 0.107183 -0.041812 0.034936
v 0.107948 -0.041759 0.035618
v 0.109712 -0.042255 0.000524
v 0.109000 -0.042654 0.001140
v 0.109196 -0.042573 0.036349
v 0.110926 -0.042839 0.000389
v 0.110600 -0.043647 0.001883
v 0.110760 -0.044049 0.005387
v 0.111016 -0.044224 0.008448
v 0.111099 -0.044335 0.011061
v 0.111166 -0.044340 0.013388
v 0.110761 -0.043293 0.036541
v 0.112317 -0.043257 0.000499
v 0.112337 -0.043896 0.002101
v 0.112197 -0.044181 0.005397
v 0.112212 -0.044330 0.008656
v 0.112124 -0.044418 0.011706
v 0.112200 -0.044501 0.014752
v 0.112164 -0.044573 0.017853
v 0.112293 -0.044614 0.021087
v 0.112266 -0.044631 0.024276
v 0.112244 -0.044637 0.027172
v 0.112315 -0.044669 0.030704
v 0.112185 -0.044541 0.033717
v 0.112232 -0.043864 0.036220
v 0.113749 -0.044024 0.003013
v 0.114031 -0.044250 0.005472
v 0.114009 -0.044391 0.008516
v 0.113940 -0.044490 0.011639
v 0.113882 -0.044573 0.014772
v 0.113910 -0.044649 0.018006
v 0.113938 -0.044716 0.021089
v 0.113922 -0.044746 0.024204
v 0.113846 -0.044754 0.027488
v 0.113894 -0.044757 0.030420
v 0.113953 -0.044612 0.033735
v 0.113750 -0.044154 0.035786
v 0.115125 -0.044341 0.006807
v 0.115109 -0.044427 0.008935
v 0.115181 -0.044526 0.011509
v 0.115347 -0.044649 0.014808
v 0.115388 -0.044677 0.018014
v 0.115395 -0.044745 0.021173
v 0.115510 -0.044810 0.024337
v 0.115435 -0.044825 0.027324
v 0.115491 -0.044846 0.030494
v 0.115435 -0.044783 0.033284
v -0.124402 0.003950 0.004715
v -0.122835 0.003204 0.004763
v -0.122863 0.003183 0.035351
v -0.121361 0.002451 0.004830
v -0.121120 0.002223 0.035107
v -0.121566 0.002875 0.035250
v -0.119734 0.001810 0.004999
v -0.119788 0.001764 0.034875
v -0.118183 0.001015 0.005178
v -0.118194 0.001073 0.034590
v -0.116621 0.000361 0.005393
v -0.116646 0.000331 0.034245
v -0.115158 -0.000426 0.005680
v -0.115151 -0.000426 0.033875
v -0.113559 -0.001094 0.006002
v -0.113628 -0.001093 0.033486
v -0.111167 -0.001782 0.006380
v -0.111100 -0.001804 0.033026
v -0.106835 -0.002342 0.006727
v -0.106367 -0.003184 0.007082
v -0.106014 -0.003417 0.031973
v -0.107128 -0.002387 0.032634
v -0.103265 -0.002463 0.006885
v -0.102481 -0.003349 0.007307
v -0.102542 -0.003635 0.031730
v -0.102346 -0.002724 0.032342
v -0.098296 -0.003950 0.007789
v -0.098259 -0.003934 0.031371
v -0.098878 -0.002968 0.032085
v -0.093682 -0.004717 0.008537
v -0.093781 -0.004732 0.030573
v -0.089431 -0.005234 0.009143
v -0.089370 -0.006139 0.010396
v -0.088982 -0.006149 0.028695
v -0.089494 -0.005333 0.029852
v -0.084967 -0.005600 0.009625
v -0.085140 -0.006401 0.010964
v -0.085336 -0.006512 0.027958
v -0.084916 -0.005643 0.029443
v -0.081425 -0.005812 0.010026
v -0.080837 -0.006759 0.011772
v -0.080307 -0.007600 0.014163
v -0.080266 -0.007632 0.024871
v -0.080823 -0.006791 0.027322
v -0.081608 -0.005825 0.029171
v -0.076266 -0.007063 0.012454
v -0.076541 -0.007735 0.014873
v -0.076797 -0.008103 0.017825
v -0.076590 -0.008124 0.021184
v -0.076543 -0.007754 0.024286
v -0.076317 -0.007074 0.026638
v -0.072791 -0.007269 0.013039
v -0.071684 -0.007739 0.014948
v -0.071884 -0.008102 0.017889
v -0.071604 -0.008146 0.021087
v -0.071695 -0.007780 0.024212
v -0.072690 -0.007286 0.026106
v -0.067946 -0.008123 0.018056
v -0.067781 -0.008170 0.021162
v -0.068466 -0.007990 0.023159
v 0.101697 -0.040276 0.015731
v 0.101621 -0.040414 0.017980
v 0.101686 -0.040263 0.020144
v 0.102911 -0.041348 0.009557
v 0.102251 -0.041265 0.011638
v 0.101670 -0.041148 0.014560
v 0.101460 -0.041285 0.017889
v 0.101786 -0.041073 0.021429
v 0.102235 -0.041180 0.024194
v 0.102841 -0.041205 0.026939
v 0.104433 -0.041957 0.006393
v 0.103553 -0.041972 0.008280
v 0.103227 -0.041971 0.027961
v 0.104044 -0.042006 0.030238
v 0.106223 -0.042382 0.003535
v 0.105245 -0.042604 0.005098
v 0.104716 -0.042773 0.031745
v 0.105567 -0.042719 0.032860
v 0.107182 -0.043056 0.002911
v 0.106773 -0.043706 0.005441
v 0.106869 -0.043841 0.008440
v 0.106823 -0.043976 0.011651
v 0.106894 -0.044055 0.014655
v 0.106983 -0.044098 0.017830
v 0.106994 -0.044132 0.021200
v 0.107073 -0.044189 0.024108
v 0.107093 -0.044195 0.027242
v 0.106859 -0.044128 0.030771
v 0.106912 -0.043509 0.033612
v 0.107899 -0.043154 0.035341
v 0.108625 -0.043660 0.002776
v 0.108570 -0.043909 0.005378
v 0.108532 -0.043996 0.008429
v 0.108424 -0.044108 0.011688
v 0.108487 -0.044179 0.014777
v 0.108480 -0.044210 0.018022
v 0.108413 -0.044264 0.021081
v 0.108361 -0.044300 0.024144
v 0.108440 -0.044317 0.027263
v 0.108387 -0.044328 0.030516
v 0.108509 -0.044092 0.033663
v 0.108794 -0.043577 0.035578
v 0.109952 -0.043968 0.002957
v 0.109953 -0.043994 0.005665
v 0.110119 -0.044152 0.008373
v 0.110238 -0.044276 0.011715
v 0.110232 -0.044385 0.014953
v 0.110161 -0.044435 0.018054
v 0.110163 -0.044425 0.021045
v 0.110244 -0.044436 0.024371
v 0.110291 -0.044507 0.027409
v 0.110161 -0.044455 0.030456
v 0.110179 -0.044400 0.033681
v 0.110106 -0.044076 0.035501
v 0.111247 -0.044455 0.015737
v 0.111272 -0.044483 0.018526
v 0.111363 -0.044536 0.021124
v 0.111318 -0.044552 0.024251
v 0.111341 -0.044593 0.027263
v 0.111384 -0.044592 0.030262
v 0.111281 -0.044486 0.033461
v -0.123624 0.001645 0.004549
v -0.123451 0.001231 0.035098
v -0.123649 0.002000 0.035288
v -0.122020 0.000909 0.004747
v -0.122035 0.000955 0.034891
v -0.120498 0.000255 0.004988
v -0.120521 0.000219 0.034528
v -0.118931 -0.000514 0.005295
v -0.118973 -0.000475 0.034175
v -0.117387 -0.001241 0.005636
v -0.117357 -0.001227 0.033717
v -0.115810 -0.001920 0.006033
v -0.115859 -0.001906 0.033231
v -0.114308 -0.002677 0.006495
v -0.113987 -0.003700 0.007046
v -0.114247 -0.002621 0.032688
v -0.112761 -0.002932 0.006754
v -0.112693 -0.003753 0.007191
v -0.112626 -0.003839 0.031771
v -0.112810 -0.003023 0.032360
v -0.109863 -0.003132 0.006945
v -0.108846 -0.004115 0.007548
v -0.108787 -0.004150 0.031404
v -0.110032 -0.003295 0.032138
v -0.104492 -0.004820 0.008352
v -0.104625 -0.004758 0.030742
v -0.100228 -0.005465 0.009210
v -0.099820 -0.006288 0.010473
v -0.099536 -0.006311 0.028532
v -0.100323 -0.005411 0.029902
v -0.095654 -0.005716 0.009604
v -0.095766 -0.006562 0.011088
v -0.096103 -0.006614 0.027805
v -0.095890 -0.005759 0.029365
v -0.092281 -0.005912 0.009956
v -0.091475 -0.006818 0.011779
v -0.091296 -0.007662 0.014421
v -0.091395 -0.007639 0.024876
v -0.091413 -0.006851 0.027216
v -0.092265 -0.005970 0.029042
v -0.086785 -0.007131 0.012530
v -0.087019 -0.007725 0.014825
v -0.087505 -0.008110 0.018069
v -0.087543 -0.008140 0.021155
v -0.087279 -0.007765 0.024299
v -0.087118 -0.007099 0.026639
v -0.083946 -0.007289 0.012932
v -0.082556 -0.007771 0.015059
v -0.082414 -0.008115 0.018048
v -0.082574 -0.008128 0.021144
v -0.082427 -0.007793 0.024028
v -0.083572 -0.007339 0.025978
v -0.079048 -0.008121 0.018172
v -0.079074 -0.008148 0.020867
v 0.102255 -0.042567 0.012166
v 0.101805 -0.042529 0.014874
v 0.101706 -0.042672 0.017868
v 0.101909 -0.042528 0.020993
v 0.102368 -0.042561 0.023787
v 0.102688 -0.042388 0.025844
v 0.103569 -0.043201 0.009043
v 0.103113 -0.043329 0.011512
v 0.103146 -0.043524 0.014660
v 0.103111 -0.043642 0.017944
v 0.103130 -0.043540 0.021000
v 0.103178 -0.043413 0.024279
v 0.103353 -0.043250 0.027231
v 0.103890 -0.043195 0.029475
v 0.105145 -0.043649 0.006299
v 0.104913 -0.043712 0.008484
v 0.104731 -0.043803 0.011602
v 0.104852 -0.043858 0.014996
v 0.104828 -0.043907 0.017993
v 0.104765 -0.043941 0.021104
v 0.104774 -0.043959 0.024333
v 0.104860 -0.043906 0.027477
v 0.104928 -0.043722 0.030454
v 0.105361 -0.043641 0.032139
v 0.105839 -0.043836 0.005928
v 0.105869 -0.043847 0.008404
v 0.105907 -0.043912 0.012275
v 0.105994 -0.043984 0.014831
v 0.106074 -0.044027 0.017731
v 0.106027 -0.044089 0.021365
v 0.106157 -0.044153 0.024326
v 0.106152 -0.044140 0.027291
v 0.106044 -0.044019 0.030121
v -0.124369 0.000135 0.004597
v -0.124300 0.000126 0.034790
v -0.122714 -0.000633 0.004904
v -0.122690 -0.000606 0.034390
v -0.121222 -0.001330 0.005263
v -0.121219 -0.001322 0.033960
v -0.119666 -0.002075 0.005698
v -0.119612 -0.002083 0.033461
v -0.118066 -0.002808 0.006183
v -0.118079 -0.002740 0.032922
v -0.116611 -0.003346 0.006612
v -0.116342 -0.004167 0.007152
v -0.116560 -0.004100 0.031776
v -0.116602 -0.003247 0.032434
v -0.115134 -0.003496 0.006826
v -0.114896 -0.004383 0.007484
v -0.114994 -0.004296 0.031469
v -0.115275 -0.003451 0.032210
v -0.113436 -0.004872 0.008080
v -0.113377 -0.004882 0.030776
v -0.110914 -0.005540 0.009006
v -0.110376 -0.006427 0.010441
v -0.110958 -0.006350 0.028607
v -0.111004 -0.005535 0.029897
v -0.106381 -0.005871 0.009610
v -0.106488 -0.006684 0.011137
v -0.106720 -0.006731 0.027669
v -0.106467 -0.005839 0.029409
v -0.102303 -0.006897 0.011758
v -0.102275 -0.007701 0.014468
v -0.101306 -0.008081 0.017076
v -0.101414 -0.008117 0.021706
v -0.102193 -0.007712 0.024589
v -0.102461 -0.006896 0.027225
v -0.103218 -0.006014 0.029100
v -0.097549 -0.007192 0.012500
v -0.097655 -0.007747 0.014776
v -0.098309 -0.008115 0.017928
v -0.098056 -0.008139 0.021020
v -0.097827 -0.007736 0.024354
v -0.097868 -0.007174 0.026416
v -0.093593 -0.007810 0.015163
v -0.092877 -0.008120 0.018071
v -0.092726 -0.008137 0.021112
v -0.093584 -0.007842 0.023816
v -0.090190 -0.008133 0.018154
v -0.090045 -0.008161 0.020523
v -0.123459 -0.002156 0.005354
v -0.123458 -0.002235 0.033619
v -0.121931 -0.002880 0.005835
v -0.121877 -0.002848 0.033121
v -0.120380 -0.003502 0.006341
v -0.120114 -0.004496 0.007091
v -0.120341 -0.004304 0.031838
v -0.120411 -0.003439 0.032620
v -0.118845 -0.003855 0.006695
v -0.118846 -0.004654 0.007344
v -0.118759 -0.004548 0.031511
v -0.118777 -0.003691 0.032327
v -0.117676 -0.003992 0.006884
v -0.117326 -0.004986 0.007870
v -0.117214 -0.005020 0.030868
v -0.115766 -0.005663 0.008936
v -0.115585 -0.006564 0.010443
v -0.115648 -0.006465 0.028442
v -0.115706 -0.005599 0.029955
v -0.114102 -0.006035 0.009594
v -0.114117 -0.006820 0.011169
v -0.113811 -0.007559 0.013429
v -0.113802 -0.007471 0.025706
v -0.114180 -0.006774 0.027663
v -0.114029 -0.005894 0.029459
v -0.112796 -0.006259 0.010009
v -0.112604 -0.007025 0.011797
v -0.112617 -0.007761 0.014666
v -0.112103 -0.008102 0.017553
v -0.112390 -0.008105 0.021337
v -0.112644 -0.007708 0.024526
v -0.112586 -0.006976 0.027095
v -0.113006 -0.006193 0.028949
v -0.108576 -0.007235 0.012503
v -0.108302 -0.007758 0.014785
v -0.108538 -0.008134 0.018149
v -0.109218 -0.008130 0.021152
v -0.108122 -0.007743 0.024392
v -0.108554 -0.007240 0.026365
v -0.104436 -0.007889 0.015523
v -0.103629 -0.008127 0.017984
v -0.103932 -0.008135 0.021135
v -0.104713 -0.007851 0.023911
v -0.124221 -0.003723 0.006175
v -0.123802 -0.004816 0.007105
v -0.124046 -0.004433 0.031869
v -0.124258 -0.003556 0.032705
v -0.122623 -0.004116 0.006569
v -0.122607 -0.004926 0.007326
v -0.122545 -0.004744 0.031454
v -0.122636 -0.003846 0.032390
v -0.121265 -0.004322 0.006855
v -0.121044 -0.005198 0.007839
v -0.121016 -0.005224 0.030790
v -0.119598 -0.005783 0.008766
v -0.119451 -0.006692 0.010391
v -0.119383 -0.006616 0.028425
v -0.119575 -0.005794 0.029966
v -0.118023 -0.006191 0.009519
v -0.117978 -0.006988 0.011317
v -0.117731 -0.007621 0.013444
v -0.117728 -0.007588 0.025714
v -0.118001 -0.006916 0.027627
v -0.117964 -0.006017 0.029543
v -0.116728 -0.006385 0.009972
v -0.116362 -0.007107 0.011766
v -0.116439 -0.007823 0.014637
v -0.116283 -0.008151 0.017721
v -0.116308 -0.008163 0.021406
v -0.116498 -0.007780 0.024553
v -0.116373 -0.007032 0.027137
v -0.114981 -0.007333 0.012507
v -0.114768 -0.007837 0.014840
v -0.114884 -0.008165 0.018033
v -0.114856 -0.008163 0.021070
v -0.114824 -0.007735 0.024576
v -0.114954 -0.007268 0.026373
v -0.113457 -0.007943 0.015598
v -0.113333 -0.008147 0.017961
v -0.113412 -0.008125 0.021125
v -0.113508 -0.007899 0.023517
v -0.124847 -0.005463 0.007933
v -0.123423 -0.005861 0.008608
v -0.123201 -0.006772 0.010348
v -0.123371 -0.006695 0.028333
v -0.123350 -0.005928 0.029873
v -0.121704 -0.006308 0.009465
v -0.121824 -0.007071 0.011213
v -0.121417 -0.007727 0.013588
v -0.121506 -0.007649 0.025443
v -0.121864 -0.006948 0.027601
v -0.121800 -0.006154 0.029443
v -0.120404 -0.006506 0.009874
v -0.120222 -0.007221 0.011778
v -0.120260 -0.007902 0.014761
v -0.120130 -0.008216 0.017801
v -0.120112 -0.008214 0.021140
v -0.120293 -0.007833 0.024494
v -0.120163 -0.007126 0.027113
v -0.120664 -0.006377 0.029007
v -0.118775 -0.007406 0.012480
v -0.118649 -0.007891 0.014886
v -0.118785 -0.008205 0.017991
v -0.118819 -0.008193 0.021192
v -0.118511 -0.007864 0.024283
v -0.118739 -0.007403 0.026367
v -0.117419 -0.007984 0.015589
v -0.117169 -0.008184 0.018069
v -0.117158 -0.008180 0.021027
v -0.117419 -0.007962 0.023675
v -0.124481 -0.006588 0.009870
v -0.124007 -0.007238 0.011634
v -0.124199 -0.007940 0.014733
v -0.124087 -0.008238 0.017762
v -0.124206 -0.008216 0.021406
v -0.124156 -0.007870 0.024359
v -0.124059 -0.007175 0.027045
v -0.122600 -0.007507 0.012502
v -0.122461 -0.007965 0.014938
v -0.122444 -0.008244 0.017899
v -0.122475 -0.008231 0.021103
v -0.122501 -0.007899 0.024195
v -0.122613 -0.007469 0.026203
v -0.121206 -0.008047 0.015673
v -0.121060 -0.008233 0.018035
v -0.120955 -0.008238 0.020772
v -0.121231 -0.008046 0.023185
v -0.124935 -0.008256 0.018302
v -0.124999 -0.008232 0.021012
v -0.123957 0.013225 0.014970
v -0.123958 0.013214 0.014878
v -0.123968 0.013002 0.014099
v -0.123958 0.013214 0.014878
v -0.123938 0.013620 0.018075
v -0.123938 0.013611 0.017816
v -0.123957 0.013225 0.014970
v -0.123938 0.013611 0.017816
v -0.123939 0.013590 0.024164
v -0.123938 0.013610 0.023777
v -0.123938 0.013620 0.018075
v -0.123931 0.013753 0.021144
v -0.123931 0.013753 0.021144
v -0.123938 0.013610 0.023777
v -0.123939 0.013590 0.024164
v -0.123961 0.013154 0.026506
v -0.123968 0.013002 0.014099
v -0.123988 0.012586 0.012555
v -0.123991 0.012532 0.012381
v -0.123988 0.012586 0.012555
v -0.123991 0.012532 0.012381
v -0.123994 0.012463 0.012214
v -0.124022 0.011879 0.010732
v -0.123994 0.012463 0.012214
v -0.123961 0.013154 0.026506
v -0.123969 0.012970 0.027496
v -0.123995 0.012441 0.029139
v -0.123969 0.012970 0.027496
v -0.123995 0.012441 0.029139
v -0.123997 0.012405 0.029235
v -0.123997 0.012405 0.029235
v -0.124028 0.011766 0.030641
v -0.124028 0.011766 0.030641
v -0.124039 0.011532 0.031110
v -0.124022 0.011879 0.010732
v -0.124047 0.011379 0.009802
v -0.124064 0.011015 0.009219
v -0.124047 0.011379 0.009802
v -0.124064 0.011015 0.009219
v -0.124101 0.010262 0.008301
v -0.124128 0.009708 0.007594
v -0.124101 0.010262 0.008301
v -0.124080 0.010699 0.032407
v -0.124058 0.011154 0.031639
v -0.124039 0.011532 0.031110
v -0.124058 0.011154 0.031639
v -0.124080 0.010699 0.032407
v -0.124101 0.010261 0.032864
v -0.124101 0.010261 0.032864
v -0.124142 0.009407 0.033623
v -0.124128 0.009708 0.007594
v -0.124140 0.009451 0.007343
v -0.124172 0.008794 0.006782
v -0.124140 0.009451 0.007343
v -0.124172 0.008794 0.006782
v -0.124196 0.008310 0.006481
v -0.124142 0.009407 0.033623
v -0.124157 0.009118 0.033840
v -0.124220 0.007813 0.006180
v -0.124196 0.008310 0.006481
v -0.124157 0.009118 0.033840
v -0.124188 0.008467 0.034203
v -0.124188 0.008467 0.034203
v -0.124231 0.007586 0.034676
v -0.124220 0.007813 0.006180
v -0.124230 0.007612 0.006069
v -0.124230 0.007612 0.006069
v -0.124282 0.006536 0.005541
v -0.124231 0.007586 0.034676
v -0.124248 0.007235 0.034781
v -0.124295 0.006270 0.035092
v -0.124248 0.007235 0.034781
v -0.124282 0.006536 0.005541
v -0.124321 0.005740 0.005213
v -0.124321 0.005740 0.005213
v -0.124407 0.003963 0.004718
v -0.124407 0.003952 0.004715
v -0.124407 0.003963 0.004718
v -0.124340 0.005341 0.035305
v -0.124323 0.005699 0.035213
v -0.124295 0.006270 0.035092
v -0.124323 0.005699 0.035213
v -0.124340 0.005341 0.035305
v -0.124403 0.004043 0.035449
v -0.124409 0.003923 0.035463
v -0.124403 0.004043 0.035449
v -0.124409 0.003923 0.035463
v -0.124411 0.003877 0.035464
v -0.124407 0.003952 0.004715
v -0.124408 0.003937 0.004712
v -0.124408 0.003937 0.004712
v -0.124499 0.002070 0.004491
v -0.124411 0.003877 0.035464
v -0.124416 0.003770 0.035456
v -0.124491 0.002233 0.035375
v -0.124416 0.003770 0.035456
v -0.124499 0.002070 0.004491
v -0.124536 0.001312 0.004480
v -0.124503 0.001972 0.035315
v -0.124491 0.002233 0.035375
v -0.124503 0.001972 0.035315
v -0.124558 0.000844 0.034995
v -0.124590 0.000197 0.034825
v -0.124558 0.000844 0.034995
v -0.124536 0.001312 0.004480
v -0.124588 0.000235 0.004565
v -0.124588 0.000235 0.004565
v -0.124623 -0.000491 0.004733
v -0.124590 0.000197 0.034825
v -0.124629 -0.000611 0.034478
v -0.124623 -0.000491 0.004733
v -0.124677 -0.001600 0.005030
v -0.124629 -0.000611 0.034478
v -0.124679 -0.001632 0.034008
v -0.124677 -0.001600 0.005030
v -0.124711 -0.002309 0.005409
v -0.124768 -0.003471 0.005968
v -0.124711 -0.002309 0.005409
v -0.124679 -0.001632 0.034008
v -0.124711 -0.002300 0.033552
v -0.124763 -0.003381 0.032869
v -0.124711 -0.002300 0.033552
v -0.124768 -0.003471 0.005968
v -0.124787 -0.003865 0.006252
v -0.124763 -0.003381 0.032869
v -0.124777 -0.003658 0.032631
v -0.124787 -0.003865 0.006252
v -0.124807 -0.004289 0.006590
v -0.124807 -0.004289 0.006590
v -0.124861 -0.005400 0.007854
v -0.124854 -0.005257 0.030892
v -0.124857 -0.005302 0.030846
v -0.124858 -0.005320 0.030824
v -0.124857 -0.005302 0.030846
v -0.124777 -0.003658 0.032631
v -0.124793 -0.004000 0.032353
v -0.124854 -0.005257 0.030892
v -0.124793 -0.004000 0.032353
v -0.124858 -0.005320 0.030824
v -0.124858 -0.005334 0.030806
v -0.124861 -0.005400 0.007854
v -0.124864 -0.005459 0.007926
v -0.124864 -0.005459 0.007926
v -0.124865 -0.005482 0.007962
v -0.124865 -0.005482 0.007962
v -0.124914 -0.006477 0.009629
v -0.124859 -0.005344 0.030785
v -0.124858 -0.005334 0.030806
v -0.124859 -0.005344 0.030785
v -0.124910 -0.006391 0.029085
v -0.124910 -0.006391 0.029085
v -0.124922 -0.006645 0.028415
v -0.124931 -0.006825 0.010505
v -0.124914 -0.006477 0.009629
v -0.124979 -0.007828 0.014035
v -0.124967 -0.007582 0.013142
v -0.124931 -0.006825 0.010505
v -0.124951 -0.007237 0.011619
v -0.124951 -0.007237 0.011619
v -0.124967 -0.007582 0.013142
v -0.124979 -0.007828 0.014035
v -0.124991 -0.008061 0.015519
v -0.124960 -0.007428 0.025984
v -0.124976 -0.007769 0.024885
v -0.124976 -0.007769 0.024885
v -0.124982 -0.007884 0.024231
v -0.124922 -0.006645 0.028415
v -0.124944 -0.007096 0.027269
v -0.124960 -0.007428 0.025984
v -0.124944 -0.007096 0.027269
v -0.124993 -0.008101 0.015914
v -0.124991 -0.008061 0.015519
v -0.124993 -0.008101 0.015914
v -0.124997 -0.008197 0.017421
v -0.124982 -0.007884 0.024231
v -0.124988 -0.008009 0.023495
v -0.124999 -0.008232 0.021012
v -0.124988 -0.008009 0.023495
v -0.125000 -0.008254 0.018427
v -0.125000 -0.008254 0.018282
v -0.124997 -0.008197 0.017421
v -0.125000 -0.008254 0.018282
v -0.124999 -0.008232 0.021012
v -0.124999 -0.008232 0.021012
v -0.125000 -0.008254 0.018427
v -0.124999 -0.008232 0.021012
v -0.124999 -0.008232 0.021012
v -0.124999 -0.008232 0.021012
v -0.124473 0.002600 0.019822
vt 0.500000 0.500000
vn 0.836171 -0.427247 -0.343915
vn 0.976564 -0.214222 0.020786
vn -0.878341 0.474184 -0.060559
vn 0.878712 0.364685 -0.308011
vn -0.617301 -0.059993 -0.784436
vn 0.924842 0.379980 0.016815
vn -0.959589 -0.280827 -0.018021
vn 0.394386 0.918284 0.034860
vn 0.376314 -0.897308 -0.230706
vn -0.085820 0.636061 0.766851
vn 0.950012 -0.312201 -0.002828
vn -0.271313 0.959940 0.070026
vn 0.601516 0.798824 -0.007683
vn 0.706501 0.702282 -0.087502
vn -0.866952 0.455013 0.203366
vn -0.191203 -0.862026 -0.469418
vn 0.479827 0.876357 -0.042013
vn -0.420038 -0.907363 -0.016133
vn 0.453126 0.890473 0.041646
vn -0.351235 -0.912667 -0.208982
vn 0.973749 0.038800 0.224295
vn -0.001996 -0.764572 -0.644536
vn 0.819116 0.516055 -0.250471
vn -0.539546 -0.841707 -0.020486
vn 0.549466 0.835516 0.000365
vn -0.556122 -0.831035 0.010464
vn 0.081149 0.774231 -0.627679
vn 0.919008 -0.195136 0.342559
vn -0.332242 -0.773849 0.539234
vn 0.565730 0.822663 -0.056348
vn 0.944672 0.327824 0.011227
vn -0.749542 -0.657665 -0.075253
vn -0.404254 -0.912074 -0.068557
vn 0.900627 -0.079056 -0.427341
vn 0.594897 0.680576 -0.427685
vn 0.101383 -0.994846 0.001555
vn 0.553045 0.832886 0.021013
vn -0.561885 -0.826842 -0.024853
vn -0.096076 0.764568 0.637342
vn -0.663659 -0.280461 -0.693468
vn 0.847533 0.530146 -0.025180
vn -0.650252 -0.740729 0.168795
vn -0.564885 -0.824098 -0.042035
vn 0.649777 0.758773 -0.045315
vn 0.933235 0.146033 -0.328248
vn 0.639352 0.766046 0.066348
vn 0.637023 0.769098 0.051862
vn -0.589220 -0.807783 -0.017495
vn -0.744217 0.199741 0.637373
vn 0.610808 -0.783927 0.111229
vn 0.024143 0.999673 0.008405
vn 0.219717 -0.972153 0.081509
vn -0.196053 0.978382 -0.065822
vn 0.121285 -0.968827 -0.216019
vn 0.058401 0.998254 0.008878
vn 0.611840 0.748273 -0.256395
vn -0.942815 0.332786 -0.018799
vn 0.280150 0.943496 0.177006
vn -0.245130 0.902799 0.353362
vn -0.006583 -0.179714 -0.983697
vn -0.253843 0.690792 0.677030
vn -0.997659 0.067826 -0.008683
vn 0.937623 0.347639 -0.003196
vn -0.487946 0.788761 0.373850
vn 0.647252 0.757114 -0.088560
vn 0.544615 0.613727 0.571605
vn -0.833515 -0.420573 -0.358289
vn 0.878282 0.477961 -0.013165
vn -0.925672 0.077534 -0.370297
vn -0.991964 0.112841 -0.057220
vn -0.127308 0.747048 0.652465
vn -0.580999 -0.100204 0.807712
vn -0.012226 -0.976523 0.215067
vn -0.136915 0.842962 -0.520259
vn 0.339465 0.708282 0.618951
vn -0.162036 -0.038987 0.986014
vn -0.644112 -0.253692 -0.721638
vn -0.306077 -0.894422 -0.326078
vn 0.350113 0.502839 -0.790300
vn -0.055756 -0.793641 -0.605826
vn -0.780838 0.521732 -0.343639
vn -0.713349 0.252507 -0.653738
vn -0.505325 -0.859224 0.079882
vn 0.769413 0.605488 -0.203439
vn -0.600733 -0.799447 0.001813
vn 0.597590 0.801527 0.021009
vn -0.604682 -0.786654 -0.124639
vn 0.344237 0.904698 0.251042
vn 0.539112 -0.779175 0.319758
vn 0.583519 0.812099 -0.000342
vn -0.977239 -0.211049 0.021505
vn -0.609647 -0.792080 -0.030658
vn 0.803260 0.153282 -0.575568
vn -0.206209 -0.939444 -0.273721
vn -0.386992 -0.825094 -0.411652
vn 0.549744 0.829306 -0.100168
vn -0.585873 -0.810292 -0.013357
vn 0.598627 0.800383 0.032154
vn -0.593828 -0.799491 -0.090458
vn 0.336846 0.757643 -0.559028
vn -0.030145 -0.425705 -0.904360
vn 0.589787 0.795050 -0.141588
vn 0.621120 0.783658 0.009492
vn -0.591116 -0.806433 -0.015755
vn 0.562885 0.819291 0.109186
vn 0.178457 0.357284 -0.916789
vn -0.360252 -0.753664 -0.549736
vn 0.622304 0.779535 -0.071161
vn -0.601514 -0.798730 -0.014507
vn 0.613675 0.788859 0.033241
vn -0.595856 -0.801918 -0.043398
vn -0.333841 -0.201262 -0.920893
vn 0.333976 0.033415 -0.941989
vn -0.613040 -0.787829 -0.059226
vn 0.614516 0.788870 0.007338
vn -0.603856 -0.796898 -0.017635
vn 0.394820 0.804442 -0.443837
vn 0.395451 0.729705 -0.557808
vn -0.253652 -0.738391 -0.624851
vn 0.637387 0.766754 -0.076331
vn -0.237125 -0.969445 -0.062831
vn 0.612303 0.789224 0.047007
vn -0.621212 -0.783455 -0.017113
vn -0.228339 -0.100623 0.968368
vn 0.302239 -0.073179 0.950419
vn -0.623307 -0.781956 -0.005701
vn -0.625344 -0.779241 -0.041575
vn 0.619007 0.785297 0.011824
vn -0.645223 -0.762641 -0.045457
vn 0.140809 0.730724 -0.667993
vn 0.758560 0.392433 -0.520176
vn -0.573854 -0.818569 0.025227
vn 0.620321 0.784225 0.013897
vn 0.618336 0.747541 0.242575
vn -0.565822 -0.820205 -0.084321
vn 0.658492 0.064891 -0.749785
vn 0.787592 -0.204579 -0.581246
vn -0.530387 -0.841167 0.105484
vn 0.625100 0.780531 0.004671
vn 0.609894 0.792182 0.021859
vn -0.644074 -0.764321 -0.031324
vn -0.796660 -0.389787 -0.461951
vn 0.660138 0.671201 -0.337205
vn 0.352645 0.437365 -0.827256
vn 0.813664 0.580558 0.030063
vn -0.744117 -0.667949 0.011565
vn 0.553278 0.832297 -0.034120
vn -0.741743 -0.661325 0.111656
vn 0.722389 0.677564 0.138059
vn -0.775380 0.526952 -0.348005
vn 0.636229 0.749519 -0.182850
vn -0.490815 0.579910 -0.650234
vn -0.833160 -0.278861 0.477579
vn 0.605506 0.674541 0.422324
vn -0.669748 -0.742326 -0.019729
vn 0.640216 0.767378 -0.035417
vn 0.511189 0.857713 -0.054901
vn -0.938481 -0.041699 0.342804
vn 0.650917 0.741562 0.162460
vn 0.564607 0.769443 -0.298624
vn -0.646583 -0.760113 -0.064487
vn 0.674798 0.735789 -0.057123
vn -0.685199 -0.727494 -0.035425
vn 0.542825 -0.836399 0.076012
vn -0.653372 -0.756996 0.007913
vn 0.967199 0.242062 -0.077021
vn 0.722663 0.690771 -0.024372
vn -0.675509 -0.620380 0.398517
vn -0.979507 0.017634 0.200635
vn 0.854186 0.515124 -0.070799
vn -0.680426 -0.655923 -0.326781
vn 0.991930 0.117491 -0.047662
vn 0.777552 0.625544 -0.064086
vn -0.451280 -0.350494 0.820671
vn -0.169904 -0.697563 0.696088
vn -0.115320 -0.989394 0.088324
vn -0.675607 -0.737262 0.000281
vn 0.731895 0.632023 -0.254711
vn -0.484054 -0.776677 -0.403069
vn -0.727082 -0.165432 0.666321
vn 0.596794 0.376687 0.708480
vn 0.773305 0.608834 0.176979
vn -0.710868 -0.684637 -0.161055
vn 0.745280 0.662234 -0.077485
vn 0.340402 0.860943 -0.378026
vn 0.970297 -0.212553 0.115517
vn 0.590153 0.554918 -0.586332
vn -0.586965 -0.264351 0.765239
vn 0.534683 0.460164 0.708775
vn -0.646653 -0.555286 -0.522970
vn -0.969302 -0.019949 -0.245061
vn -0.044683 -0.963172 -0.265149
vn -0.203650 0.578141 0.790114
vn -0.189258 0.417713 0.888649
vn 0.287495 -0.590825 0.753838
vn 0.375320 0.700957 0.606460
vn -0.403017 -0.760485 0.509156
vn -0.675051 -0.562857 0.476969
vn 0.359881 0.929503 -0.080681
vn -0.148875 -0.985654 -0.079519
vn -0.656851 -0.750432 -0.073478
vn 0.607784 0.794019 0.011520
vn 0.973037 -0.212950 0.088603
vn -0.004762 -0.313087 -0.949713
vn 0.629864 -0.308112 -0.712978
vn 0.668651 0.661285 -0.340011
vn 0.678353 0.734675 0.009519
vn 0.615811 0.787476 0.025658
vn 0.584159 0.804980 0.103753
vn -0.727440 -0.187553 -0.660042
vn 0.715117 0.456709 -0.529174
vn -0.635362 -0.771028 0.042799
vn 0.627136 0.778824 0.011557
vn -0.627127 -0.778358 -0.029495
vn 0.632576 0.758433 0.156931
vn -0.467814 -0.548677 -0.692895
vn 0.013018 -0.401997 -0.915548
vn 0.620814 0.742653 -0.251110
vn -0.605266 -0.795810 -0.018414
vn 0.636000 0.771548 -0.014765
vn 0.637524 0.764852 0.092544
vn 0.109255 0.352328 -0.929477
vn 0.264630 0.165657 -0.950015
vn -0.628336 -0.777900 -0.008067
vn 0.639022 0.769108 0.011135
vn -0.623205 -0.781902 -0.015681
vn 0.635854 0.728543 0.254783
vn -0.478884 -0.596127 -0.644440
vn -0.555694 -0.524829 0.644793
vn 0.653748 0.746651 -0.122991
vn -0.321633 -0.885520 0.335271
vn -0.214522 -0.969321 -0.119988
vn -0.352081 -0.933197 -0.071988
vn -0.767536 0.346242 0.539450
vn 0.533734 0.312347 -0.785855
vn -0.644827 -0.763248 -0.040627
vn 0.646017 0.763292 0.006843
vn -0.659005 -0.748787 -0.070921
vn 0.206478 -0.924724 0.319771
vn 0.015277 -0.784328 -0.620158
vn 0.685192 0.212684 -0.696618
vn 0.764954 -0.126900 0.631459
vn -0.659891 -0.751268 0.011866
vn -0.640961 -0.766797 -0.034523
vn -0.543848 -0.818273 0.186167
vn -0.647208 -0.736304 -0.197429
vn -0.271910 0.885508 -0.376751
vn -0.654796 -0.755785 -0.005606
vn -0.612282 -0.782895 -0.110390
vn 0.674076 0.738528 0.014047
vn -0.647495 -0.760795 -0.044062
vn 0.780087 0.614921 -0.115485
vn -0.642629 -0.764688 0.047752
vn -0.679677 -0.732841 -0.031353
vn 0.642514 0.765504 0.034348
vn -0.823865 -0.536535 -0.182689
vn -0.914119 -0.296875 0.276137
vn 0.712480 0.700074 -0.047633
vn -0.847833 -0.162838 0.504642
vn 0.872577 0.460180 0.163843
vn 0.695615 0.688496 -0.205165
vn -0.711068 -0.703095 -0.006370
vn 0.385476 0.843806 -0.373362
vn -0.800789 0.592692 0.086334
vn 0.786994 0.569325 0.237719
vn -0.699439 -0.536276 -0.472433
vn 0.948608 0.289416 0.127987
vn -0.739442 -0.645555 0.191007
vn 0.450129 0.872253 -0.191204
vn 0.576607 0.613878 0.539145
vn -0.731741 -0.658791 -0.174787
vn 0.780831 -0.624711 0.006258
vn -0.748922 -0.625366 0.219164
vn 0.232664 0.754727 0.613396
vn 0.656722 0.223657 0.720204
vn -0.811886 -0.575513 0.098107
vn 0.552800 -0.833285 0.006897
vn 0.921737 0.192314 -0.336772
vn -0.302193 -0.348407 0.887295
vn 0.575658 0.526472 0.625655
vn -0.707531 -0.706444 -0.018358
vn 0.752564 0.658515 -0.002578
vn -0.727363 -0.686177 0.010210
vn -0.380343 0.077551 0.921588
vn 0.499619 0.645781 0.577362
vn -0.710560 -0.588503 -0.385706
vn -0.475646 -0.766114 0.432238
vn 0.802742 0.596319 -0.003129
vn -0.623248 -0.729853 -0.280850
vn -0.748300 -0.419071 0.514223
vn -0.361994 -0.830344 -0.423661
vn 0.420850 0.745344 -0.517056
vn 0.288126 0.820703 -0.493386
vn 0.606694 0.541241 0.582220
vn -0.635568 -0.542525 -0.549291
vn -0.137259 0.050680 0.989238
vn 0.247170 -0.199948 0.948118
vn 0.611472 0.587257 -0.530312
vn -0.633344 -0.380578 0.673822
vn 0.466468 -0.779671 0.417758
vn 0.778729 0.204976 0.592930
vn 0.078555 0.437322 -0.895867
vn 0.247910 -0.121903 -0.961083
vn -0.131686 0.203470 0.970185
vn 0.108797 0.696460 0.709301
vn -0.000984 -0.929936 0.367719
vn 0.071705 0.975415 -0.208383
vn -0.387488 -0.897791 -0.209343
vn 0.317962 0.901838 0.292554
vn 0.465157 -0.480696 0.743344
vn 0.660318 0.518384 0.543377
vn 0.550153 -0.554106 -0.624739
vn 0.070590 -0.990854 -0.115003
vn -0.814464 -0.370469 0.446544
vn 0.806756 -0.156662 -0.569739
vn 0.615709 0.782664 -0.091322
vn 0.692100 0.721716 -0.011144
vn 0.761628 0.647496 0.025926
vn 0.307850 -0.936862 -0.165883
vn -0.099778 0.081326 -0.991681
vn -0.108969 -0.541225 0.833787
vn 0.759334 0.527880 -0.380467
vn -0.679347 -0.727252 0.097944
vn -0.253147 0.967188 -0.021518
vn 0.212185 0.977022 -0.020133
vn 0.613130 0.630464 0.476012
vn 0.344633 -0.887655 -0.305445
vn 0.804515 0.464746 -0.369819
vn 0.732875 0.603422 -0.314287
vn 0.681032 0.732081 0.015881
vn -0.660095 -0.750100 -0.040313
vn 0.870557 0.394578 -0.294005
vn 0.161571 -0.610456 -0.775396
vn 0.687935 0.459554 -0.561743
vn 0.403969 -0.913357 0.050864
vn 0.663290 0.747693 0.031635
vn -0.679467 -0.732855 -0.035326
vn 0.620062 0.772949 0.134432
vn -0.413018 -0.583132 -0.699552
vn 0.672279 0.715119 -0.191432
vn -0.665347 -0.746425 -0.012781
vn 0.683392 0.729968 0.011055
vn 0.031629 -0.998186 -0.051221
vn -0.701092 -0.487686 -0.520224
vn -0.489222 -0.782855 0.384448
vn 0.688178 0.725427 -0.012910
vn 0.754520 0.566343 0.331595
vn -0.674118 -0.737754 -0.035839
vn -0.681440 -0.727090 -0.083549
vn 0.550547 0.760639 0.343985
vn -0.610089 -0.791386 0.038718
vn 0.705751 0.708454 0.002924
vn -0.665123 -0.746060 -0.031714
vn 0.700698 0.712374 0.039315
vn -0.796669 -0.590499 -0.128955
vn 0.873024 0.441256 -0.207661
vn -0.423454 -0.794989 0.434372
vn -0.694196 -0.719552 -0.018355
vn 0.713005 0.700299 0.034707
vn -0.684911 -0.727829 -0.034071
vn -0.036253 0.910566 0.411771
vn 0.638372 0.743204 0.200324
vn 0.588537 0.796759 -0.137112
vn -0.005331 0.861418 -0.507869
vn -0.626474 0.771917 -0.108049
vn -0.842452 -0.531287 0.089494
vn 0.804838 0.593112 0.021294
vn 0.649176 0.705473 -0.284391
vn -0.538188 0.840111 -0.067577
vn 0.123507 -0.763141 -0.634321
vn 0.806409 0.590462 0.032539
vn 0.540666 -0.841236 0.001458
vn -0.807607 -0.546014 0.222800
vn -0.743556 0.527961 0.410343
vn 0.683727 0.035612 0.728868
vn -0.758055 -0.652176 0.004296
vn 0.824782 0.565437 0.003935
vn -0.774277 -0.553828 0.306218
vn 0.090656 0.241109 0.966254
vn -0.002567 -0.303297 0.952893
vn 0.592549 0.271259 0.758488
vn 0.761997 0.647294 0.019257
vn -0.784131 -0.620292 -0.019399
vn -0.734187 -0.420924 0.532722
vn -0.017577 -0.927034 -0.374565
vn 0.151010 -0.167546 0.974230
vn -0.650032 -0.688132 0.322386
vn 0.767886 0.640584 -0.001518
vn -0.925166 -0.379076 0.019213
vn -0.749862 0.393467 -0.531874
vn -0.690558 -0.646579 -0.324138
vn -0.648483 -0.576288 0.497355
vn 0.633419 0.473396 0.612108
vn -0.638401 -0.530002 -0.558159
vn 0.181690 0.537691 -0.823333
vn 0.170524 -0.460054 -0.871362
vn 0.562483 0.424112 -0.709748
vn -0.142861 0.987551 -0.065831
vn 0.591968 0.402751 0.698116
vn 0.777896 0.028609 0.627742
vn 0.041827 0.065793 0.996956
vn 0.080025 -0.178639 0.980655
vn 0.690260 0.613932 -0.382922
vn -0.791562 -0.326731 0.516408
vn 0.812349 0.179439 -0.554879
vn -0.381197 -0.786890 -0.485276
vn 0.033595 0.854790 0.517886
vn -0.291741 -0.317381 0.902306
vn 0.867061 0.288920 -0.405870
vn 0.155293 0.082064 0.984454
vn -0.707030 -0.565856 -0.424165
vn 0.139131 -0.851330 -0.505845
vn 0.151478 -0.256591 -0.954576
vn 0.528716 -0.015121 -0.848664
vn 0.448220 -0.892389 0.052347
vn 0.778277 0.431479 -0.456192
vn -0.899934 -0.271389 0.341271
vn 0.279020 0.905330 -0.320196
vn 0.161203 0.176127 0.971078
vn 0.297531 -0.015547 -0.954586
vn -0.491187 -0.655916 0.573158
vn 0.749789 0.359226 0.555673
vn -0.677992 -0.734675 -0.024098
vn 0.686567 0.721534 0.089521
vn 0.683605 0.729575 0.020100
vn 0.685777 0.719253 0.111291
vn -0.809924 -0.248195 0.531435
vn -0.072162 -0.091575 -0.993180
vn 0.786500 -0.192795 -0.586727
vn 0.675751 0.735945 -0.041781
vn -0.699565 -0.713741 -0.034393
vn 0.703669 0.709637 0.035566
vn -0.152619 -0.986760 -0.054878
vn -0.512490 -0.843918 0.158609
vn 0.233295 -0.485680 -0.842430
vn 0.699480 0.714570 0.010848
vn 0.694964 0.716104 0.064968
vn -0.675116 -0.737411 0.021051
vn -0.555036 -0.446524 -0.701820
vn 0.524643 0.195932 -0.828469
vn -0.710877 -0.692804 -0.121149
vn 0.717281 0.694629 -0.054756
vn 0.710150 0.703252 0.033510
vn 0.719933 0.690738 0.067651
vn -0.653154 -0.757019 -0.017672
vn -0.628927 -0.752495 -0.195456
vn 0.699464 0.714630 0.007347
vn -0.705906 -0.708263 -0.007725
vn -0.687768 -0.722806 -0.067279
vn 0.054368 0.655803 -0.752972
vn 0.645685 0.753764 0.122195
vn -0.728607 -0.684913 0.005112
vn 0.727136 0.686362 0.013446
vn 0.702624 0.710905 0.030557
vn 0.733637 0.678303 0.040997
vn -0.680132 -0.732577 -0.027405
vn -0.721082 -0.692738 -0.012442
vn 0.718598 0.695385 0.007572
vn -0.711504 -0.702640 -0.007634
vn -0.671095 -0.733863 -0.105248
vn 0.809955 0.579345 0.091282
vn 0.829704 0.493163 -0.261498
vn -0.712628 -0.700477 0.038648
vn 0.723184 0.690637 0.004945
vn -0.725556 -0.687098 -0.038262
vn -0.680209 -0.615454 -0.398162
vn 0.806328 0.584739 0.088966
vn -0.868069 -0.494799 0.040386
vn -0.967216 -0.005814 0.253889
vn 0.758621 0.639472 0.124778
vn 0.606497 0.789275 0.095954
vn -0.866787 -0.476950 0.145602
vn -0.553959 0.819373 -0.147504
vn 0.026445 0.836530 -0.547283
vn 0.785621 0.614381 0.073051
vn -0.790262 -0.584821 0.182948
vn -0.691218 -0.113789 0.713631
vn 0.677849 0.728285 0.100603
vn 0.787982 0.599755 -0.139205
vn -0.762212 -0.646297 0.036509
vn 0.782221 0.622995 -0.002812
vn -0.802736 -0.580382 -0.137011
vn 0.391088 0.649323 0.652250
vn -0.690654 -0.576478 -0.436658
vn 0.807300 0.585244 0.075866
vn -0.714030 -0.691428 0.109948
vn 0.851919 0.404730 -0.332307
vn 0.069325 -0.644747 -0.761246
vn 0.650373 0.567498 0.504936
vn -0.647274 -0.761603 -0.031581
vn -0.733326 -0.679737 0.013812
vn 0.889257 0.455054 -0.046352
vn -0.009100 -0.248119 0.968687
vn -0.007446 0.386850 0.922112
vn -0.199388 -0.407959 -0.890962
vn 0.828905 0.558015 -0.039183
vn -0.598373 -0.563031 0.570040
vn 0.667511 0.189117 0.720184
vn -0.548471 -0.587210 -0.595284
vn -0.743779 0.610746 0.271629
vn 0.074180 -0.561239 0.824323
vn 0.750800 0.299475 -0.588739
vn -0.382711 -0.859196 0.339579
vn 0.695864 0.465396 0.546974
vn -0.484420 -0.644206 -0.591892
vn -0.022447 0.128529 -0.991452
vn 0.034048 -0.009528 0.999375
vn 0.940347 0.000954 -0.340217
vn 0.633082 0.368751 -0.680609
vn 0.385575 0.899270 -0.206506
vn -0.737093 -0.462755 -0.492495
vn 0.135075 0.137089 0.981306
vn 0.222449 -0.115508 -0.968078
vn -0.365439 -0.461272 0.808507
vn -0.533917 -0.819141 -0.209622
vn 0.748761 0.650757 0.125982
vn -0.715031 -0.631399 -0.300111
vn 0.321779 0.342848 0.882561
vn -0.470598 0.467611 0.748250
vn -0.122632 0.000466 0.992452
vn -0.318841 -0.809836 0.492450
vn 0.934500 0.031851 -0.354536
vn -0.863882 -0.498179 -0.074339
vn -0.484866 0.164220 -0.859032
vn -0.127926 -0.011231 -0.991720
vn 0.407440 -0.005511 -0.913215
vn 0.220362 0.696770 0.682607
vn -0.456266 -0.756882 0.467922
vn 0.736897 0.674519 0.044804
vn 0.766448 0.588156 -0.258127
vn -0.729997 -0.683430 -0.005164
vn 0.725314 0.688387 0.006513
vn 0.722533 0.687672 0.071084
vn -0.719033 -0.689087 -0.090281
vn 0.571438 0.819604 -0.041318
vn 0.868940 0.469519 0.156508
vn -0.752976 -0.644775 0.131496
vn 0.897874 0.436832 0.054770
vn -0.680516 -0.732139 -0.029502
vn -0.725174 -0.688038 -0.026938
vn 0.748929 0.656060 0.093226
vn 0.738513 0.674193 0.007878
vn 0.690534 0.722978 -0.021592
vn 0.756697 0.653206 0.027043
vn -0.735405 -0.675893 -0.048468
vn -0.130368 0.322571 -0.937524
vn 0.589856 0.318363 -0.742102
vn -0.701393 -0.712736 0.007445
vn 0.771340 0.636015 0.022787
vn -0.751392 -0.659547 -0.020223
vn -0.738123 -0.674130 -0.026895
vn 0.766308 0.642074 0.022645
vn 0.739068 0.673607 0.005572
vn -0.748181 -0.663404 -0.010923
vn 0.760538 0.649092 0.016159
vn -0.673687 -0.733565 -0.089601
vn 0.961929 0.257459 0.091696
vn 0.121499 -0.990834 0.059048
vn -0.727071 -0.680982 0.087361
vn 0.764490 0.644569 0.009269
vn 0.490965 -0.871004 0.017503
vn -0.758571 -0.651054 -0.026423
vn -0.762209 -0.646916 -0.023163
vn 0.754935 0.655796 -0.002096
vn -0.845636 -0.509215 0.160002
vn 0.663945 0.294136 0.687503
vn -0.947911 0.085392 0.306876
vn 0.788530 0.605107 0.109847
vn 0.858979 0.495664 -0.128348
vn -0.719050 -0.672029 0.177043
vn -0.729721 -0.155594 -0.665806
vn -0.538770 -0.021935 0.842167
vn 0.817757 0.575294 -0.017635
vn 0.703272 0.707679 -0.067815
vn -0.588461 0.266850 0.763220
vn -0.558006 -0.794134 -0.240794
vn 0.825090 0.561805 0.060015
vn 0.828561 0.559604 -0.018160
vn -0.857065 -0.484138 0.176209
vn -0.596036 0.787879 -0.154879
vn 0.415841 -0.002165 0.909435
vn -0.651308 -0.549771 -0.523019
vn 0.995489 0.009266 0.094428
vn 0.871315 0.487296 -0.057899
vn -0.748559 -0.501759 0.433471
vn 0.700116 0.433413 0.567442
vn -0.383890 -0.771542 0.507298
vn 0.870475 0.457682 0.181111
vn 0.843183 0.530368 -0.088042
vn -0.934132 -0.043971 -0.354208
vn 0.413239 0.700753 -0.581532
vn 0.106889 0.315086 0.943025
vn -0.660468 -0.059606 -0.748485
vn -0.546253 -0.546639 0.634660
vn 0.691929 0.389850 0.607661
vn -0.577537 -0.524129 -0.625891
vn -0.761240 0.222286 -0.609182
vn -0.021330 0.086676 0.996008
vn -0.473264 0.355377 -0.806057
vn -0.688704 0.050817 -0.723260
vn 0.682590 0.322378 -0.655853
vn -0.378001 -0.859486 0.344092
vn 0.693095 0.552734 0.462713
vn -0.762294 -0.317471 -0.564022
vn 0.017374 0.169321 -0.985408
vn 0.378605 0.621693 0.685680
vn -0.428358 -0.678532 0.596745
vn -0.231687 -0.132986 0.963658
vn 0.616678 -0.777011 -0.126342
vn -0.172139 -0.982471 0.071551
vn -0.812601 -0.423126 -0.400804
vn -0.744092 -0.301712 -0.596068
vn 0.058366 -0.080354 0.995056
vn -0.153860 -0.319525 -0.935003
vn 0.781112 -0.607051 -0.146126
vn -0.438064 -0.831789 -0.340920
vn 0.778420 0.596290 -0.196216
vn -0.541170 -0.246927 -0.803842
vn 0.353543 0.852066 -0.385993
vn -0.184934 -0.790669 0.583646
vn 0.889661 -0.139185 -0.434892
vn 0.879245 0.408898 0.244401
vn 0.190498 -0.963158 0.189832
vn 0.043857 0.262233 0.964008
vn -0.268832 -0.907884 -0.321676
vn -0.463687 -0.022907 -0.885703
vn 0.234415 -0.456333 0.858377
vn 0.756118 0.654004 0.023769
vn 0.880539 0.473206 0.026988
vn -0.215605 -0.125722 -0.968353
vn 0.870940 -0.478297 0.112672
vn -0.797571 -0.602402 0.031502
vn 0.794612 0.607118 0.000524
vn 0.723449 0.689868 0.026522
vn 0.792824 0.607884 0.043671
vn -0.756846 -0.653561 -0.006501
vn 0.797655 0.603024 0.010411
vn -0.769965 -0.637975 -0.011873
vn 0.786385 0.617626 0.011690
vn 0.704009 0.036666 0.709244
vn -0.594489 -0.803401 -0.033607
vn 0.645929 -0.100618 -0.756737
vn 0.940796 0.254316 -0.224111
vn -0.894608 -0.446721 -0.010836
vn 0.031448 -0.999395 -0.014871
vn -0.798340 -0.601931 -0.018247
vn 0.811926 0.583740 0.004738
vn 0.792878 0.609345 0.006569
vn -0.788711 -0.614586 -0.014792
vn 0.795255 0.606193 0.010041
vn -0.662103 -0.601658 0.446797
vn -0.789504 -0.389455 -0.474350
vn 0.871933 0.488787 -0.028625
vn -0.796462 -0.603427 0.039039
vn -0.794745 -0.606940 0.002072
vn -0.791946 -0.602939 -0.096367
vn -0.812550 -0.582206 -0.028263
vn -0.837958 -0.542874 -0.055800
vn -0.805139 -0.592083 -0.034490
vn -0.899626 -0.436587 0.008054
vn 0.819775 0.566644 0.082969
vn 0.665221 0.718319 -0.203715
vn -0.756335 0.151483 0.636404
vn -0.877036 0.239138 0.416677
vn 0.808232 0.585921 0.058810
vn -0.871253 -0.490769 -0.008025
vn -0.489880 0.871762 0.006946
vn 0.639171 0.740066 0.209195
vn 0.814587 0.579897 -0.012950
vn -0.824020 -0.559886 -0.086715
vn -0.574755 -0.501658 0.646526
vn 0.070425 -0.997426 -0.013512
vn 0.928274 0.371881 -0.003498
vn -0.796487 -0.604445 0.015959
vn -0.663932 0.116056 0.738732
vn -0.055019 0.376719 0.924692
vn -0.632417 0.048334 -0.773119
vn 0.857263 0.510555 0.066593
vn 0.096272 -0.013095 -0.995269
vn -0.869856 -0.462483 0.171639
vn -0.509610 -0.588104 -0.628038
vn 0.681627 -0.371880 0.630151
vn -0.838494 0.044325 -0.543105
vn -0.441742 0.762497 -0.472718
vn -0.695397 0.525975 0.489667
vn -0.074093 -0.461198 -0.884198
vn 0.722069 0.143626 -0.676748
vn -0.620282 -0.633543 0.462464
vn -0.576004 -0.429965 -0.695233
vn 0.722801 0.268621 0.636712
vn 0.268028 0.734061 -0.623951
vn -0.899495 0.130462 0.417000
vn -0.125321 -0.118688 0.984991
vn 0.844829 -0.394511 -0.361421
vn -0.251247 -0.960813 0.117104
vn 0.062156 -0.997982 -0.012984
vn -0.561338 0.611084 0.558101
vn 0.278173 -0.453655 -0.846650
vn -0.602022 -0.736456 0.308549
vn 0.857584 0.408980 0.311905
vn -0.634192 -0.657651 -0.406566
vn 0.408220 0.908661 -0.087698
vn 0.361888 -0.006098 -0.932201
vn -0.682436 -0.580003 -0.444835
vn 0.922043 0.311506 -0.229783
vn -0.249169 -0.789552 -0.560824
vn 0.080787 0.118128 0.989707
vn -0.423636 -0.276518 0.862595
vn -0.316878 0.033040 -0.947891
vn 0.094607 -0.988095 0.121317
vn 0.284194 0.900262 -0.329792
vn 0.576059 -0.201213 -0.792256
vn 0.462648 -0.867010 -0.185068
vn -0.800873 -0.597459 -0.040559
vn 0.596681 0.800556 -0.055511
vn -0.598184 0.362517 -0.714673
vn 0.417892 -0.905951 -0.067960
vn 0.088092 -0.948291 -0.304932
vn 0.844056 0.536100 0.012891
vn -0.818891 -0.573823 -0.012015
vn 0.842656 0.538435 0.004290
vn 0.836977 0.542668 -0.070581
vn -0.775339 -0.631523 0.005394
vn -0.798910 -0.601193 -0.017603
vn -0.811310 -0.584572 -0.007176
vn -0.872715 -0.457155 -0.171401
vn 0.537044 0.747092 0.391712
vn -0.922107 -0.376505 0.089233
vn 0.852009 0.520063 -0.060116
vn -0.829561 -0.558251 -0.013574
vn 0.848935 0.528350 0.012456
vn -0.812114 -0.583371 -0.012221
vn -0.839122 -0.543943 0.000608
vn 0.838965 0.544160 0.005225
vn -0.825783 -0.563917 -0.008943
vn 0.043260 -0.552129 -0.832635
vn 0.783676 -0.172459 -0.596749
vn 0.926196 0.356367 0.123139
vn -0.862138 -0.505925 -0.027524
vn 0.803098 0.590821 -0.077225
vn -0.939686 -0.329813 0.090626
vn -0.624017 0.779083 0.060274
vn 0.843155 0.534378 0.059403
vn -0.940549 -0.315006 -0.127041
vn -0.688100 0.503060 0.522923
vn 0.885498 0.436611 0.158946
vn 0.595988 -0.802531 -0.027251
vn 0.838052 0.543167 -0.051356
vn -0.770261 -0.517252 0.373027
vn 0.560323 0.348196 0.751531
vn 0.926877 0.373190 0.040346
vn -0.873713 -0.476302 0.098803
vn 0.791177 0.338803 -0.509167
vn -0.528492 -0.450262 -0.719694
vn 0.887195 0.461394 -0.001184
vn -0.831138 -0.555493 0.025229
vn -0.686309 -0.423675 -0.591168
vn 0.610804 0.190996 0.768400
vn 0.515846 -0.496690 -0.697999
vn -0.303047 -0.867810 0.393786
vn 0.894000 -0.019728 0.447633
vn 0.644353 0.317629 0.695644
vn -0.173870 0.143285 0.974289
vn 0.266735 -0.102898 0.958261
vn -0.166096 -0.960524 0.223171
vn -0.786950 -0.404831 0.465641
vn -0.568264 -0.073087 -0.819594
vn -0.502384 -0.423630 -0.753756
vn 0.032289 0.149028 -0.988306
vn 0.277677 -0.584218 -0.762617
vn -0.592087 -0.074349 -0.802437
vn -0.683515 -0.153735 -0.713563
vn 0.943562 -0.150809 0.294868
vn 0.027882 0.035467 0.998982
vn 0.200887 -0.103627 -0.974118
vn -0.865042 0.163625 -0.474268
vn 0.335786 0.560828 0.756782
vn -0.271411 -0.154379 0.950002
vn -0.209103 0.055371 -0.976325
vn 0.463449 0.059948 -0.884093
vn 0.025288 0.999391 0.024034
vn 0.610155 -0.773844 -0.169933
vn 0.435800 -0.898511 -0.052512
vn 0.354497 0.680325 0.641474
vn 0.492655 -0.226324 -0.840279
vn 0.404870 -0.168072 -0.898795
vn 0.203849 0.975268 0.085427
vn 0.934054 0.356029 -0.028028
vn 0.860457 0.509369 0.012538
vn -0.864998 -0.501768 -0.002650
vn 0.471201 -0.881972 0.009690
vn 0.658659 0.752084 0.023194
vn 0.653808 -0.756639 0.005662
vn -0.415441 -0.560116 -0.716714
vn 0.217317 -0.367459 0.904294
vn 0.845312 0.532231 -0.046672
vn 0.822739 0.554873 -0.123356
vn 0.934015 0.273895 0.229342
vn 0.882424 0.470455 0.000091
vn -0.864558 -0.502311 -0.014903
vn 0.870082 0.492874 -0.005722
vn -0.808096 -0.582884 -0.085014
vn 0.872593 0.488315 0.011384
vn 0.887104 0.384802 0.254899
vn -0.697671 -0.576440 -0.425408
vn 0.894421 0.386035 -0.225805
vn -0.905929 -0.422513 -0.027838
vn -0.856600 -0.508865 0.085399
vn 0.887840 0.458955 -0.033168
vn -0.884043 -0.467232 -0.012766
vn -0.819034 -0.381950 -0.428133
vn -0.191294 -0.103918 -0.976016
vn -0.752031 -0.404109 -0.520716
vn -0.888597 -0.455778 -0.051595
vn -0.425438 0.904632 -0.025369
vn 0.879037 0.476457 0.016819
vn -0.943815 -0.317755 0.090805
vn 0.854272 0.460352 -0.241443
vn -0.286012 -0.718066 -0.634490
vn 0.898354 0.439246 -0.004742
vn 0.921958 -0.379529 -0.077144
vn -0.301020 -0.847385 0.437407
vn 0.801469 0.177849 0.570978
vn -0.918829 -0.365147 -0.149738
vn -0.909684 -0.379453 0.168791
vn 0.927884 0.366510 -0.068569
vn 0.562592 -0.429953 0.706137
vn -0.432841 -0.901025 0.028342
vn -0.557754 -0.829611 0.025606
vn -0.550953 -0.159561 -0.819141
vn 0.619764 0.074133 0.781279
vn -0.463323 -0.771463 0.436092
vn -0.664932 -0.623187 0.411709
vn 0.221790 -0.961931 -0.159679
vn 0.837461 -0.285512 0.465986
vn -0.946853 0.101165 -0.305343
vn -0.099908 -0.335134 -0.936858
vn -0.258905 -0.950985 0.169103
vn -0.971436 0.234857 0.033981
vn -0.085345 -0.841751 -0.533077
vn 0.788886 -0.187432 0.585259
vn -0.752133 -0.203144 -0.626919
vn 0.376426 0.871391 0.314612
vn 0.202821 -0.271171 -0.940920
vn -0.694245 0.713368 0.095544
vn -0.114570 0.007751 0.993385
vn -0.205020 -0.076793 0.975741
vn -0.154762 0.087631 -0.984058
vn 0.955068 -0.295705 -0.020083
vn -0.082903 0.195140 -0.977265
vn 0.749642 0.466493 0.469490
vn 0.088543 0.291196 0.952557
vn 0.562928 -0.164204 -0.810031
vn 0.177075 -0.974186 0.140025
vn 0.415322 0.460766 0.784348
vn 0.400305 -0.123358 -0.908041
vn -0.562191 -0.702183 0.436898
vn -0.322966 0.164942 -0.931926
vn 0.860893 0.428219 0.274759
vn -0.922719 -0.379164 0.069456
vn 0.911861 0.403784 0.073950
vn 0.865235 0.500882 -0.022034
vn 0.905780 0.423701 -0.006284
vn -0.903814 -0.427658 -0.015102
vn -0.891432 -0.453094 -0.007440
vn 0.899618 0.436671 0.002493
vn -0.916011 -0.401139 0.003301
vn -0.795636 0.253678 -0.550100
vn 0.699028 0.542179 -0.466264
vn 0.921325 0.388786 -0.002335
vn -0.868681 -0.485298 0.099395
vn -0.905176 -0.425035 0.000884
vn 0.902266 0.431145 0.005485
vn 0.000580 0.999999 -0.000975
vn -0.918187 -0.396094 -0.006455
vn 0.912648 0.408745 0.001242
vn -0.885348 -0.459388 -0.071565
vn 0.943979 0.290954 0.155724
vn 0.632810 -0.762538 0.134491
vn -0.929167 -0.368206 -0.032757
vn 0.930999 0.361234 0.052443
vn 0.420191 -0.871725 -0.252060
vn 0.716300 -0.683151 0.142190
vn 0.922463 0.385857 -0.013269
vn -0.906877 -0.421393 0.000956
vn 0.927463 -0.341436 0.152426
vn 0.663790 -0.210360 0.717727
vn -0.907944 -0.418982 -0.009556
vn 0.983426 0.180345 0.018681
vn 0.331833 -0.856733 0.394836
vn -0.761319 -0.280470 0.584576
vn 0.944349 0.299863 0.135233
vn 0.937409 0.323467 -0.128972
vn -0.769179 -0.400788 0.497727
vn 0.044899 -0.569111 -0.821034
vn -0.813369 0.537128 -0.223439
vn -0.918270 0.382354 0.102883
vn 0.736517 -0.673528 -0.062481
vn 0.388871 -0.122104 0.913165
vn 0.999308 0.035163 -0.012134
vn -0.008342 0.210474 -0.977564
vn 0.234724 -0.210643 0.948965
vn -0.177972 -0.114369 0.977367
vn -0.096504 -0.032876 0.994790
vn -0.580616 -0.480269 -0.657440
vn 0.139027 -0.173874 -0.974905
vn -0.046852 0.073688 -0.996180
vn -0.224289 -0.167067 0.960095
vn 0.080013 0.037969 0.996070
vn 0.338177 0.003091 -0.941077
vn -0.396541 -0.660560 -0.637507
vn 0.492667 -0.594448 -0.635540
vn 0.203548 -0.928690 -0.310004
vn -0.331980 -0.005865 -0.943268
vn -0.455151 -0.178945 0.872248
vn -0.705089 -0.356483 0.613000
vn -0.410717 0.853468 -0.320787
vn 0.150624 -0.071138 -0.986028
vn 0.926584 0.372734 -0.050106
vn 0.940670 0.094125 0.326006
vn -0.914843 -0.403802 0.002564
vn 0.928265 0.371916 0.001184
vn 0.903003 0.429399 -0.014195
vn -0.944959 -0.327187 0.000717
vn 0.979372 0.201553 -0.014387
vn -0.906574 -0.391426 -0.157825
vn 0.870884 0.478257 0.113278
vn 0.336376 -0.941728 -0.000603
vn 0.979605 0.199041 -0.027508
vn -0.177926 -0.920219 0.348626
vn -0.949910 -0.312522 0.001276
vn 0.968545 0.248820 0.002998
vn 0.994428 -0.075823 -0.073242
vn -0.959437 -0.281923 0.000191
vn 0.987857 0.155334 0.003089
vn -0.934063 -0.320624 -0.157243
vn 0.972750 0.194146 0.126744
vn 0.930531 0.318443 0.180851
vn -0.956639 -0.271302 -0.106003
vn 0.972058 0.233695 0.022113
vn -0.976370 -0.139528 0.165024
vn 0.982012 -0.058282 0.179598
vn -0.899427 -0.176570 0.399817
vn -0.382977 0.910066 0.158458
vn -0.894116 0.157600 0.419188
vn 0.937517 0.084305 0.337571
vn -0.939186 -0.291228 -0.181979
vn 0.966247 0.256748 -0.021163
vn -0.461431 0.610762 -0.643468
vn -0.941597 0.327174 -0.079705
vn 0.399910 0.808850 -0.431085
vn 0.035681 0.955608 0.292471
vn 0.973778 0.142038 0.177711
vn 0.993853 0.098085 0.051346
vn -0.938366 -0.341806 0.051362
vn 0.825236 -0.278506 0.491344
vn 0.244612 0.119156 0.962272
vn -0.533606 -0.821315 0.201760
vn 0.433075 0.163081 -0.886482
vn 0.146217 0.056397 -0.987644
vn 0.164469 -0.139665 -0.976444
vn -0.756391 0.614194 0.225029
vn -0.232754 -0.129770 0.963839
vn 0.389780 0.859427 -0.330841
vn 0.368640 0.023276 -0.929281
vn -0.107750 0.978179 -0.177638
vn -0.150816 -0.588973 0.793956
vn -0.767262 0.581835 -0.269772
vn -0.084315 -0.466836 -0.880316
vn -0.247044 -0.869545 -0.427623
vn -0.310019 0.241927 -0.919435
vn 0.397442 -0.851454 -0.342148
vn 0.767674 0.011415 -0.640739
vn 0.382458 0.167944 0.908582
vn 0.351797 -0.626841 0.695204
vn 0.636639 -0.191609 0.746978
vn -0.998802 -0.047357 0.012285
vn -0.969391 -0.243886 -0.028302
vn 0.997692 0.067672 0.005569
vn -0.887440 -0.458577 0.046445
vn -0.748479 -0.661764 0.042981
vn 0.985032 0.172060 0.010344
vn -0.918164 -0.376662 0.122886
vn 0.960854 -0.268692 -0.067554
vn -0.979499 -0.176757 -0.096636
vn 0.834310 0.371285 0.407523
vn -0.973411 -0.063801 -0.220002
vn 0.993493 0.112375 -0.018515
vn -0.992268 -0.074092 -0.099576
vn -0.902392 0.417109 -0.108203
vn 0.378623 0.619393 -0.687748
vn 0.964450 0.263298 0.022583
vn 0.964784 0.255682 0.061796
vn -0.986522 -0.161184 0.028174
vn -0.196487 -0.980506 -0.000579
vn -0.553624 -0.613156 0.563507
vn 0.822043 0.311061 0.476955
vn -0.978773 -0.102084 -0.177713
vn -0.850415 0.316146 -0.420530
vn -0.996933 -0.076415 -0.016907
vn 0.910614 0.054654 -0.409627
vn 0.067682 -0.049614 -0.996473
vn 0.322507 0.113731 -0.939710
vn -0.993114 -0.117133 0.002169
vn -0.987663 -0.156587 0.001167
vn 0.997610 0.026008 -0.064015
vn -0.926573 -0.375983 -0.009964
vn 0.372039 0.778853 0.504950
vn 0.030882 0.158578 -0.986863
vn -0.035148 -0.011226 -0.999319
vn -0.124237 -0.003199 0.992247
vn 0.693831 -0.444897 0.566273
vn 0.012355 0.045116 -0.998905
vn 0.740828 -0.512161 -0.434587
vn -0.017241 0.038579 0.999107
vn -0.254925 -0.122632 0.959153
vn 0.103451 0.042560 0.993724
vn 0.394487 0.117822 -0.911317
vn -0.207501 0.078613 -0.975071
vn 0.487441 0.061218 -0.871007
vn -0.293779 -0.298687 0.908009
vn 0.332547 0.227796 0.915162
vn -0.662757 -0.456107 0.593901
vn 0.986287 0.165038 0.000190
vn -0.805346 0.416862 -0.421479
vn 0.992092 0.095687 -0.081224
vn 0.998813 0.036645 0.032094
vn -0.996364 -0.070646 0.047624
vn -0.959678 -0.172374 0.222049
vn 0.719445 -0.374502 0.584933
vn 0.558460 -0.811792 -0.170636
vn 0.778737 -0.171079 0.603573
vn -0.994831 -0.101121 -0.009260
vn 0.986766 0.160300 -0.024446
vn -0.999920 0.000206 0.012660
vn -0.989272 -0.145335 0.014764
vn 0.995861 0.090313 0.010212
vn -0.988014 -0.151973 0.027052
vn 0.930200 -0.099629 0.353273
vn -0.711748 -0.310780 -0.629945
vn 0.691870 0.090108 0.716377
vn -0.993080 -0.117239 -0.006846
vn 0.993061 -0.105648 0.051656
vn -0.960437 -0.219117 -0.171895
vn -0.989520 -0.019528 -0.143070
vn 0.963754 -0.143612 -0.224842
vn 0.995003 -0.089493 -0.044267
vn -0.980196 -0.197712 0.011201
vn -0.999096 0.038598 -0.017808
vn 0.992499 -0.054036 -0.109661
vn -0.922762 -0.020218 -0.384839
vn -0.234779 0.968836 -0.078961
vn 0.220228 0.051190 -0.974104
vn -0.073622 0.036961 -0.996601
vn -0.239854 0.038791 0.970034
vn -0.000342 -0.068724 -0.997636
vn -0.472543 0.364824 -0.802251
vn 0.110961 -0.178362 0.977688
vn -0.297254 -0.602159 0.740975
vn -0.101064 -0.670379 -0.735104
vn 0.073915 -0.854785 -0.513691
vn 0.011554 -0.625047 0.780502
vn -0.907598 0.417730 0.042048
vn -0.234997 -0.253670 0.938311
vn -0.497986 -0.148688 0.854343
vn -0.299586 0.071157 -0.951412
vn 0.379220 -0.094285 -0.920490
vn 0.461518 0.151744 -0.874056
vn 0.275427 0.024960 0.960998
vn 0.914992 0.255973 -0.311878
vn -0.990681 -0.093962 0.098599
vn -0.981644 -0.190330 -0.012264
vn 0.994256 0.106887 0.005580
vn -0.988937 -0.147904 -0.011321
vn -0.985906 -0.167199 0.005831
vn 0.994941 0.099248 -0.015566
vn -0.990523 -0.136842 0.011806
vn 0.964402 0.076289 0.253198
vn -0.898439 -0.071727 -0.433200
vn 0.949483 0.207725 -0.235228
vn -0.990435 -0.136909 0.017165
vn 0.996637 0.078832 0.022350
vn 0.995223 0.096226 0.016488
vn -0.990261 -0.139080 -0.006244
vn 0.996160 0.087525 -0.002011
vn 0.995430 0.094093 -0.016270
vn -0.994306 -0.106269 0.007903
vn 0.067435 -0.982114 0.175795
vn 0.033477 -0.944854 -0.325776
vn -0.876339 0.456271 -0.154423
vn -0.855592 -0.432695 0.284144
vn 0.854749 -0.518413 0.025537
vn -0.962340 0.271654 0.010247
vn -0.975818 -0.218571 0.002451
vn -0.524684 -0.851275 0.006105
vn 0.892165 -0.451226 -0.020914
vn -0.917429 0.396854 -0.028830
vn -0.402559 -0.915393 -0.001479
vn -0.679190 -0.733643 0.021659
vn -0.165166 -0.982752 -0.083173
vn 0.291201 0.130946 0.947658
vn 0.125377 -0.230275 -0.965015
vn -0.298028 0.901590 -0.313553
vn -0.270213 0.049353 0.961535
vn -0.064281 0.053122 -0.996517
vn 0.258375 0.694258 0.671750
vn 0.059272 -0.020767 0.998026
vn -0.709147 -0.036473 0.704116
vn 0.175475 0.047644 -0.983330
vn -0.048945 -0.003646 -0.998795
vn -0.170980 -0.150366 0.973733
vn 0.066722 -0.034275 0.997183
vn -0.438501 -0.266003 0.858463
vn -0.266525 0.036493 -0.963137
vn -0.438303 -0.250309 0.863270
vn -0.553226 -0.108976 0.825873
vn -0.328367 0.101425 -0.939089
vn -0.450201 -0.410156 -0.793153
vn -0.054911 -0.107012 0.992740
vn -0.259542 0.811657 0.523307
vn 0.942680 -0.280021 0.181499
vn -0.982551 -0.136258 0.126602
vn 0.999179 0.038678 0.012045
vn -0.996403 -0.084477 0.006708
vn -0.335854 -0.941876 -0.008456
vn 0.992149 0.006254 -0.124905
vn -0.997593 -0.068326 0.011807
vn 0.993613 0.099867 -0.052540
vn -0.946974 -0.154835 -0.281545
vn 0.859967 -0.070944 0.505395
vn -0.061593 0.997114 -0.044376
vn 0.039676 -0.999209 -0.002736
vn -0.137271 -0.990168 -0.026894
vn -0.045889 0.996392 0.071390
vn -0.076926 0.994742 0.067609
vn 0.105870 -0.993586 0.039731
vn -0.205206 0.978496 0.020871
vn 0.157585 -0.985332 0.065483
vn -0.884122 0.112041 -0.453624
vn -0.977470 0.133263 0.163686
vn 0.284226 -0.958757 0.001129
vn -0.947537 0.319174 0.017341
vn -0.804761 0.585537 0.097502
vn -0.526994 -0.838244 0.140085
vn 0.575480 -0.817305 0.028911
vn -0.843765 -0.536650 0.008179
vn 0.679043 0.734050 -0.008493
vn -0.190138 -0.980556 -0.048551
vn -0.734885 0.322922 0.596377
vn 0.327474 -0.104855 0.939024
vn 0.201209 -0.063522 -0.977486
vn 0.096301 -0.029491 0.994915
vn -0.173645 0.018608 0.984632
vn -0.094642 0.098514 -0.990625
vn 0.101415 0.025585 -0.994515
vn 0.430946 0.899725 0.069144
vn -0.057271 -0.017165 0.998211
vn 0.957753 0.283508 0.048296
vn -0.047532 -0.018242 -0.998703
vn -0.362590 -0.697739 0.617809
vn 0.034336 -0.077130 0.996430
vn 0.845242 -0.468229 0.257544
vn -0.981869 0.087987 0.167902
vn -0.415324 -0.170096 0.893629
vn -0.976053 -0.028145 0.215702
vn 0.335236 -0.084520 -0.938335
vn 0.620842 -0.172022 -0.764829
vn -0.374511 0.131841 -0.917801
vn 0.196637 -0.976953 -0.083050
vn -0.399313 -0.601878 0.691586
vn -0.995572 0.007832 0.093672
vn -0.982711 -0.100664 -0.155388
vn -0.994286 -0.104844 0.020083
vn 0.994215 0.107315 -0.004413
vn 0.131490 -0.991316 -0.001592
vn -0.995325 -0.096280 0.007580
vn 0.996501 0.081264 -0.019547
vn -0.999142 -0.040145 0.010149
vn 0.312084 -0.180080 0.932831
vn -0.690285 -0.661311 -0.293556
vn 0.811708 -0.160677 -0.561528
vn 0.997699 0.067244 0.008663
vn 0.991505 0.128246 0.021684
vn 0.986801 0.146613 -0.068763
vn 0.999284 0.031020 0.021676
vn -0.993864 -0.110575 -0.002745
vn 0.997353 0.066857 -0.028597
vn -0.126635 -0.193733 0.972847
vn -0.755961 -0.163627 -0.633837
vn -0.010420 0.983164 -0.182428
vn 0.153525 0.937751 0.311535
vn 0.036773 0.995916 -0.082459
vn -0.044735 -0.998685 -0.025029
vn -0.102800 -0.994696 -0.003416
vn 0.059211 0.998223 0.006697
vn -0.040249 -0.999181 0.004164
vn 0.025431 0.999661 -0.005500
vn -0.741269 -0.610696 -0.278515
vn -0.110032 0.983064 -0.146552
vn -0.044376 -0.998510 0.031752
vn 0.049162 0.998467 0.025432
vn -0.064340 -0.997057 -0.041684
vn -0.084904 -0.996361 0.007454
vn 0.030278 0.999501 0.008986
vn -0.981205 0.191176 0.026240
vn -0.572227 -0.770159 -0.281800
vn 0.787040 0.500305 0.360920
vn 0.623963 0.082582 -0.777078
vn -0.075001 0.872370 -0.483059
vn 0.263101 0.267845 0.926842
vn -0.026984 -0.999614 0.006574
vn -0.137444 -0.990342 -0.018218
vn -0.113659 -0.993519 -0.000996
vn -0.050064 0.973875 0.221496
vn -0.077368 0.922848 0.377313
vn 0.031203 0.999410 0.014328
vn -0.018597 -0.999679 0.017183
vn 0.066089 -0.995276 -0.071113
vn 0.123062 0.854216 0.505144
vn 0.514375 0.253697 -0.819180
vn 0.516413 -0.594244 0.616597
vn -0.186000 0.814944 0.548881
vn -0.767522 -0.121796 -0.629345
vn 0.469907 0.020049 -0.882488
vn 0.137035 -0.075008 0.987722
vn 0.414914 0.775503 -0.475858
vn -0.826829 0.555322 0.089283
vn -0.384694 0.209643 -0.898922
vn -0.057144 0.107293 -0.992584
vn 0.110282 0.376221 0.919943
vn 0.276225 0.762520 -0.585032
vn -0.730489 -0.369807 -0.574132
vn 0.297265 -0.014798 -0.954680
vn -0.099368 0.722927 0.683742
vn -0.253017 -0.085392 0.963686
vn -0.068154 0.446000 -0.892435
vn 0.051809 -0.254040 -0.965805
vn 0.169526 -0.013316 0.985436
vn 0.377348 0.128304 -0.917140
vn -0.284659 0.036915 -0.957918
vn 0.772908 -0.067538 -0.630914
vn -0.467704 -0.719391 0.513546
vn 0.358825 0.142277 0.922498
vn 0.908792 -0.414966 0.043584
vn -0.851307 -0.019189 0.524316
vn -0.999381 -0.035125 -0.001857
vn 0.992558 0.121423 -0.009217
vn 0.995794 0.084472 -0.035478
vn 0.887992 -0.184496 0.421226
vn 0.999957 0.005663 -0.007282
vn -0.999684 -0.024882 0.003559
vn 0.633491 0.032192 -0.773080
vn 0.557658 -0.090016 0.825176
vn -0.342278 -0.928418 -0.144519
vn 0.028513 0.997205 -0.069061
vn -0.533327 0.508219 -0.676221
vn 0.033362 -0.998852 -0.034369
vn 0.037004 0.999314 0.001401
vn -0.014929 -0.999484 -0.028437
vn 0.033344 0.999443 -0.001569
vn 0.001172 0.999912 0.013247
vn -0.010014 -0.999878 -0.011979
vn -0.000475 -0.993840 -0.110821
vn -0.136173 0.965897 0.220229
vn -0.591695 -0.442384 0.673938
vn -0.076038 -0.995520 -0.056191
vn 0.031704 0.999474 0.006760
vn -0.023812 -0.999620 -0.013856
vn 0.020603 0.999457 0.025722
vn 0.007428 0.999884 0.013276
vn -0.060598 0.732105 -0.678491
vn 0.004719 -0.999988 0.001396
vn 0.145187 -0.739592 -0.657210
vn -0.738305 -0.506558 -0.445314
vn 0.042093 0.997344 -0.059433
vn 0.217082 -0.899834 -0.378383
vn -0.043298 -0.999054 -0.004048
vn -0.016463 -0.999814 0.010047
vn 0.053891 0.998534 0.005107
vn -0.021604 -0.999748 -0.006137
vn -0.453365 -0.882920 0.122119
vn -0.036841 -0.999077 -0.022076
vn -0.060177 0.759978 -0.647157
vn -0.112808 0.296059 -0.948485
vn 0.617153 0.783001 -0.077662
vn 0.877044 -0.062707 -0.476300
vn 0.107229 -0.266235 0.957925
vn -0.136264 0.306159 0.942178
vn 0.118252 -0.121951 0.985467
vn 0.700149 0.493905 0.515605
vn -0.750440 -0.267383 0.604439
vn 0.933166 0.311025 -0.180178
vn -0.367651 0.239308 0.898646
vn 0.222786 0.049855 -0.973592
vn -0.140831 0.072357 -0.987386
vn 0.430401 0.855379 -0.288240
vn 0.307524 -0.454031 -0.836232
vn -0.859659 0.028067 -0.510096
vn 0.231421 -0.891159 0.390230
vn -0.414164 -0.861517 0.293696
vn 0.310544 -0.940889 -0.135245
vn -0.662819 0.250330 -0.705695
vn -0.183399 -0.749285 -0.636346
vn 0.040769 -0.065527 0.997018
vn -0.242197 -0.036954 0.969523
vn -0.054373 -0.992479 0.109680
vn -0.024482 0.780127 -0.625142
vn -0.234963 0.000553 -0.972004
vn 0.391119 -0.053749 -0.918769
vn 0.719737 -0.068573 -0.690852
vn 0.108837 0.087717 0.990182
vn 0.033618 -0.992796 0.115007
vn 0.943768 -0.315997 -0.097200
vn 0.205865 0.619401 0.757603
vn -0.999647 -0.022635 -0.013911
vn -0.999495 -0.029473 0.011916
vn -0.999844 -0.009500 -0.014875
vn -0.997376 -0.048329 0.053897
vn 0.999953 0.006893 -0.006863
vn -0.999455 -0.029195 0.015427
vn 0.998050 0.032098 -0.053526
vn -0.451495 -0.319604 -0.833070
vn 0.980410 0.164763 -0.107930
vn 0.624086 -0.360356 0.693296
vn -0.999635 -0.022181 -0.015443
vn 0.999749 0.020763 -0.008366
vn -0.999825 -0.000706 -0.018679
vn 0.997920 -0.036562 0.053092
vn 0.999461 -0.032714 -0.002744
vn -0.999728 0.020789 0.010541
vn 0.991513 -0.101199 0.081614
vn -0.039678 -0.921002 -0.387532
vn -0.783190 0.264895 -0.562534
vn 0.223294 -0.931852 -0.285993
vn 0.215387 -0.958737 -0.185556
vn 0.062184 0.784539 -0.616953
vn -0.857279 0.300880 -0.417785
vn -0.207857 0.805479 -0.554977
vn 0.087386 -0.996138 0.008498
vn 0.245882 0.964059 -0.100661
vn 0.301789 -0.951829 -0.054261
vn 0.542654 -0.796017 -0.268112
vn -0.458003 -0.827839 -0.323908
vn 0.217765 0.931993 -0.289770
vn 0.845928 -0.528905 0.068301
vn 0.746112 -0.208345 -0.632384
vn -0.320635 -0.755983 0.570687
vn 0.000150 -0.999303 0.037324
vn -0.020273 0.999709 -0.013052
vn -0.493677 0.625446 -0.604235
vn -0.071326 -0.996192 -0.050139
vn -0.005997 -0.999909 -0.012080
vn -0.022743 0.999627 0.015088
vn 0.071608 -0.974265 -0.213729
vn 0.393699 0.767407 -0.506051
vn -0.709758 0.242952 -0.661225
vn -0.134943 0.986574 -0.091988
vn -0.006333 0.999952 0.007440
vn 0.003566 -0.999922 -0.011995
vn -0.249380 -0.964268 0.089423
vn -0.027506 -0.982137 -0.186144
vn -0.065051 0.797642 0.599613
vn -0.498535 -0.828497 -0.255060
vn 0.564008 -0.330461 -0.756764
vn -0.087760 -0.296620 0.950955
vn 0.456556 0.883325 -0.106274
vn 0.296079 -0.005257 0.955149
vn -0.249358 0.100783 -0.963153
vn 0.584646 0.030716 -0.810707
vn -0.156270 0.271229 0.949745
vn -0.357763 0.052714 -0.932324
vn -0.155225 0.048065 0.986709
vn -0.037807 0.393783 -0.918426
vn 0.266452 0.034136 -0.963244
vn 0.171978 -0.058685 0.983351
vn -0.192134 -0.030372 0.980899
vn -0.240959 -0.147693 0.959232
vn 0.203569 0.036711 -0.978372
vn -0.154414 0.045506 -0.986958
vn -0.248866 0.733567 0.632412
vn 0.589177 -0.737208 0.330748
vn -0.114423 -0.020953 0.993211
vn -0.325045 -0.821105 -0.469183
vn 0.071918 0.057443 -0.995755
vn -0.059633 0.001662 0.998219
vn -0.691669 0.675490 0.255553
vn 0.298416 -0.027560 -0.954038
vn 0.023654 -0.025382 0.999398
vn -0.241981 -0.043892 0.969288
vn -0.026158 0.087029 -0.995862
vn -0.363791 0.524370 0.769865
vn -0.408369 0.908843 -0.085081
vn 0.385544 0.117471 -0.915181
vn -0.581788 0.514696 -0.629771
vn 0.621024 -0.080630 -0.779633
vn 0.832375 -0.456390 -0.314418
vn -0.512674 0.106481 -0.851955
vn -0.919307 -0.129966 0.371462
vn 0.999608 0.021020 0.018472
vn -0.999864 -0.013211 -0.009906
vn -0.999813 -0.006577 -0.018173
vn 0.999851 0.009716 0.014278
vn -0.999829 -0.000713 -0.018506
vn 0.999653 -0.026280 0.001937
vn -0.757257 0.653094 -0.005446
vn -0.934401 -0.025225 -0.355329
vn 0.820376 -0.132707 0.556212
vn 0.339647 0.647617 -0.682079
vn -0.029635 0.958196 0.284573
vn 0.398233 -0.916961 0.024328
vn 0.334034 -0.939784 -0.072295
vn 0.810663 -0.471937 0.346557
vn -0.159356 0.985532 0.057734
vn 0.518045 -0.855330 -0.006240
vn 0.051465 -0.920086 -0.388321
vn -0.013008 0.955556 -0.294522
vn 0.425010 -0.860157 0.281950
vn -0.103160 0.994114 0.033097
vn 0.691819 -0.701834 -0.169750
vn 0.557983 -0.589697 -0.583877
vn -0.098140 -0.632189 0.768574
vn 0.134380 0.920911 0.365876
vn -0.404378 -0.026026 -0.914221
vn -0.139777 0.288231 0.947304
vn -0.939081 0.146327 0.310992
vn 0.887973 0.454415 -0.070793
vn 0.153295 -0.116022 0.981346
vn 0.319057 0.015306 -0.947612
vn 0.214930 -0.046983 0.975499
vn -0.192089 0.064008 -0.979288
vn 0.317705 0.171201 -0.932606
vn -0.267896 0.247118 0.931217
vn 0.201474 -0.054938 0.977952
vn -0.218017 0.020066 0.975739
vn -0.135245 0.150838 0.979263
vn -0.216134 0.064525 -0.974229
vn 0.242045 0.014664 -0.970154
vn -0.221468 -0.723261 0.654100
vn -0.212100 -0.037209 0.976539
vn 0.171939 -0.058839 0.983349
vn 0.199925 0.065444 -0.977623
vn -0.325499 0.929607 0.172862
vn -0.180036 0.011114 0.983597
vn -0.108722 0.100039 -0.989026
vn 0.271085 0.124018 -0.954533
vn 0.640301 0.419761 -0.643285
vn -0.670706 0.658580 0.341212
vn 0.005527 -0.053019 -0.998578
vn 0.026139 0.109775 -0.993613
vn 0.703349 -0.710499 0.022141
vn 0.015966 -0.013604 0.999780
vn -0.219573 -0.109691 0.969410
vn -0.033320 0.071274 -0.996900
vn -0.248701 -0.039036 0.967793
vn -0.023139 0.029451 0.999298
vn 0.265056 0.006827 -0.964209
vn -0.276202 0.818846 0.503193
vn -0.396724 -0.079168 0.914518
vn -0.370315 0.184692 -0.910360
vn 0.623341 -0.027086 -0.781481
vn -0.854631 -0.185460 0.484985
vn 0.998772 0.012941 -0.047822
vn -0.999804 0.011653 -0.015980
vn -0.999459 -0.030310 -0.012770
vn 0.999872 0.006141 0.014773
vn -0.582804 -0.810150 -0.063220
vn 0.999725 -0.012940 -0.019578
vn 0.999543 -0.026188 -0.015099
vn -0.997615 -0.046627 0.050899
vn 0.734673 -0.166214 0.657745
vn -0.920065 -0.341628 -0.191760
vn 0.998852 -0.035688 -0.031954
vn -0.999003 0.042537 -0.013528
vn -0.999772 0.013870 -0.016217
vn 0.975675 -0.193495 -0.103041
vn 0.999624 -0.016365 0.021994
vn -0.999893 -0.010064 -0.010630
vn 0.999002 -0.043824 0.008671
vn -0.996860 -0.010489 -0.078492
vn 0.396439 -0.762491 0.511315
vn 0.239028 0.954453 -0.178563
vn 0.079884 0.996804 -0.000240
vn -0.082371 -0.996583 0.006067
vn 0.064147 0.997157 -0.039539
vn 0.112752 0.991682 0.062077
vn 0.064425 -0.963009 -0.261656
vn 0.002005 0.814155 -0.580644
vn 0.679798 -0.732404 0.038193
vn 0.212531 0.977154 -0.000331
vn -0.029576 -0.999563 0.000078
vn 0.046732 -0.998907 -0.000316
vn 0.525555 0.809851 0.260639
vn -0.140340 -0.950187 -0.278298
vn -0.369569 -0.919089 0.136726
vn 0.155300 0.987639 -0.021233
vn -0.168308 -0.985725 -0.004303
vn 0.183099 0.983034 -0.010915
vn -0.167591 -0.985849 0.003865
vn 0.312967 -0.254599 -0.915003
vn 0.839387 0.052958 -0.540948
vn -0.347953 0.444900 -0.825223
vn 0.084384 0.995982 -0.029992
vn -0.126558 -0.987991 0.088634
vn 0.023277 0.995692 0.089755
vn -0.666841 0.213224 0.714044
vn -0.383549 -0.890733 0.243896
vn -0.124881 -0.565564 -0.815195
vn 0.965638 -0.202653 -0.162711
vn 0.058788 0.401938 0.913778
vn 0.906667 0.402512 0.126247
vn -0.318072 0.788941 0.525740
vn 0.528818 -0.611359 0.588721
vn -0.027307 0.794253 0.606973
vn -0.008577 0.267453 0.963533
vn -0.340586 -0.937125 0.076147
vn 0.213323 -0.364539 0.906424
vn 0.016951 0.868473 0.495446
vn 0.534947 0.843723 0.044298
vn -0.384038 0.060669 -0.921322
vn 0.346415 0.074489 -0.935119
vn -0.484365 -0.027159 0.874444
vn -0.209257 0.129932 0.969190
vn -0.190038 0.046009 -0.980698
vn 0.744411 0.534971 -0.399573
vn 0.155810 -0.071269 0.985213
vn -0.222386 0.003879 0.974951
vn 0.127710 -0.049067 0.990597
vn -0.183592 0.073275 -0.980268
vn 0.232735 0.006216 -0.972520
vn -0.445442 -0.653311 -0.612181
vn -0.021888 -0.329438 -0.943923
vn -0.196176 -0.034869 0.979948
vn 0.174730 -0.050755 0.983307
vn 0.238098 0.052750 -0.969808
vn -0.194458 0.032634 -0.980368
vn -0.211679 -0.038868 0.976566
vn -0.432833 -0.662001 -0.611891
vn 0.218421 0.075112 -0.972960
vn 0.156445 -0.048838 0.986478
vn -0.362703 0.698959 -0.616362
vn -0.140841 0.034044 -0.989447
vn -0.174862 0.011534 0.984525
vn -0.417865 -0.832246 -0.364356
vn -0.114948 0.005645 0.993355
vn 0.294181 -0.937821 0.184255
vn 0.081226 0.015554 -0.996574
vn 0.755761 -0.649438 -0.083997
vn -0.087220 -0.166901 -0.982108
vn 0.271799 -0.036476 -0.961662
vn -0.055981 0.044203 -0.997453
vn -0.376817 -0.381012 0.844298
vn 0.021690 -0.049107 0.998558
vn 0.486176 -0.523563 -0.699653
vn 0.108223 -0.095998 0.989481
vn -0.411877 -0.908968 -0.064306
vn -0.307227 0.061502 -0.949647
vn 0.830275 -0.515536 -0.211817
vn -0.430257 -0.737707 0.520257
vn 0.561304 -0.215491 0.799063
vn -0.993330 0.048211 -0.104740
vn 0.999014 -0.010020 -0.043248
vn 0.462093 0.886809 -0.006396
vn -0.999660 0.016811 -0.019939
vn 0.995207 0.014893 -0.096648
vn 0.999462 -0.018601 0.027013
vn -0.983669 0.129296 0.125215
vn 0.997497 -0.069582 -0.012576
vn 0.886401 -0.216603 0.409117
vn -0.632666 -0.325657 -0.702624
vn 0.029605 0.975589 -0.217598
vn 0.017846 0.997558 -0.067522
vn 0.034867 -0.993196 0.111109
vn 0.727694 0.612326 0.309060
vn 0.077709 -0.965389 -0.248969
vn 0.011741 0.930940 -0.364982
vn 0.342168 0.933524 0.107028
vn 0.229127 0.945864 0.229874
vn 0.004847 -0.999960 0.007559
vn 0.249741 0.920471 -0.300606
vn 0.070096 0.973678 0.216881
vn 0.079053 -0.922266 -0.378387
vn -0.048012 0.797453 -0.601467
vn 0.110921 -0.685271 -0.719792
vn 0.367607 -0.884895 -0.286054
vn -0.053202 -0.998552 0.007983
vn -0.021904 -0.969496 -0.244128
vn 0.027739 0.983917 0.176459
vn 0.023327 -0.943520 -0.330493
vn 0.158702 0.561724 -0.811961
vn 0.243147 -0.925251 0.291188
vn 0.209961 0.935943 -0.282714
vn -0.000209 -0.981459 -0.191674
vn -0.089861 -0.995940 0.005390
vn -0.149107 -0.983655 -0.100941
vn 0.078059 0.991304 0.105942
vn 0.427963 -0.901131 0.069358
vn 0.156485 -0.535347 -0.830009
vn 0.051400 -0.182539 0.981854
vn 0.269541 0.932823 -0.239140
vn 0.263175 0.940592 0.214536
vn 0.291668 0.307815 0.905638
vn 0.282021 -0.438975 -0.853092
vn -0.216116 -0.837803 0.501379
vn 0.801488 -0.250296 0.543110
vn 0.373056 0.921248 -0.110144
vn -0.991062 0.132986 0.010481
vn 0.144573 -0.077534 -0.986452
vn -0.777811 -0.113716 -0.618124
vn 0.605719 -0.536674 0.587440
vn 0.424268 0.831420 -0.358800
vn -0.109119 0.038423 0.993286
vn -0.342177 0.169813 0.924164
vn -0.019020 -0.002193 0.999817
vn -0.309085 0.133089 -0.941676
vn 0.354819 0.039634 -0.934095
vn 0.156770 -0.097969 0.982764
vn -0.122077 0.694436 -0.709124
vn -0.165477 0.087120 -0.982358
vn 0.570236 0.694140 -0.439318
vn 0.165790 -0.059985 0.984335
vn -0.237781 0.018083 0.971150
vn 0.159005 -0.060616 0.985415
vn -0.165311 0.054298 -0.984746
vn -0.128527 0.090040 0.987610
vn -0.190078 0.046002 -0.980691
vn -0.156403 0.861203 0.483599
vn -0.128995 0.017762 0.991486
vn 0.193971 -0.046024 0.979927
vn 0.261944 0.045633 -0.964004
vn 0.292556 -0.001128 -0.956248
vn 0.186782 -0.052843 0.980979
vn -0.075547 -0.065293 -0.995002
vn -0.184396 0.042082 -0.981951
vn 0.350486 -0.494747 -0.795227
vn 0.181086 -0.014951 0.983354
vn -0.242146 -0.047047 0.969098
vn 0.574448 0.742646 0.344218
vn -0.022496 0.323043 0.946117
vn -0.123869 0.024146 -0.992005
vn 0.154031 0.110694 -0.981846
vn 0.104759 -0.080721 0.991216
vn -0.101542 -0.045550 0.993788
vn -0.411961 0.371920 0.831843
vn 0.018515 0.052671 -0.998440
vn -0.097812 -0.008878 0.995165
vn -0.257563 0.809338 0.527856
vn 0.228597 0.015180 -0.973403
vn 0.014008 -0.024740 0.999596
vn -0.246158 -0.012581 0.969148
vn -0.256776 -0.403385 -0.878264
vn 0.280172 -0.050724 -0.958609
vn -0.958026 0.198863 0.206495
vn -0.382100 -0.070631 0.921418
vn 0.430426 0.016470 0.902476
vn 0.669172 -0.056179 -0.740981
vn -0.922865 -0.028906 0.384038
vn -0.891938 0.124576 -0.434658
vn 0.998189 0.016892 0.057739
vn -0.999144 0.010643 -0.039974
vn 0.996871 -0.055909 0.055877
vn -0.989140 -0.006593 0.146831
vn -0.998689 0.050031 -0.010782
vn 0.998324 -0.057332 0.007840
vn -0.997067 -0.014707 -0.075107
vn -0.346197 0.037732 -0.937403
vn 0.875994 -0.433602 -0.211243
vn -0.997057 0.043546 -0.063099
vn 0.986974 -0.094798 0.129980
vn 0.993866 -0.024263 -0.107893
vn 0.998261 -0.016425 0.056609
vn -0.035931 0.972860 -0.228589
vn 0.182865 -0.966762 0.178695
vn 0.018467 0.999822 0.003887
vn 0.463084 0.860785 0.211193
vn 0.076604 -0.963765 -0.255516
vn -0.024880 0.972122 -0.233152
vn 0.004418 -0.960896 0.276876
vn -0.030545 0.993966 -0.105349
vn 0.011753 -0.999860 0.011949
vn -0.017314 0.999051 0.039956
vn 0.168164 -0.962186 -0.214287
vn 0.129144 -0.847698 -0.514520
vn -0.022164 0.890295 -0.454844
vn 0.057155 -0.961792 0.267749
vn -0.016509 0.993195 -0.115290
vn -0.022667 0.998803 0.043344
vn 0.009318 0.986131 0.165709
vn 0.059671 -0.970247 -0.234648
vn 0.073239 -0.857482 -0.509275
vn 0.039958 0.761787 0.646595
vn 0.117214 -0.875918 0.468004
vn 0.088760 -0.951770 0.293694
vn 0.104260 0.982137 0.156640
vn 0.999114 -0.037106 -0.019834
vn 0.133890 -0.596285 -0.791529
vn 0.056070 -0.615130 0.786429
vn 0.239605 -0.948355 -0.207876
vn -0.003354 0.936800 0.349848
vn 0.104526 0.664927 0.739559
vn -0.031066 0.283967 0.958331
vn 0.064344 -0.803470 0.591858
vn 0.008170 0.926761 0.375561
vn 0.025363 -0.306166 -0.951640
vn -0.095994 -0.119174 0.988222
vn 0.046654 0.300306 0.952701
vn 0.134617 -0.020606 -0.990683
vn 0.216315 -0.186942 -0.958259
vn 0.269012 -0.037639 0.962401
vn -0.319004 -0.047368 -0.946569
vn -0.271740 -0.090518 0.958104
vn 0.300635 -0.026572 0.953369
vn -0.233072 0.045698 -0.971385
vn 0.256885 -0.234502 -0.937560
vn 0.214758 -0.175104 -0.960842
vn 0.662371 -0.296481 0.688015
vn -0.659198 -0.448957 -0.603237
vn 0.727414 -0.529507 0.436452
vn -0.569135 -0.053993 0.820470
vn 0.331164 -0.045778 0.942462
vn 0.101239 -0.011149 -0.994800
vn -0.959404 0.171239 -0.224101
vn -0.331551 0.150833 0.931302
vn -0.170190 0.052237 -0.984026
vn -0.183755 0.168617 0.968402
vn 0.160060 -0.060557 0.985248
vn 0.251533 0.067391 -0.965500
vn 0.398368 0.612164 0.683051
vn -0.065084 0.281730 -0.957284
vn -0.241695 -0.046000 0.969261
vn -0.181251 0.144604 -0.972748
vn -0.079230 -0.054804 -0.995349
vn 0.238556 0.047675 -0.969958
vn -0.226515 0.053552 -0.972534
vn -0.229177 -0.039722 0.972574
vn 0.226417 0.057983 -0.972303
vn 0.163503 -0.064115 0.984457
vn 0.236233 0.046625 -0.970577
vn 0.071064 0.074700 -0.994671
vn -0.181966 0.033935 -0.982719
vn -0.200317 -0.073544 0.976967
vn 0.168548 0.701640 -0.692309
vn -0.320743 -0.877379 -0.356832
vn 0.181396 -0.013695 0.983315
vn 0.191059 0.039987 -0.980764
vn -0.149138 0.008235 -0.988782
vn -0.177226 0.581935 0.793689
vn -0.065115 -0.039087 -0.997112
vn -0.174986 0.037908 0.983841
vn 0.058528 -0.922383 -0.381817
vn -0.007468 0.095703 -0.995382
vn -0.007631 -0.108661 0.994050
vn -0.169266 0.804757 -0.568959
vn -0.163109 -0.032378 0.986077
vn 0.011501 -0.051792 0.998592
vn 0.241477 -0.007503 -0.970378
vn -0.046850 0.095684 -0.994309
vn 0.674260 -0.076416 -0.734530
vn 0.109477 0.034792 0.993380
vn -0.374081 0.044545 0.926326
vn -0.470368 0.880807 0.054156
vn 0.545551 -0.148689 -0.824782
vn -0.734858 -0.137934 0.664047
vn 0.798375 -0.570579 0.192449
vn 0.999427 -0.017550 0.028928
vn -0.996763 0.076945 -0.023283
vn 0.986271 -0.071845 0.148688
vn 0.673782 -0.729726 -0.116264
vn 0.172539 -0.954499 0.243232
vn 0.918791 -0.039734 -0.392739
vn -0.998521 0.052706 -0.013375
vn 0.906885 -0.150735 0.393495
vn 0.995576 -0.091576 -0.021044
vn 0.995185 -0.075597 0.062389
vn 0.952882 -0.208466 0.220357
vn 0.991789 -0.126318 -0.019943
vn -0.999742 0.016381 -0.015709
vn 0.983992 -0.150800 0.094967
vn -0.627879 -0.110555 -0.770419
vn -0.000102 0.974688 -0.223568
vn 0.006219 0.936143 0.351564
vn 0.035534 -0.990081 0.135927
vn 0.458239 0.868394 0.189497
vn 0.100677 -0.948538 -0.300233
vn -0.332706 0.911594 0.241460
vn 0.056169 -0.846316 0.529712
vn 0.012609 -0.999858 0.011140
vn 0.107693 -0.534017 -0.838587
vn 0.063533 0.972244 0.225177
vn 0.402594 0.855327 0.326088
vn 0.336621 0.711999 -0.616234
vn 0.023231 0.949877 -0.311758
vn 0.006316 -0.986528 0.163471
vn -0.005927 -0.999431 0.033193
vn 0.122855 -0.975854 -0.180596
vn 0.012789 0.933853 0.357428
vn 0.018275 -0.895269 -0.445151
vn -0.037584 0.861130 -0.506994
vn 0.020876 -0.953537 0.300552
vn -0.005661 0.961279 0.275520
vn 0.307474 -0.943933 -0.120212
vn 0.065914 -0.710111 -0.700997
vn 0.070002 -0.616774 0.784021
vn 0.005231 0.825991 -0.563659
vn -0.021442 0.921127 0.388671
vn 0.059001 -0.616948 -0.784789
vn -0.320023 0.784626 -0.530987
vn 0.023988 -0.833863 0.551450
vn 0.099817 0.960746 0.258850
vn 0.149172 -0.565666 -0.811030
vn 0.049053 0.532017 -0.845312
vn 0.064757 0.456009 0.887616
vn 0.017393 0.292486 -0.956112
vn -0.043121 -0.070172 -0.996602
vn -0.239649 0.048729 0.969636
vn 0.303664 -0.473870 0.826581
vn -0.099664 0.009746 0.994973
vn 0.085041 -0.111153 0.990158
vn 0.193771 0.037534 -0.980329
vn -0.269540 -0.029624 0.962534
vn -0.215452 -0.341386 -0.914897
vn -0.222267 -0.922465 0.315684
vn -0.812819 0.566208 0.136872
vn 0.012527 -0.200559 -0.979601
vn 0.165688 -0.267707 -0.949147
vn 0.166345 0.251257 -0.953519
vn 0.718539 -0.145618 0.680071
vn -0.511935 0.499159 0.699116
vn -0.287444 -0.940473 0.181347
vn 0.618381 -0.433847 0.655273
vn 0.262096 -0.104256 0.959394
vn -0.247100 -0.125254 0.960861
vn -0.179338 0.055117 -0.982242
vn -0.452225 -0.422712 0.785371
vn 0.027257 -0.326327 0.944864
vn 0.257535 0.040507 -0.965420
vn 0.152771 -0.008418 0.988226
vn -0.243331 -0.059698 0.968105
vn 0.146313 -0.069623 0.986785
vn -0.064961 0.026086 -0.997547
vn 0.235169 0.064830 -0.969790
vn -0.192887 0.020250 -0.981012
vn 0.008638 0.349227 0.936998
vn 0.163907 -0.011474 0.986409
vn -0.323295 0.050562 0.944946
vn -0.417771 0.880770 0.222962
vn 0.215483 -0.060244 0.974647
vn 0.162394 -0.132756 -0.977755
vn -0.187866 -0.065980 0.979976
vn -0.180776 0.048373 -0.982334
vn 0.208265 0.039985 -0.977255
vn 0.376852 0.797727 0.470760
vn -0.297552 -0.086817 0.950750
vn 0.343770 -0.019701 0.938847
vn -0.221703 -0.056667 0.973466
vn 0.820745 -0.035390 -0.570197
vn -0.532187 0.528026 0.661790
vn -0.043198 0.018391 -0.998897
vn 0.052349 0.122550 -0.991081
vn 0.111943 -0.046018 0.992649
vn -0.487476 0.384034 -0.784146
vn 0.418329 0.758369 -0.499876
vn -0.012797 -0.114239 0.993371
vn 0.672706 -0.490908 -0.553602
vn -0.951776 -0.202585 0.230393
vn -0.238049 -0.010775 0.971193
vn -0.108293 0.099292 -0.989148
vn 0.235358 -0.034179 -0.971308
vn -0.762327 0.637659 0.110670
vn -0.117400 -0.932317 -0.342055
vn -0.697551 -0.544151 0.466178
vn 0.297657 -0.198133 0.933886
vn 0.087746 -0.995670 0.030691
vn -0.714586 -0.144119 0.684541
vn 0.660989 -0.588639 0.465400
vn -0.994469 0.103705 0.016649
vn 0.988939 -0.148132 0.007465
vn 0.851249 -0.524696 0.008283
vn -0.996699 0.081129 0.003015
vn 0.987400 -0.157007 0.019763
vn -0.999865 0.008310 -0.014180
vn 0.360118 -0.008755 -0.932866
vn -0.549860 -0.749410 -0.368835
vn 0.022884 0.945663 -0.324342
vn 0.175114 -0.970272 -0.167055
vn 0.011270 0.998550 0.052648
vn 0.379685 -0.779354 0.498444
vn 0.043140 -0.964951 -0.258860
vn -0.200381 -0.912107 0.357643
vn -0.063951 0.989071 0.132851
vn -0.023842 0.995570 0.090945
vn -0.008402 -0.997939 -0.063615
vn 0.125642 0.930877 0.343049
vn 0.281231 0.875654 0.392606
vn 0.184627 0.777098 -0.601690
vn 0.020758 0.943770 -0.329951
vn -0.186802 -0.382868 0.904720
vn -0.009790 -0.917796 0.396931
vn 0.031349 -0.995917 -0.084656
vn 0.025471 0.935736 0.351780
vn -0.005139 -0.952542 -0.304365
vn 0.201331 0.394184 0.896708
vn 0.006115 -0.940758 0.339024
vn 0.019663 0.948426 0.316389
vn 0.145615 -0.955329 -0.257183
vn 0.114813 0.092816 0.989042
vn 0.108372 0.868369 -0.483933
vn 0.259473 -0.853121 -0.452613
vn 0.123281 0.662919 0.738472
vn -0.015640 0.802915 -0.595889
vn 0.041360 -0.778530 0.626242
vn 0.121166 0.878547 0.462033
vn 0.733652 -0.659434 -0.164019
vn 0.449527 -0.446684 0.773562
vn 0.056168 -0.750496 0.658483
vn 0.003257 0.622997 0.782218
vn -0.048460 0.515726 -0.855382
vn 0.014122 0.084641 -0.996311
vn -0.447959 0.746551 0.491929
vn 0.071401 0.188691 0.979437
vn -0.129799 -0.090123 0.987436
vn 0.053029 -0.013796 -0.998498
vn -0.129408 -0.021134 0.991366
vn -0.091104 -0.035384 -0.995213
vn -0.060103 -0.079539 0.995018
vn 0.105320 -0.051484 0.993105
vn 0.047971 0.304339 -0.951355
vn 0.198576 0.648062 -0.735243
vn 0.046601 -0.097459 -0.994148
vn 0.160331 -0.106827 0.981266
vn 0.270380 0.053240 -0.961281
vn -0.227133 -0.046573 0.972749
vn -0.126847 -0.000548 -0.991922
vn -0.992673 0.119079 -0.020496
vn 0.476776 0.129716 0.869401
vn 0.371428 0.534712 -0.759029
vn -0.462704 -0.126266 -0.877475
vn 0.531663 -0.217245 -0.818620
vn 0.808081 0.046438 -0.587238
vn -0.537049 0.337638 0.773032
vn 0.261072 -0.384275 0.885536
vn 0.330217 0.238027 -0.913400
vn 0.222297 -0.057073 0.973307
vn -0.243793 0.379189 -0.892626
vn -0.159566 0.063267 -0.985158
vn -0.251398 -0.041887 0.966977
vn 0.468189 0.581006 0.665756
vn 0.058624 -0.557401 0.828171
vn 0.150250 -0.046329 0.987562
vn 0.351991 0.002391 0.936000
vn 0.230023 0.029796 -0.972729
vn -0.174714 0.039269 -0.983836
vn 0.250984 0.061491 -0.966036
vn 0.184733 0.006864 0.982765
vn -0.221275 -0.037456 0.974492
vn 0.387615 0.363322 -0.847202
vn 0.206464 0.032916 -0.977900
vn -0.216725 0.005081 0.976219
vn 0.171280 -0.016183 0.985090
vn 0.254466 0.090533 -0.962835
vn -0.172650 0.030212 -0.984520
vn 0.207708 0.083875 -0.974588
vn 0.524572 0.142336 0.839384
vn -0.210828 -0.043843 0.976540
vn 0.168138 0.004293 0.985754
vn 0.476549 -0.391358 0.787235
vn -0.046213 0.046671 -0.997841
vn 0.099356 0.077580 -0.992023
vn 0.448173 0.854272 0.263363
vn -0.629535 0.722419 -0.286000
vn 0.900765 -0.002447 -0.434300
vn 0.002613 -0.060276 0.998178
vn -0.255504 -0.031684 0.966289
vn -0.117848 -0.148586 -0.981852
vn 0.241696 -0.010726 -0.970293
vn -0.626132 -0.605851 0.490819
vn -0.927177 -0.116557 0.356029
vn -0.243612 0.206043 -0.947734
vn 0.113490 -0.981628 0.153381
vn 0.292886 0.245131 0.924191
vn -0.474655 -0.879589 0.032037
vn -0.477279 0.663499 0.576172
vn 0.610709 -0.784371 -0.108612
vn -0.992997 0.057467 -0.103217
vn 0.499508 0.865527 0.036804
vn 0.731486 -0.680834 -0.037333
vn -0.967400 0.239845 -0.081306
vn 0.938669 -0.343129 -0.034097
vn 0.173203 -0.958623 -0.225924
vn -0.597965 -0.794819 0.103444
vn 0.111966 0.921365 -0.372223
vn 0.994984 0.052921 -0.084889
vn -0.959853 -0.063279 -0.273273
vn -0.458123 -0.848712 -0.264220
vn -0.862463 0.420493 -0.281679
vn -0.849269 -0.508471 0.142128
vn 0.012169 -0.999891 -0.008328
vn -0.559249 -0.262905 0.786207
vn 0.002028 -0.995629 0.093376
vn 0.152060 -0.335653 -0.929632
vn 0.018583 0.992443 0.121288
vn 0.029119 -0.966286 -0.255821
vn -0.003776 0.927348 -0.374181
vn -0.036384 -0.928968 0.368366
vn -0.308198 -0.935732 0.171521
vn -0.092044 0.956678 0.276214
vn 0.022077 -0.955769 -0.293289
vn 0.236206 0.763187 -0.601459
vn 0.654121 -0.581141 0.484149
vn 0.058445 -0.994467 0.087287
vn -0.001361 0.999792 0.020348
vn 0.203521 -0.762942 0.613595
vn 0.040189 -0.961241 -0.272763
vn 0.044872 -0.839265 -0.541868
vn 0.016942 0.841256 -0.540371
vn 0.005893 -0.932741 0.360499
vn 0.039802 0.954841 0.294438
vn 0.101148 -0.814430 -0.571378
vn -0.000491 0.772820 -0.634625
vn 0.313683 -0.598817 -0.736900
vn 0.002724 0.649897 0.760018
vn 0.128259 -0.557414 0.820268
vn 0.030052 -0.762872 0.645851
vn 0.113381 -0.708712 -0.696327
vn 0.040944 0.583610 0.811001
vn 0.011533 0.509318 -0.860501
vn 0.112029 0.784118 -0.610417
vn 0.115171 -0.705735 -0.699052
vn 0.182271 0.535633 0.824545
vn -0.027660 -0.467676 0.883467
vn 0.073559 -0.369065 -0.926488
vn -0.671243 0.673427 -0.309725
vn 0.091314 -0.292009 -0.952047
vn -0.297432 0.775163 -0.557365
vn 0.452478 -0.807458 0.378517
vn 0.316321 -0.908538 -0.272948
vn 0.080021 0.058568 0.995071
vn -0.247485 0.002081 0.968890
vn -0.128138 0.046237 -0.990678
vn 0.086204 -0.825252 0.558146
vn -0.113773 0.043902 -0.992536
vn 0.117083 0.045955 -0.992058
vn 0.110888 -0.056710 0.992214
vn 0.134013 0.001740 -0.990978
vn -0.051702 0.086836 -0.994880
vn 0.171481 -0.213116 0.961861
vn 0.899806 -0.237959 -0.365683
vn -0.334853 0.042969 0.941290
vn 0.223972 0.039747 0.973785
vn 0.072124 -0.008210 0.997362
vn 0.046583 0.094808 -0.994405
vn -0.884280 0.125221 -0.449854
vn -0.041505 0.004335 -0.999129
vn 0.360885 0.323933 -0.874545
vn -0.291320 0.483178 0.825634
vn -0.194415 -0.069050 -0.978486
vn 0.396968 0.153733 -0.904866
vn 0.295029 0.247235 -0.922948
vn 0.263101 -0.076086 0.961763
vn 0.228414 0.089457 -0.969445
vn -0.040620 0.569290 0.821133
vn -0.251462 -0.026055 0.967516
vn -0.178007 0.043484 -0.983068
vn 0.263791 0.067134 -0.962241
vn 0.158362 -0.026337 0.987030
vn -0.179065 0.035483 -0.983197
vn 0.228933 0.048178 -0.972249
vn -0.171912 0.018722 -0.984934
vn 0.728053 -0.650408 0.216585
vn -0.076470 0.126274 0.989044
vn -0.233000 -0.036230 0.971802
vn 0.526744 0.086443 0.845617
vn -0.294508 -0.107397 0.949595
vn 0.176331 -0.023427 0.984052
vn 0.089022 -0.164567 -0.982340
vn -0.199205 -0.061872 0.978003
vn -0.175681 0.029986 -0.983990
vn 0.207912 0.074274 -0.975323
vn 0.454844 0.095965 0.885386
vn 0.416144 0.585878 -0.695393
vn 0.197073 0.029215 0.979953
vn 0.854165 0.145498 -0.499232
vn 0.152817 -0.005779 0.988238
vn -0.898504 0.417807 -0.134640
vn -0.041086 0.067987 -0.996840
vn -0.472085 0.500695 -0.725562
vn -0.095783 0.030668 0.994930
vn 0.269367 0.594608 0.757551
vn 0.174727 0.024235 -0.984319
vn -0.018925 0.068595 -0.997465
vn 0.259007 -0.012347 -0.965797
vn 0.064169 -0.083764 0.994417
vn -0.430787 0.105969 0.896211
vn -0.034848 0.168122 -0.985150
vn -0.431431 -0.776977 -0.458448
vn 0.113698 -0.954938 -0.274163
vn 0.524792 -0.671242 0.523477
vn -0.813321 0.544357 -0.205386
vn 0.744669 -0.531920 -0.403149
vn -0.626379 0.741349 0.240939
vn 0.724295 -0.667804 -0.171567
vn -0.783984 0.620652 -0.012625
vn 0.814441 0.580234 -0.003738
vn 0.949263 0.211246 -0.232971
vn 0.183694 0.455198 -0.871235
vn -0.816404 0.556909 -0.152766
vn -0.487870 0.164510 -0.857275
vn 0.748472 -0.619091 0.237731
vn -0.010118 0.994554 -0.103727
vn -0.000651 -0.999816 0.019150
vn -0.016460 -0.992681 -0.119635
vn 0.058963 0.960136 -0.273242
vn 0.094377 -0.994682 0.041238
vn -0.009558 0.999954 0.000278
vn 0.086485 -0.991503 0.097173
vn 0.031341 -0.961455 -0.273169
vn 0.022509 0.924580 -0.380322
vn 0.045457 -0.970242 0.237833
vn 0.184072 -0.921305 0.342513
vn -0.007031 -0.928003 -0.372506
vn 0.062993 -0.908352 -0.413436
vn 0.262524 -0.814280 0.517715
vn 0.138548 0.989672 0.036795
vn 0.041504 -0.974229 0.221708
vn 0.361341 -0.913449 0.187201
vn 0.020264 0.998910 0.042043
vn 0.095260 -0.919560 -0.381228
vn 0.061856 -0.790208 -0.609709
vn 0.002368 0.783604 -0.621256
vn 0.226649 0.916261 -0.330296
vn 0.081956 0.948357 0.306433
vn 0.089520 -0.797524 -0.596609
vn -0.036665 -0.197639 -0.979589
vn 0.029637 0.750038 0.660731
vn 0.107608 -0.353102 0.929376
vn 0.052262 -0.771317 0.634302
vn 0.291005 0.950189 -0.111615
vn 0.040909 0.485532 0.873261
vn -0.003498 0.564971 -0.825103
vn 0.144473 -0.737700 0.659490
vn 0.041358 0.769646 0.637130
vn 0.090521 -0.379017 -0.920952
vn -0.018500 -0.852646 0.522162
vn 0.074501 -0.351718 -0.933137
vn -0.041647 0.496115 -0.867257
vn 0.045296 0.149566 0.987714
vn -0.018055 -0.640797 0.767498
vn 0.156466 -0.393190 -0.906046
vn -0.085382 0.320360 -0.943440
vn -0.024757 0.228017 0.973342
vn 0.042181 0.219114 -0.974787
vn 0.008540 0.782347 0.622785
vn -0.011231 0.135016 0.990780
vn 0.137051 -0.733692 0.665517
vn -0.105286 0.264895 -0.958512
vn -0.048830 0.015696 -0.998684
vn -0.159146 -0.041251 0.986393
vn 0.303336 -0.186691 0.934416
vn 0.243142 -0.177407 -0.953629
vn 0.140715 -0.072841 0.987367
vn 0.093747 0.048329 -0.994422
vn 0.113476 -0.063658 0.991499
vn 0.112803 -0.148563 -0.982448
vn 0.108365 -0.170927 0.979306
vn -0.152655 0.011670 -0.988211
vn -0.173568 -0.156000 0.972388
vn 0.262028 0.229662 0.937335
vn -0.088792 -0.356479 0.930074
vn -0.239788 -0.069055 0.968366
vn 0.113547 -0.144006 0.983041
vn 0.710742 -0.273798 0.647982
vn -0.741107 0.059304 -0.668762
vn 0.887413 0.231175 0.398818
vn 0.742123 -0.469265 0.478585
vn 0.494117 0.093674 -0.864334
vn -0.609416 0.089554 0.787777
vn -0.444428 -0.510252 -0.736293
vn 0.275347 0.051304 -0.959975
vn 0.194086 -0.039576 0.980186
vn -0.253270 -0.002992 0.967391
vn -0.194318 -0.038019 -0.980201
vn 0.256506 0.079769 -0.963245
vn 0.169438 0.038659 0.984782
vn -0.198451 0.027653 -0.979721
vn -0.260571 -0.050832 0.964116
vn 0.157544 0.013506 0.987420
vn 0.040304 -0.169464 0.984712
vn -0.702685 -0.367863 -0.609025
vn -0.080169 -0.038376 0.996042
vn 0.170896 -0.022415 0.985034
vn 0.440047 0.897788 0.018321
vn -0.262884 -0.847776 0.460617
vn -0.233188 -0.022254 0.972177
vn -0.145058 0.001946 0.989421
vn -0.177899 -0.010438 -0.983993
vn 0.228576 0.090625 -0.969299
vn -0.219708 0.005952 0.975547
vn 0.434169 -0.606917 0.665694
vn 0.232133 0.074837 -0.969801
vn -0.183462 0.009403 -0.982982
vn -0.213986 -0.019946 0.976633
vn 0.157193 -0.092069 0.983267
vn 0.418436 0.867858 -0.267831
vn 0.039899 -0.022295 0.998955
vn -0.107585 -0.033176 0.993642
vn -0.006993 0.004980 -0.999963
vn 0.026464 0.050326 -0.998382
vn 0.123601 0.188399 0.974284
vn 0.580913 0.490641 -0.649471
vn 0.306580 -0.111259 -0.945320
vn 0.401862 0.902118 0.157133
vn -0.556382 0.316549 0.768268
vn -0.930863 -0.364512 -0.024978
vn -0.038594 -0.632408 0.773673
vn -0.223980 -0.723538 -0.652936
vn 0.642689 -0.643194 -0.416237
vn 0.702479 -0.671428 -0.236024
vn -0.850902 0.441262 -0.285051
vn -0.694576 -0.624258 -0.357585
vn -0.752412 -0.639208 0.159027
vn -0.599452 0.751049 0.276735
vn 0.715884 -0.682296 -0.148261
vn -0.810713 0.575661 0.106578
vn 0.867999 -0.496522 -0.006649
vn -0.810978 0.585062 -0.004150
vn 0.840500 -0.541649 0.013267
vn -0.761275 0.646174 -0.054041
vn -0.727104 0.552746 -0.407176
vn 0.527933 -0.812408 0.247548
vn 0.002946 0.991556 -0.129645
vn 0.555269 -0.228742 0.799596
vn 0.090281 -0.971124 -0.220835
vn 0.248638 0.852108 -0.460533
vn 0.021832 0.976450 -0.214636
vn -0.032570 0.999426 0.009294
vn 0.139606 0.959321 0.245384
vn 0.032540 -0.952729 -0.302075
vn 0.038008 0.835440 -0.548265
vn 0.831728 0.175543 -0.526700
vn -0.023620 0.997572 -0.065508
vn -0.037012 -0.998674 0.035786
vn -0.017094 0.986479 0.162996
vn 0.272192 -0.921811 -0.276001
vn 0.077463 0.862134 0.500724
vn -0.031474 -0.763423 0.645132
vn 0.159536 0.958893 -0.234673
vn 0.042652 -0.980618 0.191233
vn 0.166603 -0.942177 -0.290769
vn 0.418859 -0.763912 -0.490913
vn 0.145760 0.881300 0.449515
vn 0.016660 0.773052 -0.634124
vn 0.162193 -0.927035 0.338083
vn 0.091873 0.934292 0.344468
vn 0.052234 -0.744690 -0.665364
vn -0.029830 -0.969480 0.243348
vn 0.007408 0.727419 0.686154
vn 0.023347 0.523137 -0.851929
vn 0.040813 0.777455 -0.627612
vn 0.269494 0.845646 0.460711
vn 0.017162 0.484614 0.874560
vn -0.010716 0.528242 -0.849026
vn 0.020120 -0.657219 0.753431
vn 0.013144 0.693335 0.720495
vn 0.013735 0.462592 0.886465
vn 0.015101 0.487893 -0.872773
vn 0.036813 -0.608177 0.792947
vn 0.081638 -0.344009 -0.935411
vn -0.031247 0.457639 -0.888589
vn 0.049046 -0.301531 -0.952194
vn 0.014512 -0.401293 0.915835
vn -0.024922 0.236615 0.971284
vn -0.077741 0.137755 -0.987411
vn 0.141949 0.962519 -0.231103
vn -0.192623 -0.840300 -0.506746
vn 0.012372 -0.023570 0.999646
vn 0.032880 -0.206186 0.977960
vn 0.077198 0.013136 -0.996929
vn 0.132744 0.253268 0.958245
vn 0.066312 -0.222259 0.972730
vn 0.019755 -0.189614 0.981660
vn 0.005545 -0.114824 0.993370
vn -0.203856 -0.425653 0.881625
vn -0.064025 -0.126348 -0.989918
vn 0.076665 -0.320214 -0.944238
vn 0.148349 -0.001551 -0.988934
vn -0.132051 0.970970 0.199448
vn -0.159392 -0.092266 0.982894
vn 0.141527 0.032485 0.989401
vn -0.102870 -0.175442 -0.979100
vn 0.078262 0.633476 0.769794
vn 0.123595 0.030169 -0.991874
vn -0.109496 0.083854 -0.990444
vn 0.084090 0.335549 0.938262
vn -0.266583 0.035405 -0.963161
vn -0.092710 0.095890 -0.991065
vn 0.227402 0.043221 0.972841
vn 0.134125 0.775225 -0.617281
vn -0.139980 -0.040019 -0.989345
vn 0.134755 -0.295573 0.945768
vn 0.054328 0.005294 0.998509
vn 0.425136 -0.409190 0.807356
vn -0.030387 -0.608451 -0.793009
vn 0.437408 0.471676 -0.765634
vn -0.381511 0.102564 0.918657
vn -0.412927 0.102758 -0.904949
vn 0.431255 0.256125 -0.865112
vn 0.099339 0.734347 -0.671466
vn 0.154484 -0.079916 0.984758
vn 0.250321 0.302977 -0.919535
vn -0.200663 -0.077725 -0.976572
vn -0.229999 0.142213 0.962744
vn 0.001855 0.454347 0.890823
vn -0.416271 -0.270019 -0.868221
vn -0.241509 -0.057856 0.968672
vn 0.145392 -0.030784 0.988895
vn -0.253072 -0.118186 -0.960201
vn 0.693073 0.400439 -0.599415
vn 0.144893 0.042301 0.988543
vn 0.638021 0.765517 0.083140
vn 0.117128 -0.058104 0.991416
vn 0.350573 0.352532 -0.867652
vn -0.300566 -0.276829 -0.912702
vn -0.283332 -0.061693 0.957035
vn 0.241517 0.009959 0.970345
vn 0.247055 0.172989 -0.953435
vn -0.208892 -0.021292 0.977707
vn -0.300345 -0.237237 -0.923857
vn 0.265243 0.120916 -0.956570
vn -0.188046 -0.093740 0.977677
vn 0.833769 -0.344315 0.431599
vn -0.167730 -0.018182 0.985665
vn -0.218763 -0.156040 -0.963221
vn 0.194392 0.144323 -0.970249
vn 0.085692 -0.147081 0.985405
vn -0.056815 0.012852 0.998302
vn -0.327172 0.169237 0.929687
vn 0.147616 0.246130 -0.957930
vn -0.306584 -0.099480 0.946631
vn 0.110581 -0.105506 0.988251
vn 0.068838 -0.164874 -0.983910
vn -0.021103 0.296645 -0.954754
vn -0.736834 0.470940 0.485069
vn 0.246411 -0.911528 -0.329240
vn 0.460419 -0.769725 0.442196
vn -0.127759 -0.224085 0.966159
vn 0.101011 -0.974758 -0.199107
vn 0.964323 0.104597 -0.243188
vn 0.711676 -0.610290 0.347943
vn -0.615955 0.667385 -0.418565
vn 0.862396 -0.458350 -0.214914
vn -0.852223 0.503785 0.141124
vn 0.907942 -0.417533 -0.036164
vn 0.504682 0.863236 0.010991
vn -0.865310 0.151635 -0.477750
vn 0.938149 -0.345702 -0.019140
vn -0.751659 0.643437 -0.144903
vn -0.000241 0.995252 -0.097330
vn 0.033887 0.998297 0.047484
vn -0.008480 -0.997078 -0.075915
vn 0.078350 0.963095 -0.257506
vn 0.119097 -0.990567 0.067775
vn 0.005506 0.999979 0.003510
vn 0.421087 0.373588 0.826509
vn 0.008873 -0.950906 -0.309353
vn -0.035832 -0.933949 0.355606
vn -0.108895 0.945427 -0.307100
vn 0.006661 0.996003 0.089075
vn -0.152574 -0.884455 0.440977
vn -0.030942 -0.950229 -0.310013
vn 0.160712 0.734446 -0.659363
vn 0.209095 -0.870087 -0.446349
vn 0.043880 0.986300 -0.159021
vn -0.055986 -0.962955 0.263787
vn 0.259556 0.310645 0.914402
vn 0.141345 -0.970094 -0.197330
vn 0.072284 -0.727711 -0.682065
vn -0.042629 -0.781533 0.622405
vn 0.193673 0.752989 -0.628887
vn 0.257017 0.963941 -0.068996
vn 0.056858 0.783536 0.618740
vn 0.296066 -0.761294 0.576867
vn 0.091837 -0.910722 0.402681
vn 0.113876 0.933340 0.340454
vn 0.790663 0.232898 0.566225
vn -0.021850 -0.768240 0.639788
vn 0.270426 0.675808 0.685678
vn -0.011985 0.529610 -0.848156
vn 0.009412 0.749843 -0.661549
vn 0.086068 -0.748353 -0.657693
vn -0.019219 0.426200 -0.904425
vn -0.004986 -0.704261 0.709924
vn 0.028340 0.663532 0.747611
vn 0.011324 0.326656 0.945076
vn 0.030653 0.387538 -0.921344
vn 0.056947 -0.620303 0.782292
vn 0.089490 -0.490607 -0.866773
vn 0.133016 0.281352 0.950341
vn 0.003621 -0.427420 0.904046
vn 0.192783 -0.501780 -0.843239
vn -0.076443 0.168301 -0.982767
vn 0.047988 -0.199662 -0.978689
vn -0.199125 -0.767842 -0.608907
vn 0.206409 0.970262 0.126439
vn -0.018683 -0.506688 0.861927
vn 0.001920 0.376154 0.926555
vn -0.052631 0.209988 -0.976286
vn 0.208687 -0.884740 0.416755
vn 0.024602 -0.132730 0.990847
vn 0.129874 0.991529 -0.001539
vn -0.267019 -0.962312 0.051547
vn 0.073878 0.093524 -0.992872
vn 0.010202 0.017287 0.999799
vn 0.034691 -0.031140 0.998913
vn -0.039026 0.140654 0.989289
vn -0.054789 0.218406 0.974319
vn -0.025249 -0.426484 0.904142
vn 0.103403 -0.073219 -0.991941
vn -0.054081 -0.069741 0.996098
vn -0.075563 0.228432 -0.970623
vn -0.165664 -0.044609 0.985173
vn 0.109003 0.338309 0.934701
vn 0.135655 0.014479 -0.990650
vn -0.122421 0.094319 -0.987986
vn 0.201575 0.483216 -0.851980
vn -0.105367 0.039389 -0.993653
vn -0.124671 -0.050884 0.990892
vn -0.100768 0.032667 -0.994373
vn 0.102244 -0.037170 0.994065
vn -0.145784 0.003540 0.989310
vn -0.122755 -0.053766 -0.990980
vn 0.269100 0.032099 -0.962577
vn -0.205156 0.025237 0.978404
vn 0.188498 0.103801 0.976572
vn 0.255165 -0.811165 0.526214
vn 0.777614 -0.320964 0.540647
vn -0.450113 0.813928 -0.367314
vn -0.869420 0.183733 0.458640
vn 0.608791 0.367504 -0.703075
vn -0.231777 0.113303 0.966148
vn -0.400911 -0.313676 -0.860743
vn 0.310739 0.143589 -0.939587
vn -0.345289 0.124674 0.930178
vn -0.030423 0.092915 0.995209
vn 0.827542 0.176343 -0.532989
vn -0.528121 -0.633315 0.565686
vn 0.645305 0.619980 0.446325
vn -0.912618 0.114859 -0.392346
vn -0.630701 -0.621696 -0.464447
vn 0.059672 -0.283950 0.956980
vn 0.166315 0.102312 0.980750
vn 0.160174 0.969987 -0.182944
vn -0.189337 -0.967828 -0.165713
vn -0.291598 -0.955274 -0.049216
vn -0.140238 -0.268725 0.952953
vn 0.207999 0.958084 -0.197006
vn -0.005600 -0.638114 0.769922
vn 0.338779 0.275191 0.899721
vn -0.096069 -0.778434 -0.620331
vn 0.186927 0.864205 -0.467126
vn 0.632407 0.774296 -0.022984
vn -0.643853 -0.760330 0.085739
vn -0.274997 -0.717678 0.639777
vn 0.309592 0.923870 -0.224983
vn -0.408273 -0.854251 0.321820
vn -0.617242 -0.565092 -0.547433
vn 0.375828 0.814359 0.442236
vn 0.575909 0.816319 -0.044188
vn -0.471351 -0.849962 -0.235358
vn -0.576212 -0.437218 0.690521
vn -0.460832 -0.748096 0.477478
vn 0.423567 0.627236 -0.653580
vn -0.639176 -0.332218 -0.693604
vn 0.537414 0.787857 -0.300778
vn -0.269557 -0.069856 0.960447
vn 0.347531 0.069987 0.935053
vn 0.045103 0.778122 -0.626492
vn -0.565272 0.089211 0.820066
vn -0.349596 -0.418891 -0.838041
vn -0.281398 -0.235932 0.930135
vn 0.218071 -0.056788 0.974279
vn 0.452785 0.141978 0.880243
vn -0.174626 -0.074806 0.981789
vn 0.177531 0.408424 -0.895362
vn -0.786111 -0.617773 0.019665
vn 0.020058 -0.146185 0.989054
vn -0.633897 -0.285920 -0.718626
vn 0.070612 -0.726209 0.683838
vn 0.053106 0.582931 -0.810784
vn 0.445771 -0.337953 -0.828900
vn 0.798033 -0.481129 -0.362846
vn 0.400745 -0.667973 -0.627069
vn 0.249503 -0.562828 0.788018
vn -0.716368 0.571739 0.399913
vn 0.971465 0.235065 0.031623
vn -0.771649 0.263991 -0.578676
vn 0.494461 -0.759102 0.423405
vn 0.866837 -0.446751 -0.221376
vn -0.889432 0.426800 0.163562
vn 0.779738 -0.057813 -0.623432
vn 0.944848 -0.327506 0.001115
vn -0.868576 0.489822 -0.075174
vn -0.459106 0.227251 -0.858824
vn 0.683114 -0.649435 0.334050
vn 0.029539 0.997797 -0.059403
vn -0.032862 -0.975798 0.216190
vn 0.033011 0.997505 0.062397
vn 0.156497 -0.961731 0.224905
vn 0.025000 0.953264 -0.301103
vn -0.070855 0.882347 0.465236
vn 0.006258 0.998593 0.052667
vn -0.023458 -0.989560 -0.142199
vn 0.015185 -0.932218 -0.361578
vn 0.141278 -0.722250 0.677049
vn 0.933102 0.271565 -0.235738
vn -0.017431 0.999739 -0.014735
vn -0.113664 -0.963706 0.241560
vn -0.009677 -0.991716 -0.128088
vn 0.150741 -0.715672 -0.681976
vn 0.027885 0.808565 -0.587746
vn 0.523613 -0.656838 0.542580
vn 0.039397 -0.984718 0.169644
vn 0.082962 0.994262 0.067538
vn 0.187280 -0.872021 -0.452222
vn 0.015703 -0.788415 -0.614944
vn 0.008956 0.791613 -0.610957
vn -0.019020 -0.927971 0.372167
vn 0.027737 0.931959 0.361500
vn 0.010237 -0.676247 -0.736604
vn 0.108528 0.674001 -0.730715
vn 0.132245 0.937563 -0.321692
vn 0.053213 0.931328 0.360272
vn 0.085359 -0.701262 -0.707775
vn -0.070102 -0.868902 0.489994
vn 0.027457 0.644805 0.763854
vn -0.051222 0.192788 0.979903
vn 0.037824 -0.420623 0.906447
vn 0.297777 0.166998 0.939915
vn -0.014696 0.420873 -0.907000
vn -0.089949 0.536709 -0.838959
vn 0.056391 -0.327455 -0.943183
vn 0.025493 0.393091 -0.919146
vn 0.106642 0.802352 -0.587247
vn 0.082238 -0.412881 -0.907064
vn 0.000916 0.193922 0.981017
vn -0.179141 -0.980838 0.076585
vn 0.055632 -0.367399 -0.928398
vn 0.067905 -0.117431 -0.990757
vn 0.007018 -0.340667 0.940158
vn 0.023448 0.011692 0.999657
vn 0.001173 -0.341949 0.939718
vn 0.332201 -0.080689 0.939751
vn -0.043732 0.226428 -0.973046
vn 0.099931 -0.242477 -0.964997
vn 0.013076 -0.167944 0.985710
vn 0.082467 0.289282 -0.953685
vn 0.006695 -0.146632 0.989169
vn 0.249775 0.932495 -0.260894
vn 0.020543 -0.076461 0.996861
vn -0.039586 -0.113316 0.992770
vn 0.027683 -0.037110 0.998928
vn 0.118405 0.064309 -0.990881
vn -0.062686 -0.053474 -0.996600
vn -0.026864 -0.194120 0.980610
vn -0.124500 0.538214 0.833562
vn 0.042409 0.141744 0.988994
vn 0.092573 0.608503 -0.788133
vn 0.004868 0.321843 0.946781
vn -0.094248 -0.115728 -0.988799
vn -0.013307 0.085792 0.996224
vn -0.011298 -0.689755 -0.723954
vn -0.001165 0.619788 0.784768
vn -0.449619 -0.708752 -0.543611
vn -0.152418 -0.416499 0.896269
vn 0.062848 0.122885 0.990429
vn -0.001303 -0.104018 0.994575
vn 0.187603 0.019247 -0.982056
vn 0.013979 0.709564 -0.704502
vn -0.128699 0.011034 0.991622
vn 0.082921 -0.078927 0.993426
vn 0.114099 -0.026868 -0.993106
vn 0.307618 -0.948374 0.077186
vn 0.044570 -0.161622 0.985846
vn -0.136211 0.125473 0.982702
vn 0.737871 -0.014302 0.674790
vn 0.241893 -0.036504 -0.969616
vn -0.625247 0.017958 0.780220
vn 0.497527 0.748346 0.438687
vn 0.537565 -0.535085 0.651697
vn -0.476886 -0.783711 -0.397966
vn -0.165995 0.754291 0.635209
vn 0.464439 -0.079961 0.881988
vn -0.700557 -0.579138 -0.416917
vn 0.542565 0.828830 -0.136613
vn -0.422504 -0.582779 -0.694161
vn 0.088761 0.800861 -0.592235
vn -0.665556 0.141728 0.732767
vn -0.012161 -0.291857 0.956385
vn 0.160400 0.978542 0.129334
vn 0.115836 0.992427 0.040877
vn -0.026601 -0.998771 -0.041828
vn -0.109002 -0.993656 -0.027673
vn 0.112029 0.993566 0.016629
vn -0.074443 -0.997212 0.005070
vn 0.269635 0.730395 -0.627551
vn -0.347560 -0.129906 0.928616
vn -0.105834 0.575761 0.810739
vn 0.120771 0.988799 0.087693
vn 0.183054 0.981788 0.050829
vn -0.096520 -0.994491 -0.040878
vn -0.094711 -0.995407 -0.013988
vn 0.134254 0.990808 0.016589
vn -0.047721 -0.998352 0.031888
vn 0.346133 0.923015 0.168030
vn 0.474209 0.660287 0.582363
vn -0.921040 -0.296964 -0.251990
vn 0.148404 0.988336 0.034171
vn -0.161612 -0.985875 -0.043957
vn -0.085879 -0.996191 0.015093
vn 0.469230 -0.804397 -0.364374
vn 0.208862 0.977875 0.011688
vn 0.043217 -0.992508 0.114277
vn 0.306163 0.951323 0.035347
vn -0.094657 -0.681475 0.725694
vn -0.062672 0.983119 0.171898
vn 0.128211 0.991163 0.034030
vn 0.020551 -0.999082 -0.037576
vn -0.254941 -0.931710 0.258693
vn 0.959707 0.261203 0.103612
vn 0.286960 0.957937 0.003365
vn -0.193211 -0.981019 0.016467
vn 0.310848 0.942780 -0.120581
vn 0.096278 -0.947940 0.303546
vn 0.631750 0.773054 0.057273
vn -0.595748 -0.796621 -0.102371
vn 0.464641 0.882992 0.066589
vn -0.400026 -0.915195 0.048951
vn 0.307663 -0.880055 0.361729
vn 0.447392 0.894332 0.003253
vn -0.040291 -0.990992 0.127720
vn 0.536882 0.832268 0.138155
vn -0.662831 -0.737212 -0.131051
vn 0.758593 0.651167 0.022767
vn -0.510186 -0.859317 -0.035847
vn 0.981014 -0.185593 -0.056272
vn 0.586346 -0.806923 -0.071233
vn 0.628665 0.777648 -0.006679
vn -0.496602 -0.853860 -0.155916
vn -0.932024 0.002510 0.362388
vn -0.813407 0.523016 -0.254603
vn 0.344385 0.932989 0.104550
vn -0.660024 -0.746829 -0.081325
vn 0.712175 0.701755 0.018595
vn 0.842000 0.310196 -0.441378
vn 0.839463 0.541374 -0.047070
vn 0.169999 -0.829978 -0.531260
vn -0.472001 -0.881469 -0.015123
vn 0.616374 -0.786018 0.047522
vn -0.427248 -0.894594 0.130999
vn -0.734259 0.678541 0.021132
vn -0.861823 -0.413781 -0.293339
vn 0.791865 0.564372 0.233311
vn -0.871041 -0.476534 -0.119177
vn 0.842912 0.308394 -0.440900
vn 0.909663 0.220381 -0.352058
vn 0.819329 0.557970 -0.131794
vn -0.522650 -0.721700 0.453856
vn 0.546508 0.568467 0.614959
vn -0.670441 -0.588331 -0.452080
vn 0.774070 0.554520 -0.305488
vn -0.749553 -0.451782 0.483800
vn -0.443898 -0.518144 0.731082
vn 0.843344 0.531829 -0.076997
vn -0.957068 0.219520 -0.189294
vn 0.533440 0.712862 -0.455269
vn -0.659510 0.200601 0.724434
vn 0.232939 0.116497 0.965488
vn -0.647248 0.706042 -0.287358
vn -0.085398 -0.296364 0.951250
vn -0.362406 -0.598473 -0.714488
vn 0.173792 0.606974 -0.775487
vn -0.344135 -0.781501 0.520410
vn 0.048384 0.399877 0.915291
vn -0.246272 -0.470112 0.847552
vn -0.431374 -0.432907 0.791523
vn -0.083085 0.960029 0.267283
vn 0.212310 -0.894320 0.393847
vn 0.514229 -0.326568 -0.793046
vn 0.763608 -0.505854 -0.401267
vn -0.795431 0.297254 -0.528138
vn 0.727202 -0.578543 -0.369411
vn 0.838490 -0.309931 0.448193
vn -0.365377 0.730280 0.577227
vn -0.602693 -0.797814 -0.015912
vn 0.782766 -0.448411 0.431515
vn -0.841932 0.325589 0.430282
vn -0.010940 0.997669 0.067361
vn -0.204176 0.953177 0.223084
vn -0.521575 0.838941 -0.155361
vn 0.093916 0.995579 -0.001223
vn -0.874347 0.257709 -0.411221
vn 0.031765 0.995681 -0.087233
vn 0.023127 -0.994349 0.103607
vn 0.021216 -0.992405 -0.121166
vn 0.134103 0.958410 -0.251925
vn 0.151301 -0.737194 0.658523
vn -0.032317 -0.999477 0.000933
vn 0.080614 0.989070 0.123460
vn 0.211295 0.931874 0.294898
vn 0.077446 0.980029 -0.183152
vn 0.087577 -0.394997 0.914499
vn -0.023247 -0.997066 0.072926
vn -0.090443 -0.994211 0.058003
vn 0.006160 -0.954210 -0.299074
vn 0.307368 0.754712 -0.579598
vn 0.081271 0.929276 -0.360334
vn -0.224112 0.782295 0.581196
vn -0.044515 -0.964227 0.261312
vn 0.155187 -0.827778 0.539167
vn 0.146297 0.916051 0.373426
vn 0.036281 -0.825562 -0.563144
vn -0.044425 -0.740661 0.670409
vn 0.021392 0.942687 -0.332993
vn 0.399528 -0.883481 -0.244619
vn -0.010255 -0.757183 -0.653122
vn 0.027811 -0.845894 0.532625
vn 0.011100 -0.922330 0.386243
vn 0.141050 0.949584 0.279991
vn 0.083092 -0.691040 -0.718025
vn -0.079786 0.869939 -0.486663
vn 0.192041 0.943961 -0.268435
vn -0.054511 -0.710180 0.701906
vn 0.038824 0.559142 0.828162
vn 0.062264 0.385547 -0.920585
vn -0.032422 -0.964269 0.262933
vn 0.070517 -0.044475 -0.996519
vn -0.022092 -0.401468 0.915607
vn -0.033032 -0.670551 0.741128
vn 0.024342 0.421425 0.906537
vn 0.032866 0.365451 -0.930250
vn 0.020255 -0.517263 0.855587
vn 0.068603 -0.276371 -0.958599
vn 0.035075 -0.159192 -0.986624
vn -0.023639 0.371169 -0.928264
vn 0.036742 -0.315895 -0.948082
vn 0.058810 -0.116018 -0.991505
vn -0.173531 -0.961897 -0.211285
vn 0.021325 0.380077 0.924709
vn -0.376407 -0.867312 -0.325710
vn 0.178509 -0.913486 -0.365620
vn -0.020908 -0.408229 0.912640
vn 0.145530 0.954285 -0.261078
vn -0.046236 0.018104 0.998766
vn 0.034659 -0.195998 0.979992
vn -0.043955 0.055672 -0.997481
vn 0.062559 0.137639 -0.988505
vn 0.015451 0.001011 0.999880
vn 0.249674 -0.792145 -0.556929
vn -0.502407 0.462793 -0.730349
vn 0.099808 0.478251 -0.872533
vn -0.068363 -0.174940 -0.982203
vn 0.004259 0.076192 0.997084
vn -0.071395 -0.208172 -0.975483
vn 0.085132 0.369341 -0.925386
vn -0.068495 -0.214933 -0.974224
vn 0.087445 0.426996 -0.900016
vn 0.004022 0.008951 0.999952
vn 0.109862 -0.896592 0.429014
vn -0.106430 -0.403836 -0.908619
vn -0.051872 -0.445358 0.893849
vn -0.038048 -0.401929 -0.914880
vn -0.045272 -0.473916 0.879406
vn 0.003832 -0.530948 -0.847395
vn 0.048811 0.589151 -0.806547
vn 0.153796 0.680735 0.716203
vn -0.550759 -0.294866 0.780845
vn -0.064295 0.452084 -0.889655
vn 0.021930 -0.554914 -0.831619
vn 0.032625 0.840114 -0.541428
vn 0.024627 -0.121642 0.992269
vn 0.058979 -0.348537 -0.935437
vn -0.161749 0.982506 -0.092294
vn -0.516921 -0.221326 -0.826926
vn -0.257521 0.109632 0.960033
vn -0.097708 -0.995187 -0.007472
vn 0.205854 0.945431 -0.252555
vn -0.755668 0.489989 0.434600
vn 0.062632 -0.967355 0.245562
vn 0.263690 -0.963936 0.035979
vn -0.031850 0.999454 -0.008811
vn 0.074939 -0.996719 0.030588
vn 0.067349 -0.997694 0.008460
vn 0.028549 0.948243 -0.316258
vn 0.078816 -0.864448 0.496506
vn -0.597281 -0.798766 0.072307
vn 0.944764 -0.316558 0.084923
vn 0.185027 0.982732 0.001824
vn 0.587876 0.808879 -0.010815
vn -0.256746 -0.966476 0.002385
vn 0.926081 0.139504 -0.350588
vn 0.079631 -0.731474 0.677204
vn 0.513185 0.227637 0.827540
vn -0.540749 -0.712960 0.446406
vn 0.832114 0.552163 0.051973
vn 0.877244 -0.140862 0.458912
vn 0.444959 0.894689 -0.039287
vn -0.405485 -0.914101 0.000950
vn 0.562052 0.826879 -0.019201
vn -0.315064 -0.897625 0.308226
vn -0.404543 -0.842632 -0.355411
vn 0.056760 0.989713 0.131324
vn -0.254139 -0.966563 -0.034194
vn 0.093313 0.995380 0.022611
vn -0.274686 -0.961515 -0.006045
vn -0.011413 0.999735 0.020011
vn 0.690103 -0.713394 -0.121764
vn -0.787643 -0.575373 0.220376
vn 0.165581 0.979142 0.117748
vn -0.815660 -0.578186 0.020009
vn 0.469060 -0.883110 -0.009989
vn -0.166459 -0.986010 -0.008654
vn 0.119411 0.992634 0.020479
vn -0.110834 -0.993438 0.028238
vn -0.100093 0.994803 0.018659
vn 0.987990 0.142793 -0.059048
vn 0.842209 0.538680 -0.022546
vn -0.866656 -0.435629 -0.243176
vn 0.836765 0.527578 0.146582
vn -0.891550 -0.446837 -0.073994
vn 0.930578 0.364578 -0.033287
vn -0.521765 -0.329117 -0.787047
vn -0.834966 -0.297458 -0.462981
vn 0.838331 0.523708 -0.151428
vn -0.816515 -0.518295 0.254310
vn 0.907855 0.294563 0.298384
vn 0.929296 -0.294798 -0.222495
vn 0.866760 -0.483495 -0.122315
vn -0.913116 -0.240615 -0.329127
vn 0.929546 0.326237 -0.171794
vn 0.332963 0.673128 -0.660329
vn 0.109359 -0.990300 0.085716
vn 0.611313 0.591697 -0.525538
vn -0.428172 -0.739128 -0.519959
vn 0.451738 0.374979 -0.809520
vn -0.302438 0.939370 0.161599
vn 0.523601 0.594549 0.610208
vn -0.710463 -0.286065 -0.642969
vn -0.272685 -0.169346 0.947082
vn 0.926811 0.358872 -0.110595
vn 0.705277 -0.467462 0.532976
vn 0.033704 0.621912 -0.782362
vn 0.178340 0.579866 0.794953
vn -0.218101 -0.543387 0.810656
vn 0.092351 0.295342 0.950918
vn 0.965886 0.233983 -0.110978
vn -0.087795 0.168022 -0.981866
vn -0.911115 -0.193706 0.363795
vn 0.557456 -0.391769 -0.731956
vn -0.178119 -0.981103 -0.075567
vn 0.081550 -0.794316 0.602006
vn 0.826381 -0.321776 0.462120
vn -0.849606 0.267241 0.454699
vn -0.849295 0.267466 -0.455149
vn 0.786084 -0.446551 0.427393
vn 0.545510 0.838090 0.004860
vn -0.974143 0.042121 0.221971
vn -0.955815 0.274757 0.104530
vn 0.991499 -0.122842 0.042896
vn -0.895164 0.400688 0.195269
vn -0.919708 0.270036 -0.284987
vn 0.032818 0.996709 -0.074122
vn -0.015927 -0.999869 -0.002984
vn -0.008509 -0.953315 -0.301856
vn 0.075232 0.958648 -0.274471
vn 0.100311 0.985293 -0.138332
vn -0.114600 0.992624 0.039554
vn 0.098563 0.978865 0.179189
vn 0.007515 -0.954434 -0.298329
vn 0.037672 0.753813 -0.656008
vn 0.014335 0.985920 -0.166600
vn 0.021480 0.998062 0.058406
vn -0.084584 -0.972570 0.216686
vn -0.089695 0.432341 0.897238
vn 0.488313 0.505959 -0.711024
vn 0.095787 0.947882 -0.303883
vn 0.009210 0.999373 -0.034191
vn -0.055186 -0.981272 0.184554
vn 0.013534 -0.918543 0.395090
vn 0.699388 0.467572 0.540586
vn 0.025503 -0.839389 -0.542932
vn 0.019066 0.772611 -0.634593
vn 0.126635 -0.983138 0.131920
vn 0.042767 0.945393 0.323116
vn -0.028904 -0.799488 -0.599986
vn 0.097145 0.497525 -0.861993
vn 0.151411 -0.940584 0.303936
vn 0.250523 0.879549 0.404514
vn 0.126652 0.516421 0.846917
vn 0.028790 0.712843 -0.700732
vn 0.079242 -0.872312 -0.482485
vn 0.989899 -0.072218 0.122004
vn -0.064140 -0.995506 0.069675
vn 0.077732 0.685321 0.724081
vn 0.035720 -0.492769 0.869426
vn 0.033071 0.688502 -0.724480
vn 0.077747 -0.054863 -0.995462
vn 0.017178 0.415130 -0.909600
vn -0.062460 0.585588 -0.808199
vn 0.032008 0.411739 0.910740
vn 0.074680 -0.029092 -0.996783
vn 0.074696 0.562053 -0.823721
vn 0.026547 0.379050 0.924995
vn -0.083490 -0.252258 0.964051
vn 0.038748 -0.290739 -0.956018
vn 0.021390 -0.139397 -0.990006
vn -0.151381 -0.902512 -0.403182
vn 0.006134 0.284781 0.958573
vn 0.011849 -0.120191 -0.992680
vn -0.139552 0.936441 -0.321875
vn 0.028521 -0.133596 -0.990625
vn -0.027929 -0.265566 0.963688
vn 0.002126 0.044393 0.999012
vn -0.050777 -0.038413 -0.997971
vn 0.075774 0.300413 -0.950795
vn -0.001686 -0.129014 0.991641
vn -0.013324 -0.039270 0.999140
vn -0.070067 -0.288107 -0.955031
vn 0.042774 0.131224 -0.990430
vn 0.005634 0.010148 0.999933
vn -0.021282 -0.166736 0.985772
vn -0.098879 0.041223 -0.994245
vn 0.052587 0.241715 -0.968921
vn 0.012588 0.139391 0.990157
vn 0.007006 0.017170 0.999828
vn -0.608134 -0.163993 -0.776711
vn 0.168973 -0.575075 -0.800461
vn -0.068416 -0.296199 -0.952673
vn -0.060912 -0.596363 0.800401
vn -0.040882 -0.365061 0.930086
vn 0.034249 0.348473 0.936693
vn 0.079716 0.533265 -0.842184
vn 0.028630 -0.312478 0.949493
vn 0.020268 0.353054 0.935383
vn -0.038919 -0.588306 0.807701
vn -0.060655 -0.431769 0.899943
vn 0.019511 0.432181 0.901576
vn 0.065778 0.742061 -0.667097
vn -0.076482 -0.478439 0.874784
vn 0.024275 0.503698 0.863539
vn 0.053422 0.814729 -0.577375
vn 0.037060 0.573525 -0.818350
vn -0.106640 -0.892341 -0.438583
vn -0.081253 -0.848883 0.522298
vn 0.020031 0.385200 -0.922616
vn -0.022697 0.664788 0.746687
vn -0.054427 0.859366 0.508456
vn 0.043363 0.828365 -0.558509
vn 0.048926 0.586233 -0.808664
vn 0.037295 0.629494 0.776110
vn -0.078963 -0.907863 -0.411764
vn -0.150894 0.256692 0.954641
vn -0.033342 -0.666149 -0.745073
vn -0.104370 -0.936694 -0.334233
vn -0.311035 -0.912833 0.264561
vn -0.050004 0.561821 -0.825746
vn 0.002216 0.559328 0.828944
vn -0.013595 -0.994210 -0.106587
vn -0.012739 0.990666 0.135715
vn 0.102631 0.994700 -0.006157
vn 0.885886 -0.010574 -0.463783
vn -0.016772 0.999379 -0.030992
vn -0.082213 0.907510 -0.411907
vn -0.096263 -0.859481 0.502021
vn -0.130224 0.613737 0.778697
vn -0.255707 -0.916516 -0.307591
vn -0.195294 0.730089 0.654852
vn -0.044752 0.998951 -0.009720
vn 0.162958 -0.786887 0.595191
vn 0.027775 -0.999371 -0.022038
vn -0.196118 0.946513 -0.256223
vn -0.050773 -0.897384 0.438319
vn 0.083916 0.949067 0.303695
vn -0.008245 -0.999772 -0.019720
vn -0.082102 0.996550 -0.012155
vn 0.057280 -0.966366 0.250710
vn 0.007181 0.870258 0.492544
vn 0.036190 -0.980896 0.191135
vn 0.963215 0.264281 -0.048706
vn -0.958819 -0.281690 0.036288
vn 0.857068 0.438985 0.269678
vn -0.856118 0.410737 -0.313621
vn -0.001271 -0.997390 -0.072195
vn 0.314848 -0.832424 -0.456006
vn -0.081174 -0.243720 -0.966443
vn -0.903738 -0.371868 0.212067
vn 0.820668 0.365106 0.439547
vn 0.846806 0.506389 0.162756
vn -0.957343 0.045409 -0.285363
vn 0.883680 -0.017053 -0.467782
vn -0.815694 -0.542660 0.200408
vn 0.100336 0.080203 -0.991716
vn -0.892322 0.049271 -0.448703
vn 0.644621 0.546723 -0.534377
vn -0.834319 0.385240 0.394337
vn 0.036846 0.576584 0.816206
vn 0.715375 0.698663 0.010427
vn -0.521728 0.845727 -0.112009
vn -0.053573 0.926946 -0.371351
vn 0.066277 0.434789 0.898090
vn -0.242931 -0.120166 -0.962572
vn -0.334563 -0.434146 0.836412
vn 0.139946 0.279567 0.949872
vn 0.144555 -0.010478 -0.989441
vn -0.947888 -0.002786 0.318592
vn 0.458035 -0.047283 -0.887676
vn 0.393380 -0.658599 0.641482
vn 0.332309 -0.583555 0.740969
vn 0.922958 -0.119842 -0.365768
vn -0.875719 0.142031 0.461458
vn -0.825516 -0.116540 -0.552216
vn 0.936170 -0.017374 -0.351117
vn -0.971995 0.099065 0.213099
vn -0.869001 0.133303 0.476517
vn 0.993540 -0.106176 0.040073
vn -0.987707 0.155809 0.012583
vn -0.494362 0.821343 0.284608
vn -0.890969 0.058669 -0.450258
vn -0.981512 -0.164118 0.098483
vn -0.043693 0.034778 -0.998439
vn 0.998932 -0.026199 0.038069
vn -0.997709 -0.017343 -0.065397
vn 0.989144 0.116463 -0.089613
vn 0.099494 0.947813 -0.302903
vn 0.052587 0.992099 -0.113901
vn -0.017613 -0.998872 -0.044096
vn 0.066645 0.996703 -0.046288
vn -0.020668 0.926623 -0.375425
vn -0.099895 -0.967865 -0.230777
vn 0.029685 0.998622 -0.043288
vn -0.008073 -0.982758 -0.184721
vn 0.008642 -0.940290 -0.340266
vn 0.143816 0.859415 -0.490635
vn 0.002270 -0.954138 0.299359
vn -0.059933 0.979387 -0.192899
vn -0.080987 -0.996687 -0.007494
vn -0.014105 -0.978910 -0.203806
vn 0.203866 0.948093 0.244045
vn 0.062993 -0.803539 -0.591910
vn 0.039814 0.853124 -0.520186
vn 0.064023 -0.961589 0.266924
vn -0.003496 -0.996051 0.088719
vn 0.157204 0.987216 -0.026307
vn 0.684954 -0.499254 -0.530644
vn 0.072145 0.784132 0.616387
vn 0.010706 -0.723825 0.689900
vn 0.203856 -0.943697 0.260534
vn 0.038890 0.930823 0.363395
vn -0.007013 -0.708323 -0.705854
vn 0.021325 -0.915714 0.401264
vn 0.139455 -0.884543 -0.445124
vn 0.055378 -0.732808 -0.678179
vn 0.044373 0.556680 -0.829541
vn -0.006125 -0.773599 0.633646
vn 0.059514 0.659549 0.749302
vn -0.033354 0.243388 -0.969355
vn -0.167545 -0.951414 -0.258341
vn 0.060924 0.625016 0.778231
vn -0.030609 0.373919 -0.926956
vn -0.102320 -0.770864 0.628728
vn 0.130707 0.298559 0.945399
vn 0.001549 -0.423561 0.905866
vn 0.226136 0.229288 -0.946726
vn 0.220584 0.212435 0.951953
vn -0.031611 -0.488298 0.872104
vn 0.038530 -0.355324 -0.933949
vn 0.008046 -0.220505 -0.975353
vn -0.014981 0.431734 -0.901877
vn 0.011912 0.296696 0.954898
vn -0.004165 -0.157154 -0.987565
vn -0.035581 -0.347281 0.937086
vn 0.238738 -0.501981 -0.831276
vn 0.013373 -0.090897 -0.995770
vn -0.143119 -0.903782 -0.403356
vn 0.017121 -0.099732 -0.994867
vn 0.000253 0.235672 -0.971833
vn 0.006864 0.012706 0.999896
vn -0.024771 -0.192769 0.980931
vn 0.010621 -0.028680 0.999532
vn -0.507906 0.553775 -0.659821
vn 0.141980 0.989187 0.036760
vn -0.029435 0.011072 -0.999505
vn 0.034853 0.121904 -0.991930
vn 0.000088 0.029992 0.999550
vn -0.013106 -0.167541 0.985778
vn -0.128027 0.058143 -0.990065
vn -0.091435 -0.455965 0.885289
vn 0.020619 0.231854 -0.972532
vn 0.001743 0.152051 0.988371
vn -0.040016 -0.396936 0.916974
vn -0.031557 -0.214343 0.976249
vn -0.710265 0.334016 -0.619642
vn 0.029824 0.520495 -0.853344
vn 0.034538 0.301312 -0.952900
vn -0.784493 0.586451 0.201608
vn -0.031464 -0.503644 0.863338
vn -0.033403 -0.368057 0.929203
vn -0.168040 0.622366 0.764476
vn 0.020679 0.732572 -0.680375
vn -0.410750 0.058779 0.909851
vn -0.070944 -0.453589 -0.888383
vn 0.039211 -0.651286 0.757818
vn 0.017044 0.241644 0.970215
vn 0.065692 0.629745 -0.774019
vn -0.171984 -0.709527 -0.683368
vn -0.039253 -0.669741 0.741557
vn -0.258982 -0.697608 -0.668036
vn -0.101194 -0.854785 -0.509021
vn 0.072339 0.755478 -0.651168
vn -0.271150 -0.749117 -0.604402
vn -0.103625 -0.908789 -0.404183
vn -0.148348 -0.900569 0.408618
vn -0.292429 -0.099935 0.951051
vn -0.120937 -0.747942 -0.652653
vn -0.104778 -0.927823 -0.358003
vn 0.078338 0.944446 -0.319195
vn -0.040171 -0.778846 0.625927
vn -0.037555 0.803427 0.594217
vn -0.424120 0.903275 0.064925
vn -0.149896 -0.965992 -0.210692
vn 0.028999 0.984737 -0.171615
vn -0.830424 0.555251 0.045751
vn 0.079578 0.808840 -0.582620
vn -0.109833 -0.939055 -0.325749
vn 0.040485 0.964088 0.262478
vn 0.079772 -0.990934 0.108107
vn -0.015530 0.977656 0.209639
vn -0.057226 -0.984443 0.166126
vn 0.037368 0.946471 -0.320618
vn -0.855036 0.188404 0.483133
vn -0.099457 0.784914 0.611571
vn -0.048734 0.964689 0.258845
vn -0.447814 -0.890557 -0.079811
vn -0.748643 0.581540 -0.318347
vn -0.108880 -0.992687 0.052136
vn -0.083590 -0.932258 0.352006
vn 0.026612 0.497411 0.867107
vn -0.115313 0.984621 0.131240
vn 0.049008 -0.997039 0.059253
vn -0.205884 -0.923136 -0.324702
vn -0.084238 -0.996013 -0.029356
vn -0.168238 0.956398 -0.238744
vn 0.889653 0.390067 0.237412
vn 0.982416 -0.182586 -0.039003
vn -0.844875 -0.387284 -0.369049
vn -0.971691 -0.220007 0.086107
vn 0.790271 0.137871 0.597046
vn 0.610165 -0.155572 0.776850
vn 0.977368 -0.193524 -0.085443
vn 0.994144 -0.089042 0.061224
vn 0.961976 -0.116566 -0.247010
vn -0.076023 -0.513667 -0.854615
vn -0.854093 -0.259977 0.450486
vn -0.849375 0.051462 -0.525274
vn 0.864251 -0.017941 0.502742
vn 0.890107 0.099817 -0.444687
vn -0.988836 -0.141429 0.046925
vn 0.114747 0.983944 0.136704
vn -0.425940 0.620808 -0.658158
vn 0.212957 0.969019 0.125107
vn -0.691542 0.263108 0.672713
vn 0.086508 0.386022 -0.918424
vn 0.245743 0.751185 0.612643
vn -0.388317 0.118102 0.913927
vn -0.198485 -0.238804 0.950566
vn 0.227567 0.302778 -0.925494
vn 0.121551 -0.305540 0.944389
vn 0.587113 -0.669130 -0.455591
vn 0.111828 -0.556943 0.822988
vn -0.763567 -0.593930 -0.253401
vn 0.074559 -0.784948 0.615059
vn 0.868359 -0.127633 -0.479231
vn 0.852423 -0.381352 0.357694
vn -0.871168 -0.333902 0.359966
vn 0.872548 -0.000393 0.488528
vn -0.896381 -0.091236 -0.433794
vn 0.907543 -0.156022 -0.389900
vn -0.890161 -0.140179 0.433547
vn -0.990798 -0.130804 0.034788
vn 0.996348 0.077086 0.036729
vn -0.978868 -0.052297 -0.197694
vn 0.875390 -0.428657 -0.223487
vn 0.077748 0.973498 -0.215074
vn 0.037338 -0.998603 0.037376
vn 0.039075 0.998988 -0.022265
vn 0.007650 -0.983616 -0.180111
vn -0.047028 -0.949187 0.311179
vn -0.033450 -0.997951 0.054543
vn 0.000773 0.951362 -0.308074
vn -0.004940 -0.493816 -0.869552
vn 0.064695 0.951757 0.299955
vn 0.196461 -0.786116 0.586024
vn 0.095989 -0.994872 0.031881
vn -0.093930 -0.978562 -0.183284
vn 0.039261 0.998955 -0.023378
vn -0.067976 -0.994419 -0.080685
vn -0.007224 -0.921359 -0.388647
vn 0.019712 0.852645 -0.522118
vn 0.000557 -0.985710 0.168448
vn 0.026732 0.987331 -0.156407
vn -0.035193 -0.984614 0.171164
vn 0.038283 0.982126 0.184288
vn 0.171023 -0.985250 -0.005742
vn 0.134603 -0.857269 -0.496963
vn -0.049698 -0.862617 0.503411
vn 0.105252 0.352854 -0.929740
vn 0.091811 0.957105 0.274809
vn 0.040959 -0.731829 -0.680256
vn 0.018712 0.285463 -0.958207
vn 0.127487 0.941418 0.312217
vn 0.193216 0.624354 0.756868
vn 0.075671 0.612606 -0.786758
vn -0.008380 -0.732245 0.680990
vn 0.153252 0.813945 -0.560363
vn -0.030925 -0.553783 0.832087
vn -0.038316 -0.833263 0.551548
vn 0.177022 -0.326901 0.928331
vn 0.129666 -0.123645 -0.983818
vn 0.265177 0.550859 -0.791350
vn 0.182399 0.768758 0.612978
vn -0.018143 -0.113309 -0.993394
vn -0.010525 -0.447582 0.894181
vn 0.219988 0.923445 -0.314411
vn 0.034179 0.497051 0.867048
vn -0.033474 -0.293236 -0.955454
vn -0.056569 -0.463412 0.884336
vn 0.193912 0.149986 0.969486
vn 0.032448 0.189121 0.981418
vn -0.004729 0.228426 -0.973550
vn 0.106785 -0.420620 -0.900930
vn 0.045754 0.093854 0.994534
vn -0.070013 -0.479735 0.874615
vn 0.070072 -0.339184 -0.938106
vn 0.004626 -0.130343 -0.991458
vn -0.085162 -0.173082 0.981219
vn 0.007628 -0.145044 -0.989396
vn -0.323075 -0.080717 0.942925
vn 0.189782 0.795770 0.575094
vn -0.854976 0.515477 0.057439
vn 0.274755 0.927563 0.253252
vn -0.069159 0.347078 -0.935283
vn 0.003554 -0.053162 0.998580
vn -0.048020 -0.369618 -0.927942
vn 0.006013 0.218215 -0.975882
vn -0.014974 -0.061208 0.998013
vn -0.076901 -0.365094 0.927789
vn 0.001573 -0.355979 0.934493
vn 0.034176 0.044489 -0.998425
vn -0.041701 -0.134074 -0.990094
vn 0.028646 -0.301480 0.953042
vn 0.021786 0.144696 -0.989236
vn -0.277251 0.945402 -0.171310
vn -0.018366 -0.320041 0.947226
vn -0.000052 0.009214 0.999958
vn -0.011198 0.175911 0.984342
vn 0.003743 -0.354530 0.935037
vn -0.036176 -0.249540 0.967689
vn -0.047283 -0.385128 -0.921651
vn 0.555661 0.256336 -0.790906
vn -0.024879 0.457537 0.888842
vn 0.128787 0.511378 -0.849651
vn -0.035875 0.548877 0.835133
vn 0.057183 0.580993 -0.811897
vn -0.214300 -0.608992 -0.763679
vn -0.667753 0.222322 0.710408
vn -0.028854 -0.583089 0.811895
vn -0.225084 -0.246562 -0.942626
vn -0.077180 -0.783367 -0.616749
vn 0.061265 0.663516 -0.745649
vn -0.044959 -0.294619 -0.954557
vn 0.033663 0.961855 0.271480
vn -0.096007 -0.961161 0.258750
vn -0.073740 -0.656793 0.750457
vn 0.054090 0.685700 0.725871
vn -0.047056 -0.865433 -0.498809
vn -0.008140 -0.866730 0.498712
vn 0.095439 0.756045 -0.647524
vn -0.015702 0.701408 0.712587
vn -0.333169 0.900423 -0.279708
vn -0.099271 -0.959072 -0.265190
vn 0.063941 0.942937 -0.326773
vn -0.026721 -0.698735 0.714881
vn 0.058412 0.865432 0.497610
vn -0.073396 -0.983941 -0.162706
vn -0.063818 0.974848 -0.213539
vn -0.124633 -0.918247 0.375884
vn 0.086222 0.825115 -0.558347
vn 0.050103 0.909776 0.412065
vn -0.065640 -0.989725 -0.127025
vn 0.055000 0.994832 0.085342
vn 0.074705 0.995471 -0.058787
vn -0.042002 0.959158 -0.279734
vn -0.128255 -0.943030 0.306993
vn -0.061811 -0.863881 0.499889
vn 0.046174 0.939854 0.338442
vn 0.071047 0.980206 0.184791
vn 0.035374 0.997568 -0.060059
vn 0.083595 -0.987197 -0.135844
vn 0.123703 0.925022 -0.359211
vn 0.070929 0.941372 -0.329829
vn -0.019391 0.967855 0.250760
vn -0.057874 -0.998212 -0.014932
vn -0.028705 -0.977898 0.207104
vn -0.366289 -0.279274 0.887603
vn -0.200852 -0.901176 0.384109
vn -0.166814 -0.725470 0.667732
vn 0.033628 0.993714 0.106780
vn -0.054944 -0.996811 0.057872
vn -0.134883 -0.959712 0.246495
vn 0.342749 0.923015 0.174835
vn -0.986030 0.111963 -0.123325
vn 0.991091 -0.105407 0.081412
vn -0.999107 0.020669 0.036864
vn 0.991594 -0.030402 -0.125763
vn -0.939888 -0.047157 0.338211
vn 0.835276 0.035202 0.548702
vn -0.113201 0.991180 -0.068904
vn -0.051511 0.976359 0.209928
vn 0.931778 -0.006828 -0.362965
vn 0.858530 0.128500 -0.496401
vn 0.661953 0.616898 -0.425740
vn -0.418907 0.556314 -0.717657
vn -0.596877 0.651655 -0.468064
vn -0.798982 0.433154 0.417140
vn -0.758144 0.553450 -0.344835
vn 0.624776 -0.122775 0.771091
vn -0.734012 0.212466 0.645046
vn -0.175507 -0.226230 0.958132
vn -0.407877 0.811604 -0.418252
vn -0.297672 -0.136802 0.944816
vn 0.134060 0.398633 -0.907260
vn 0.078808 -0.772430 0.630192
vn -0.487577 -0.510881 0.708004
vn 0.348582 0.651607 0.673721
vn 0.302461 0.412798 -0.859136
vn -0.338846 -0.545851 0.766309
vn 0.667757 -0.413134 0.619209
vn -0.331332 -0.544119 -0.770814
vn 0.972916 -0.016642 -0.230560
vn -0.888549 -0.177878 0.422895
vn 0.835455 0.090926 0.541984
vn -0.846972 -0.381820 -0.369934
vn 0.826052 0.416216 -0.380003
vn -0.704197 -0.439569 0.557571
vn -0.901193 -0.287374 0.324450
vn -0.542061 0.017688 0.840153
vn 0.939877 0.340377 0.027848
vn 0.891974 0.426623 0.149586
vn -0.239890 -0.617425 0.749159
vn -0.865592 -0.374095 -0.332873
vn 0.905334 0.316231 -0.283492
vn -0.582489 -0.778430 0.233993
vn -0.964011 -0.247433 0.097261
vn 0.953596 0.299958 0.026061
vn -0.648961 -0.383476 0.657112
vn -0.880087 -0.443098 -0.170620
vn 0.025945 0.991215 -0.129688
vn 0.043423 0.996184 0.075714
vn -0.025540 -0.995056 -0.095977
vn 0.057704 0.925263 -0.374912
vn 0.042483 0.984931 -0.167648
vn 0.013462 0.999909 0.000451
vn 0.066724 0.981639 0.178697
vn 0.004867 -0.967160 -0.254121
vn 0.008283 -0.901979 0.431701
vn 0.483143 0.718501 -0.500328
vn -0.048199 -0.996948 0.061415
vn 0.067397 0.997065 -0.036332
vn -0.037747 -0.993128 -0.110782
vn -0.004481 -0.937514 -0.347918
vn -0.109362 -0.915603 0.386925
vn 0.062990 0.932079 -0.356738
vn 0.007421 -0.998825 0.047892
vn 0.031320 0.999483 0.007223
vn -0.006641 -0.998119 -0.060952
vn 0.023390 -0.940323 -0.339478
vn 0.117300 0.799142 0.589587
vn -0.032522 0.891661 -0.451533
vn -0.029165 -0.958820 0.282514
vn 0.042005 0.946739 0.319250
vn 0.334624 0.923401 0.188036
vn 0.084214 0.784656 -0.614185
vn 0.494008 0.661232 0.564559
vn 0.797184 0.279229 0.535283
vn 0.091830 -0.898583 -0.429087
vn 0.077465 -0.574878 0.814564
vn 0.061089 0.944333 -0.323269
vn 0.064540 -0.555480 -0.829021
vn 0.043831 0.565192 -0.823794
vn -0.028406 -0.813229 0.581250
vn 0.127995 0.449154 -0.884239
vn 0.047571 0.520362 -0.852620
vn 0.028847 0.777569 -0.628135
vn 0.063405 0.645862 0.760816
vn 0.130408 0.328635 0.935410
vn -0.046405 -0.717256 -0.695263
vn 0.125469 -0.909532 0.396243
vn 0.020693 -0.658883 -0.751961
vn -0.043275 -0.482463 0.874847
vn 0.031394 0.517417 0.855157
vn 0.023936 -0.550035 -0.834798
vn -0.018199 0.510163 -0.859885
vn 0.054632 -0.451636 -0.890528
vn 0.417287 0.024776 0.908437
vn -0.043423 -0.422321 0.905406
vn 0.033722 0.235596 0.971266
vn 0.021531 0.297942 -0.954341
vn 0.044040 0.204882 0.977795
vn -0.283904 0.907965 0.308216
vn -0.006322 -0.089822 -0.995938
vn -0.063556 -0.256074 0.964566
vn 0.129058 -0.895791 -0.425326
vn -0.119305 -0.970648 -0.208826
vn 0.026539 0.402400 -0.915079
vn -0.093802 0.133299 0.986627
vn 0.091284 0.665214 -0.741052
vn -0.011541 -0.039566 -0.999150
vn -0.048101 -0.298175 0.953298
vn -0.010526 -0.114195 0.993403
vn -0.097597 0.255528 0.961863
vn 0.003539 0.331589 -0.943417
vn -0.006305 -0.082810 0.996545
vn -0.014695 -0.159786 -0.987042
vn -0.022861 -0.370410 0.928587
vn -0.047890 0.077766 -0.995821
vn -0.185566 -0.827461 0.529974
vn 0.013391 -0.341036 0.939955
vn -0.011517 0.296792 0.954873
vn 0.029798 0.471990 -0.881100
vn -0.149203 -0.936740 0.316632
vn 0.051741 0.493276 -0.868333
vn -0.127917 0.644843 0.753535
vn 0.052848 0.555041 -0.830143
vn -0.071294 -0.525496 -0.847803
vn -0.060228 0.614279 0.786787
vn 0.052967 0.631497 -0.773567
vn 0.012049 0.474865 0.879976
vn -0.046218 -0.710756 -0.701918
vn 0.191714 -0.582308 0.790040
vn -0.079118 -0.364416 -0.927869
vn -0.049652 -0.791123 -0.609638
vn -0.326829 -0.937504 0.119453
vn -0.000273 0.668946 -0.743311
vn -0.256675 -0.350934 -0.900535
vn -0.561157 0.432918 -0.705468
vn -0.456769 -0.834172 0.309062
vn -0.067563 -0.682093 0.728138
vn -0.378547 -0.624716 -0.682958
vn -0.057574 -0.961067 -0.270252
vn 0.248433 -0.912001 -0.326397
vn 0.064509 0.726381 -0.684258
vn 0.043946 0.854983 0.516791
vn -0.090684 -0.983550 -0.156221
vn -0.017213 0.995235 -0.095970
vn -0.431949 -0.194788 0.880612
vn -0.367944 -0.562964 0.740060
vn -0.086740 -0.910963 -0.403265
vn -0.110817 -0.993823 0.005934
vn 0.026217 -0.999505 -0.017366
vn 0.060523 0.998096 0.011907
vn -0.009703 -0.996568 0.082206
vn 0.282651 -0.899649 0.332775
vn -0.051752 0.854142 0.517458
vn -0.257053 -0.955436 -0.145138
vn 0.044710 0.984971 0.166832
vn 0.131523 0.978659 -0.157888
vn 0.017941 0.970485 -0.240493
vn -0.017530 0.777752 -0.628327
vn 0.000014 0.973749 0.227624
vn -0.010449 0.996137 -0.087187
vn -0.040953 -0.998645 -0.032108
vn -0.425551 0.891600 -0.154778
vn -0.116995 -0.952991 0.279500
vn 0.062101 0.994173 0.088113
vn -0.101997 -0.992281 0.070538
vn -0.082522 -0.986823 0.139176
vn 0.989248 -0.075368 0.125330
vn 0.996372 -0.076194 0.037920
vn -0.991573 0.129302 0.007994
vn 0.617312 -0.670146 0.412104
vn -0.905002 0.194056 -0.378567
vn 0.973618 -0.119191 0.194579
vn -0.985144 0.143898 -0.093727
vn 0.844553 -0.354672 -0.401171
vn 0.850807 -0.240618 -0.467151
vn -0.719952 0.138268 -0.680111
vn 0.815719 -0.285808 0.502908
vn -0.933083 0.134971 0.333374
vn 0.502629 -0.249071 -0.827845
vn 0.544655 0.710139 -0.446153
vn 0.391218 -0.142851 0.909144
vn -0.730074 0.242507 0.638891
vn 0.025108 0.931979 -0.361642
vn 0.908093 0.212898 0.360613
vn -0.569901 0.275127 0.774285
vn -0.591021 -0.254427 0.765481
vn 0.217759 0.912374 -0.346632
vn -0.122671 -0.720952 -0.682041
vn 0.380128 0.456432 -0.804470
vn -0.364162 0.166498 0.916332
vn -0.453106 -0.729510 0.512357
vn -0.855481 -0.165871 0.490550
vn 0.883915 0.111321 0.454204
vn -0.950384 -0.239966 -0.197955
vn 0.572516 0.761487 -0.303912
vn -0.105601 -0.515226 0.850523
vn -0.868569 -0.247448 0.429369
vn 0.782218 0.374518 0.497867
vn -0.918674 -0.373734 0.127908
vn -0.872577 -0.331072 -0.359166
vn 0.708061 0.628494 -0.321938
vn 0.801001 0.538148 -0.262285
vn -0.837917 -0.367554 0.403484
vn 0.889275 0.323953 0.322870
vn 0.893710 0.446590 0.042889
vn -0.925620 -0.377271 -0.029883
vn -0.951147 -0.225323 -0.211066
vn 0.638765 0.377304 0.670538
vn 0.623110 -0.780242 -0.054374
vn 0.740412 0.556310 -0.377240
vn -0.980781 -0.188150 -0.051649
vn -0.670627 -0.739961 0.052136
vn 0.909099 0.414730 0.039222
vn -0.910790 -0.404433 -0.083037
vn -0.271878 0.962317 -0.005248
vn -0.826869 -0.464490 -0.317076
vn 0.965722 0.180546 -0.186504
vn -0.844494 -0.313811 -0.433997
vn 0.932345 0.314889 -0.177702
vn 0.057662 0.996951 -0.052564
vn -0.462686 -0.886348 0.017590
vn 0.036837 0.997269 0.064007
vn 0.266592 0.872364 -0.409767
vn -0.026219 -0.996114 0.084076
vn 0.029572 0.999551 0.004750
vn 0.066780 -0.991730 0.109603
vn 0.166633 -0.931870 -0.322260
vn 0.086061 -0.887661 0.452385
vn 0.008888 -0.985277 0.170735
vn -0.135581 -0.895450 -0.424012
vn 0.028883 0.999562 0.006490
vn -0.034153 -0.993084 -0.112332
vn 0.832607 0.050075 -0.551596
vn 0.003133 0.992035 -0.125924
vn -0.012980 -0.968674 0.247996
vn 0.029563 0.987633 -0.153972
vn 0.004919 0.994221 0.107241
vn -0.040599 -0.995734 -0.082857
vn 0.044890 -0.874327 -0.483256
vn 0.090973 -0.859528 -0.502927
vn 0.045461 0.934957 -0.351835
vn -0.010790 -0.956779 0.290617
vn 0.048533 0.989791 0.134006
vn 0.060471 -0.951031 -0.303123
vn 0.079632 0.851621 0.518073
vn 0.070369 -0.629321 0.773953
vn 0.621307 -0.775545 0.111840
vn 0.075534 -0.946087 0.314981
vn 0.124654 0.951416 0.281549
vn 0.002878 -0.807991 -0.589188
vn -0.102993 -0.142125 0.984476
vn -0.133435 -0.734195 0.665697
vn 0.067643 0.918910 0.388624
vn 0.032846 0.592588 -0.804835
vn 0.014655 0.801095 -0.598358
vn 0.463276 0.490591 0.738035
vn 0.145500 0.474272 0.868272
vn 0.066470 0.645837 -0.760577
vn 0.292396 0.864772 -0.408258
vn 0.204907 -0.669261 -0.714215
vn 0.205792 -0.721847 -0.660747
vn -0.046569 -0.630261 0.774985
vn 0.030244 -0.778240 -0.627238
vn -0.022181 -0.380548 -0.924495
vn -0.023820 0.603690 -0.796864
vn 0.029491 0.545823 0.837382
vn -0.028513 -0.363157 -0.931291
vn -0.012577 0.174333 -0.984606
vn 0.048608 0.587507 0.807758
vn 0.086276 0.261892 0.961233
vn -0.043785 -0.393087 0.918458
vn 0.147602 -0.483852 -0.862613
vn -0.049727 -0.392181 0.918543
vn 0.116974 -0.345025 -0.931276
vn 0.009584 0.253391 -0.967317
vn 0.355184 -0.502926 -0.787979
vn -0.090926 -0.121874 0.988372
vn 0.004463 -0.019705 -0.999796
vn 0.020998 0.170101 -0.985203
vn 0.085217 -0.199042 0.976279
vn -0.049791 -0.159461 0.985948
vn -0.004300 0.084267 -0.996434
vn 0.003330 -0.011565 -0.999928
vn 0.022144 -0.118120 0.992752
vn -0.005787 -0.010895 -0.999924
vn -0.012342 0.280196 -0.959863
vn -0.016130 0.133795 -0.990878
vn -0.073330 -0.241983 0.967505
vn -0.055301 -0.477330 0.876982
vn -0.028473 -0.156312 0.987297
vn -0.002327 -0.162835 -0.986651
vn 0.013337 -0.249267 0.968343
vn -0.067182 -0.035435 0.997111
vn 0.053004 0.282459 -0.957814
vn -0.232184 0.945450 -0.228505
vn 0.018356 -0.389839 0.920700
vn -0.040888 -0.609123 -0.792021
vn 0.867453 -0.368162 -0.334636
vn -0.024279 0.374267 0.927003
vn -0.032194 -0.655452 -0.754551
vn 0.034286 0.574368 -0.817879
vn -0.051168 -0.368557 -0.928196
vn -0.073777 0.747578 0.660064
vn 0.170983 0.831635 0.528345
vn -0.016898 0.540881 0.840929
vn -0.055728 -0.777639 -0.626236
vn -0.150990 -0.878119 0.453992
vn -0.052051 -0.700659 0.711595
vn -0.162925 0.936410 0.310793
vn 0.020788 0.881031 -0.472601
vn -0.034348 -0.680245 0.732180
vn -0.179908 -0.756397 -0.628886
vn -0.181572 -0.957290 -0.225003
vn -0.086474 0.949690 0.301016
vn -0.195111 -0.636245 0.746407
vn -0.085395 0.641889 0.762028
vn -0.437570 -0.752358 0.492432
vn -0.166282 0.974812 -0.148631
vn -0.113643 -0.898094 0.424868
vn 0.017185 0.856077 0.516562
vn -0.140904 -0.975252 -0.170378
vn -0.042538 -0.996609 -0.070441
vn 0.049130 0.998471 -0.025342
vn -0.048817 -0.964635 -0.259028
vn -0.047034 -0.955286 0.291917
vn -0.381040 -0.869950 -0.313044
vn -0.174008 -0.954876 -0.240693
vn -0.031011 -0.987635 0.153674
vn 0.037068 0.998953 -0.026799
vn -0.030777 -0.999054 -0.030725
vn 0.192952 -0.665353 -0.721162
vn -0.053725 0.965670 0.254154
vn -0.080828 -0.983616 -0.161144
vn 0.049373 0.994932 -0.087597
vn -0.114546 -0.987768 0.105796
vn -0.019997 0.910660 -0.412672
vn 0.071834 0.993399 0.089433
vn -0.042415 -0.995620 0.083313
vn -0.984096 0.177218 -0.012173
vn 0.605331 0.320630 0.728540
vn 0.995039 0.055446 0.082607
vn -0.883050 0.346872 -0.316072
vn 0.941396 -0.288801 0.174264
vn -0.965119 0.253749 -0.064470
vn 0.915222 -0.401513 0.033998
vn -0.934445 0.287189 0.210560
vn 0.845140 -0.350733 -0.403392
vn 0.702650 -0.517879 0.487939
vn 0.807804 -0.346289 0.477007
vn -0.925918 0.078636 0.369449
vn 0.543546 -0.274983 -0.793058
vn 0.368065 -0.602523 0.708163
vn -0.654001 0.429835 -0.622515
vn -0.707268 0.595909 0.380348
vn 0.469269 -0.347029 -0.812008
vn -0.006975 0.880818 -0.473404
vn -0.231407 0.661568 0.713287
vn -0.262975 0.611627 0.746161
vn -0.761531 0.018809 0.647856
vn 0.017476 -0.421467 0.906676
vn -0.005790 -0.623570 -0.781746
vn 0.196136 0.785190 -0.587373
vn 0.281653 -0.959060 0.029586
vn -0.706047 0.694529 0.138300
vn 0.317197 0.680027 -0.661022
vn -0.401161 -0.752781 0.521910
vn 0.410255 0.669157 0.619612
vn 0.089117 -0.782840 -0.615808
vn 0.177852 0.482459 -0.857672
vn 0.046185 -0.559784 0.827351
vn -0.782973 -0.458535 0.420357
vn -0.903239 -0.365404 -0.225030
vn 0.102294 -0.699624 0.707151
vn 0.444084 -0.737201 -0.509239
vn 0.560609 -0.482213 -0.673193
vn -0.703944 -0.658932 0.265087
vn 0.781117 0.577810 -0.236626
vn -0.166811 -0.615569 -0.770226
vn 0.902339 0.196772 0.383489
vn 0.715918 -0.528009 -0.456802
vn 0.930956 -0.352154 -0.096480
vn -0.540144 -0.839366 0.060897
vn 0.774467 0.627752 -0.078281
vn 0.916095 0.400375 -0.021679
vn 0.351153 -0.653601 0.670446
vn -0.838849 -0.225507 -0.495459
vn 0.958393 -0.092069 -0.270195
vn -0.945876 -0.299966 0.123848
vn 0.993217 0.096151 0.065382
vn -0.880993 -0.472828 0.016885
vn -0.977553 -0.148111 -0.149843
vn -0.837857 -0.403742 -0.367406
vn -0.048862 -0.997531 -0.050449
vn 0.111636 0.993379 -0.027105
vn 0.001455 -0.994189 -0.107642
vn -0.355358 0.847669 -0.393928
vn -0.156288 -0.987677 0.008305
vn -0.081908 -0.514270 -0.853708
vn 0.195654 0.980203 0.030363
vn 0.155537 -0.949390 -0.272888
vn 0.102051 -0.968470 0.227268
vn 0.111132 0.962939 -0.245761
vn -0.103404 -0.992879 0.059147
vn 0.095385 0.766208 -0.635474
vn 0.098520 -0.429527 -0.897664
vn 0.273758 0.953092 0.129121
vn -0.133709 0.940442 -0.312556
vn 0.069175 0.985295 -0.156232
vn -0.797709 0.602326 0.029390
vn -0.095149 -0.993909 -0.055608
vn 0.034600 0.995118 0.092425
vn 0.101808 0.993959 0.040999
vn 0.099795 -0.904746 -0.414097
vn 0.045025 0.908107 -0.416310
vn -0.039318 -0.971622 0.233250
vn 0.064393 0.984219 0.164820
vn 0.086747 0.970954 0.222988
vn -0.019623 -0.861882 -0.506729
vn 0.103707 -0.804458 0.584887
vn 0.038762 -0.900522 0.433080
vn 0.011110 -0.965118 0.261579
vn 0.601271 -0.784936 -0.149494
vn 0.079993 0.850346 0.520109
vn 0.064278 0.990099 -0.124789
vn 0.047055 -0.758226 0.650292
vn 0.390017 -0.919723 0.044681
vn 0.043059 0.655813 -0.753695
vn -0.080885 0.869645 -0.487006
vn 0.087690 0.847093 0.524160
vn 0.383954 0.308346 0.870346
vn -0.009517 -0.670674 0.741691
vn 0.112294 0.854542 -0.507098
vn 0.053194 -0.887704 -0.457332
vn -0.020750 -0.496479 -0.867801
vn 0.015918 0.563125 -0.826219
vn 0.053816 0.685182 0.726381
vn 0.088218 0.122778 0.988506
vn -0.199859 0.958971 0.201074
vn 0.112523 0.797501 0.592731
vn 0.175438 0.447668 0.876821
vn -0.013874 0.132077 -0.991142
vn 0.062579 -0.494131 -0.867132
vn -0.052369 -0.445084 0.893956
vn 0.013252 -0.433453 -0.901079
vn -0.475408 -0.099667 0.874102
vn 0.017951 0.048200 -0.998676
vn 0.018595 0.307844 -0.951255
vn 0.041636 0.180567 0.982681
vn -0.065745 -0.457309 0.886874
vn 0.753832 -0.513863 0.409490
vn -0.112376 -0.050057 0.992404
vn 0.003679 0.024632 -0.999690
vn -0.048554 0.301875 -0.952110
vn 0.011307 0.067292 -0.997669
vn -0.043092 -0.146587 0.988259
vn 0.176300 -0.965774 -0.190258
vn 0.007915 -0.013764 -0.999874
vn 0.108752 0.969562 0.219371
vn -0.069346 -0.269262 0.960567
vn -0.035858 -0.572283 0.819272
vn -0.023287 0.070418 -0.997246
vn -0.000037 -0.130879 -0.991398
vn 0.383179 -0.414783 -0.825305
vn 0.015935 -0.225649 0.974078
vn -0.181421 -0.981879 0.054766
vn -0.007012 0.384439 -0.923124
vn -0.045224 -0.874126 0.483589
vn -0.157723 -0.637883 0.753810
vn 0.052205 -0.161904 0.985425
vn -0.205357 -0.725510 0.656859
vn 0.089689 -0.689456 0.718754
vn -0.153220 -0.901423 -0.404919
vn 0.843537 -0.246358 -0.477235
vn -0.053724 0.386459 0.920741
vn -0.068062 -0.773090 -0.630634
vn 0.225851 -0.698790 0.678737
vn -0.044145 -0.413851 -0.909274
vn -0.029763 0.810257 0.585319
vn 0.011263 0.807107 -0.590297
vn 0.127706 -0.793506 0.595013
vn -0.013419 0.487603 0.872962
vn -0.047461 -0.842882 -0.536001
vn -0.029650 -0.930404 0.365333
vn 0.004345 0.435657 -0.900102
vn -0.106917 0.545254 0.831425
vn -0.066078 0.806366 -0.587714
vn -0.038334 -0.700198 0.712919
vn -0.137697 -0.748834 -0.648296
vn -0.118297 -0.963391 -0.240591
vn -0.079920 -0.966242 0.244926
vn -0.175269 -0.440802 0.880326
vn -0.006179 0.796147 0.605072
vn -0.056426 0.961943 0.267359
vn 0.019582 0.998612 0.048885
vn -0.022771 -0.999219 0.032279
vn 0.062777 0.997963 -0.011343
vn 0.070810 0.908987 -0.410765
vn -0.343943 -0.840613 -0.418417
vn -0.198756 -0.949527 -0.242683
vn 0.031713 0.996511 0.077202
vn -0.029110 -0.998532 0.045688
vn -0.025793 0.999667 0.000444
vn -0.401615 -0.660087 0.634815
vn -0.017369 0.965121 0.261226
vn 0.011648 0.997436 0.070609
vn -0.017069 -0.999592 0.022894
vn -0.042955 -0.922209 0.384298
vn 0.011830 0.978401 0.206375
vn -0.010627 0.998801 -0.047780
vn -0.017677 -0.991079 0.132098
vn -0.862082 0.483967 -0.150302
vn 0.894197 -0.388116 0.223108
vn -0.591862 -0.806029 -0.004013
vn 0.538777 0.839742 0.067475
vn -0.908973 0.267109 0.320034
vn 0.817718 -0.465968 -0.337952
vn 0.560763 -0.714252 0.418794
vn -0.752757 0.563114 -0.340968
vn 0.678777 -0.584214 -0.444923
vn -0.826918 0.482575 0.288667
vn 0.379889 -0.651015 0.657164
vn 0.658022 -0.578823 0.481634
vn -0.753760 0.345376 0.559072
vn 0.342568 -0.679652 -0.648630
vn 0.865951 -0.386901 0.316917
vn -0.144935 0.801582 -0.580052
vn -0.287215 0.637085 0.715283
vn -0.065036 0.822076 -0.565652
vn 0.007577 -0.775618 0.631158
vn -0.113980 -0.684246 -0.720289
vn -0.033415 -0.809957 -0.585537
vn 0.519364 -0.196965 -0.831544
vn 0.480116 -0.640358 0.599525
vn -0.159784 -0.930576 -0.329389
vn 0.252745 0.780633 0.571606
vn 0.404782 -0.910581 0.083629
vn 0.139415 -0.978229 -0.153723
vn -0.168733 0.642197 0.747738
vn 0.810445 -0.016159 -0.585592
vn 0.095229 -0.531572 -0.841643
vn 0.313756 -0.927923 0.201287
vn -0.443951 -0.098889 -0.890578
vn 0.795875 -0.213216 -0.566677
vn -0.821310 -0.257508 0.509057
vn 0.719762 0.682670 0.126112
vn -0.758170 -0.181470 -0.626297
vn 0.885557 -0.075328 -0.458382
vn -0.910196 -0.114627 0.398001
vn 0.973169 0.189385 0.130674
vn -0.920388 -0.101772 -0.377529
vn 0.949081 0.246517 0.196151
vn -0.958508 -0.213915 0.188420
vn -0.938068 -0.051734 0.342567
vn 0.995491 -0.057765 -0.075239
vn -0.969042 -0.085035 0.231789
vn 0.897368 -0.114388 0.426199
vn -0.987952 -0.028846 -0.152049
vn 0.972333 -0.102958 0.209685
vn -0.944736 -0.001627 -0.327828
vn 0.996885 -0.042561 -0.066405
vn 0.975928 -0.078452 0.203492
vn -0.731029 -0.313319 0.606158
vn -0.996216 -0.043657 -0.075147
vn 0.100991 0.993798 -0.046554
vn -0.066279 -0.996990 0.040221
vn 0.127733 -0.987296 -0.094501
vn 0.039664 -0.996617 0.071975
vn 0.161458 0.976081 -0.145592
vn -0.116416 -0.964274 -0.237955
vn 0.169187 -0.977790 -0.123706
vn 0.855565 -0.486152 -0.177945
vn 0.080719 -0.973124 0.215671
vn 0.009937 -0.996839 -0.078826
vn 0.084873 0.988849 -0.122368
vn -0.110921 -0.992862 -0.043830
vn -0.113496 -0.743650 -0.658865
vn -0.057403 -0.954421 -0.292891
vn 0.108741 0.935548 -0.336043
vn -0.116277 -0.973952 0.194672
vn 0.083298 0.987800 -0.131577
vn -0.130838 -0.991254 -0.017239
vn 0.076899 0.985068 0.154040
vn -0.069497 -0.960327 -0.270077
vn 0.331237 -0.859015 -0.390352
vn 0.129025 0.917268 -0.376792
vn -0.094905 -0.959774 0.264248
vn -0.232766 -0.970580 0.061600
vn 0.171809 0.969756 0.173365
vn -0.011427 -0.949178 -0.314531
vn 0.221404 0.911338 0.347049
vn 0.643722 -0.741624 0.188724
vn 0.171886 0.901174 -0.397921
vn 0.903946 0.427629 0.003879
vn 0.707747 0.652028 0.271946
vn 0.154752 -0.595138 -0.788583
vn 0.092711 0.781076 -0.617515
vn -0.099681 -0.896812 0.431036
vn 0.718677 -0.615505 -0.323507
vn 0.896095 0.406364 0.178556
vn 0.064717 0.764579 -0.641273
vn -0.026813 0.731238 0.681596
vn 0.080309 0.794956 0.601328
vn 0.347943 0.706261 -0.616548
vn -0.096922 -0.994304 -0.044346
vn 0.042682 0.812508 0.581385
vn -0.021442 -0.549409 -0.835279
vn 0.008703 0.597713 -0.801663
vn 0.114722 -0.740846 -0.661805
vn 0.111689 0.581936 0.805529
vn -0.200626 0.978954 -0.037379
vn 0.014612 -0.437207 -0.899242
vn -0.063708 -0.571428 0.818176
vn 0.086310 -0.868147 -0.488746
vn 0.017577 0.426353 -0.904386
vn 0.061483 0.360008 0.930921
vn -0.053068 -0.399996 0.914979
vn 0.446642 -0.772742 -0.450978
vn -0.014802 0.479888 -0.877205
vn 0.437123 -0.079167 0.895911
vn -0.057488 -0.337944 0.939409
vn -0.005253 -0.106353 -0.994315
vn -0.843366 0.533109 -0.067301
vn 0.300065 -0.848221 0.436443
vn 0.018546 0.171520 -0.985006
vn 0.116186 0.989078 -0.090697
vn -0.047068 -0.110843 0.992723
vn 0.010194 0.102700 -0.994660
vn -0.122518 -0.992365 -0.014199
vn 0.223299 -0.957268 -0.183779
vn -0.099604 0.153357 0.983138
vn 0.016694 0.476828 -0.878838
vn -0.001191 -0.124835 -0.992177
vn 0.020338 -0.229829 0.973018
vn -0.278607 0.918659 0.280078
vn -0.013756 -0.473132 0.880884
vn -0.009241 0.273734 -0.961761
vn -0.006010 -0.482870 -0.875671
vn 0.006377 -0.382572 0.923903
vn 0.000571 -0.294626 0.955612
vn -0.045309 0.292259 0.955265
vn 0.229338 0.266834 -0.936057
vn -0.037875 0.340389 0.939522
vn 0.012883 0.524375 -0.851390
vn -0.031964 0.410430 0.911332
vn 0.224535 0.841407 0.491547
vn -0.183390 0.401624 0.897255
vn -0.092203 -0.832676 -0.546031
vn 0.033697 -0.604165 0.796147
vn -0.029878 0.517230 0.855325
vn -0.038618 -0.798248 -0.601090
vn -0.177016 -0.875423 0.449778
vn -0.038285 0.769697 -0.637260
vn -0.268866 -0.454653 0.849118
vn 0.024465 0.864693 -0.501704
vn 0.134350 0.631737 -0.763452
vn -0.023232 0.821882 0.569184
vn -0.049601 -0.958115 -0.282057
vn -0.610906 -0.653661 -0.446678
vn -0.598059 -0.778366 -0.190978
vn 0.112817 0.491307 -0.863649
vn 0.047269 -0.331244 -0.942360
vn 0.070334 -0.946798 -0.314049
vn -0.003058 -0.996108 -0.088083
vn 0.039103 0.997155 -0.064451
vn -0.006350 0.941575 -0.336744
vn -0.025387 -0.895744 0.443846
vn -0.094264 0.895575 0.434810
vn -0.208322 -0.876596 -0.433799
vn 0.114134 -0.990954 -0.070590
vn 0.063213 -0.984557 0.163250
vn 0.023502 0.981156 -0.191782
vn -0.015905 -0.973774 0.226960
vn -0.067685 0.943700 0.323803
vn -0.033333 -0.305452 0.951624
vn 0.029266 0.999088 0.031091
vn -0.245979 -0.948789 0.198227
vn -0.201902 0.802784 -0.561046
vn -0.022616 0.987822 0.153936
vn -0.088309 -0.995699 0.028017
vn -0.134681 0.956196 -0.259906
vn -0.815463 0.578804 -0.002675
vn 0.791330 -0.607001 -0.073123
vn -0.194559 0.895643 -0.399962
vn 0.665116 -0.628050 0.403948
vn -0.798479 0.600892 -0.036884
vn 0.806403 -0.587065 0.071194
vn -0.853171 0.521605 0.005302
vn 0.691531 -0.721249 0.039809
vn -0.974080 -0.187920 0.125910
vn 0.654138 -0.720157 0.231254
vn -0.594037 0.696704 -0.402149
vn 0.307254 -0.866913 0.392500
vn -0.813286 0.574793 0.090435
vn -0.753922 0.475280 0.453553
vn 0.860064 0.494388 0.125981
vn 0.791165 0.605596 -0.085502
vn 0.447679 -0.766753 0.460079
vn 0.948500 0.007355 -0.316691
vn 0.461928 -0.655981 -0.596919
vn -0.594221 0.147428 -0.790675
vn -0.187915 0.734102 0.652519
vn 0.902216 0.399734 0.161924
vn 0.748760 0.598262 -0.285380
vn 0.559077 0.829083 0.007402
vn -0.965641 -0.259380 -0.016088
vn 0.241355 -0.451775 -0.858864
vn 0.422431 -0.823550 0.378572
vn 0.926515 -0.110476 -0.359674
vn 0.190709 0.607025 0.771460
vn 0.354936 -0.066701 -0.932508
vn -0.149684 -0.387437 0.909663
vn 0.936967 0.299561 -0.179875
vn -0.539093 -0.215742 0.814146
vn -0.524586 0.117820 -0.843166
vn 0.905642 -0.148849 -0.397059
vn -0.746894 -0.433429 0.504271
vn -0.758707 0.039133 -0.650256
vn 0.690635 0.038707 0.722167
vn 0.876098 -0.115794 -0.468021
vn -0.913127 -0.113890 0.391445
vn 0.328379 0.930544 -0.162036
vn 0.818612 -0.075254 0.569395
vn 0.894389 -0.203635 -0.398246
vn 0.982411 -0.141733 -0.121571
vn -0.934363 -0.301011 0.190681
vn 0.978188 -0.093023 -0.185726
vn 0.974730 -0.062414 0.214490
vn 0.475716 0.100731 0.873812
vn -0.937764 0.237101 -0.253735
vn -0.986849 -0.085027 0.137478
vn 0.951078 -0.244349 -0.189063
vn -0.964200 0.213519 0.157250
vn 0.996209 -0.046288 0.073656
vn 0.928220 -0.026532 0.371083
vn -0.973066 0.051786 -0.224635
vn -0.215029 -0.919076 0.330247
vn 0.016358 0.992577 0.120512
vn -0.040109 -0.997979 0.049285
vn 0.025956 -0.964938 -0.261192
vn 0.071707 0.847116 -0.526547
vn -0.062164 0.466222 -0.882481
vn 0.153026 0.972206 -0.177197
vn 0.492119 0.868589 0.058064
vn 0.116144 0.956564 0.267387
vn -0.108505 -0.908749 -0.402992
vn 0.877916 -0.441565 0.185160
vn 0.023673 -0.933498 0.357799
vn 0.239571 0.908817 -0.341550
vn 0.286184 0.890293 0.354228
vn 0.134154 -0.853683 -0.503218
vn 0.102395 0.790295 -0.604111
vn -0.088716 -0.896408 0.434260
vn 0.806738 0.580851 -0.108562
vn 0.143913 -0.704106 -0.695359
vn -0.219348 -0.794230 0.566644
vn 0.491228 0.680963 -0.543125
vn 0.229789 0.898241 0.374648
vn 0.547929 0.832905 0.077742
vn 0.011016 0.456839 -0.889481
vn 0.025425 -0.727896 -0.685216
vn 0.276256 0.699034 0.659572
vn -0.222862 -0.626643 0.746760
vn 0.447255 0.697669 0.559662
vn 0.057506 -0.518088 -0.853392
vn 0.004607 0.523992 -0.851711
vn 0.222971 0.584117 0.780443
vn -0.073000 -0.514418 0.854427
vn -0.015621 -0.429492 -0.902935
vn 0.013715 0.255954 -0.966592
vn 0.049583 0.382083 0.922797
vn 0.008205 -0.104086 0.994534
vn -0.040041 -0.443508 0.895376
vn 0.066397 -0.465925 -0.882329
vn -0.049813 -0.256079 0.965371
vn -0.007536 0.421172 -0.906949
vn 0.046595 0.264467 0.963268
vn -0.030144 -0.267701 0.963030
vn 0.036991 0.336043 -0.941120
vn 0.669653 -0.718861 0.186556
vn 0.046453 0.147721 -0.987938
vn -0.048819 -0.366996 0.928941
vn -0.010340 -0.077600 -0.996931
vn 0.222819 -0.487621 0.844143
vn 0.026050 0.212513 -0.976811
vn 0.093820 -0.082553 0.992161
vn 0.005025 -0.239520 0.970878
vn -0.095906 -0.054423 0.993902
vn -0.006454 0.040988 -0.999139
vn -0.616048 0.441284 0.652498
vn 0.041548 -0.058584 0.997418
vn -0.063582 0.208104 -0.976038
vn 0.055315 -0.018774 -0.998292
vn -0.135567 -0.990734 0.008271
vn 0.026707 0.475818 -0.879138
vn 0.005714 -0.117506 -0.993056
vn 0.069078 0.219444 0.973177
vn -0.035757 0.151308 0.987840
vn -0.007942 0.439056 -0.898425
vn 0.005138 0.261933 -0.965072
vn 0.006901 -0.245880 -0.969276
vn -0.023979 0.471263 -0.881667
vn -0.004743 -0.316619 0.948541
vn -0.039009 0.282118 0.958586
vn 0.021534 0.508067 -0.861048
vn 0.000469 -0.405644 -0.914031
vn 0.018778 0.564356 -0.825318
vn -0.033645 0.424822 0.904652
vn 0.028298 0.634848 -0.772119
vn -0.199592 -0.526806 -0.826219
vn -0.112020 -0.903052 -0.414666
vn 0.023442 0.697424 -0.716275
vn -0.081383 -0.564398 -0.821481
vn -0.051202 -0.856592 -0.513447
vn -0.004475 0.817913 -0.575325
vn -0.016614 -0.687083 0.726389
vn -0.133897 -0.541157 -0.830193
vn -0.235286 -0.836311 -0.495202
vn -0.093896 0.140510 -0.985617
vn -0.000348 -0.722833 0.691022
vn -0.035186 0.860851 0.507639
vn -0.047868 -0.964993 -0.257871
vn -0.081832 0.987806 -0.132451
vn -0.016738 0.928111 -0.371927
vn 0.000029 0.848263 0.529575
vn -0.069694 0.997104 -0.030436
vn -0.136528 -0.982866 -0.123833
vn -0.013946 -0.982131 0.187679
vn 0.022196 0.995389 -0.093321
vn 0.047244 0.863518 -0.502100
vn -0.125023 0.807402 0.576603
vn -0.287964 -0.949201 -0.126865
vn 0.015575 0.997076 0.074810
vn -0.010651 -0.998742 0.048989
vn -0.379301 0.883980 0.273331
vn -0.149638 -0.891166 0.428290
vn -0.085462 0.743086 0.663716
vn 0.028424 0.995433 0.091138
vn 0.132157 -0.989736 -0.054374
vn 0.756754 0.495034 -0.426924
vn 0.185969 -0.694931 0.694612
vn -0.721271 0.661574 -0.205155
vn 0.830223 -0.553646 0.064851
vn 0.807027 0.545884 -0.225208
vn -0.821784 0.569798 0.000751
vn 0.815243 -0.509772 -0.274793
vn 0.870426 -0.452836 0.193128
vn -0.630641 0.693380 -0.348591
vn -0.832366 0.552592 -0.042519
vn 0.791992 -0.513180 0.330749
vn 0.810576 -0.488593 -0.322869
vn -0.712818 0.645350 0.274615
vn 0.744621 -0.513143 -0.426876
vn 0.734495 -0.529727 0.424153
vn 0.889386 -0.457065 -0.009203
vn -0.681874 0.644473 0.345981
vn -0.724458 0.566149 0.393238
vn 0.716512 0.635433 0.287810
vn -0.118619 -0.980475 -0.156839
vn -0.519782 0.705816 -0.481301
vn 0.777402 -0.241348 -0.580859
vn 0.150730 0.957570 0.245641
vn -0.532196 0.057592 -0.844660
vn 0.423634 0.887846 0.179621
vn 0.507922 0.023250 0.861089
vn 0.575763 -0.495718 0.650200
vn -0.084999 -0.995914 0.030490
vn 0.039637 -0.022133 0.998969
vn 0.125642 0.193858 0.972951
vn 0.202549 -0.023099 -0.979000
vn -0.456017 -0.235996 0.858111
vn 0.869660 -0.454058 -0.193710
vn 0.238073 -0.901870 -0.360488
vn -0.665645 -0.157923 0.729367
vn -0.521665 0.034170 -0.852466
vn 0.656833 -0.019820 -0.753776
vn -0.739974 0.080293 -0.667826
vn 0.643449 -0.072745 0.762024
vn 0.914113 -0.063163 -0.400509
vn -0.853574 -0.001164 0.520971
vn 0.770245 -0.086496 0.631855
vn 0.913207 -0.058391 -0.403291
vn 0.972693 -0.120264 -0.198505
vn -0.967630 0.024183 0.251211
vn 0.943854 -0.120617 0.307555
vn 0.086176 -0.542703 0.835492
vn -0.805777 -0.241311 -0.540826
vn 0.957963 -0.069149 -0.278435
vn -0.956359 0.052395 0.287459
vn -0.994793 0.074059 0.070019
vn 0.977321 0.039530 -0.208040
vn 0.997055 -0.065349 0.040132
vn 0.976434 -0.099692 0.191410
vn -0.998564 -0.031696 -0.043195
vn -0.940491 0.035687 -0.337939
vn 0.986880 0.116406 -0.111878
vn -0.983747 -0.080862 -0.160319
vn -0.557080 -0.770493 -0.309841
vn 0.332919 0.820117 -0.465374
vn 0.631997 0.152934 -0.759731
vn 0.240804 0.785222 0.570474
vn -0.211874 -0.882985 0.418863
vn 0.587239 0.666374 0.459452
vn 0.216104 -0.485820 -0.846923
vn 0.046201 0.667849 -0.742862
vn 0.070986 -0.397640 -0.914792
vn 0.682805 0.060215 -0.728115
vn -0.171997 -0.755779 0.631835
vn 0.357510 -0.197127 -0.912868
vn 0.152072 0.432366 -0.888782
vn -0.184366 0.671479 -0.717722
vn 0.209368 0.556648 0.803933
vn 0.123395 0.568972 -0.813046
vn -0.127903 -0.544289 0.829090
vn -0.024597 -0.335302 -0.941789
vn 0.108890 0.385133 -0.916414
vn -0.286138 -0.091214 0.953837
vn 0.166030 0.406675 0.898359
vn 0.035271 0.385570 -0.922004
vn -0.080763 -0.451297 0.888712
vn -0.011271 -0.211389 -0.977337
vn 0.049754 0.293361 -0.954706
vn 0.075324 0.421582 -0.903656
vn 0.096938 0.411072 0.906434
vn -0.046503 -0.296688 0.953841
vn 0.083067 0.008625 0.996507
vn -0.074495 0.364900 -0.928062
vn 0.588626 -0.311570 0.745952
vn 0.025698 0.144265 -0.989205
vn 0.477405 -0.589770 0.651349
vn -0.023451 0.418614 -0.907861
vn -0.019182 0.063252 -0.997813
vn -0.055214 -0.111493 0.992230
vn 0.041058 -0.088832 0.995200
vn -0.011424 -0.221097 -0.975185
vn -0.064422 -0.058031 0.996234
vn -0.001780 0.198336 -0.980132
vn -0.826100 0.511743 0.235963
vn 0.028787 -0.239263 0.970528
vn 0.001443 -0.215924 -0.976409
vn 0.237858 -0.553660 0.798050
vn 0.006351 -0.209600 -0.977767
vn 0.014789 -0.497603 0.867279
vn -0.021722 0.323542 -0.945964
vn -0.212999 -0.960680 0.178115
vn 0.021809 -0.614007 0.788999
vn -0.020872 -0.312616 0.949650
vn -0.067224 0.040364 0.996921
vn 0.067252 0.805708 -0.588483
vn -0.007842 -0.410287 -0.911923
vn 0.022921 -0.543202 0.839289
vn -0.085460 0.037895 0.995621
vn 0.045411 -0.598277 0.800002
vn -0.166227 -0.482902 -0.859752
vn -0.149698 -0.944022 -0.293960
vn -0.344823 -0.931142 -0.118623
vn -0.051093 -0.617023 0.785285
vn -0.043909 0.471684 0.880674
vn -0.051479 0.846379 0.530088
vn -0.053672 0.682321 -0.729079
vn -0.014975 -0.710979 0.703054
vn -0.132399 -0.600350 -0.788702
vn -0.236500 -0.717337 -0.655360
vn 0.026458 -0.966284 -0.256117
vn 0.080258 0.710691 -0.698911
vn -0.053632 -0.719797 0.692110
vn 0.011072 0.876222 0.481780
vn -0.009653 -0.971538 -0.236686
vn -0.080264 0.979465 -0.184950
vn -0.023754 -0.694055 0.719530
vn -0.138751 0.907408 0.396686
vn -0.055671 -0.962695 -0.264800
vn 0.003728 0.999989 -0.002677
vn 0.058559 -0.946691 -0.316775
vn -0.142735 -0.619075 -0.772252
vn -0.013170 -0.903335 0.428733
vn -0.434534 -0.196559 0.878945
vn 0.008880 0.996679 0.080947
vn -0.008440 -0.949187 -0.314599
vn -0.312410 -0.949681 0.022498
vn -0.507879 -0.080384 -0.857670
vn -0.044845 0.967898 0.247312
vn -0.096595 -0.995139 -0.019161
vn -0.676649 -0.654587 0.337138
vn -0.055992 -0.984702 0.165008
vn 0.972973 0.037786 0.227805
vn 0.656811 -0.749287 0.084661
vn 0.679866 0.679169 0.276607
vn 0.984182 -0.156588 -0.082857
vn -0.830047 0.539754 0.140312
vn 0.893028 -0.260768 0.366744
vn -0.971031 0.095640 -0.218977
vn -0.928273 0.353399 -0.115834
vn 0.813567 0.578954 -0.054044
vn -0.715042 0.674662 0.183154
vn 0.965734 0.259447 -0.006687
vn -0.833524 -0.503110 -0.228293
vn -0.828965 0.473273 -0.298042
vn -0.537136 0.735472 0.412996
vn 0.902209 0.372082 -0.218116
vn -0.739868 0.091111 -0.666554
vn 0.794885 -0.172700 0.581664
vn -0.003898 0.685555 0.728010
vn 0.226459 0.959711 -0.166350
vn 0.685633 -0.180154 0.705303
vn 0.689853 0.324582 -0.647109
vn -0.641848 0.255053 0.723173
vn -0.486442 0.270813 -0.830683
vn -0.987431 0.157695 -0.010622
vn -0.341873 -0.005784 0.939729
vn -0.532777 -0.591831 -0.604884
vn 0.728635 -0.672033 -0.132147
vn 0.419709 -0.250352 0.872449
vn 0.779942 -0.606968 0.152578
vn 0.475452 -0.091232 -0.874999
vn -0.501398 -0.515376 0.694974
vn -0.378808 -0.013951 -0.925370
vn -0.205402 -0.938214 0.278503
vn 0.426697 -0.887783 0.172543
vn -0.594026 0.101940 -0.797961
vn 0.878171 -0.154393 -0.452746
vn -0.836554 -0.272413 0.475361
vn 0.770526 -0.104439 0.628794
vn -0.653217 -0.315202 -0.688444
vn 0.895311 -0.119896 -0.429003
vn -0.860257 -0.299406 0.412691
vn -0.368949 -0.401309 -0.838348
vn 0.881528 -0.444314 -0.159668
vn -0.949578 0.106252 0.294978
vn -0.301920 -0.918195 0.256443
vn -0.988307 -0.121375 0.092286
vn -0.932564 0.347029 -0.099477
vn 0.977411 -0.135584 0.162124
vn 0.930730 -0.315539 0.184868
vn -0.890779 0.009793 -0.454331
vn -0.967955 -0.224979 -0.111569
vn 0.910026 -0.378012 -0.170177
vn -0.985768 -0.049473 -0.160667
vn 0.946987 -0.318462 0.042389
vn -0.968977 0.206798 -0.135343
vn 0.059624 0.472545 -0.879287
vn -0.369106 -0.842591 0.392175
vn 0.184735 0.635824 0.749400
vn 0.109633 0.502761 -0.857445
vn -0.195135 -0.666041 0.719938
vn 0.091401 -0.240687 -0.966290
vn 0.134303 0.456021 -0.879777
vn 0.172736 0.603262 -0.778612
vn 0.041267 -0.406309 -0.912803
vn -0.196276 -0.806976 0.557015
vn 0.624881 0.546776 -0.557279
vn 0.020207 0.309384 -0.950723
vn 0.172278 0.355750 0.918565
vn -0.165100 -0.384220 0.908359
vn -0.051176 -0.182749 -0.981827
vn 0.028386 0.283040 -0.958688
vn 0.153836 0.191500 0.969362
vn -0.686301 -0.281098 -0.670802
vn 0.017870 -0.078470 -0.996756
vn -0.016499 -0.036904 -0.999183
vn 0.030462 0.096824 -0.994835
vn -0.077879 -0.370553 0.925540
vn 0.040838 0.010355 0.999112
vn 0.016055 0.050716 -0.998584
vn -0.007593 0.126224 -0.991973
vn -0.226824 0.954802 0.192105
vn 0.014355 0.187358 -0.982187
vn -0.125688 -0.991801 0.023074
vn 0.198232 -0.891411 -0.407542
vn -0.130305 0.298897 0.945347
vn 0.037639 -0.238625 0.970382
vn 0.006765 -0.152714 -0.988247
vn -0.005334 -0.348449 -0.937312
vn -0.008589 0.334378 -0.942400
vn -0.016144 -0.360973 -0.932436
vn -0.589956 -0.763698 0.262141
vn 0.002256 -0.345089 0.938567
vn -0.387602 0.862720 -0.324776
vn -0.009108 0.486615 -0.873569
vn 0.065893 -0.676527 0.733464
vn -0.065032 0.320759 0.944926
vn -0.014766 0.553639 -0.832626
vn -0.086320 0.153164 -0.984424
vn -0.049788 -0.751131 -0.658274
vn 0.064081 -0.760491 0.646179
vn -0.118892 -0.991632 -0.050316
vn 0.054855 0.554974 -0.830057
vn -0.069899 0.624816 0.777637
vn -0.161097 0.817142 0.553468
vn -0.047883 0.840150 -0.540236
vn -0.030818 -0.603039 0.797116
vn -0.023020 0.578496 0.815360
vn -0.011812 -0.870994 -0.491152
vn -0.041856 -0.947638 0.316591
vn 0.034531 -0.839583 0.542133
vn -0.107392 0.646426 0.755381
vn -0.459618 0.881502 0.108192
vn -0.024419 -0.965971 -0.257497
vn -0.058473 0.956714 -0.285095
vn -0.367357 -0.735344 0.569489
vn -0.089678 0.727489 -0.680234
vn 0.005681 0.870637 0.491894
vn 0.053163 -0.993633 -0.099329
vn 0.017542 0.990305 0.137795
vn 0.010335 0.996619 -0.081512
vn -0.061513 -0.907665 -0.415163
vn -0.027834 -0.940452 0.338784
vn -0.238577 -0.817933 -0.523513
vn -0.032504 0.953035 0.301112
vn 0.018641 0.998828 0.044669
vn -0.022221 0.982942 -0.182566
vn -0.138503 0.768264 -0.624969
vn 0.070214 -0.977572 0.198554
vn -0.025465 0.977190 0.210835
vn -0.020089 -0.988405 -0.150505
vn 0.011630 0.987272 -0.158617
vn 0.088704 -0.925042 -0.369364
vn -0.002990 0.999090 0.042553
vn -0.009573 -0.999445 0.031898
vn 0.906361 0.287934 0.309198
vn 0.628865 0.772302 -0.089876
vn 0.991786 -0.092891 -0.087933
vn -0.970809 0.177293 0.161545
vn 0.945770 -0.091989 0.311539
vn -0.966224 -0.052764 -0.252245
vn 0.892790 0.008169 0.450398
vn -0.621775 0.773067 0.125549
vn 0.989926 -0.027549 -0.138881
vn -0.975061 0.032674 0.219519
vn 0.839814 0.246430 -0.483720
vn -0.834704 0.376167 0.402204
vn -0.871840 0.078994 -0.483379
vn -0.926004 0.109051 -0.361419
vn 0.902340 0.314278 -0.294979
vn -0.860837 0.193512 0.470652
vn 0.871350 0.117648 -0.476350
vn -0.769207 0.104894 -0.630331
vn 0.832682 -0.098180 0.544978
vn 0.872507 0.045793 -0.486451
vn -0.842493 0.128694 0.523110
vn 0.719753 -0.165019 0.674333
vn 0.648797 0.086875 -0.755987
vn -0.690870 0.087364 0.717681
vn 0.275537 -0.060137 0.959408
vn 0.136592 -0.912885 0.384687
vn -0.480146 -0.068815 0.874485
vn -0.194130 0.008996 -0.980935
vn 0.809883 -0.577643 0.102069
vn -0.205085 -0.122811 0.971008
vn 0.141855 0.095648 -0.985256
vn 0.250184 -0.124809 -0.960120
vn 0.342561 -0.182727 0.921555
vn -0.656572 -0.495967 0.568270
vn -0.353412 -0.885362 0.302049
vn -0.504685 0.213371 -0.836520
vn -0.536560 -0.830520 -0.149466
vn 0.781001 0.064090 -0.621233
vn 0.642795 -0.212420 0.735998
vn 0.771576 -0.525205 -0.358930
vn -0.963635 -0.156270 0.216766
vn 0.843015 -0.448342 -0.297179
vn -0.255997 -0.951345 -0.171488
vn -0.762312 0.343322 -0.548645
vn -0.968850 -0.033235 0.245408
vn -0.932252 -0.050692 0.358240
vn -0.431611 -0.886027 -0.169316
vn -0.513506 -0.857687 -0.026157
vn 0.225048 -0.663586 0.713448
vn -0.227874 0.698910 0.677937
vn -0.633404 0.698169 -0.333705
vn 0.842098 -0.290847 0.454179
vn 0.293702 -0.930747 -0.217826
vn 0.017573 -0.383847 0.923230
vn 0.239291 -0.970275 0.036138
vn 0.605992 0.667373 0.432882
vn 0.305739 -0.625860 0.717511
vn -0.958272 -0.285628 0.011446
vn -0.176626 -0.434830 0.883021
vn -0.033553 -0.283112 -0.958500
vn -0.668949 -0.731968 0.129345
vn 0.224030 0.362227 0.904766
vn 0.026565 0.184414 -0.982490
vn 0.233721 0.308358 0.922112
vn -0.191654 -0.266658 0.944543
vn 0.170664 0.201025 0.964605
vn -0.392970 -0.885483 -0.247980
vn 0.040191 -0.019001 -0.999011
vn -0.678079 -0.731625 0.070235
vn 0.381381 0.859329 -0.340738
vn -0.247588 -0.202274 0.947515
vn 0.432438 0.609124 -0.664804
vn -0.038353 0.060486 -0.997432
vn -0.000008 0.085667 -0.996324
vn -0.065157 -0.045062 0.996857
vn 0.074036 0.166237 0.983303
vn -0.007112 -0.336069 -0.941810
vn 0.264372 -0.811625 -0.520934
vn -0.041854 0.117921 0.992141
vn 0.049929 -0.293653 0.954607
vn 0.009211 -0.209279 -0.977813
vn 0.029165 -0.325727 0.945014
vn -0.044630 0.154188 0.987033
vn 0.006148 -0.424239 -0.905529
vn -0.006061 0.459614 -0.888098
vn 0.005344 -0.347860 -0.937531
vn -0.077811 -0.617932 0.782372
vn -0.056853 0.312664 -0.948161
vn -0.053012 0.409440 0.910796
vn 0.066254 -0.452933 0.889079
vn 0.005327 -0.428943 0.903316
vn -0.051508 0.408126 0.911471
vn 0.029446 0.427558 -0.903508
vn -0.722841 -0.128919 -0.678882
vn 0.055340 -0.635639 0.770000
vn -0.075707 -0.672868 -0.735879
vn -0.051950 -0.872270 -0.486258
vn -0.054193 0.848431 -0.526525
vn -0.025830 -0.645945 0.762947
vn -0.013291 0.689006 0.724634
vn 0.013296 -0.874923 -0.484079
vn 0.000029 0.880227 -0.474553
vn 0.154482 0.407761 -0.899926
vn -0.034357 0.723736 0.689222
vn -0.386913 0.821749 0.418362
vn -0.121437 -0.980274 -0.155937
vn -0.045862 0.974475 -0.219764
vn -0.244212 0.940178 -0.237541
vn 0.000670 0.731476 -0.681866
vn -0.028233 -0.858933 -0.511310
vn -0.048018 0.991634 0.119818
vn 0.002214 -0.992932 -0.118663
vn 0.056494 0.997678 -0.038027
vn 0.377882 -0.924534 -0.049421
vn 0.003971 -0.885367 0.464875
vn -0.045371 0.908361 0.415719
vn -0.215685 0.856914 -0.468164
vn 0.075377 0.944201 -0.320629
vn 0.003236 -0.998726 0.050353
vn -0.108350 0.993541 -0.033708
vn -0.176237 0.879334 -0.442394
vn 0.026081 0.968275 0.248523
vn 0.004517 -0.999507 0.031067
vn -0.023751 0.998773 -0.043457
vn 0.014662 -0.981165 0.192616
vn 0.992820 -0.050053 0.108643
vn 0.107866 0.587504 -0.802000
vn -0.878574 0.350401 0.324541
vn 0.993418 0.077080 0.084734
vn 0.981708 -0.008825 -0.190188
vn -0.992071 -0.033835 0.121038
vn -0.912505 -0.126730 0.388940
vn 0.913018 0.133123 0.385586
vn -0.904675 0.210618 -0.370409
vn -0.940470 0.212719 -0.265080
vn 0.974160 -0.011507 -0.225565
vn 0.654421 0.046272 -0.754713
vn -0.923735 0.076824 0.375250
vn 0.632033 0.560525 0.535113
vn 0.833038 0.116583 0.540792
vn 0.879703 -0.018872 -0.475149
vn -0.849715 0.424390 -0.312853
vn 0.732622 -0.131890 0.667735
vn -0.824965 0.139128 -0.547792
vn -0.845409 0.100208 0.524636
vn 0.439808 0.777213 -0.450010
vn 0.384918 0.022429 0.922678
vn -0.725335 0.058702 -0.685888
vn -0.480678 -0.001341 0.876896
vn 0.247839 0.028463 0.968383
vn -0.673160 -0.029634 -0.738903
vn 0.970873 0.029115 0.237819
vn -0.378752 -0.385527 -0.841377
vn 0.280048 0.284525 -0.916853
vn -0.980596 0.190662 0.045602
vn -0.928510 -0.319329 0.189468
vn 0.410994 -0.011946 0.911560
vn 0.157563 -0.746117 -0.646903
vn -0.014668 -0.952613 -0.303830
vn -0.198334 -0.975504 -0.095155
vn -0.328801 0.697701 -0.636477
vn -0.321013 -0.926707 0.195358
vn -0.062874 0.950751 0.303511
vn 0.048911 0.997503 0.050947
vn 0.079886 0.996159 0.035858
vn -0.016109 -0.999439 -0.029379
vn 0.260847 0.965096 -0.023418
vn -0.981058 -0.193690 0.003017
vn 0.473096 0.879084 0.058237
vn 0.014730 -0.999749 -0.016852
vn 0.071976 -0.580006 0.811426
vn 0.330303 -0.791052 0.514915
vn 0.441898 0.141626 0.885815
vn -0.101192 -0.938953 0.328827
vn -0.913689 -0.397687 -0.083772
vn -0.051167 0.861045 0.505948
vn 0.036944 0.998790 0.032468
vn 0.184942 0.791534 -0.582470
vn -0.017038 -0.999722 -0.016318
vn 0.028295 0.999401 0.019917
vn -0.032334 -0.999428 -0.009883
vn 0.056318 0.998370 -0.009280
vn -0.050278 -0.976597 0.209120
vn -0.474370 0.826821 -0.302227
vn -0.410005 0.679864 0.608014
vn -0.805484 -0.575936 -0.139618
vn -0.302980 -0.780045 0.547479
vn 0.072999 -0.992648 0.096543
vn -0.221222 0.966409 0.130823
vn -0.047728 -0.979014 0.198124
vn -0.283414 0.955715 -0.079279
vn 0.446964 -0.772983 0.450246
vn 0.519483 0.737399 0.431718
vn 0.860542 0.377899 0.341554
vn 0.273105 -0.932507 0.236314
vn -0.261529 0.781193 0.566869
vn -0.237025 -0.504518 0.830229
vn -0.025348 -0.239243 -0.970629
vn -0.015597 -0.063015 -0.997891
vn -0.032317 0.048756 -0.998288
vn 0.295355 0.180292 0.938222
vn 0.270879 -0.032550 -0.962063
vn 0.060034 0.210640 -0.975719
vn 0.216697 -0.038390 -0.975484
vn 0.355885 -0.368281 0.858903
vn -0.175874 -0.203477 0.963154
vn 0.180658 0.036475 0.982869
vn 0.040327 0.119144 -0.992058
vn 0.500861 0.662431 -0.557068
vn -0.200985 -0.057600 0.977900
vn -0.035020 0.194359 -0.980305
vn -0.429207 -0.902877 -0.024392
vn 0.191484 -0.214989 0.957660
vn -0.223376 0.037138 0.974025
vn 0.809314 0.383215 0.445148
vn 0.007381 -0.220867 -0.975276
vn 0.056645 -0.284163 0.957101
vn -0.144787 0.910213 -0.388008
vn 0.035541 -0.338810 0.940183
vn -0.061467 0.218434 0.973914
vn 0.003824 -0.443746 -0.896145
vn -0.008507 0.449288 -0.893347
vn -0.007665 -0.262322 -0.964950
vn 0.000284 -0.427811 -0.903868
vn -0.015075 0.556911 -0.830435
vn -0.021971 0.491423 -0.870644
vn -0.047320 0.463387 0.884892
vn -0.030343 0.630837 -0.775322
vn -0.075095 0.458846 -0.885337
vn -0.057025 -0.832602 -0.550929
vn 0.047692 -0.382674 0.922652
vn -0.045405 0.573523 0.817930
vn 0.055455 -0.787444 0.613887
vn -0.406163 -0.511187 -0.757442
vn -0.075302 -0.878705 -0.471389
vn -0.089643 0.874582 -0.476519
vn -0.085737 0.815832 -0.571899
vn -0.578594 -0.089127 -0.810731
vn -0.036352 -0.907304 -0.418901
vn -0.007661 0.886093 -0.463445
vn 0.251779 -0.961771 0.107720
vn -0.315581 -0.765507 -0.560720
vn -0.081501 -0.982528 -0.167321
vn -0.128200 0.986106 -0.105639
vn -0.170692 0.941087 -0.291922
vn -0.067505 0.750694 -0.657192
vn -0.048353 0.821951 0.567502
vn -0.019882 0.981148 0.192234
vn 0.004368 -0.992240 -0.124264
vn 0.040869 -0.928847 0.368201
vn 0.008046 0.994009 -0.108999
vn 0.020071 -0.898708 0.438087
vn -0.115613 0.849638 0.514538
vn -0.713096 0.686981 0.139825
vn 0.003529 0.999729 0.023007
vn 0.009921 -0.998938 0.044985
vn -0.075497 0.987192 -0.140543
vn -0.048998 -0.931997 0.359139
vn -0.054498 0.974924 0.215761
vn -0.062312 -0.996348 -0.058376
vn 0.015744 0.998681 -0.048877
vn 0.010598 -0.984851 0.173077
vn 0.942232 -0.303712 0.141270
vn -0.937027 -0.239882 -0.253845
vn -0.996977 0.019553 0.075199
vn 0.990781 -0.056599 -0.123082
vn -0.988694 0.042377 0.143834
vn -0.966665 0.076914 -0.244219
vn 0.951371 -0.130959 0.278823
vn -0.965318 0.062743 -0.253425
vn 0.990725 -0.062707 -0.120552
vn 0.917735 -0.048532 -0.394217
vn -0.957843 0.160623 0.238196
vn -0.821447 0.427149 0.377848
vn -0.909809 0.060182 -0.410641
vn 0.826297 0.332821 0.454383
vn -0.897497 0.148301 0.415339
vn 0.914290 0.140298 -0.379988
vn 0.527878 0.791993 -0.306744
vn -0.972554 0.100946 0.209641
vn 0.817730 0.157678 0.553585
vn -0.542863 0.138523 0.828318
vn -0.761742 -0.426615 -0.487595
vn 0.663151 0.411305 -0.625347
vn -0.697564 0.082563 0.711750
vn -0.233196 0.056086 0.970811
vn -0.925679 0.222930 -0.305646
vn 0.094277 -0.366256 0.925726
vn -0.465005 -0.651895 -0.599002
vn -0.441792 -0.419073 0.793220
vn 0.104622 0.993121 0.052587
vn -0.084338 -0.995276 -0.048095
vn -0.123180 -0.992359 -0.007086
vn -0.963389 -0.068464 -0.259218
vn 0.385491 0.922690 0.006334
vn -0.739563 0.130365 0.660342
vn -0.926533 -0.182457 0.329008
vn 0.061205 0.993856 0.092218
vn -0.872069 0.489222 0.012554
vn -0.084084 -0.995356 -0.046864
vn -0.167650 -0.981153 -0.096083
vn -0.134739 -0.989383 -0.054468
vn 0.016638 0.998775 0.046601
vn 0.076676 0.997032 0.006958
vn -0.031594 -0.999482 -0.006057
vn 0.075615 0.994398 -0.073859
vn -0.054044 -0.989853 0.131420
vn 0.507767 0.728743 0.459464
vn -0.988943 -0.025155 0.146144
vn -0.689924 -0.617900 -0.377101
vn 0.036079 0.998797 0.033208
vn -0.037743 -0.998732 -0.033309
vn 0.056853 0.998021 0.026863
vn -0.023969 -0.999604 -0.014753
vn 0.003138 0.999864 0.016166
vn 0.160596 -0.978288 -0.131005
vn 0.029687 0.999508 0.010089
vn 0.035176 -0.997581 -0.059954
vn -0.134140 -0.942491 0.306132
vn -0.558974 0.778398 -0.285736
vn 0.071251 0.996179 0.050514
vn 0.024800 0.999074 0.035146
vn -0.039938 -0.998664 -0.032794
vn 0.103508 -0.993578 -0.045698
vn 0.984591 0.174422 0.012547
vn -0.161854 -0.986263 -0.032981
vn 0.158629 0.987175 -0.017975
vn -0.045566 -0.997516 -0.053716
vn -0.010135 0.999692 0.022640
vn 0.447018 -0.740112 0.502403
vn -0.794606 -0.605768 0.040573
vn 0.062827 0.100688 -0.992932
vn -0.046089 0.180395 -0.982514
vn -0.307243 -0.735891 -0.603380
vn 0.315933 -0.941347 -0.118539
vn -0.100410 -0.155916 0.982654
vn -0.665514 -0.570492 0.481280
vn 0.178853 -0.018986 0.983693
vn -0.216741 0.036733 0.975538
vn 0.679650 0.472213 0.561330
vn -0.257025 -0.098589 0.961363
vn 0.044442 0.321491 -0.945869
vn 0.036537 -0.247430 -0.968217
vn 0.237465 -0.128506 0.962859
vn -0.141691 0.180430 0.973329
vn 0.308718 0.781577 -0.542061
vn 0.018474 -0.324023 -0.945869
vn 0.000850 0.498077 -0.867132
vn -0.067584 0.311063 0.947983
vn -0.120712 0.463478 0.877848
vn -0.185868 -0.341493 -0.921323
vn -0.171177 -0.681730 0.711297
vn 0.011789 -0.368563 -0.929528
vn -0.206426 0.408661 0.889036
vn -0.022642 0.663730 -0.747629
vn -0.027187 0.421985 -0.906195
vn -0.059646 0.499931 0.864009
vn -0.017976 0.661339 -0.749871
vn 0.015189 -0.543249 0.839434
vn -0.055656 0.580095 0.812645
vn 0.185269 0.881619 0.434079
vn -0.227329 -0.420750 -0.878232
vn -0.108099 -0.885438 -0.452011
vn -0.082534 0.897572 -0.433073
vn -0.110164 -0.518877 0.847721
vn -0.051395 0.646409 0.761258
vn -0.051361 0.878603 0.474782
vn -0.000465 0.914163 -0.405347
vn 0.006009 -0.763340 0.645969
vn -0.099160 -0.805440 -0.584323
vn -0.641733 -0.610225 -0.464548
vn -0.065845 -0.984903 -0.160093
vn -0.044284 0.976263 -0.212012
vn -0.346848 0.846582 -0.403727
vn -0.198421 0.551866 -0.809983
vn -0.063672 0.822936 0.564555
vn -0.034743 0.976217 0.213995
vn -0.005841 -0.999276 -0.037582
vn -0.007666 0.943106 0.332404
vn -0.011268 0.977474 -0.210755
vn -0.004864 -0.927858 0.372901
vn -0.106137 0.860089 0.498981
vn -0.986361 0.029568 -0.161918
vn 0.009661 0.988219 0.152739
vn 0.400262 -0.827398 -0.393957
vn -0.304648 0.928555 -0.212072
vn -0.046619 -0.938353 0.342522
vn -0.012030 0.982648 0.185089
vn -0.948333 -0.222994 0.225695
vn -0.055750 -0.986475 0.154138
vn 0.992874 -0.113761 0.035491
vn -0.997292 0.052079 0.051936
vn 0.999067 0.043169 0.001421
vn 0.440710 0.887676 0.133439
vn -0.995646 -0.019992 -0.091046
vn 0.973351 0.209178 0.093984
vn -0.989727 -0.124950 0.069482
vn -0.662013 0.625671 0.412643
vn 0.983239 0.005468 -0.182241
vn -0.874851 0.347592 0.337365
vn 0.531902 0.804350 0.264766
vn 0.167447 -0.488440 0.856380
vn 0.898996 0.364587 -0.242657
vn -0.708910 0.163992 0.685969
vn -0.985842 -0.109924 0.126622
vn 0.857307 0.123914 0.499669
vn 0.096129 0.992659 0.073399
vn 0.410009 0.911927 -0.016772
vn -0.470989 0.882106 -0.007614
vn 0.056027 -0.919989 -0.387919
vn 0.188519 -0.934764 0.301127
vn 0.170385 0.985226 0.017259
vn -0.080490 -0.996607 -0.017215
vn 0.075754 0.997039 0.013232
vn -0.079522 -0.996770 -0.011243
vn 0.967847 0.249286 -0.033584
vn 0.140658 0.989813 -0.022017
vn -0.652380 -0.753708 0.079532
vn -0.280872 -0.937818 0.203984
vn -0.279239 0.953949 -0.109576
vn 0.357359 0.881790 0.307801
vn -0.011607 -0.993548 -0.112821
vn -0.104871 -0.993849 -0.035576
vn 0.097747 0.994949 0.022834
vn -0.066127 -0.997449 -0.026881
vn -0.213604 0.976523 0.027870
vn -0.099113 -0.995046 -0.007814
vn 0.074534 0.997179 0.008848
vn -0.003786 0.987373 -0.158368
vn -0.566978 -0.431140 -0.701893
vn -0.425132 -0.901960 0.075701
vn -0.319776 -0.557441 0.766162
vn 0.836431 0.385688 0.389394
vn 0.074753 0.996291 0.042625
vn -0.099480 -0.993791 -0.049831
vn 0.048997 0.998724 0.012208
vn -0.119022 0.983283 -0.137799
vn -0.181603 -0.982798 -0.033606
vn -0.104439 -0.994526 -0.003241
vn 0.059545 0.998221 -0.003037
vn -0.037456 -0.998958 0.026086
vn 0.101662 0.993654 -0.048133
vn -0.212295 -0.975907 -0.050358
vn -0.964911 0.233554 -0.119996
vn -0.004253 0.999651 -0.026077
vn -0.002421 0.997400 -0.072018
vn -0.092335 -0.995712 -0.005731
vn 0.080354 0.996759 0.003768
vn 0.018686 0.996712 0.078839
vn 0.137185 0.989305 -0.049554
vn -0.070153 -0.996915 0.035204
vn -0.760901 0.566170 0.316986
vn -0.043353 0.211290 -0.976462
vn -0.786567 -0.070760 -0.613437
vn -0.628579 -0.690731 -0.357462
vn 0.244630 0.228133 0.942397
vn -0.755221 -0.642052 0.131950
vn 0.607014 0.423153 0.672664
vn -0.263028 -0.014693 0.964676
vn 0.204080 -0.318963 0.925534
vn -0.065174 -0.482218 -0.873624
vn 0.757031 0.646373 0.095427
vn -0.005439 -0.356653 -0.934221
vn 0.730808 0.527130 0.433652
vn -0.166009 0.353326 0.920653
vn -0.961834 -0.273584 -0.005170
vn 0.005233 0.669568 -0.742732
vn 0.055914 -0.406535 -0.911922
vn -0.181765 -0.970090 0.160895
vn 0.048015 0.732934 -0.678603
vn 0.008561 0.559654 -0.828682
vn -0.046803 0.335226 0.940974
vn -0.046255 -0.796121 -0.603367
vn -0.031241 0.727476 -0.685422
vn 0.010707 -0.560166 0.828311
vn -0.024331 -0.754037 -0.656381
vn 0.001020 0.734249 -0.678880
vn -0.520775 0.744747 0.417307
vn -0.133708 0.877092 0.461337
vn -0.046351 0.908135 -0.416104
vn -0.044625 -0.657591 0.752052
vn -0.092837 -0.845061 -0.526549
vn -0.016400 -0.931985 -0.362126
vn 0.005824 0.922140 -0.386811
vn 0.020422 -0.796155 0.604748
vn -0.173513 0.720172 0.671748
vn -0.328946 0.914476 0.235643
vn -0.105792 -0.983820 -0.144588
vn -0.100947 0.992301 0.071747
vn -0.109551 0.919918 -0.376497
vn -0.036093 -0.827100 0.560895
vn -0.033498 0.872427 0.487594
vn -0.234065 -0.037370 0.971502
vn 0.010819 0.999932 -0.004446
vn 0.007730 -0.999786 0.019195
vn 0.051930 -0.959746 0.276026
vn 0.034833 -0.882827 0.468404
vn -0.093151 -0.963144 -0.252344
vn -0.766957 -0.639953 -0.047309
vn 0.000604 0.991194 0.132417
vn 0.081413 -0.995227 -0.053809
vn -0.241801 -0.898440 0.366521
vn -0.032491 -0.930430 0.365027
vn -0.029273 -0.969025 0.245222
vn -0.009305 -0.967691 0.251967
vn -0.787389 -0.201879 0.582463
vn 0.929386 0.337626 0.149166
vn -0.990848 0.122593 0.056491
vn 0.505690 0.862060 -0.033614
vn 0.651076 0.749491 -0.119843
vn 0.939866 0.281404 -0.193557
vn -0.888549 -0.141512 0.436412
vn -0.508257 0.856805 0.086947
vn -0.348226 -0.936804 0.033730
vn -0.923571 0.287562 0.253624
vn 0.070340 0.996035 -0.054462
vn -0.565764 -0.824324 0.020022
vn 0.084826 0.996308 -0.013251
vn -0.887894 -0.313484 0.336707
vn -0.854929 -0.452181 -0.254222
vn -0.515163 0.841593 0.162260
vn 0.223475 0.970541 0.090052
vn -0.234861 -0.971889 -0.016511
vn -0.121756 -0.992536 -0.006859
vn 0.150093 0.988571 -0.014147
vn -0.386563 -0.922245 -0.005802
vn 0.378856 -0.879246 -0.288781
vn 0.478450 0.182054 0.859036
vn -0.968472 0.022123 0.248139
vn 0.465411 -0.024458 0.884757
vn 0.084915 0.238035 0.967538
vn 0.082040 0.996456 0.018556
vn -0.091057 -0.995646 -0.019965
vn -0.606083 0.795091 0.022242
vn 0.094044 0.995470 0.013937
vn -0.071985 -0.997134 -0.023285
vn -0.179981 -0.983414 0.022441
vn 0.108356 0.959776 0.259014
vn -0.249298 -0.072518 0.965708
vn 0.700058 0.665144 -0.259812
vn -0.072746 -0.442008 -0.894057
vn -0.025515 0.429415 -0.902747
vn -0.245892 0.241956 0.938613
vn 0.163444 -0.428322 0.888722
vn -0.753577 -0.514258 0.409464
vn 0.183996 -0.353841 0.917029
vn -0.018094 -0.452054 -0.891807
vn 0.024419 0.630255 -0.776004
vn -0.249975 0.519735 0.816938
vn -0.200051 -0.615489 -0.762334
vn 0.131731 -0.756375 0.640737
vn 0.087830 -0.569176 0.817511
vn -0.150278 0.477167 0.865868
vn -0.117078 -0.712176 -0.692169
vn -0.047560 0.735626 -0.675717
vn -0.912710 0.003326 -0.408594
vn -0.101496 -0.872784 -0.477437
vn 0.223153 0.833310 -0.505763
vn -0.153995 -0.698756 -0.698589
vn -0.092834 -0.934261 -0.344294
vn -0.011592 0.914516 -0.404383
vn 0.026634 -0.808227 0.588268
vn -0.057024 0.792121 0.607694
vn -0.311960 -0.937367 0.154994
vn -0.045288 0.933010 -0.356989
vn -0.001338 -0.828478 0.560020
vn -0.105021 0.785872 0.609407
vn -0.050512 0.973812 0.221671
vn 0.023864 -0.999380 -0.025895
vn -0.025706 0.998131 -0.055437
vn -0.105704 0.928899 -0.354926
vn -0.455090 -0.880419 0.133253
vn -0.026924 -0.839343 0.542935
vn -0.042602 -0.917547 -0.395338
vn -0.018286 0.972732 0.231208
vn 0.061750 0.997471 -0.035196
vn -0.004219 -0.999146 -0.041101
vn 0.017469 -0.965123 0.261213
vn 0.008724 -0.860961 0.508596
vn -0.120697 0.953841 0.274991
vn -0.048125 0.985257 -0.164175
vn -0.002920 -0.998941 0.045925
vn -0.047402 -0.919729 0.389682
vn -0.001831 0.978918 0.204247
vn 0.012980 -0.993844 0.110030
vn 0.001446 -0.465550 -0.885021
vn 0.090098 0.546429 -0.832645
vn -0.205249 0.250784 0.946034
vn 0.221200 0.974501 0.037649
vn -0.202567 0.524810 0.826765
vn -0.213654 -0.654622 -0.725136
vn -0.527965 0.666956 -0.525758
vn 0.058306 -0.649770 0.757891
vn -0.074695 0.543620 0.836001
vn 0.056992 -0.754906 -0.653352
vn -0.082603 0.669764 -0.737966
vn -0.002567 -0.737506 0.675335
vn -0.236030 0.623606 0.745255
vn -0.364473 -0.701238 -0.612719
vn 0.215109 0.946865 -0.239112
vn -0.328688 0.728256 0.601338
vn -0.373613 -0.867331 -0.328861
vn -0.561331 0.770846 -0.301171
vn 0.038834 -0.994887 0.093225
vn -0.120948 -0.862322 -0.491704
vn -0.236327 0.928580 0.286161
vn -0.036384 -0.969797 -0.241185
vn -0.081262 -0.930989 0.355888
vn -0.355265 0.809651 -0.467175
vn 0.031939 -0.854711 0.518121
vn -0.063568 0.871026 0.487106
vn -0.005685 0.994217 0.107239
vn 0.083076 -0.959200 -0.270249
vn 0.018214 -0.999342 0.031375
vn 0.007095 0.998162 -0.060180
vn 0.481930 -0.691759 -0.537786
vn 0.046949 0.933918 -0.354390
vn 0.128696 -0.728054 0.673331
vn -0.059047 0.947719 0.313597
vn -0.020569 -0.977616 -0.209390
vn -0.049191 0.811858 0.581780
vn -0.001087 0.998913 -0.046598
vn -0.095845 0.879264 -0.466593
vn -0.084678 -0.935776 0.342277
vn -0.029530 0.817631 0.574984
vn 0.009944 0.995212 0.097228
vn -0.594658 0.798630 0.092583
vn -0.025388 -0.982125 0.186508
vn -0.719992 -0.297699 -0.626887
vn -0.890020 -0.455714 -0.013796
vn -0.806818 -0.175985 0.563980
vn -0.126867 0.515934 0.847181
vn -0.204509 0.447209 0.870735
vn 0.002088 -0.871012 -0.491257
vn -0.070608 0.746365 -0.661780
vn -0.226871 0.642010 -0.732361
vn -0.169339 0.626411 0.760877
vn -0.052260 -0.809699 -0.584514
vn 0.125823 -0.736369 0.664777
vn -0.123979 -0.871854 -0.473815
vn -0.131638 0.862220 0.489129
vn -0.451906 0.822227 -0.346011
vn -0.013490 -0.733763 0.679272
vn -0.495555 0.437448 0.750376
vn -0.224975 -0.938806 -0.260826
vn -0.407705 -0.905276 -0.119381
vn -0.626527 0.748426 -0.217535
vn -0.261315 0.837974 -0.479076
vn 0.029478 -0.923387 0.382736
vn -0.136860 0.874239 0.465807
vn -0.058115 -0.935542 -0.348402
vn -0.056394 -0.985230 -0.161686
vn -0.616573 0.786536 -0.034619
vn -0.648877 0.760665 0.018622
vn -0.124054 0.942479 -0.310395
vn -0.011651 -0.958979 0.283237
vn -0.108393 0.956141 0.272113
vn -0.029667 -0.986472 -0.161221
vn -0.058689 -0.940619 0.334353
vn -0.020183 0.998465 -0.051570
vn -0.122836 -0.992019 0.028439
vn -0.352812 -0.879246 0.320078
vn -0.187576 0.967220 0.171175
vn 0.007208 -0.999973 0.001648
vn -0.020730 0.998232 -0.055712
vn 0.008371 -0.991586 0.129182
vn -0.162872 -0.793311 -0.586627
vn -0.178716 0.832734 0.524036
vn -0.098900 -0.918308 -0.383314
vn -0.391436 0.613102 -0.686209
vn -0.038905 -0.876315 0.480165
vn -0.423663 -0.261301 0.867313
vn -0.087350 0.949058 0.302753
vn -0.016676 -0.977364 -0.210906
vn -0.041432 0.968646 -0.244965
vn -0.272639 -0.905267 -0.325823
vn 0.030245 -0.849036 0.527468
vn 0.014827 -0.976544 -0.214806
vn -0.039733 0.931409 0.361799
vn -0.017268 0.991380 0.129878
vn -0.039920 -0.759034 -0.649826
vn 0.097379 0.933570 -0.344912
vn 0.008804 -0.996277 0.085761
vn -0.063177 -0.942300 0.328754
vn -0.073410 0.913763 -0.399561
vn -0.294444 0.908410 0.296806
vn -0.061746 0.992205 0.108240
vn 0.086094 0.875954 -0.474650
vn -0.059665 0.607658 -0.791955
vn -0.059744 -0.985768 0.157137
vn -0.300976 0.942892 -0.142715
vn -0.031716 0.992662 0.116691
vn -0.165033 0.912811 -0.373550
vn -0.018173 -0.999834 -0.001440
vn -0.170171 -0.970887 0.168582
vn -0.128880 0.911260 0.391146
vn -0.063653 -0.957238 -0.282211
vn -0.018616 -0.999806 -0.006401
vn 0.050572 0.984737 0.166540
vn -0.056487 0.998296 0.014644
vn -0.077848 0.957174 -0.278851
vn -0.024368 -0.956429 0.290946
vn -0.378694 0.878596 0.290964
vn -0.258853 -0.963988 -0.061006
vn -0.000018 -0.999827 0.018580
vn 0.220797 0.940060 -0.259878
vn -0.023031 0.846700 -0.531571
vn -0.015979 -0.963391 0.267625
vn -0.033347 0.993731 0.106707
vn -0.123499 0.867230 -0.482348
vn 0.018800 -0.999823 -0.000349
vn 0.097138 -0.984356 0.146996
vn 0.109818 -0.993922 0.007750
vn -0.056979 0.995673 0.073406
vn 0.110178 0.986357 -0.122315
vn 0.110178 0.986357 -0.122315
vn -0.103707 -0.959479 0.262000
vn 0.863633 -0.489258 0.121511
vn 0.099353 0.994392 -0.036247
vn 0.099353 0.994392 -0.036247
vn -0.088638 -0.987001 0.134063
vn 0.866780 -0.494899 0.061385
vn 0.918436 0.394870 0.023533
vn 0.077963 0.995519 0.053513
vn -0.086332 -0.995328 0.043236
vn -0.085149 -0.995431 0.043198
vn 0.875513 -0.482604 -0.023877
vn -0.076841 -0.995572 -0.054147
vn -0.086648 -0.979307 -0.182891
vn 0.997109 -0.075808 -0.005094
vn 0.086577 0.961546 -0.260642
vn 0.086491 0.961656 -0.260265
vn -0.131371 -0.946000 0.296355
vn 0.734282 -0.651021 0.192358
vn 0.955190 0.266570 -0.128655
vn 0.083637 0.920737 -0.381114
vn -0.116824 -0.923224 0.366072
vn -0.116824 -0.923224 0.366072
vn 0.088405 0.979124 0.183031
vn 0.899040 0.428904 0.088136
vn 0.978055 0.193374 0.077558
vn 0.077034 0.948690 0.306682
vn -0.116815 -0.930727 -0.346558
vn 0.799705 -0.567663 -0.195528
vn -0.082359 -0.906418 -0.414274
vn 0.927328 -0.347943 -0.137838
vn 0.100336 0.889498 0.445787
vn 0.881208 0.414174 0.227887
vn 0.946180 0.274107 -0.172075
vn 0.067887 0.877996 -0.473829
vn -0.114661 -0.841388 0.528128
vn 0.771130 -0.550518 0.319825
vn 0.937647 0.249472 -0.242036
vn 0.070407 0.769750 -0.634450
vn -0.118680 -0.779222 0.615409
vn -0.118680 -0.779222 0.615409
vn 0.880235 0.396624 0.260530
vn 0.162867 0.846600 0.506699
vn -0.048543 -0.812319 -0.581190
vn -0.048116 -0.812224 -0.581358
vn -0.075904 -0.718352 -0.691526
vn 0.910041 -0.319692 -0.263863
vn 0.100039 0.658500 0.745902
vn 0.854566 0.321541 0.407835
vn 0.929143 0.234600 -0.285754
vn 0.085845 0.694800 -0.714061
vn -0.119908 -0.641255 0.757901
vn 0.794872 -0.415755 0.441958
vn 0.928170 0.162785 -0.334666
vn 0.074800 0.523497 -0.848738
vn -0.047709 -0.597176 -0.800690
vn 0.927419 -0.251980 -0.276405
vn 0.101118 0.512185 -0.852902
vn 0.787694 0.291193 -0.542904
vn 0.109532 0.480502 0.870127
vn 0.995329 0.005488 0.096386
vn 0.154259 0.461103 0.873835
vn 0.867534 0.201861 0.454573
vn 0.823340 -0.304156 0.479166
vn -0.114280 -0.476037 0.871969
vn 0.946394 0.104151 -0.305764
vn 0.090191 0.435346 -0.895734
vn -0.061612 -0.281608 -0.957549
vn -0.063288 -0.282291 -0.957239
vn 0.870295 0.112465 0.479518
vn 0.098912 0.301214 0.948413
vn 0.805394 -0.258578 0.533364
vn -0.119458 -0.373454 0.919925
vn 0.939376 0.048941 -0.339377
vn -0.013959 0.268773 -0.963103
vn -0.136665 -0.316788 0.938599
vn -0.136665 -0.316788 0.938599
vn 0.870230 0.083083 0.485588
vn 0.107273 0.243594 0.963927
vn -0.060334 -0.203447 -0.977225
vn -0.060748 -0.203610 -0.977166
vn -0.056806 -0.107369 -0.992595
vn -0.056806 -0.107369 -0.992595
vn 0.918877 -0.087171 -0.384795
vn 0.739338 -0.110903 -0.664138
vn 0.082904 0.022510 0.996303
vn 0.856893 -0.027912 0.514738
vn 0.932783 0.012276 -0.360231
vn 0.066567 0.154301 -0.985779
vn 0.693606 -0.118024 0.710620
vn -0.119449 -0.111432 0.986567
vn -0.043574 0.075717 -0.996177
vn -0.053500 0.071669 -0.995993
vn 0.865938 -0.068220 0.495477
vn 0.087520 -0.056789 0.994543
vn 0.935919 -0.040331 -0.349899
vn 0.071346 0.011109 -0.997390
vn 0.823137 -0.166194 0.542978
vn 0.038183 -0.227123 0.973117
vn -0.005579 0.272753 -0.962068
vn -0.002462 0.273075 -0.961990
vn 0.861633 -0.167607 0.479058
vn 0.052521 -0.255967 0.965258
vn 0.825100 0.004518 0.564969
vn -0.106203 0.083894 0.990799
vn 0.928541 -0.126175 -0.349130
vn 0.038288 -0.227839 -0.972946
vn -0.013089 0.395318 -0.918451
vn 0.994819 -0.004661 -0.101559
vn 0.705291 0.151111 0.692625
vn -0.133956 0.262461 0.955599
vn 0.082420 -0.420041 0.903755
vn 0.831441 -0.265040 0.488323
vn 0.926432 -0.211294 -0.311574
vn 0.015904 -0.471928 -0.881494
vn -0.136668 0.434699 0.890145
vn -0.136668 0.434699 0.890145
vn 0.014502 0.562836 -0.826441
vn 0.014910 0.562894 -0.826395
vn 0.842838 -0.316147 0.435517
vn 0.087536 -0.535198 0.840179
vn 0.932915 -0.239463 -0.268935
vn 0.036526 -0.586136 -0.809389
vn -0.020698 0.651959 -0.757971
vn -0.020698 0.651959 -0.757971
vn 0.858415 0.293164 0.420925
vn -0.049825 0.623250 0.780434
vn 0.717480 0.507723 0.476907
vn -0.256341 0.730930 0.632479
vn -0.129552 -0.702926 0.699365
vn 0.979689 -0.164272 0.114992
vn 0.943037 0.235082 -0.235411
vn -0.002520 0.763328 -0.646006
vn 0.014310 -0.631825 0.774979
vn 0.964384 -0.193600 0.180228
vn -0.202035 0.746544 -0.633919
vn -0.202035 0.746544 -0.633919
vn 0.042178 -0.809397 0.585746
vn 0.808641 -0.489518 0.326300
vn 0.995234 -0.091119 -0.034733
vn 0.035539 -0.776652 -0.628927
vn 0.916236 -0.350026 -0.194920
vn -0.012957 -0.842800 -0.538070
vn 0.760130 0.548035 0.349084
vn -0.064305 0.857831 0.509893
vn -0.084135 -0.896487 0.435008
vn -0.085784 -0.897375 0.432850
vn -0.086843 0.849422 -0.520519
vn 0.826495 0.467966 -0.312911
vn -0.011148 -0.934938 0.354637
vn -0.011138 -0.934878 0.354796
vn 0.032041 0.928617 0.369655
vn 0.957649 0.260765 0.122108
vn -0.096971 0.959883 0.263100
vn -0.096971 0.959883 0.263100
vn 0.754960 -0.619325 -0.215573
vn 0.004618 -0.937948 -0.346745
vn 0.870781 -0.481496 -0.099509
vn 0.002526 -0.975290 -0.220915
vn 0.951240 -0.305746 -0.040755
vn -0.003574 -0.987886 -0.155140
vn -0.071459 0.952978 -0.294493
vn 0.823868 0.537714 -0.179180
vn 0.009886 0.984757 -0.173654
vn 0.928473 0.364323 -0.072160
vn -0.008646 0.930618 -0.365890
vn 0.874507 0.445430 -0.191910
vn -0.024410 -0.967713 0.250869
vn -0.023945 -0.967821 0.250499
vn 0.052497 -0.993604 -0.099971
vn 0.787492 -0.613540 -0.058513
vn 0.995143 0.097997 0.009367
vn 0.020772 0.997730 0.064065
vn -0.008963 -0.985778 0.167811
vn 0.959284 -0.279646 0.039658
vn 0.999522 0.030118 -0.007044
vn -0.074533 0.993271 -0.088639
vn 0.994533 0.104426 0.000000
vn 0.941773 0.336248 -0.000000
vn -0.006846 -0.997844 -0.065271
vn -0.006846 -0.997844 -0.065271
vn 0.000000 0.000000 0.000000
vn 0.000000 0.000000 0.000000
vn -0.011552 -0.999897 0.008555
vn 0.000000 0.000000 0.000000
vn 0.000000 0.000000 0.000000
vn 0.000000 0.000000 0.000000
vn 0.998823 -0.048498 -0.000000
usemtl hammer_real
f 1/1/1 2/1/2 13/1/13
f 1/1/1 2/1/2 50/1/50
f 1/1/1 12/1/12 13/1/13
f 1/1/1 12/1/12 49/1/49
f 1/1/1 49/1/49 61/1/61
f 1/1/1 50/1/50 61/1/61
f 2/1/2 3/1/3 14/1/14
f 2/1/2 3/1/3 50/1/50
f 2/1/2 13/1/13 14/1/14
f 3/1/3 4/1/4 15/1/15
f 3/1/3 4/1/4 52/1/52
f 3/1/3 14/1/14 15/1/15
f 3/1/3 50/1/50 51/1/51
f 3/1/3 51/1/51 52/1/52
f 4/1/4 15/1/15 52/1/52
f 5/1/5 6/1/6 17/1/17
f 5/1/5 6/1/6 54/1/54
f 5/1/5 16/1/16 17/1/17
f 5/1/5 16/1/16 53/1/53
f 5/1/5 53/1/53 54/1/54
f 6/1/6 7/1/7 17/1/17
f 6/1/6 7/1/7 54/1/54
f 7/1/7 8/1/8 19/1/19
f 7/1/7 8/1/8 56/1/56
f 7/1/7 17/1/17 18/1/18
f 7/1/7 18/1/18 19/1/19
f 7/1/7 54/1/54 55/1/55
f 7/1/7 55/1/55 56/1/56
f 8/1/8 9/1/9 19/1/19
f 8/1/8 9/1/9 57/1/57
f 8/1/8 56/1/56 57/1/57
f 9/1/9 19/1/19 20/1/20
f 9/1/9 20/1/20 57/1/57
f 10/1/10 11/1/11 23/1/23
f 10/1/10 11/1/11 60/1/60
f 10/1/10 22/1/22 23/1/23
f 10/1/10 22/1/22 72/1/72
f 10/1/10 59/1/59 60/1/60
f 10/1/10 59/1/59 72/1/72
f 11/1/11 12/1/12 24/1/24
f 11/1/11 12/1/12 60/1/60
f 11/1/11 23/1/23 24/1/24
f 11/1/11 59/1/59 60/1/60
f 12/1/12 13/1/13 25/1/25
f 12/1/12 24/1/24 25/1/25
f 12/1/12 49/1/49 61/1/61
f 12/1/12 60/1/60 61/1/61
f 13/1/13 14/1/14 25/1/25
f 14/1/14 15/1/15 26/1/26
f 14/1/14 25/1/25 26/1/26
f 15/1/15 26/1/26 27/1/27
f 15/1/15 27/1/27 74/1/74
f 15/1/15 52/1/52 64/1/64
f 15/1/15 64/1/64 65/1/65
f 15/1/15 65/1/65 74/1/74
f 16/1/16 17/1/17 30/1/30
f 16/1/16 29/1/29 30/1/30
f 16/1/16 29/1/29 66/1/66
f 16/1/16 53/1/53 66/1/66
f 17/1/17 18/1/18 30/1/30
f 18/1/18 19/1/19 32/1/32
f 18/1/18 30/1/30 31/1/31
f 18/1/18 31/1/31 32/1/32
f 19/1/19 20/1/20 32/1/32
f 20/1/20 21/1/21 34/1/34
f 20/1/20 21/1/21 71/1/71
f 20/1/20 32/1/32 33/1/33
f 20/1/20 33/1/33 34/1/34
f 20/1/20 57/1/57 58/1/58
f 20/1/20 58/1/58 71/1/71
f 21/1/21 34/1/34 79/1/79
f 21/1/21 71/1/71 79/1/79
f 22/1/22 23/1/23 73/1/73
f 22/1/22 72/1/72 73/1/73
f 23/1/23 24/1/24 35/1/35
f 23/1/23 35/1/35 80/1/80
f 23/1/23 73/1/73 80/1/80
f 24/1/24 25/1/25 37/1/37
f 24/1/24 35/1/35 36/1/36
f 24/1/24 36/1/36 37/1/37
f 25/1/25 26/1/26 37/1/37
f 26/1/26 27/1/27 39/1/39
f 26/1/26 37/1/37 38/1/38
f 26/1/26 38/1/38 39/1/39
f 27/1/27 28/1/28 39/1/39
f 27/1/27 28/1/28 75/1/75
f 27/1/27 74/1/74 75/1/75
f 28/1/28 39/1/39 82/1/82
f 28/1/28 75/1/75 82/1/82
f 29/1/29 30/1/30 41/1/41
f 29/1/29 40/1/40 41/1/41
f 29/1/29 40/1/40 83/1/83
f 29/1/29 66/1/66 76/1/76
f 29/1/29 76/1/76 83/1/83
f 30/1/30 31/1/31 42/1/42
f 30/1/30 41/1/41 42/1/42
f 31/1/31 32/1/32 42/1/42
f 32/1/32 33/1/33 44/1/44
f 32/1/32 42/1/42 43/1/43
f 32/1/32 43/1/43 87/1/87
f 32/1/32 44/1/44 87/1/87
f 33/1/33 34/1/34 79/1/79
f 33/1/33 44/1/44 87/1/87
f 33/1/33 78/1/78 79/1/79
f 33/1/33 78/1/78 87/1/87
f 35/1/35 36/1/36 46/1/46
f 35/1/35 45/1/45 46/1/46
f 35/1/35 45/1/45 89/1/89
f 35/1/35 80/1/80 89/1/89
f 36/1/36 37/1/37 46/1/46
f 37/1/37 38/1/38 47/1/47
f 37/1/37 46/1/46 47/1/47
f 38/1/38 39/1/39 92/1/92
f 38/1/38 47/1/47 48/1/48
f 38/1/38 48/1/48 92/1/92
f 39/1/39 81/1/81 82/1/82
f 39/1/39 81/1/81 93/1/93
f 39/1/39 92/1/92 93/1/93
f 40/1/40 41/1/41 84/1/84
f 40/1/40 83/1/83 84/1/84
f 41/1/41 42/1/42 84/1/84
f 42/1/42 43/1/43 86/1/86
f 42/1/42 84/1/84 85/1/85
f 42/1/42 85/1/85 86/1/86
f 43/1/43 86/1/86 87/1/87
f 45/1/45 46/1/46 89/1/89
f 46/1/46 47/1/47 90/1/90
f 46/1/46 89/1/89 90/1/90
f 47/1/47 48/1/48 91/1/91
f 47/1/47 90/1/90 91/1/91
f 48/1/48 91/1/91 92/1/92
f 50/1/50 51/1/51 63/1/63
f 50/1/50 61/1/61 62/1/62
f 50/1/50 62/1/62 63/1/63
f 51/1/51 52/1/52 63/1/63
f 52/1/52 63/1/63 64/1/64
f 53/1/53 54/1/54 66/1/66
f 54/1/54 55/1/55 68/1/68
f 54/1/54 66/1/66 67/1/67
f 54/1/54 67/1/67 68/1/68
f 55/1/55 56/1/56 68/1/68
f 56/1/56 57/1/57 69/1/69
f 56/1/56 68/1/68 69/1/69
f 57/1/57 58/1/58 71/1/71
f 57/1/57 69/1/69 70/1/70
f 57/1/57 70/1/70 71/1/71
f 59/1/59 60/1/60 72/1/72
f 60/1/60 61/1/61 145/1/145
f 60/1/60 72/1/72 73/1/73
f 60/1/60 73/1/73 145/1/145
f 61/1/61 62/1/62 146/1/146
f 61/1/61 145/1/145 146/1/146
f 62/1/62 63/1/63 147/1/147
f 62/1/62 146/1/146 147/1/147
f 63/1/63 64/1/64 157/1/157
f 63/1/63 147/1/147 148/1/148
f 63/1/63 148/1/148 157/1/157
f 64/1/64 65/1/65 74/1/74
f 64/1/64 74/1/74 75/1/75
f 64/1/64 74/1/74 157/1/157
f 66/1/66 67/1/67 76/1/76
f 67/1/67 68/1/68 149/1/149
f 67/1/67 76/1/76 77/1/77
f 67/1/67 77/1/77 159/1/159
f 67/1/67 149/1/149 159/1/159
f 68/1/68 69/1/69 150/1/150
f 68/1/68 149/1/149 150/1/150
f 69/1/69 70/1/70 151/1/151
f 69/1/69 150/1/150 151/1/151
f 70/1/70 71/1/71 152/1/152
f 70/1/70 151/1/151 152/1/152
f 71/1/71 79/1/79 163/1/163
f 71/1/71 152/1/152 153/1/153
f 71/1/71 153/1/153 163/1/163
f 73/1/73 80/1/80 164/1/164
f 73/1/73 145/1/145 154/1/154
f 73/1/73 154/1/154 164/1/164
f 74/1/74 75/1/75 82/1/82
f 74/1/74 81/1/81 82/1/82
f 74/1/74 81/1/81 168/1/168
f 74/1/74 157/1/157 158/1/158
f 74/1/74 158/1/158 168/1/168
f 76/1/76 77/1/77 84/1/84
f 76/1/76 83/1/83 84/1/84
f 77/1/77 84/1/84 170/1/170
f 77/1/77 159/1/159 170/1/170
f 78/1/78 79/1/79 88/1/88
f 78/1/78 87/1/87 88/1/88
f 79/1/79 88/1/88 163/1/163
f 80/1/80 89/1/89 164/1/164
f 81/1/81 82/1/82 93/1/93
f 81/1/81 82/1/82 94/1/94
f 81/1/81 93/1/93 94/1/94
f 81/1/81 93/1/93 179/1/179
f 81/1/81 168/1/168 179/1/179
f 82/1/82 93/1/93 94/1/94
f 83/1/83 84/1/84 96/1/96
f 83/1/83 84/1/84 170/1/170
f 83/1/83 95/1/95 96/1/96
f 83/1/83 95/1/95 181/1/181
f 83/1/83 169/1/169 170/1/170
f 83/1/83 169/1/169 181/1/181
f 84/1/84 85/1/85 96/1/96
f 85/1/85 86/1/86 98/1/98
f 85/1/85 96/1/96 97/1/97
f 85/1/85 97/1/97 98/1/98
f 86/1/86 87/1/87 98/1/98
f 87/1/87 88/1/88 100/1/100
f 87/1/87 98/1/98 99/1/99
f 87/1/87 99/1/99 100/1/100
f 88/1/88 100/1/100 185/1/185
f 88/1/88 163/1/163 174/1/174
f 88/1/88 174/1/174 185/1/185
f 89/1/89 90/1/90 102/1/102
f 89/1/89 101/1/101 102/1/102
f 89/1/89 101/1/101 186/1/186
f 89/1/89 164/1/164 175/1/175
f 89/1/89 175/1/175 186/1/186
f 90/1/90 91/1/91 102/1/102
f 91/1/91 92/1/92 103/1/103
f 91/1/91 102/1/102 103/1/103
f 92/1/92 93/1/93 105/1/105
f 92/1/92 103/1/103 104/1/104
f 92/1/92 104/1/104 105/1/105
f 93/1/93 94/1/94 105/1/105
f 93/1/93 94/1/94 179/1/179
f 94/1/94 105/1/105 106/1/106
f 94/1/94 106/1/106 188/1/188
f 94/1/94 179/1/179 180/1/180
f 94/1/94 180/1/180 188/1/188
f 95/1/95 96/1/96 108/1/108
f 95/1/95 107/1/107 108/1/108
f 95/1/95 107/1/107 189/1/189
f 95/1/95 181/1/181 189/1/189
f 96/1/96 97/1/97 108/1/108
f 97/1/97 98/1/98 110/1/110
f 97/1/97 108/1/108 109/1/109
f 97/1/97 109/1/109 110/1/110
f 98/1/98 99/1/99 110/1/110
f 99/1/99 100/1/100 112/1/112
f 99/1/99 110/1/110 111/1/111
f 99/1/99 111/1/111 112/1/112
f 100/1/100 112/1/112 191/1/191
f 100/1/100 185/1/185 191/1/191
f 101/1/101 102/1/102 114/1/114
f 101/1/101 113/1/113 114/1/114
f 101/1/101 113/1/113 186/1/186
f 102/1/102 103/1/103 115/1/115
f 102/1/102 114/1/114 115/1/115
f 103/1/103 104/1/104 115/1/115
f 104/1/104 105/1/105 117/1/117
f 104/1/104 115/1/115 116/1/116
f 104/1/104 116/1/116 117/1/117
f 105/1/105 106/1/106 118/1/118
f 105/1/105 117/1/117 118/1/118
f 106/1/106 118/1/118 194/1/194
f 106/1/106 188/1/188 194/1/194
f 107/1/107 108/1/108 120/1/120
f 107/1/107 119/1/119 120/1/120
f 107/1/107 119/1/119 195/1/195
f 107/1/107 189/1/189 195/1/195
f 108/1/108 109/1/109 120/1/120
f 109/1/109 110/1/110 122/1/122
f 109/1/109 120/1/120 121/1/121
f 109/1/109 121/1/121 122/1/122
f 110/1/110 111/1/111 122/1/122
f 111/1/111 112/1/112 123/1/123
f 111/1/111 122/1/122 123/1/123
f 112/1/112 123/1/123 124/1/124
f 112/1/112 124/1/124 191/1/191
f 113/1/113 114/1/114 125/1/125
f 113/1/113 125/1/125 192/1/192
f 113/1/113 186/1/186 192/1/192
f 114/1/114 115/1/115 127/1/127
f 114/1/114 125/1/125 126/1/126
f 114/1/114 126/1/126 127/1/127
f 115/1/115 116/1/116 128/1/128
f 115/1/115 127/1/127 128/1/128
f 116/1/116 117/1/117 129/1/129
f 116/1/116 128/1/128 129/1/129
f 117/1/117 118/1/118 130/1/130
f 117/1/117 129/1/129 130/1/130
f 118/1/118 130/1/130 199/1/199
f 118/1/118 194/1/194 199/1/199
f 119/1/119 120/1/120 132/1/132
f 119/1/119 131/1/131 132/1/132
f 119/1/119 131/1/131 200/1/200
f 119/1/119 195/1/195 200/1/200
f 120/1/120 121/1/121 133/1/133
f 120/1/120 132/1/132 133/1/133
f 121/1/121 122/1/122 133/1/133
f 122/1/122 123/1/123 134/1/134
f 122/1/122 133/1/133 134/1/134
f 123/1/123 124/1/124 136/1/136
f 123/1/123 134/1/134 135/1/135
f 123/1/123 135/1/135 136/1/136
f 124/1/124 136/1/136 204/1/204
f 124/1/124 191/1/191 196/1/196
f 124/1/124 196/1/196 204/1/204
f 125/1/125 126/1/126 138/1/138
f 125/1/125 137/1/137 138/1/138
f 125/1/125 137/1/137 205/1/205
f 125/1/125 192/1/192 197/1/197
f 125/1/125 197/1/197 205/1/205
f 126/1/126 127/1/127 139/1/139
f 126/1/126 138/1/138 139/1/139
f 127/1/127 128/1/128 140/1/140
f 127/1/127 139/1/139 140/1/140
f 128/1/128 129/1/129 140/1/140
f 129/1/129 130/1/130 142/1/142
f 129/1/129 140/1/140 141/1/141
f 129/1/129 141/1/141 142/1/142
f 130/1/130 142/1/142 210/1/210
f 130/1/130 199/1/199 210/1/210
f 131/1/131 132/1/132 211/1/211
f 131/1/131 143/1/143 211/1/211
f 131/1/131 200/1/200 211/1/211
f 132/1/132 133/1/133 213/1/213
f 132/1/132 144/1/144 212/1/212
f 132/1/132 211/1/211 212/1/212
f 132/1/132 212/1/212 213/1/213
f 133/1/133 134/1/134 201/1/201
f 133/1/133 201/1/201 213/1/213
f 134/1/134 135/1/135 202/1/202
f 134/1/134 201/1/201 214/1/214
f 134/1/134 202/1/202 214/1/214
f 135/1/135 136/1/136 204/1/204
f 135/1/135 202/1/202 203/1/203
f 135/1/135 203/1/203 204/1/204
f 137/1/137 138/1/138 205/1/205
f 138/1/138 139/1/139 207/1/207
f 138/1/138 205/1/205 206/1/206
f 138/1/138 206/1/206 207/1/207
f 139/1/139 140/1/140 207/1/207
f 140/1/140 141/1/141 208/1/208
f 140/1/140 207/1/207 208/1/208
f 141/1/141 142/1/142 209/1/209
f 141/1/141 208/1/208 209/1/209
f 142/1/142 209/1/209 210/1/210
f 145/1/145 146/1/146 154/1/154
f 146/1/146 147/1/147 156/1/156
f 146/1/146 154/1/154 155/1/155
f 146/1/146 155/1/155 156/1/156
f 147/1/147 148/1/148 156/1/156
f 148/1/148 156/1/156 157/1/157
f 149/1/149 150/1/150 159/1/159
f 150/1/150 151/1/151 160/1/160
f 150/1/150 159/1/159 160/1/160
f 151/1/151 152/1/152 161/1/161
f 151/1/151 160/1/160 161/1/161
f 152/1/152 153/1/153 162/1/162
f 152/1/152 161/1/161 162/1/162
f 153/1/153 162/1/162 163/1/163
f 154/1/154 155/1/155 164/1/164
f 155/1/155 156/1/156 166/1/166
f 155/1/155 164/1/164 165/1/165
f 155/1/155 165/1/165 166/1/166
f 156/1/156 157/1/157 167/1/167
f 156/1/156 166/1/166 167/1/167
f 157/1/157 158/1/158 168/1/168
f 157/1/157 167/1/167 168/1/168
f 159/1/159 160/1/160 170/1/170
f 160/1/160 161/1/161 171/1/171
f 160/1/160 170/1/170 171/1/171
f 161/1/161 162/1/162 173/1/173
f 161/1/161 171/1/171 172/1/172
f 161/1/161 172/1/172 173/1/173
f 162/1/162 163/1/163 173/1/173
f 163/1/163 173/1/173 174/1/174
f 164/1/164 165/1/165 176/1/176
f 164/1/164 175/1/175 176/1/176
f 165/1/165 166/1/166 177/1/177
f 165/1/165 176/1/176 177/1/177
f 166/1/166 167/1/167 178/1/178
f 166/1/166 177/1/177 178/1/178
f 167/1/167 168/1/168 178/1/178
f 168/1/168 178/1/178 179/1/179
f 169/1/169 170/1/170 182/1/182
f 169/1/169 181/1/181 182/1/182
f 170/1/170 171/1/171 182/1/182
f 171/1/171 172/1/172 267/1/267
f 171/1/171 182/1/182 183/1/183
f 171/1/171 183/1/183 266/1/266
f 171/1/171 257/1/257 266/1/266
f 171/1/171 257/1/257 267/1/267
f 172/1/172 173/1/173 267/1/267
f 172/1/172 184/1/184 267/1/267
f 173/1/173 174/1/174 258/1/258
f 173/1/173 258/1/258 268/1/268
f 173/1/173 267/1/267 268/1/268
f 174/1/174 185/1/185 269/1/269
f 174/1/174 258/1/258 259/1/259
f 174/1/174 259/1/259 269/1/269
f 175/1/175 176/1/176 260/1/260
f 175/1/175 186/1/186 260/1/260
f 176/1/176 177/1/177 261/1/261
f 176/1/176 260/1/260 261/1/261
f 177/1/177 178/1/178 262/1/262
f 177/1/177 261/1/261 262/1/262
f 178/1/178 179/1/179 263/1/263
f 178/1/178 262/1/262 263/1/263
f 179/1/179 180/1/180 188/1/188
f 179/1/179 187/1/187 188/1/188
f 179/1/179 187/1/187 264/1/264
f 179/1/179 263/1/263 264/1/264
f 181/1/181 182/1/182 189/1/189
f 182/1/182 183/1/183 265/1/265
f 182/1/182 189/1/189 190/1/190
f 182/1/182 190/1/190 275/1/275
f 182/1/182 265/1/265 275/1/275
f 183/1/183 265/1/265 266/1/266
f 185/1/185 191/1/191 269/1/269
f 186/1/186 192/1/192 280/1/280
f 186/1/186 260/1/260 270/1/270
f 186/1/186 270/1/270 280/1/280
f 187/1/187 188/1/188 193/1/193
f 187/1/187 193/1/193 274/1/274
f 187/1/187 264/1/264 274/1/274
f 188/1/188 193/1/193 194/1/194
f 189/1/189 190/1/190 195/1/195
f 190/1/190 195/1/195 286/1/286
f 190/1/190 275/1/275 286/1/286
f 191/1/191 196/1/196 290/1/290
f 191/1/191 269/1/269 279/1/279
f 191/1/191 279/1/279 290/1/290
f 192/1/192 197/1/197 291/1/291
f 192/1/192 280/1/280 291/1/291
f 193/1/193 194/1/194 199/1/199
f 193/1/193 198/1/198 199/1/199
f 193/1/193 198/1/198 292/1/292
f 193/1/193 274/1/274 284/1/284
f 193/1/193 284/1/284 292/1/292
f 195/1/195 200/1/200 294/1/294
f 195/1/195 285/1/285 286/1/286
f 195/1/195 285/1/285 294/1/294
f 196/1/196 204/1/204 296/1/296
f 196/1/196 290/1/290 296/1/296
f 197/1/197 205/1/205 297/1/297
f 197/1/197 291/1/291 297/1/297
f 198/1/198 199/1/199 293/1/293
f 198/1/198 292/1/292 293/1/293
f 199/1/199 210/1/210 293/1/293
f 200/1/200 211/1/211 300/1/300
f 200/1/200 294/1/294 300/1/300
f 201/1/201 213/1/213 214/1/214
f 202/1/202 203/1/203 215/1/215
f 202/1/202 214/1/214 215/1/215
f 203/1/203 204/1/204 215/1/215
f 204/1/204 215/1/215 216/1/216
f 204/1/204 216/1/216 302/1/302
f 204/1/204 296/1/296 302/1/302
f 205/1/205 206/1/206 218/1/218
f 205/1/205 217/1/217 218/1/218
f 205/1/205 217/1/217 303/1/303
f 205/1/205 297/1/297 303/1/303
f 206/1/206 207/1/207 218/1/218
f 207/1/207 208/1/208 220/1/220
f 207/1/207 218/1/218 219/1/219
f 207/1/207 219/1/219 220/1/220
f 208/1/208 209/1/209 221/1/221
f 208/1/208 220/1/220 221/1/221
f 209/1/209 210/1/210 221/1/221
f 210/1/210 221/1/221 222/1/222
f 210/1/210 222/1/222 299/1/299
f 210/1/210 293/1/293 299/1/299
f 211/1/211 212/1/212 223/1/223
f 211/1/211 223/1/223 306/1/306
f 211/1/211 300/1/300 306/1/306
f 212/1/212 213/1/213 225/1/225
f 212/1/212 223/1/223 224/1/224
f 212/1/212 224/1/224 225/1/225
f 213/1/213 214/1/214 225/1/225
f 214/1/214 215/1/215 227/1/227
f 214/1/214 225/1/225 226/1/226
f 214/1/214 226/1/226 227/1/227
f 215/1/215 216/1/216 227/1/227
f 216/1/216 227/1/227 228/1/228
f 216/1/216 228/1/228 307/1/307
f 216/1/216 302/1/302 307/1/307
f 217/1/217 218/1/218 230/1/230
f 217/1/217 229/1/229 230/1/230
f 217/1/217 229/1/229 303/1/303
f 218/1/218 219/1/219 231/1/231
f 218/1/218 230/1/230 231/1/231
f 219/1/219 220/1/220 232/1/232
f 219/1/219 231/1/231 232/1/232
f 220/1/220 221/1/221 233/1/233
f 220/1/220 232/1/232 233/1/233
f 221/1/221 222/1/222 234/1/234
f 221/1/221 233/1/233 234/1/234
f 222/1/222 234/1/234 305/1/305
f 222/1/222 299/1/299 305/1/305
f 223/1/223 224/1/224 236/1/236
f 223/1/223 235/1/235 236/1/236
f 223/1/223 235/1/235 310/1/310
f 223/1/223 306/1/306 310/1/310
f 224/1/224 225/1/225 237/1/237
f 224/1/224 236/1/236 237/1/237
f 225/1/225 226/1/226 237/1/237
f 226/1/226 227/1/227 238/1/238
f 226/1/226 237/1/237 238/1/238
f 227/1/227 228/1/228 239/1/239
f 227/1/227 238/1/238 239/1/239
f 228/1/228 239/1/239 240/1/240
f 228/1/228 240/1/240 311/1/311
f 228/1/228 307/1/307 311/1/311
f 229/1/229 230/1/230 241/1/241
f 229/1/229 241/1/241 312/1/312
f 229/1/229 303/1/303 308/1/308
f 229/1/229 308/1/308 312/1/312
f 230/1/230 231/1/231 242/1/242
f 230/1/230 241/1/241 242/1/242
f 231/1/231 232/1/232 243/1/243
f 231/1/231 242/1/242 243/1/243
f 232/1/232 233/1/233 244/1/244
f 232/1/232 243/1/243 244/1/244
f 233/1/233 234/1/234 245/1/245
f 233/1/233 244/1/244 245/1/245
f 234/1/234 245/1/245 246/1/246
f 234/1/234 246/1/246 314/1/314
f 234/1/234 305/1/305 309/1/309
f 234/1/234 309/1/309 314/1/314
f 235/1/235 236/1/236 247/1/247
f 235/1/235 247/1/247 315/1/315
f 235/1/235 310/1/310 315/1/315
f 236/1/236 237/1/237 249/1/249
f 236/1/236 247/1/247 248/1/248
f 236/1/236 248/1/248 249/1/249
f 237/1/237 238/1/238 250/1/250
f 237/1/237 249/1/249 250/1/250
f 238/1/238 239/1/239 251/1/251
f 238/1/238 250/1/250 251/1/251
f 239/1/239 240/1/240 311/1/311
f 239/1/239 251/1/251 319/1/319
f 239/1/239 311/1/311 320/1/320
f 239/1/239 319/1/319 320/1/320
f 241/1/241 242/1/242 312/1/312
f 242/1/242 243/1/243 252/1/252
f 242/1/242 252/1/252 322/1/322
f 242/1/242 312/1/312 313/1/313
f 242/1/242 313/1/313 322/1/322
f 243/1/243 244/1/244 254/1/254
f 243/1/243 252/1/252 253/1/253
f 243/1/243 253/1/253 254/1/254
f 244/1/244 245/1/245 255/1/255
f 244/1/244 254/1/254 255/1/255
f 245/1/245 246/1/246 256/1/256
f 245/1/245 255/1/255 256/1/256
f 246/1/246 256/1/256 326/1/326
f 246/1/246 314/1/314 326/1/326
f 247/1/247 248/1/248 316/1/316
f 247/1/247 315/1/315 316/1/316
f 248/1/248 249/1/249 317/1/317
f 248/1/248 316/1/316 317/1/317
f 249/1/249 250/1/250 318/1/318
f 249/1/249 317/1/317 318/1/318
f 250/1/250 251/1/251 318/1/318
f 251/1/251 318/1/318 319/1/319
f 252/1/252 253/1/253 322/1/322
f 253/1/253 254/1/254 323/1/323
f 253/1/253 322/1/322 323/1/323
f 254/1/254 255/1/255 325/1/325
f 254/1/254 323/1/323 324/1/324
f 254/1/254 324/1/324 325/1/325
f 255/1/255 256/1/256 325/1/325
f 256/1/256 325/1/325 326/1/326
f 257/1/257 266/1/266 267/1/267
f 258/1/258 259/1/259 269/1/269
f 258/1/258 268/1/268 269/1/269
f 260/1/260 261/1/261 270/1/270
f 261/1/261 262/1/262 271/1/271
f 261/1/261 270/1/270 271/1/271
f 262/1/262 263/1/263 273/1/273
f 262/1/262 271/1/271 272/1/272
f 262/1/262 272/1/272 273/1/273
f 263/1/263 264/1/264 274/1/274
f 263/1/263 273/1/273 274/1/274
f 265/1/265 266/1/266 275/1/275
f 266/1/266 267/1/267 276/1/276
f 266/1/266 275/1/275 276/1/276
f 267/1/267 268/1/268 278/1/278
f 267/1/267 276/1/276 277/1/277
f 267/1/267 277/1/277 278/1/278
f 268/1/268 269/1/269 279/1/279
f 268/1/268 278/1/278 279/1/279
f 270/1/270 271/1/271 280/1/280
f 271/1/271 272/1/272 282/1/282
f 271/1/271 280/1/280 281/1/281
f 271/1/271 281/1/281 282/1/282
f 272/1/272 273/1/273 282/1/282
f 273/1/273 274/1/274 284/1/284
f 273/1/273 282/1/282 283/1/283
f 273/1/273 283/1/283 284/1/284
f 275/1/275 276/1/276 287/1/287
f 275/1/275 286/1/286 287/1/287
f 276/1/276 277/1/277 288/1/288
f 276/1/276 287/1/287 288/1/288
f 277/1/277 278/1/278 288/1/288
f 278/1/278 279/1/279 289/1/289
f 278/1/278 288/1/288 289/1/289
f 279/1/279 289/1/289 290/1/290
f 280/1/280 281/1/281 362/1/362
f 280/1/280 291/1/291 370/1/370
f 280/1/280 361/1/361 362/1/362
f 280/1/280 361/1/361 370/1/370
f 281/1/281 282/1/282 363/1/363
f 281/1/281 362/1/362 363/1/363
f 282/1/282 283/1/283 363/1/363
f 283/1/283 284/1/284 364/1/364
f 283/1/283 363/1/363 364/1/364
f 284/1/284 292/1/292 364/1/364
f 285/1/285 286/1/286 294/1/294
f 286/1/286 287/1/287 366/1/366
f 286/1/286 294/1/294 295/1/295
f 286/1/286 295/1/295 365/1/365
f 286/1/286 365/1/365 366/1/366
f 287/1/287 288/1/288 367/1/367
f 287/1/287 366/1/366 367/1/367
f 288/1/288 289/1/289 367/1/367
f 289/1/289 290/1/290 368/1/368
f 289/1/289 367/1/367 368/1/368
f 290/1/290 296/1/296 369/1/369
f 290/1/290 368/1/368 369/1/369
f 291/1/291 297/1/297 370/1/370
f 292/1/292 293/1/293 298/1/298
f 292/1/292 298/1/298 374/1/374
f 292/1/292 364/1/364 374/1/374
f 293/1/293 298/1/298 299/1/299
f 294/1/294 295/1/295 300/1/300
f 295/1/295 300/1/300 301/1/301
f 295/1/295 301/1/301 375/1/375
f 295/1/295 365/1/365 375/1/375
f 296/1/296 302/1/302 390/1/390
f 296/1/296 369/1/369 379/1/379
f 296/1/296 379/1/379 390/1/390
f 297/1/297 303/1/303 391/1/391
f 297/1/297 370/1/370 380/1/380
f 297/1/297 380/1/380 391/1/391
f 298/1/298 299/1/299 304/1/304
f 298/1/298 304/1/304 384/1/384
f 298/1/298 374/1/374 384/1/384
f 299/1/299 304/1/304 305/1/305
f 300/1/300 301/1/301 386/1/386
f 300/1/300 306/1/306 385/1/385
f 300/1/300 385/1/385 386/1/386
f 301/1/301 375/1/375 386/1/386
f 302/1/302 307/1/307 390/1/390
f 303/1/303 308/1/308 396/1/396
f 303/1/303 391/1/391 396/1/396
f 304/1/304 305/1/305 398/1/398
f 304/1/304 384/1/384 392/1/392
f 304/1/304 392/1/392 398/1/398
f 305/1/305 309/1/309 398/1/398
f 306/1/306 310/1/310 393/1/393
f 306/1/306 385/1/385 393/1/393
f 307/1/307 311/1/311 395/1/395
f 307/1/307 390/1/390 395/1/395
f 308/1/308 312/1/312 396/1/396
f 309/1/309 314/1/314 398/1/398
f 310/1/310 315/1/315 406/1/406
f 310/1/310 393/1/393 399/1/399
f 310/1/310 399/1/399 406/1/406
f 311/1/311 320/1/320 407/1/407
f 311/1/311 395/1/395 401/1/401
f 311/1/311 401/1/401 407/1/407
f 312/1/312 313/1/313 322/1/322
f 312/1/312 321/1/321 322/1/322
f 312/1/312 321/1/321 402/1/402
f 312/1/312 396/1/396 402/1/402
f 314/1/314 326/1/326 327/1/327
f 314/1/314 327/1/327 405/1/405
f 314/1/314 398/1/398 404/1/404
f 314/1/314 404/1/404 405/1/405
f 315/1/315 316/1/316 329/1/329
f 315/1/315 328/1/328 329/1/329
f 315/1/315 328/1/328 410/1/410
f 315/1/315 406/1/406 410/1/410
f 316/1/316 317/1/317 329/1/329
f 317/1/317 318/1/318 330/1/330
f 317/1/317 329/1/329 330/1/330
f 318/1/318 319/1/319 332/1/332
f 318/1/318 330/1/330 331/1/331
f 318/1/318 331/1/331 332/1/332
f 319/1/319 320/1/320 332/1/332
f 320/1/320 332/1/332 333/1/333
f 320/1/320 333/1/333 413/1/413
f 320/1/320 407/1/407 413/1/413
f 321/1/321 322/1/322 334/1/334
f 321/1/321 334/1/334 414/1/414
f 321/1/321 402/1/402 408/1/408
f 321/1/321 408/1/408 414/1/414
f 322/1/322 323/1/323 334/1/334
f 323/1/323 324/1/324 336/1/336
f 323/1/323 334/1/334 335/1/335
f 323/1/323 335/1/335 336/1/336
f 324/1/324 325/1/325 336/1/336
f 325/1/325 326/1/326 338/1/338
f 325/1/325 336/1/336 337/1/337
f 325/1/325 337/1/337 338/1/338
f 326/1/326 327/1/327 338/1/338
f 327/1/327 328/1/328 340/1/340
f 327/1/327 328/1/328 410/1/410
f 327/1/327 338/1/338 339/1/339
f 327/1/327 339/1/339 340/1/340
f 327/1/327 339/1/339 410/1/410
f 327/1/327 339/1/339 417/1/417
f 327/1/327 405/1/405 410/1/410
f 327/1/327 410/1/410 417/1/417
f 328/1/328 329/1/329 340/1/340
f 329/1/329 330/1/330 342/1/342
f 329/1/329 340/1/340 341/1/341
f 329/1/329 341/1/341 342/1/342
f 330/1/330 331/1/331 342/1/342
f 331/1/331 332/1/332 344/1/344
f 331/1/331 342/1/342 343/1/343
f 331/1/331 343/1/343 344/1/344
f 332/1/332 333/1/333 413/1/413
f 332/1/332 344/1/344 412/1/412
f 332/1/332 412/1/412 413/1/413
f 334/1/334 335/1/335 346/1/346
f 334/1/334 345/1/345 346/1/346
f 334/1/334 345/1/345 415/1/415
f 334/1/334 414/1/414 415/1/415
f 335/1/335 336/1/336 346/1/346
f 336/1/336 337/1/337 347/1/347
f 336/1/336 346/1/346 347/1/347
f 337/1/337 338/1/338 349/1/349
f 337/1/337 347/1/347 348/1/348
f 337/1/337 348/1/348 349/1/349
f 338/1/338 339/1/339 350/1/350
f 338/1/338 349/1/349 350/1/350
f 339/1/339 340/1/340 351/1/351
f 339/1/339 350/1/350 351/1/351
f 339/1/339 350/1/350 417/1/417
f 339/1/339 410/1/410 417/1/417
f 340/1/340 341/1/341 352/1/352
f 340/1/340 351/1/351 352/1/352
f 341/1/341 342/1/342 353/1/353
f 341/1/341 352/1/352 353/1/353
f 342/1/342 343/1/343 354/1/354
f 342/1/342 353/1/353 354/1/354
f 343/1/343 344/1/344 354/1/354
f 344/1/344 354/1/354 355/1/355
f 344/1/344 355/1/355 418/1/418
f 344/1/344 412/1/412 418/1/418
f 345/1/345 346/1/346 356/1/356
f 345/1/345 356/1/356 429/1/429
f 345/1/345 415/1/415 421/1/421
f 345/1/345 421/1/421 429/1/429
f 346/1/346 347/1/347 357/1/357
f 346/1/346 356/1/356 357/1/357
f 347/1/347 348/1/348 358/1/358
f 347/1/347 357/1/357 358/1/358
f 348/1/348 349/1/349 359/1/359
f 348/1/348 358/1/358 359/1/359
f 349/1/349 350/1/350 434/1/434
f 349/1/349 359/1/359 360/1/360
f 349/1/349 360/1/360 433/1/433
f 349/1/349 433/1/433 434/1/434
f 350/1/350 351/1/351 422/1/422
f 350/1/350 417/1/417 422/1/422
f 350/1/350 422/1/422 434/1/434
f 351/1/351 352/1/352 424/1/424
f 351/1/351 422/1/422 423/1/423
f 351/1/351 423/1/423 435/1/435
f 351/1/351 423/1/423 436/1/436
f 351/1/351 424/1/424 436/1/436
f 352/1/352 353/1/353 425/1/425
f 352/1/352 424/1/424 436/1/436
f 352/1/352 425/1/425 436/1/436
f 353/1/353 354/1/354 426/1/426
f 353/1/353 425/1/425 426/1/426
f 354/1/354 355/1/355 426/1/426
f 355/1/355 418/1/418 427/1/427
f 355/1/355 426/1/426 427/1/427
f 356/1/356 357/1/357 429/1/429
f 357/1/357 358/1/358 430/1/430
f 357/1/357 429/1/429 430/1/430
f 358/1/358 359/1/359 432/1/432
f 358/1/358 430/1/430 431/1/431
f 358/1/358 431/1/431 432/1/432
f 359/1/359 360/1/360 432/1/432
f 360/1/360 432/1/432 433/1/433
f 361/1/361 362/1/362 370/1/370
f 362/1/362 363/1/363 371/1/371
f 362/1/362 370/1/370 371/1/371
f 363/1/363 364/1/364 373/1/373
f 363/1/363 371/1/371 372/1/372
f 363/1/363 372/1/372 373/1/373
f 364/1/364 373/1/373 374/1/374
f 365/1/365 366/1/366 375/1/375
f 366/1/366 367/1/367 377/1/377
f 366/1/366 375/1/375 376/1/376
f 366/1/366 376/1/376 377/1/377
f 367/1/367 368/1/368 378/1/378
f 367/1/367 377/1/377 378/1/378
f 368/1/368 369/1/369 379/1/379
f 368/1/368 378/1/378 379/1/379
f 370/1/370 371/1/371 381/1/381
f 370/1/370 380/1/380 381/1/381
f 371/1/371 372/1/372 382/1/382
f 371/1/371 381/1/381 382/1/382
f 372/1/372 373/1/373 382/1/382
f 373/1/373 374/1/374 384/1/384
f 373/1/373 382/1/382 383/1/383
f 373/1/373 383/1/383 384/1/384
f 375/1/375 376/1/376 387/1/387
f 375/1/375 386/1/386 387/1/387
f 376/1/376 377/1/377 388/1/388
f 376/1/376 387/1/387 388/1/388
f 377/1/377 378/1/378 388/1/388
f 378/1/378 379/1/379 390/1/390
f 378/1/378 388/1/388 389/1/389
f 378/1/378 389/1/389 390/1/390
f 380/1/380 381/1/381 474/1/474
f 380/1/380 391/1/391 474/1/474
f 381/1/381 382/1/382 475/1/475
f 381/1/381 466/1/466 474/1/474
f 381/1/381 466/1/466 475/1/475
f 382/1/382 383/1/383 467/1/467
f 382/1/382 467/1/467 475/1/475
f 383/1/383 384/1/384 468/1/468
f 383/1/383 467/1/467 468/1/468
f 384/1/384 392/1/392 477/1/477
f 384/1/384 468/1/468 477/1/477
f 385/1/385 386/1/386 393/1/393
f 386/1/386 387/1/387 470/1/470
f 386/1/386 393/1/393 394/1/394
f 386/1/386 394/1/394 478/1/478
f 386/1/386 469/1/469 470/1/470
f 386/1/386 469/1/469 478/1/478
f 387/1/387 388/1/388 471/1/471
f 387/1/387 470/1/470 471/1/471
f 388/1/388 389/1/389 471/1/471
f 389/1/389 390/1/390 472/1/472
f 389/1/389 471/1/471 472/1/472
f 390/1/390 395/1/395 482/1/482
f 390/1/390 472/1/472 482/1/482
f 391/1/391 396/1/396 473/1/473
f 391/1/391 473/1/473 474/1/474
f 392/1/392 397/1/397 398/1/398
f 392/1/392 397/1/397 487/1/487
f 392/1/392 477/1/477 487/1/487
f 393/1/393 394/1/394 399/1/399
f 394/1/394 399/1/399 400/1/400
f 394/1/394 400/1/400 478/1/478
f 395/1/395 401/1/401 482/1/482
f 396/1/396 402/1/402 483/1/483
f 396/1/396 473/1/473 483/1/483
f 397/1/397 398/1/398 403/1/403
f 397/1/397 403/1/403 487/1/487
f 398/1/398 403/1/403 404/1/404
f 399/1/399 400/1/400 489/1/489
f 399/1/399 406/1/406 498/1/498
f 399/1/399 488/1/488 489/1/489
f 399/1/399 488/1/488 498/1/498
f 400/1/400 478/1/478 489/1/489
f 401/1/401 407/1/407 500/1/500
f 401/1/401 482/1/482 493/1/493
f 401/1/401 493/1/493 500/1/500
f 402/1/402 408/1/408 501/1/501
f 402/1/402 483/1/483 494/1/494
f 402/1/402 494/1/494 501/1/501
f 403/1/403 404/1/404 409/1/409
f 403/1/403 409/1/409 502/1/502
f 403/1/403 487/1/487 497/1/497
f 403/1/403 497/1/497 502/1/502
f 404/1/404 405/1/405 410/1/410
f 404/1/404 409/1/409 410/1/410
f 406/1/406 410/1/410 411/1/411
f 406/1/406 411/1/411 498/1/498
f 407/1/407 413/1/413 506/1/506
f 407/1/407 500/1/500 506/1/506
f 408/1/408 414/1/414 507/1/507
f 408/1/408 501/1/501 507/1/507
f 409/1/409 410/1/410 416/1/416
f 409/1/409 416/1/416 509/1/509
f 409/1/409 502/1/502 503/1/503
f 409/1/409 503/1/503 509/1/509
f 410/1/410 411/1/411 417/1/417
f 410/1/410 416/1/416 417/1/417
f 411/1/411 417/1/417 511/1/511
f 411/1/411 498/1/498 504/1/504
f 411/1/411 504/1/504 511/1/511
f 412/1/412 413/1/413 419/1/419
f 412/1/412 418/1/418 419/1/419
f 413/1/413 419/1/419 506/1/506
f 414/1/414 415/1/415 421/1/421
f 414/1/414 420/1/420 421/1/421
f 414/1/414 420/1/420 513/1/513
f 414/1/414 507/1/507 513/1/513
f 416/1/416 417/1/417 510/1/510
f 416/1/416 509/1/509 510/1/510
f 417/1/417 510/1/510 511/1/511
f 418/1/418 419/1/419 428/1/428
f 418/1/418 427/1/427 428/1/428
f 419/1/419 428/1/428 519/1/519
f 419/1/419 506/1/506 512/1/512
f 419/1/419 512/1/512 519/1/519
f 420/1/420 421/1/421 513/1/513
f 421/1/421 429/1/429 521/1/521
f 421/1/421 513/1/513 514/1/514
f 421/1/421 514/1/514 521/1/521
f 422/1/422 423/1/423 435/1/435
f 422/1/422 434/1/434 435/1/435
f 423/1/423 435/1/435 436/1/436
f 425/1/425 426/1/426 437/1/437
f 425/1/425 436/1/436 437/1/437
f 426/1/426 427/1/427 438/1/438
f 426/1/426 437/1/437 438/1/438
f 427/1/427 428/1/428 518/1/518
f 427/1/427 438/1/438 439/1/439
f 427/1/427 439/1/439 524/1/524
f 427/1/427 518/1/518 524/1/524
f 428/1/428 518/1/518 519/1/519
f 429/1/429 430/1/430 441/1/441
f 429/1/429 440/1/440 441/1/441
f 429/1/429 440/1/440 526/1/526
f 429/1/429 521/1/521 526/1/526
f 430/1/430 431/1/431 442/1/442
f 430/1/430 441/1/441 442/1/442
f 431/1/431 432/1/432 443/1/443
f 431/1/431 442/1/442 443/1/443
f 432/1/432 433/1/433 444/1/444
f 432/1/432 443/1/443 444/1/444
f 433/1/433 434/1/434 444/1/444
f 434/1/434 435/1/435 446/1/446
f 434/1/434 444/1/444 445/1/445
f 434/1/434 445/1/445 446/1/446
f 435/1/435 436/1/436 447/1/447
f 435/1/435 446/1/446 447/1/447
f 436/1/436 437/1/437 447/1/447
f 437/1/437 438/1/438 448/1/448
f 437/1/437 447/1/447 448/1/448
f 438/1/438 439/1/439 450/1/450
f 438/1/438 448/1/448 449/1/449
f 438/1/438 449/1/449 450/1/450
f 439/1/439 450/1/450 524/1/524
f 440/1/440 441/1/441 451/1/451
f 440/1/440 451/1/451 526/1/526
f 441/1/441 442/1/442 453/1/453
f 441/1/441 451/1/451 452/1/452
f 441/1/441 452/1/452 453/1/453
f 442/1/442 443/1/443 454/1/454
f 442/1/442 453/1/453 454/1/454
f 443/1/443 444/1/444 454/1/454
f 444/1/444 445/1/445 455/1/455
f 444/1/444 454/1/454 455/1/455
f 445/1/445 446/1/446 457/1/457
f 445/1/445 455/1/455 456/1/456
f 445/1/445 456/1/456 457/1/457
f 446/1/446 447/1/447 458/1/458
f 446/1/446 457/1/457 458/1/458
f 447/1/447 448/1/448 458/1/458
f 448/1/448 449/1/449 460/1/460
f 448/1/448 458/1/458 459/1/459
f 448/1/448 459/1/459 460/1/460
f 449/1/449 450/1/450 461/1/461
f 449/1/449 460/1/460 461/1/461
f 450/1/450 461/1/461 527/1/527
f 450/1/450 524/1/524 527/1/527
f 451/1/451 452/1/452 462/1/462
f 451/1/451 462/1/462 536/1/536
f 451/1/451 526/1/526 528/1/528
f 451/1/451 528/1/528 536/1/536
f 452/1/452 453/1/453 464/1/464
f 452/1/452 462/1/462 463/1/463
f 452/1/452 463/1/463 537/1/537
f 452/1/452 464/1/464 538/1/538
f 452/1/452 537/1/537 538/1/538
f 453/1/453 454/1/454 464/1/464
f 454/1/454 455/1/455 529/1/529
f 454/1/454 464/1/464 539/1/539
f 454/1/454 465/1/465 539/1/539
f 454/1/454 529/1/529 539/1/539
f 455/1/455 456/1/456 529/1/529
f 456/1/456 457/1/457 530/1/530
f 456/1/456 529/1/529 530/1/530
f 457/1/457 458/1/458 532/1/532
f 457/1/457 530/1/530 531/1/531
f 457/1/457 531/1/531 532/1/532
f 458/1/458 459/1/459 532/1/532
f 459/1/459 460/1/460 533/1/533
f 459/1/459 532/1/532 533/1/533
f 460/1/460 461/1/461 535/1/535
f 460/1/460 533/1/533 534/1/534
f 460/1/460 534/1/534 535/1/535
f 461/1/461 527/1/527 535/1/535
f 462/1/462 463/1/463 536/1/536
f 463/1/463 536/1/536 537/1/537
f 464/1/464 538/1/538 539/1/539
f 466/1/466 474/1/474 475/1/475
f 467/1/467 468/1/468 476/1/476
f 467/1/467 475/1/475 476/1/476
f 468/1/468 476/1/476 477/1/477
f 469/1/469 470/1/470 479/1/479
f 469/1/469 478/1/478 479/1/479
f 470/1/470 471/1/471 479/1/479
f 471/1/471 472/1/472 481/1/481
f 471/1/471 479/1/479 480/1/480
f 471/1/471 480/1/480 481/1/481
f 472/1/472 481/1/481 482/1/482
f 473/1/473 474/1/474 483/1/483
f 474/1/474 475/1/475 484/1/484
f 474/1/474 483/1/483 484/1/484
f 475/1/475 476/1/476 485/1/485
f 475/1/475 484/1/484 485/1/485
f 476/1/476 477/1/477 487/1/487
f 476/1/476 485/1/485 486/1/486
f 476/1/476 486/1/486 487/1/487
f 478/1/478 479/1/479 489/1/489
f 479/1/479 480/1/480 490/1/490
f 479/1/479 489/1/489 490/1/490
f 480/1/480 481/1/481 492/1/492
f 480/1/480 490/1/490 491/1/491
f 480/1/480 491/1/491 492/1/492
f 481/1/481 482/1/482 492/1/492
f 482/1/482 492/1/492 493/1/493
f 483/1/483 484/1/484 494/1/494
f 484/1/484 485/1/485 496/1/496
f 484/1/484 494/1/494 495/1/495
f 484/1/484 495/1/495 496/1/496
f 484/1/484 495/1/495 572/1/572
f 485/1/485 486/1/486 565/1/565
f 485/1/485 496/1/496 573/1/573
f 485/1/485 565/1/565 573/1/573
f 486/1/486 487/1/487 566/1/566
f 486/1/486 565/1/565 566/1/566
f 487/1/487 497/1/497 575/1/575
f 487/1/487 566/1/566 575/1/575
f 488/1/488 489/1/489 499/1/499
f 488/1/488 498/1/498 499/1/499
f 489/1/489 490/1/490 568/1/568
f 489/1/489 499/1/499 576/1/576
f 489/1/489 567/1/567 568/1/568
f 489/1/489 567/1/567 576/1/576
f 490/1/490 491/1/491 569/1/569
f 490/1/490 568/1/568 569/1/569
f 491/1/491 492/1/492 570/1/570
f 491/1/491 569/1/569 570/1/570
f 492/1/492 493/1/493 580/1/580
f 492/1/492 570/1/570 579/1/579
f 492/1/492 579/1/579 580/1/580
f 493/1/493 500/1/500 580/1/580
f 494/1/494 495/1/495 572/1/572
f 494/1/494 501/1/501 571/1/571
f 494/1/494 571/1/571 572/1/572
f 495/1/495 496/1/496 573/1/573
f 495/1/495 572/1/572 573/1/573
f 497/1/497 502/1/502 575/1/575
f 498/1/498 499/1/499 504/1/504
f 499/1/499 504/1/504 505/1/505
f 499/1/499 505/1/505 576/1/576
f 500/1/500 506/1/506 591/1/591
f 500/1/500 579/1/579 580/1/580
f 500/1/500 580/1/580 591/1/591
f 501/1/501 507/1/507 581/1/581
f 501/1/501 571/1/571 581/1/581
f 502/1/502 503/1/503 509/1/509
f 502/1/502 508/1/508 509/1/509
f 502/1/502 508/1/508 585/1/585
f 502/1/502 575/1/575 585/1/585
f 504/1/504 505/1/505 586/1/586
f 504/1/504 511/1/511 595/1/595
f 504/1/504 586/1/586 595/1/595
f 505/1/505 576/1/576 587/1/587
f 505/1/505 586/1/586 587/1/587
f 506/1/506 512/1/512 591/1/591
f 507/1/507 513/1/513 599/1/599
f 507/1/507 581/1/581 592/1/592
f 507/1/507 592/1/592 599/1/599
f 508/1/508 509/1/509 594/1/594
f 508/1/508 509/1/509 601/1/601
f 508/1/508 585/1/585 594/1/594
f 508/1/508 594/1/594 601/1/601
f 509/1/509 510/1/510 516/1/516
f 509/1/509 515/1/515 516/1/516
f 509/1/509 515/1/515 601/1/601
f 510/1/510 511/1/511 516/1/516
f 511/1/511 516/1/516 517/1/517
f 511/1/511 517/1/517 595/1/595
f 512/1/512 519/1/519 598/1/598
f 512/1/512 591/1/591 598/1/598
f 513/1/513 514/1/514 521/1/521
f 513/1/513 520/1/520 521/1/521
f 513/1/513 520/1/520 599/1/599
f 515/1/515 516/1/516 523/1/523
f 515/1/515 522/1/522 523/1/523
f 515/1/515 522/1/522 610/1/610
f 515/1/515 601/1/601 602/1/602
f 515/1/515 602/1/602 610/1/610
f 516/1/516 517/1/517 523/1/523
f 517/1/517 523/1/523 612/1/612
f 517/1/517 595/1/595 603/1/603
f 517/1/517 603/1/603 612/1/612
f 518/1/518 519/1/519 524/1/524
f 519/1/519 524/1/524 525/1/525
f 519/1/519 525/1/525 613/1/613
f 519/1/519 598/1/598 606/1/606
f 519/1/519 606/1/606 613/1/613
f 520/1/520 521/1/521 608/1/608
f 520/1/520 599/1/599 608/1/608
f 521/1/521 526/1/526 615/1/615
f 521/1/521 607/1/607 608/1/608
f 521/1/521 608/1/608 615/1/615
f 522/1/522 523/1/523 610/1/610
f 523/1/523 610/1/610 611/1/611
f 523/1/523 611/1/611 612/1/612
f 524/1/524 525/1/525 613/1/613
f 524/1/524 527/1/527 613/1/613
f 526/1/526 528/1/528 615/1/615
f 527/1/527 535/1/535 624/1/624
f 527/1/527 613/1/613 619/1/619
f 527/1/527 619/1/619 624/1/624
f 528/1/528 536/1/536 620/1/620
f 528/1/528 615/1/615 620/1/620
f 529/1/529 530/1/530 541/1/541
f 529/1/529 539/1/539 540/1/540
f 529/1/529 540/1/540 541/1/541
f 530/1/530 531/1/531 542/1/542
f 530/1/530 541/1/541 542/1/542
f 531/1/531 532/1/532 543/1/543
f 531/1/531 542/1/542 543/1/543
f 532/1/532 533/1/533 543/1/543
f 533/1/533 534/1/534 544/1/544
f 533/1/533 543/1/543 544/1/544
f 534/1/534 535/1/535 546/1/546
f 534/1/534 544/1/544 545/1/545
f 534/1/534 545/1/545 546/1/546
f 535/1/535 546/1/546 626/1/626
f 535/1/535 624/1/624 626/1/626
f 536/1/536 537/1/537 547/1/547
f 536/1/536 547/1/547 627/1/627
f 536/1/536 620/1/620 625/1/625
f 536/1/536 625/1/625 627/1/627
f 537/1/537 538/1/538 548/1/548
f 537/1/537 547/1/547 548/1/548
f 538/1/538 539/1/539 549/1/549
f 538/1/538 548/1/548 549/1/549
f 539/1/539 540/1/540 550/1/550
f 539/1/539 549/1/549 550/1/550
f 540/1/540 541/1/541 552/1/552
f 540/1/540 550/1/550 551/1/551
f 540/1/540 551/1/551 552/1/552
f 541/1/541 542/1/542 553/1/553
f 541/1/541 552/1/552 553/1/553
f 542/1/542 543/1/543 553/1/553
f 543/1/543 544/1/544 555/1/555
f 543/1/543 553/1/553 554/1/554
f 543/1/543 554/1/554 555/1/555
f 544/1/544 545/1/545 555/1/555
f 545/1/545 546/1/546 557/1/557
f 545/1/545 555/1/555 556/1/556
f 545/1/545 556/1/556 557/1/557
f 546/1/546 557/1/557 626/1/626
f 547/1/547 548/1/548 559/1/559
f 547/1/547 558/1/558 559/1/559
f 547/1/547 558/1/558 627/1/627
f 548/1/548 549/1/549 560/1/560
f 548/1/548 559/1/559 560/1/560
f 549/1/549 550/1/550 560/1/560
f 550/1/550 551/1/551 562/1/562
f 550/1/550 560/1/560 561/1/561
f 550/1/550 561/1/561 562/1/562
f 551/1/551 552/1/552 563/1/563
f 551/1/551 562/1/562 563/1/563
f 552/1/552 553/1/553 563/1/563
f 552/1/552 563/1/563 636/1/636
f 553/1/553 554/1/554 564/1/564
f 553/1/553 563/1/563 637/1/637
f 553/1/553 564/1/564 637/1/637
f 554/1/554 555/1/555 628/1/628
f 554/1/554 564/1/564 638/1/638
f 554/1/554 628/1/628 639/1/639
f 554/1/554 638/1/638 639/1/639
f 555/1/555 556/1/556 639/1/639
f 555/1/555 628/1/628 639/1/639
f 556/1/556 557/1/557 630/1/630
f 556/1/556 629/1/629 630/1/630
f 556/1/556 629/1/629 640/1/640
f 556/1/556 639/1/639 640/1/640
f 557/1/557 626/1/626 630/1/630
f 558/1/558 559/1/559 631/1/631
f 558/1/558 627/1/627 631/1/631
f 559/1/559 560/1/560 633/1/633
f 559/1/559 631/1/631 632/1/632
f 559/1/559 632/1/632 633/1/633
f 560/1/560 561/1/561 634/1/634
f 560/1/560 633/1/633 634/1/634
f 561/1/561 562/1/562 634/1/634
f 562/1/562 563/1/563 635/1/635
f 562/1/562 634/1/634 635/1/635
f 563/1/563 635/1/635 636/1/636
f 563/1/563 636/1/636 637/1/637
f 564/1/564 637/1/637 638/1/638
f 565/1/565 566/1/566 575/1/575
f 565/1/565 573/1/573 574/1/574
f 565/1/565 574/1/574 575/1/575
f 567/1/567 568/1/568 577/1/577
f 567/1/567 576/1/576 577/1/577
f 568/1/568 569/1/569 577/1/577
f 569/1/569 570/1/570 578/1/578
f 569/1/569 577/1/577 578/1/578
f 570/1/570 578/1/578 579/1/579
f 571/1/571 572/1/572 582/1/582
f 571/1/571 581/1/581 582/1/582
f 572/1/572 573/1/573 583/1/583
f 572/1/572 582/1/582 583/1/583
f 573/1/573 574/1/574 584/1/584
f 573/1/573 583/1/583 584/1/584
f 574/1/574 575/1/575 584/1/584
f 575/1/575 584/1/584 585/1/585
f 576/1/576 577/1/577 588/1/588
f 576/1/576 587/1/587 588/1/588
f 577/1/577 578/1/578 589/1/589
f 577/1/577 588/1/588 589/1/589
f 578/1/578 579/1/579 589/1/589
f 579/1/579 580/1/580 591/1/591
f 579/1/579 589/1/589 590/1/590
f 579/1/579 590/1/590 591/1/591
f 581/1/581 582/1/582 592/1/592
f 582/1/582 583/1/583 661/1/661
f 582/1/582 592/1/592 593/1/593
f 582/1/582 593/1/593 668/1/668
f 582/1/582 660/1/660 661/1/661
f 582/1/582 660/1/660 668/1/668
f 583/1/583 584/1/584 662/1/662
f 583/1/583 661/1/661 662/1/662
f 584/1/584 585/1/585 662/1/662
f 585/1/585 594/1/594 671/1/671
f 585/1/585 662/1/662 663/1/663
f 585/1/585 663/1/663 671/1/671
f 586/1/586 587/1/587 595/1/595
f 587/1/587 588/1/588 665/1/665
f 587/1/587 595/1/595 596/1/596
f 587/1/587 596/1/596 672/1/672
f 587/1/587 664/1/664 665/1/665
f 587/1/587 664/1/664 672/1/672
f 588/1/588 589/1/589 665/1/665
f 589/1/589 590/1/590 666/1/666
f 589/1/589 665/1/665 666/1/666
f 590/1/590 591/1/591 597/1/597
f 590/1/590 597/1/597 667/1/667
f 590/1/590 666/1/666 667/1/667
f 591/1/591 597/1/597 598/1/598
f 592/1/592 593/1/593 599/1/599
f 593/1/593 599/1/599 600/1/600
f 593/1/593 600/1/600 677/1/677
f 593/1/593 668/1/668 677/1/677
f 594/1/594 601/1/601 680/1/680
f 594/1/594 671/1/671 680/1/680
f 595/1/595 596/1/596 603/1/603
f 596/1/596 603/1/603 604/1/604
f 596/1/596 604/1/604 682/1/682
f 596/1/596 672/1/672 682/1/682
f 597/1/597 598/1/598 606/1/606
f 597/1/597 606/1/606 683/1/683
f 597/1/597 667/1/667 675/1/675
f 597/1/597 675/1/675 683/1/683
f 599/1/599 600/1/600 677/1/677
f 599/1/599 607/1/607 608/1/608
f 599/1/599 607/1/607 685/1/685
f 599/1/599 676/1/676 677/1/677
f 599/1/599 676/1/676 685/1/685
f 601/1/601 602/1/602 610/1/610
f 601/1/601 609/1/609 610/1/610
f 601/1/601 609/1/609 680/1/680
f 603/1/603 604/1/604 682/1/682
f 603/1/603 612/1/612 681/1/681
f 603/1/603 681/1/681 682/1/682
f 605/1/605 606/1/606 683/1/683
f 606/1/606 613/1/613 614/1/614
f 606/1/606 614/1/614 684/1/684
f 606/1/606 683/1/683 684/1/684
f 607/1/607 608/1/608 685/1/685
f 608/1/608 615/1/615 686/1/686
f 608/1/608 685/1/685 686/1/686
f 609/1/609 610/1/610 687/1/687
f 609/1/609 680/1/680 687/1/687
f 610/1/610 611/1/611 617/1/617
f 610/1/610 616/1/616 617/1/617
f 610/1/610 616/1/616 695/1/695
f 610/1/610 687/1/687 688/1/688
f 610/1/610 688/1/688 695/1/695
f 611/1/611 612/1/612 618/1/618
f 611/1/611 617/1/617 618/1/618
f 612/1/612 618/1/618 689/1/689
f 612/1/612 681/1/681 689/1/689
f 613/1/613 614/1/614 691/1/691
f 613/1/613 619/1/619 697/1/697
f 613/1/613 691/1/691 697/1/697
f 614/1/614 684/1/684 692/1/692
f 614/1/614 691/1/691 692/1/692
f 615/1/615 620/1/620 698/1/698
f 615/1/615 686/1/686 693/1/693
f 615/1/615 693/1/693 698/1/698
f 616/1/616 617/1/617 622/1/622
f 616/1/616 621/1/621 622/1/622
f 616/1/616 621/1/621 699/1/699
f 616/1/616 695/1/695 699/1/699
f 617/1/617 618/1/618 622/1/622
f 618/1/618 622/1/622 623/1/623
f 618/1/618 623/1/623 696/1/696
f 618/1/618 689/1/689 696/1/696
f 619/1/619 624/1/624 697/1/697
f 620/1/620 625/1/625 703/1/703
f 620/1/620 698/1/698 703/1/703
f 621/1/621 622/1/622 699/1/699
f 622/1/622 623/1/623 700/1/700
f 622/1/622 699/1/699 700/1/700
f 623/1/623 696/1/696 700/1/700
f 624/1/624 626/1/626 707/1/707
f 624/1/624 697/1/697 702/1/702
f 624/1/624 702/1/702 707/1/707
f 625/1/625 627/1/627 703/1/703
f 626/1/626 630/1/630 709/1/709
f 626/1/626 707/1/707 709/1/709
f 627/1/627 631/1/631 710/1/710
f 627/1/627 703/1/703 708/1/708
f 627/1/627 708/1/708 710/1/710
f 629/1/629 630/1/630 640/1/640
f 630/1/630 640/1/640 641/1/641
f 630/1/630 641/1/641 709/1/709
f 631/1/631 632/1/632 643/1/643
f 631/1/631 642/1/642 643/1/643
f 631/1/631 642/1/642 712/1/712
f 631/1/631 710/1/710 712/1/712
f 632/1/632 633/1/633 644/1/644
f 632/1/632 643/1/643 644/1/644
f 633/1/633 634/1/634 644/1/644
f 634/1/634 635/1/635 646/1/646
f 634/1/634 644/1/644 645/1/645
f 634/1/634 645/1/645 646/1/646
f 635/1/635 636/1/636 647/1/647
f 635/1/635 646/1/646 647/1/647
f 636/1/636 637/1/637 648/1/648
f 636/1/636 647/1/647 648/1/648
f 637/1/637 638/1/638 648/1/648
f 638/1/638 639/1/639 650/1/650
f 638/1/638 648/1/648 649/1/649
f 638/1/638 649/1/649 650/1/650
f 639/1/639 640/1/640 650/1/650
f 640/1/640 641/1/641 651/1/651
f 640/1/640 650/1/650 651/1/651
f 641/1/641 651/1/651 652/1/652
f 641/1/641 652/1/652 716/1/716
f 641/1/641 709/1/709 711/1/711
f 641/1/641 711/1/711 716/1/716
f 642/1/642 643/1/643 712/1/712
f 643/1/643 644/1/644 653/1/653
f 643/1/643 653/1/653 713/1/713
f 643/1/643 712/1/712 713/1/713
f 644/1/644 645/1/645 655/1/655
f 644/1/644 653/1/653 654/1/654
f 644/1/644 654/1/654 655/1/655
f 645/1/645 646/1/646 655/1/655
f 646/1/646 647/1/647 657/1/657
f 646/1/646 655/1/655 721/1/721
f 646/1/646 656/1/656 657/1/657
f 646/1/646 656/1/656 721/1/721
f 647/1/647 648/1/648 658/1/658
f 647/1/647 657/1/657 722/1/722
f 647/1/647 658/1/658 722/1/722
f 648/1/648 649/1/649 723/1/723
f 648/1/648 658/1/658 723/1/723
f 649/1/649 650/1/650 725/1/725
f 649/1/649 659/1/659 724/1/724
f 649/1/649 723/1/723 724/1/724
f 649/1/649 724/1/724 725/1/725
f 650/1/650 651/1/651 714/1/714
f 650/1/650 714/1/714 725/1/725
f 651/1/651 652/1/652 715/1/715
f 651/1/651 714/1/714 726/1/726
f 651/1/651 715/1/715 726/1/726
f 652/1/652 715/1/715 716/1/716
f 653/1/653 654/1/654 718/1/718
f 653/1/653 713/1/713 718/1/718
f 654/1/654 655/1/655 719/1/719
f 654/1/654 718/1/718 719/1/719
f 655/1/655 719/1/719 720/1/720
f 655/1/655 720/1/720 721/1/721
f 656/1/656 657/1/657 721/1/721
f 657/1/657 721/1/721 722/1/722
f 658/1/658 722/1/722 723/1/723
f 660/1/660 661/1/661 669/1/669
f 660/1/660 668/1/668 669/1/669
f 661/1/661 662/1/662 669/1/669
f 662/1/662 663/1/663 671/1/671
f 662/1/662 669/1/669 670/1/670
f 662/1/662 670/1/670 671/1/671
f 664/1/664 665/1/665 673/1/673
f 664/1/664 672/1/672 673/1/673
f 665/1/665 666/1/666 673/1/673
f 666/1/666 667/1/667 675/1/675
f 666/1/666 673/1/673 674/1/674
f 666/1/666 674/1/674 675/1/675
f 668/1/668 669/1/669 677/1/677
f 669/1/669 670/1/670 678/1/678
f 669/1/669 677/1/677 678/1/678
f 670/1/670 671/1/671 679/1/679
f 670/1/670 678/1/678 679/1/679
f 670/1/670 679/1/679 744/1/744
f 671/1/671 679/1/679 680/1/680
f 672/1/672 673/1/673 738/1/738
f 672/1/672 682/1/682 738/1/738
f 673/1/673 674/1/674 739/1/739
f 673/1/673 738/1/738 739/1/739
f 674/1/674 675/1/675 740/1/740
f 674/1/674 739/1/739 740/1/740
f 675/1/675 683/1/683 741/1/741
f 675/1/675 740/1/740 741/1/741
f 676/1/676 677/1/677 685/1/685
f 677/1/677 678/1/678 743/1/743
f 677/1/677 685/1/685 686/1/686
f 677/1/677 686/1/686 742/1/742
f 677/1/677 742/1/742 743/1/743
f 678/1/678 679/1/679 743/1/743
f 679/1/679 680/1/680 744/1/744
f 679/1/679 743/1/743 744/1/744
f 680/1/680 687/1/687 753/1/753
f 680/1/680 744/1/744 745/1/745
f 680/1/680 745/1/745 753/1/753
f 681/1/681 682/1/682 690/1/690
f 681/1/681 689/1/689 690/1/690
f 682/1/682 690/1/690 746/1/746
f 682/1/682 738/1/738 746/1/746
f 683/1/683 684/1/684 692/1/692
f 683/1/683 691/1/691 692/1/692
f 683/1/683 691/1/691 757/1/757
f 683/1/683 741/1/741 749/1/749
f 683/1/683 749/1/749 757/1/757
f 686/1/686 693/1/693 758/1/758
f 686/1/686 742/1/742 750/1/750
f 686/1/686 750/1/750 758/1/758
f 687/1/687 688/1/688 695/1/695
f 687/1/687 694/1/694 695/1/695
f 687/1/687 694/1/694 753/1/753
f 689/1/689 690/1/690 754/1/754
f 689/1/689 696/1/696 754/1/754
f 690/1/690 746/1/746 754/1/754
f 691/1/691 697/1/697 757/1/757
f 693/1/693 698/1/698 764/1/764
f 693/1/693 758/1/758 764/1/764
f 694/1/694 695/1/695 759/1/759
f 694/1/694 753/1/753 759/1/759
f 695/1/695 699/1/699 760/1/760
f 695/1/695 759/1/759 760/1/760
f 696/1/696 700/1/700 701/1/701
f 696/1/696 701/1/701 767/1/767
f 696/1/696 754/1/754 762/1/762
f 696/1/696 761/1/761 762/1/762
f 696/1/696 761/1/761 767/1/767
f 697/1/697 702/1/702 769/1/769
f 697/1/697 757/1/757 763/1/763
f 697/1/697 763/1/763 769/1/769
f 698/1/698 703/1/703 770/1/770
f 698/1/698 764/1/764 770/1/770
f 699/1/699 700/1/700 705/1/705
f 699/1/699 704/1/704 705/1/705
f 699/1/699 704/1/704 771/1/771
f 699/1/699 760/1/760 766/1/766
f 699/1/699 766/1/766 771/1/771
f 700/1/700 701/1/701 705/1/705
f 701/1/701 705/1/705 706/1/706
f 701/1/701 706/1/706 773/1/773
f 701/1/701 767/1/767 773/1/773
f 702/1/702 707/1/707 769/1/769
f 703/1/703 708/1/708 775/1/775
f 703/1/703 770/1/770 775/1/775
f 704/1/704 705/1/705 772/1/772
f 704/1/704 771/1/771 772/1/772
f 705/1/705 706/1/706 773/1/773
f 705/1/705 772/1/772 773/1/773
f 707/1/707 709/1/709 777/1/777
f 707/1/707 769/1/769 774/1/774
f 707/1/707 774/1/774 777/1/777
f 708/1/708 710/1/710 778/1/778
f 708/1/708 775/1/775 778/1/778
f 709/1/709 711/1/711 779/1/779
f 709/1/709 777/1/777 779/1/779
f 710/1/710 712/1/712 780/1/780
f 710/1/710 778/1/778 780/1/780
f 711/1/711 716/1/716 779/1/779
f 712/1/712 713/1/713 718/1/718
f 712/1/712 717/1/717 718/1/718
f 712/1/712 717/1/717 780/1/780
f 714/1/714 725/1/725 726/1/726
f 715/1/715 716/1/716 727/1/727
f 715/1/715 726/1/726 727/1/727
f 716/1/716 727/1/727 781/1/781
f 716/1/716 779/1/779 781/1/781
f 717/1/717 718/1/718 782/1/782
f 717/1/717 780/1/780 782/1/782
f 718/1/718 719/1/719 729/1/729
f 718/1/718 728/1/728 729/1/729
f 718/1/718 728/1/728 783/1/783
f 718/1/718 782/1/782 783/1/783
f 719/1/719 720/1/720 729/1/729
f 720/1/720 721/1/721 731/1/731
f 720/1/720 729/1/729 730/1/730
f 720/1/720 730/1/730 731/1/731
f 721/1/721 722/1/722 731/1/731
f 722/1/722 723/1/723 732/1/732
f 722/1/722 731/1/731 732/1/732
f 723/1/723 724/1/724 733/1/733
f 723/1/723 732/1/732 733/1/733
f 724/1/724 725/1/725 734/1/734
f 724/1/724 733/1/733 734/1/734
f 725/1/725 726/1/726 736/1/736
f 725/1/725 734/1/734 735/1/735
f 725/1/725 735/1/735 736/1/736
f 726/1/726 727/1/727 737/1/737
f 726/1/726 736/1/736 737/1/737
f 727/1/727 737/1/737 795/1/795
f 727/1/727 781/1/781 784/1/784
f 727/1/727 784/1/784 795/1/795
f 728/1/728 729/1/729 787/1/787
f 728/1/728 783/1/783 786/1/786
f 728/1/728 786/1/786 787/1/787
f 729/1/729 730/1/730 788/1/788
f 729/1/729 787/1/787 788/1/788
f 730/1/730 731/1/731 789/1/789
f 730/1/730 788/1/788 789/1/789
f 731/1/731 732/1/732 789/1/789
f 732/1/732 733/1/733 790/1/790
f 732/1/732 789/1/789 790/1/790
f 733/1/733 734/1/734 792/1/792
f 733/1/733 790/1/790 791/1/791
f 733/1/733 791/1/791 792/1/792
f 734/1/734 735/1/735 792/1/792
f 735/1/735 736/1/736 794/1/794
f 735/1/735 792/1/792 793/1/793
f 735/1/735 793/1/793 794/1/794
f 736/1/736 737/1/737 795/1/795
f 736/1/736 794/1/794 795/1/795
f 738/1/738 739/1/739 746/1/746
f 739/1/739 740/1/740 748/1/748
f 739/1/739 746/1/746 747/1/747
f 739/1/739 747/1/747 748/1/748
f 740/1/740 741/1/741 748/1/748
f 741/1/741 748/1/748 749/1/749
f 742/1/742 743/1/743 750/1/750
f 743/1/743 744/1/744 751/1/751
f 743/1/743 750/1/750 751/1/751
f 744/1/744 745/1/745 753/1/753
f 744/1/744 751/1/751 752/1/752
f 744/1/744 752/1/752 753/1/753
f 746/1/746 747/1/747 755/1/755
f 746/1/746 754/1/754 819/1/819
f 746/1/746 755/1/755 819/1/819
f 747/1/747 748/1/748 755/1/755
f 748/1/748 749/1/749 756/1/756
f 748/1/748 755/1/755 756/1/756
f 749/1/749 756/1/756 757/1/757
f 750/1/750 751/1/751 816/1/816
f 750/1/750 758/1/758 815/1/815
f 750/1/750 815/1/815 816/1/816
f 751/1/751 752/1/752 816/1/816
f 752/1/752 753/1/753 818/1/818
f 752/1/752 816/1/816 817/1/817
f 752/1/752 817/1/817 818/1/818
f 753/1/753 759/1/759 818/1/818
f 754/1/754 762/1/762 819/1/819
f 755/1/755 756/1/756 820/1/820
f 755/1/755 819/1/819 820/1/820
f 756/1/756 757/1/757 822/1/822
f 756/1/756 820/1/820 821/1/821
f 756/1/756 821/1/821 822/1/822
f 757/1/757 763/1/763 830/1/830
f 757/1/757 822/1/822 830/1/830
f 758/1/758 764/1/764 831/1/831
f 758/1/758 815/1/815 823/1/823
f 758/1/758 823/1/823 831/1/831
f 759/1/759 760/1/760 766/1/766
f 759/1/759 765/1/765 766/1/766
f 759/1/759 765/1/765 826/1/826
f 759/1/759 818/1/818 826/1/826
f 761/1/761 762/1/762 767/1/767
f 762/1/762 767/1/767 768/1/768
f 762/1/762 768/1/768 835/1/835
f 762/1/762 819/1/819 827/1/827
f 762/1/762 827/1/827 835/1/835
f 763/1/763 769/1/769 836/1/836
f 763/1/763 830/1/830 836/1/836
f 764/1/764 770/1/770 837/1/837
f 764/1/764 831/1/831 837/1/837
f 765/1/765 766/1/766 832/1/832
f 765/1/765 826/1/826 832/1/832
f 766/1/766 771/1/771 839/1/839
f 766/1/766 832/1/832 833/1/833
f 766/1/766 833/1/833 839/1/839
f 767/1/767 768/1/768 835/1/835
f 767/1/767 773/1/773 834/1/834
f 767/1/767 834/1/834 835/1/835
f 769/1/769 774/1/774 836/1/836
f 770/1/770 775/1/775 844/1/844
f 770/1/770 837/1/837 844/1/844
f 771/1/771 772/1/772 840/1/840
f 771/1/771 839/1/839 840/1/840
f 772/1/772 773/1/773 841/1/841
f 772/1/772 776/1/776 845/1/845
f 772/1/772 840/1/840 841/1/841
f 772/1/772 840/1/840 845/1/845
f 773/1/773 834/1/834 841/1/841
f 774/1/774 777/1/777 846/1/846
f 774/1/774 836/1/836 843/1/843
f 774/1/774 843/1/843 846/1/846
f 775/1/775 778/1/778 844/1/844
f 777/1/777 779/1/779 848/1/848
f 777/1/777 846/1/846 848/1/848
f 778/1/778 780/1/780 849/1/849
f 778/1/778 844/1/844 847/1/847
f 778/1/778 847/1/847 849/1/849
f 779/1/779 781/1/781 848/1/848
f 780/1/780 782/1/782 851/1/851
f 780/1/780 849/1/849 851/1/851
f 781/1/781 784/1/784 850/1/850
f 781/1/781 848/1/848 850/1/850
f 782/1/782 783/1/783 786/1/786
f 782/1/782 785/1/785 786/1/786
f 782/1/782 785/1/785 853/1/853
f 782/1/782 851/1/851 853/1/853
f 784/1/784 795/1/795 852/1/852
f 784/1/784 850/1/850 852/1/852
f 785/1/785 786/1/786 853/1/853
f 786/1/786 787/1/787 796/1/796
f 786/1/786 796/1/796 854/1/854
f 786/1/786 853/1/853 854/1/854
f 787/1/787 788/1/788 797/1/797
f 787/1/787 796/1/796 797/1/797
f 788/1/788 789/1/789 798/1/798
f 788/1/788 797/1/797 798/1/798
f 789/1/789 790/1/790 799/1/799
f 789/1/789 798/1/798 799/1/799
f 790/1/790 791/1/791 801/1/801
f 790/1/790 799/1/799 800/1/800
f 790/1/790 800/1/800 801/1/801
f 791/1/791 792/1/792 801/1/801
f 792/1/792 793/1/793 803/1/803
f 792/1/792 801/1/801 802/1/802
f 792/1/792 802/1/802 803/1/803
f 793/1/793 794/1/794 803/1/803
f 794/1/794 795/1/795 804/1/804
f 794/1/794 803/1/803 804/1/804
f 795/1/795 804/1/804 805/1/805
f 795/1/795 805/1/805 858/1/858
f 795/1/795 852/1/852 855/1/855
f 795/1/795 855/1/855 858/1/858
f 796/1/796 797/1/797 807/1/807
f 796/1/796 806/1/806 859/1/859
f 796/1/796 807/1/807 859/1/859
f 796/1/796 854/1/854 857/1/857
f 796/1/796 857/1/857 859/1/859
f 797/1/797 798/1/798 808/1/808
f 797/1/797 807/1/807 808/1/808
f 798/1/798 799/1/799 809/1/809
f 798/1/798 808/1/808 809/1/809
f 799/1/799 800/1/800 809/1/809
f 799/1/799 809/1/809 862/1/862
f 800/1/800 801/1/801 811/1/811
f 800/1/800 809/1/809 810/1/810
f 800/1/800 810/1/810 863/1/863
f 800/1/800 811/1/811 863/1/863
f 801/1/801 802/1/802 811/1/811
f 801/1/801 811/1/811 864/1/864
f 802/1/802 803/1/803 812/1/812
f 802/1/802 811/1/811 864/1/864
f 802/1/802 812/1/812 864/1/864
f 802/1/802 812/1/812 865/1/865
f 803/1/803 804/1/804 814/1/814
f 803/1/803 812/1/812 813/1/813
f 803/1/803 813/1/813 866/1/866
f 803/1/803 814/1/814 866/1/866
f 804/1/804 805/1/805 867/1/867
f 804/1/804 814/1/814 867/1/867
f 805/1/805 858/1/858 868/1/868
f 805/1/805 867/1/867 868/1/868
f 807/1/807 808/1/808 861/1/861
f 807/1/807 859/1/859 860/1/860
f 807/1/807 860/1/860 861/1/861
f 808/1/808 809/1/809 862/1/862
f 808/1/808 861/1/861 862/1/862
f 809/1/809 810/1/810 862/1/862
f 810/1/810 862/1/862 863/1/863
f 811/1/811 863/1/863 864/1/864
f 812/1/812 813/1/813 866/1/866
f 812/1/812 864/1/864 865/1/865
f 812/1/812 865/1/865 866/1/866
f 814/1/814 866/1/866 867/1/867
f 815/1/815 816/1/816 823/1/823
f 816/1/816 817/1/817 824/1/824
f 816/1/816 823/1/823 824/1/824
f 817/1/817 818/1/818 826/1/826
f 817/1/817 824/1/824 825/1/825
f 817/1/817 825/1/825 826/1/826
f 819/1/819 820/1/820 828/1/828
f 819/1/819 827/1/827 828/1/828
f 820/1/820 821/1/821 829/1/829
f 820/1/820 828/1/828 829/1/829
f 821/1/821 822/1/822 829/1/829
f 822/1/822 829/1/829 830/1/830
f 823/1/823 824/1/824 879/1/879
f 823/1/823 831/1/831 879/1/879
f 824/1/824 825/1/825 881/1/881
f 824/1/824 879/1/879 880/1/880
f 824/1/824 880/1/880 881/1/881
f 825/1/825 826/1/826 882/1/882
f 825/1/825 881/1/881 882/1/882
f 826/1/826 832/1/832 882/1/882
f 827/1/827 828/1/828 883/1/883
f 827/1/827 835/1/835 883/1/883
f 828/1/828 829/1/829 884/1/884
f 828/1/828 883/1/883 884/1/884
f 829/1/829 830/1/830 886/1/886
f 829/1/829 884/1/884 885/1/885
f 829/1/829 885/1/885 886/1/886
f 830/1/830 836/1/836 886/1/886
f 831/1/831 837/1/837 895/1/895
f 831/1/831 879/1/879 887/1/887
f 831/1/831 887/1/887 895/1/895
f 832/1/832 833/1/833 839/1/839
f 832/1/832 838/1/838 839/1/839
f 832/1/832 838/1/838 890/1/890
f 832/1/832 882/1/882 890/1/890
f 834/1/834 835/1/835 841/1/841
f 835/1/835 841/1/841 842/1/842
f 835/1/835 842/1/842 900/1/900
f 835/1/835 883/1/883 891/1/891
f 835/1/835 891/1/891 900/1/900
f 836/1/836 843/1/843 901/1/901
f 836/1/836 886/1/886 894/1/894
f 836/1/836 894/1/894 901/1/901
f 837/1/837 844/1/844 895/1/895
f 838/1/838 839/1/839 896/1/896
f 838/1/838 890/1/890 896/1/896
f 839/1/839 840/1/840 845/1/845
f 839/1/839 840/1/840 898/1/898
f 839/1/839 896/1/896 897/1/897
f 839/1/839 897/1/897 898/1/898
f 840/1/840 841/1/841 845/1/845
f 840/1/840 841/1/841 898/1/898
f 840/1/840 845/1/845 898/1/898
f 841/1/841 842/1/842 899/1/899
f 841/1/841 898/1/898 899/1/899
f 842/1/842 899/1/899 900/1/900
f 843/1/843 846/1/846 901/1/901
f 844/1/844 847/1/847 902/1/902
f 844/1/844 895/1/895 902/1/902
f 846/1/846 848/1/848 905/1/905
f 846/1/846 901/1/901 903/1/903
f 846/1/846 903/1/903 905/1/905
f 847/1/847 849/1/849 906/1/906
f 847/1/847 902/1/902 904/1/904
f 847/1/847 904/1/904 906/1/906
f 848/1/848 850/1/850 907/1/907
f 848/1/848 905/1/905 907/1/907
f 849/1/849 851/1/851 908/1/908
f 849/1/849 906/1/906 908/1/908
f 850/1/850 852/1/852 907/1/907
f 851/1/851 853/1/853 910/1/910
f 851/1/851 908/1/908 910/1/910
f 852/1/852 855/1/855 911/1/911
f 852/1/852 907/1/907 909/1/909
f 852/1/852 909/1/909 911/1/911
f 853/1/853 854/1/854 857/1/857
f 853/1/853 856/1/856 857/1/857
f 853/1/853 856/1/856 912/1/912
f 853/1/853 910/1/910 912/1/912
f 855/1/855 858/1/858 914/1/914
f 855/1/855 911/1/911 914/1/914
f 856/1/856 857/1/857 912/1/912
f 857/1/857 859/1/859 913/1/913
f 857/1/857 912/1/912 913/1/913
f 858/1/858 868/1/868 914/1/914
f 859/1/859 860/1/860 869/1/869
f 859/1/859 869/1/869 918/1/918
f 859/1/859 913/1/913 916/1/916
f 859/1/859 916/1/916 918/1/918
f 860/1/860 861/1/861 870/1/870
f 860/1/860 869/1/869 870/1/870
f 861/1/861 862/1/862 871/1/871
f 861/1/861 870/1/870 871/1/871
f 862/1/862 863/1/863 873/1/873
f 862/1/862 871/1/871 872/1/872
f 862/1/862 872/1/872 873/1/873
f 863/1/863 864/1/864 873/1/873
f 864/1/864 865/1/865 875/1/875
f 864/1/864 873/1/873 874/1/874
f 864/1/864 874/1/874 875/1/875
f 865/1/865 866/1/866 876/1/876
f 865/1/865 875/1/875 876/1/876
f 866/1/866 867/1/867 876/1/876
f 867/1/867 868/1/868 878/1/878
f 867/1/867 876/1/876 877/1/877
f 867/1/867 877/1/877 878/1/878
f 868/1/868 878/1/878 917/1/917
f 868/1/868 914/1/914 917/1/917
f 869/1/869 870/1/870 919/1/919
f 869/1/869 918/1/918 919/1/919
f 870/1/870 871/1/871 919/1/919
f 871/1/871 872/1/872 920/1/920
f 871/1/871 919/1/919 920/1/920
f 872/1/872 873/1/873 922/1/922
f 872/1/872 920/1/920 921/1/921
f 872/1/872 921/1/921 922/1/922
f 873/1/873 874/1/874 923/1/923
f 873/1/873 922/1/922 923/1/923
f 874/1/874 875/1/875 923/1/923
f 875/1/875 876/1/876 924/1/924
f 875/1/875 923/1/923 924/1/924
f 876/1/876 877/1/877 925/1/925
f 876/1/876 924/1/924 925/1/925
f 877/1/877 878/1/878 927/1/927
f 877/1/877 925/1/925 926/1/926
f 877/1/877 926/1/926 927/1/927
f 878/1/878 917/1/917 927/1/927
f 879/1/879 880/1/880 888/1/888
f 879/1/879 887/1/887 888/1/888
f 880/1/880 881/1/881 889/1/889
f 880/1/880 888/1/888 889/1/889
f 881/1/881 882/1/882 889/1/889
f 882/1/882 889/1/889 890/1/890
f 883/1/883 884/1/884 892/1/892
f 883/1/883 891/1/891 892/1/892
f 884/1/884 885/1/885 892/1/892
f 885/1/885 886/1/886 893/1/893
f 885/1/885 892/1/892 893/1/893
f 886/1/886 893/1/893 894/1/894
f 887/1/887 888/1/888 938/1/938
f 887/1/887 895/1/895 938/1/938
f 888/1/888 889/1/889 940/1/940
f 888/1/888 938/1/938 939/1/939
f 888/1/888 939/1/939 940/1/940
f 889/1/889 890/1/890 941/1/941
f 889/1/889 940/1/940 941/1/941
f 890/1/890 896/1/896 949/1/949
f 890/1/890 941/1/941 949/1/949
f 891/1/891 892/1/892 943/1/943
f 891/1/891 900/1/900 942/1/942
f 891/1/891 942/1/942 943/1/943
f 892/1/892 893/1/893 944/1/944
f 892/1/892 943/1/943 944/1/944
f 893/1/893 894/1/894 944/1/944
f 894/1/894 901/1/901 956/1/956
f 894/1/894 944/1/944 945/1/945
f 894/1/894 945/1/945 956/1/956
f 895/1/895 902/1/902 946/1/946
f 895/1/895 938/1/938 946/1/946
f 896/1/896 897/1/897 950/1/950
f 896/1/896 949/1/949 950/1/950
f 897/1/897 898/1/898 951/1/951
f 897/1/897 950/1/950 951/1/951
f 898/1/898 899/1/899 952/1/952
f 898/1/898 951/1/951 952/1/952
f 899/1/899 900/1/900 953/1/953
f 899/1/899 952/1/952 953/1/953
f 900/1/900 942/1/942 953/1/953
f 901/1/901 903/1/903 958/1/958
f 901/1/901 956/1/956 958/1/958
f 902/1/902 904/1/904 959/1/959
f 902/1/902 946/1/946 957/1/957
f 902/1/902 957/1/957 959/1/959
f 903/1/903 905/1/905 960/1/960
f 903/1/903 958/1/958 960/1/960
f 904/1/904 906/1/906 961/1/961
f 904/1/904 959/1/959 961/1/961
f 905/1/905 907/1/907 962/1/962
f 905/1/905 960/1/960 962/1/962
f 906/1/906 908/1/908 961/1/961
f 907/1/907 909/1/909 962/1/962
f 908/1/908 910/1/910 965/1/965
f 908/1/908 961/1/961 963/1/963
f 908/1/908 963/1/963 965/1/965
f 909/1/909 911/1/911 966/1/966
f 909/1/909 962/1/962 964/1/964
f 909/1/909 964/1/964 966/1/966
f 910/1/910 912/1/912 965/1/965
f 911/1/911 914/1/914 968/1/968
f 911/1/911 966/1/966 968/1/968
f 912/1/912 913/1/913 916/1/916
f 912/1/912 915/1/915 916/1/916
f 912/1/912 915/1/915 967/1/967
f 912/1/912 965/1/965 967/1/967
f 914/1/914 917/1/917 968/1/968
f 915/1/915 916/1/916 970/1/970
f 915/1/915 967/1/967 969/1/969
f 915/1/915 969/1/969 970/1/970
f 916/1/916 918/1/918 973/1/973
f 916/1/916 970/1/970 973/1/973
f 917/1/917 927/1/927 971/1/971
f 917/1/917 968/1/968 971/1/971
f 918/1/918 919/1/919 929/1/929
f 918/1/918 928/1/928 929/1/929
f 918/1/918 928/1/928 973/1/973
f 919/1/919 920/1/920 929/1/929
f 920/1/920 921/1/921 930/1/930
f 920/1/920 929/1/929 930/1/930
f 921/1/921 922/1/922 932/1/932
f 921/1/921 930/1/930 931/1/931
f 921/1/921 931/1/931 932/1/932
f 922/1/922 923/1/923 932/1/932
f 923/1/923 924/1/924 933/1/933
f 923/1/923 932/1/932 933/1/933
f 924/1/924 925/1/925 935/1/935
f 924/1/924 933/1/933 934/1/934
f 924/1/924 934/1/934 935/1/935
f 925/1/925 926/1/926 936/1/936
f 925/1/925 935/1/935 936/1/936
f 926/1/926 927/1/927 937/1/937
f 926/1/926 936/1/936 937/1/937
f 927/1/927 937/1/937 974/1/974
f 927/1/927 971/1/971 974/1/974
f 928/1/928 929/1/929 975/1/975
f 928/1/928 973/1/973 975/1/975
f 929/1/929 930/1/930 976/1/976
f 929/1/929 975/1/975 976/1/976
f 930/1/930 931/1/931 977/1/977
f 930/1/930 976/1/976 977/1/977
f 931/1/931 932/1/932 979/1/979
f 931/1/931 977/1/977 978/1/978
f 931/1/931 978/1/978 979/1/979
f 932/1/932 933/1/933 979/1/979
f 933/1/933 934/1/934 980/1/980
f 933/1/933 979/1/979 980/1/980
f 934/1/934 935/1/935 982/1/982
f 934/1/934 980/1/980 981/1/981
f 934/1/934 981/1/981 982/1/982
f 935/1/935 936/1/936 982/1/982
f 936/1/936 937/1/937 984/1/984
f 936/1/936 982/1/982 983/1/983
f 936/1/936 983/1/983 984/1/984
f 937/1/937 974/1/974 984/1/984
f 938/1/938 939/1/939 946/1/946
f 939/1/939 940/1/940 948/1/948
f 939/1/939 946/1/946 947/1/947
f 939/1/939 947/1/947 948/1/948
f 940/1/940 941/1/941 948/1/948
f 941/1/941 948/1/948 949/1/949
f 942/1/942 943/1/943 953/1/953
f 943/1/943 944/1/944 954/1/954
f 943/1/943 953/1/953 954/1/954
f 944/1/944 945/1/945 956/1/956
f 944/1/944 954/1/954 955/1/955
f 944/1/944 955/1/955 956/1/956
f 946/1/946 947/1/947 986/1/986
f 946/1/946 957/1/957 997/1/997
f 946/1/946 986/1/986 997/1/997
f 947/1/947 948/1/948 987/1/987
f 947/1/947 986/1/986 987/1/987
f 948/1/948 949/1/949 988/1/988
f 948/1/948 987/1/987 988/1/988
f 949/1/949 950/1/950 989/1/989
f 949/1/949 988/1/988 989/1/989
f 950/1/950 951/1/951 991/1/991
f 950/1/950 989/1/989 990/1/990
f 950/1/950 990/1/990 991/1/991
f 951/1/951 952/1/952 992/1/992
f 951/1/951 991/1/991 992/1/992
f 952/1/952 953/1/953 993/1/993
f 952/1/952 992/1/992 993/1/993
f 953/1/953 954/1/954 993/1/993
f 954/1/954 955/1/955 994/1/994
f 954/1/954 993/1/993 994/1/994
f 955/1/955 956/1/956 996/1/996
f 955/1/955 994/1/994 995/1/995
f 955/1/955 995/1/995 996/1/996
f 956/1/956 958/1/958 1007/1/1007
f 956/1/956 996/1/996 1007/1/1007
f 957/1/957 959/1/959 1008/1/1008
f 957/1/957 997/1/997 1008/1/1008
f 958/1/958 960/1/960 1009/1/1009
f 958/1/958 1007/1/1007 1009/1/1009
f 959/1/959 961/1/961 1010/1/1010
f 959/1/959 1008/1/1008 1010/1/1010
f 960/1/960 962/1/962 1009/1/1009
f 961/1/961 963/1/963 1012/1/1012
f 961/1/961 1010/1/1010 1012/1/1012
f 962/1/962 964/1/964 1013/1/1013
f 962/1/962 1009/1/1009 1011/1/1011
f 962/1/962 1011/1/1011 1013/1/1013
f 963/1/963 965/1/965 1014/1/1014
f 963/1/963 1012/1/1012 1014/1/1014
f 964/1/964 966/1/966 1013/1/1013
f 965/1/965 967/1/967 1016/1/1016
f 965/1/965 1014/1/1014 1016/1/1016
f 966/1/966 968/1/968 1015/1/1015
f 966/1/966 1013/1/1013 1015/1/1015
f 967/1/967 969/1/969 1018/1/1018
f 967/1/967 1016/1/1016 1018/1/1018
f 968/1/968 971/1/971 1019/1/1019
f 968/1/968 1015/1/1015 1017/1/1017
f 968/1/968 1017/1/1017 1019/1/1019
f 969/1/969 970/1/970 973/1/973
f 969/1/969 972/1/972 973/1/973
f 969/1/969 972/1/972 1018/1/1018
f 971/1/971 974/1/974 1019/1/1019
f 972/1/972 973/1/973 1020/1/1020
f 972/1/972 1018/1/1018 1020/1/1020
f 973/1/973 975/1/975 1021/1/1021
f 973/1/973 1020/1/1020 1021/1/1021
f 974/1/974 984/1/984 1030/1/1030
f 974/1/974 1019/1/1019 1022/1/1022
f 974/1/974 1022/1/1022 1030/1/1030
f 975/1/975 976/1/976 1023/1/1023
f 975/1/975 1021/1/1021 1023/1/1023
f 975/1/975 1023/1/1023 1031/1/1031
f 976/1/976 977/1/977 1025/1/1025
f 976/1/976 1023/1/1023 1032/1/1032
f 976/1/976 1024/1/1024 1032/1/1032
f 976/1/976 1025/1/1025 1032/1/1032
f 977/1/977 978/1/978 1034/1/1034
f 977/1/977 1025/1/1025 1033/1/1033
f 977/1/977 1033/1/1033 1034/1/1034
f 978/1/978 979/1/979 1027/1/1027
f 978/1/978 1026/1/1026 1034/1/1034
f 978/1/978 1027/1/1027 1035/1/1035
f 978/1/978 1034/1/1034 1035/1/1035
f 979/1/979 980/1/980 1027/1/1027
f 980/1/980 981/1/981 1036/1/1036
f 980/1/980 1027/1/1027 1036/1/1036
f 980/1/980 1028/1/1028 1036/1/1036
f 981/1/981 982/1/982 1037/1/1037
f 981/1/981 1029/1/1029 1036/1/1036
f 981/1/981 1029/1/1029 1037/1/1037
f 982/1/982 983/1/983 1038/1/1038
f 982/1/982 1037/1/1037 1038/1/1038
f 983/1/983 984/1/984 1030/1/1030
f 983/1/983 985/1/985 1039/1/1039
f 983/1/983 1030/1/1030 1039/1/1039
f 983/1/983 1038/1/1038 1039/1/1039
f 986/1/986 987/1/987 997/1/997
f 987/1/987 988/1/988 999/1/999
f 987/1/987 997/1/997 998/1/998
f 987/1/987 998/1/998 999/1/999
f 988/1/988 989/1/989 999/1/999
f 988/1/988 999/1/999 1043/1/1043
f 989/1/989 990/1/990 1001/1/1001
f 989/1/989 999/1/999 1044/1/1044
f 989/1/989 1000/1/1000 1001/1/1001
f 989/1/989 1000/1/1000 1044/1/1044
f 990/1/990 991/1/991 1045/1/1045
f 990/1/990 1001/1/1001 1045/1/1045
f 991/1/991 992/1/992 1003/1/1003
f 991/1/991 1002/1/1002 1046/1/1046
f 991/1/991 1003/1/1003 1046/1/1046
f 991/1/991 1045/1/1045 1046/1/1046
f 992/1/992 993/1/993 1003/1/1003
f 992/1/992 1003/1/1003 1047/1/1047
f 993/1/993 994/1/994 1004/1/1004
f 993/1/993 1003/1/1003 1004/1/1004
f 994/1/994 995/1/995 1006/1/1006
f 994/1/994 1004/1/1004 1005/1/1005
f 994/1/994 1005/1/1005 1006/1/1006
f 995/1/995 996/1/996 1006/1/1006
f 996/1/996 1006/1/1006 1007/1/1007
f 997/1/997 998/1/998 1041/1/1041
f 997/1/997 1008/1/1008 1052/1/1052
f 997/1/997 1041/1/1041 1052/1/1052
f 998/1/998 999/1/999 1043/1/1043
f 998/1/998 1041/1/1041 1042/1/1042
f 998/1/998 1042/1/1042 1043/1/1043
f 999/1/999 1043/1/1043 1044/1/1044
f 1000/1/1000 1001/1/1001 1045/1/1045
f 1000/1/1000 1044/1/1044 1045/1/1045
f 1003/1/1003 1004/1/1004 1047/1/1047
f 1003/1/1003 1046/1/1046 1047/1/1047
f 1004/1/1004 1005/1/1005 1049/1/1049
f 1004/1/1004 1047/1/1047 1048/1/1048
f 1004/1/1004 1048/1/1048 1049/1/1049
f 1005/1/1005 1006/1/1006 1050/1/1050
f 1005/1/1005 1049/1/1049 1050/1/1050
f 1006/1/1006 1007/1/1007 1050/1/1050
f 1007/1/1007 1009/1/1009 1051/1/1051
f 1007/1/1007 1050/1/1050 1051/1/1051
f 1008/1/1008 1010/1/1010 1054/1/1054
f 1008/1/1008 1052/1/1052 1054/1/1054
f 1009/1/1009 1011/1/1011 1053/1/1053
f 1009/1/1009 1051/1/1051 1053/1/1053
f 1010/1/1010 1012/1/1012 1054/1/1054
f 1011/1/1011 1013/1/1013 1057/1/1057
f 1011/1/1011 1053/1/1053 1055/1/1055
f 1011/1/1011 1055/1/1055 1057/1/1057
f 1012/1/1012 1014/1/1014 1056/1/1056
f 1012/1/1012 1054/1/1054 1056/1/1056
f 1013/1/1013 1015/1/1015 1057/1/1057
f 1014/1/1014 1016/1/1016 1058/1/1058
f 1014/1/1014 1056/1/1056 1058/1/1058
f 1015/1/1015 1017/1/1017 1061/1/1061
f 1015/1/1015 1057/1/1057 1059/1/1059
f 1015/1/1015 1059/1/1059 1061/1/1061
f 1016/1/1016 1018/1/1018 1062/1/1062
f 1016/1/1016 1058/1/1058 1060/1/1060
f 1016/1/1016 1060/1/1060 1062/1/1062
f 1017/1/1017 1019/1/1019 1063/1/1063
f 1017/1/1017 1061/1/1061 1063/1/1063
f 1018/1/1018 1020/1/1020 1064/1/1064
f 1018/1/1018 1062/1/1062 1064/1/1064
f 1019/1/1019 1022/1/1022 1063/1/1063
f 1020/1/1020 1021/1/1021 1064/1/1064
f 1021/1/1021 1023/1/1023 1068/1/1068
f 1021/1/1021 1064/1/1064 1065/1/1065
f 1021/1/1021 1065/1/1065 1068/1/1068
f 1022/1/1022 1030/1/1030 1066/1/1066
f 1022/1/1022 1063/1/1063 1066/1/1066
f 1023/1/1023 1031/1/1031 1032/1/1032
f 1023/1/1023 1031/1/1031 1070/1/1070
f 1023/1/1023 1068/1/1068 1070/1/1070
f 1025/1/1025 1032/1/1032 1033/1/1033
f 1027/1/1027 1035/1/1035 1036/1/1036
f 1029/1/1029 1036/1/1036 1037/1/1037
f 1030/1/1030 1039/1/1039 1040/1/1040
f 1030/1/1030 1040/1/1040 1079/1/1079
f 1030/1/1030 1066/1/1066 1069/1/1069
f 1030/1/1030 1069/1/1069 1079/1/1079
f 1031/1/1031 1032/1/1032 1070/1/1070
f 1032/1/1032 1033/1/1033 1071/1/1071
f 1032/1/1032 1070/1/1070 1071/1/1071
f 1033/1/1033 1034/1/1034 1073/1/1073
f 1033/1/1033 1071/1/1071 1072/1/1072
f 1033/1/1033 1072/1/1072 1073/1/1073
f 1034/1/1034 1035/1/1035 1073/1/1073
f 1035/1/1035 1036/1/1036 1074/1/1074
f 1035/1/1035 1073/1/1073 1074/1/1074
f 1036/1/1036 1037/1/1037 1076/1/1076
f 1036/1/1036 1074/1/1074 1075/1/1075
f 1036/1/1036 1075/1/1075 1076/1/1076
f 1037/1/1037 1038/1/1038 1076/1/1076
f 1038/1/1038 1039/1/1039 1078/1/1078
f 1038/1/1038 1076/1/1076 1077/1/1077
f 1038/1/1038 1077/1/1077 1078/1/1078
f 1039/1/1039 1040/1/1040 1078/1/1078
f 1040/1/1040 1078/1/1078 1079/1/1079
f 1041/1/1041 1042/1/1042 1091/1/1091
f 1041/1/1041 1052/1/1052 1101/1/1101
f 1041/1/1041 1090/1/1090 1091/1/1091
f 1041/1/1041 1090/1/1090 1101/1/1101
f 1042/1/1042 1043/1/1043 1092/1/1092
f 1042/1/1042 1091/1/1091 1092/1/1092
f 1043/1/1043 1044/1/1044 1092/1/1092
f 1044/1/1044 1045/1/1045 1093/1/1093
f 1044/1/1044 1092/1/1092 1093/1/1093
f 1045/1/1045 1046/1/1046 1095/1/1095
f 1045/1/1045 1093/1/1093 1094/1/1094
f 1045/1/1045 1094/1/1094 1095/1/1095
f 1046/1/1046 1047/1/1047 1096/1/1096
f 1046/1/1046 1095/1/1095 1096/1/1096
f 1047/1/1047 1048/1/1048 1096/1/1096
f 1048/1/1048 1049/1/1049 1097/1/1097
f 1048/1/1048 1096/1/1096 1097/1/1097
f 1049/1/1049 1050/1/1050 1099/1/1099
f 1049/1/1049 1097/1/1097 1098/1/1098
f 1049/1/1049 1098/1/1098 1099/1/1099
f 1050/1/1050 1051/1/1051 1100/1/1100
f 1050/1/1050 1099/1/1099 1100/1/1100
f 1051/1/1051 1053/1/1053 1102/1/1102
f 1051/1/1051 1100/1/1100 1102/1/1102
f 1052/1/1052 1054/1/1054 1103/1/1103
f 1052/1/1052 1101/1/1101 1103/1/1103
f 1053/1/1053 1055/1/1055 1102/1/1102
f 1054/1/1054 1056/1/1056 1105/1/1105
f 1054/1/1054 1103/1/1103 1105/1/1105
f 1055/1/1055 1057/1/1057 1104/1/1104
f 1055/1/1055 1102/1/1102 1104/1/1104
f 1056/1/1056 1058/1/1058 1105/1/1105
f 1057/1/1057 1059/1/1059 1108/1/1108
f 1057/1/1057 1104/1/1104 1106/1/1106
f 1057/1/1057 1106/1/1106 1108/1/1108
f 1058/1/1058 1060/1/1060 1109/1/1109
f 1058/1/1058 1105/1/1105 1107/1/1107
f 1058/1/1058 1107/1/1107 1109/1/1109
f 1059/1/1059 1061/1/1061 1108/1/1108
f 1060/1/1060 1062/1/1062 1109/1/1109
f 1061/1/1061 1063/1/1063 1110/1/1110
f 1061/1/1061 1108/1/1108 1110/1/1110
f 1062/1/1062 1064/1/1064 1111/1/1111
f 1062/1/1062 1109/1/1109 1111/1/1111
f 1063/1/1063 1066/1/1066 1114/1/1114
f 1063/1/1063 1110/1/1110 1112/1/1112
f 1063/1/1063 1112/1/1112 1114/1/1114
f 1064/1/1064 1065/1/1065 1068/1/1068
f 1064/1/1064 1067/1/1067 1068/1/1068
f 1064/1/1064 1067/1/1067 1115/1/1115
f 1064/1/1064 1111/1/1111 1113/1/1113
f 1064/1/1064 1113/1/1113 1115/1/1115
f 1066/1/1066 1069/1/1069 1114/1/1114
f 1067/1/1067 1068/1/1068 1116/1/1116
f 1067/1/1067 1115/1/1115 1116/1/1116
f 1068/1/1068 1070/1/1070 1119/1/1119
f 1068/1/1068 1116/1/1116 1119/1/1119
f 1069/1/1069 1079/1/1079 1117/1/1117
f 1069/1/1069 1114/1/1114 1117/1/1117
f 1070/1/1070 1071/1/1071 1080/1/1080
f 1070/1/1070 1080/1/1080 1121/1/1121
f 1070/1/1070 1119/1/1119 1121/1/1121
f 1071/1/1071 1072/1/1072 1082/1/1082
f 1071/1/1071 1080/1/1080 1081/1/1081
f 1071/1/1071 1081/1/1081 1082/1/1082
f 1072/1/1072 1073/1/1073 1083/1/1083
f 1072/1/1072 1082/1/1082 1083/1/1083
f 1073/1/1073 1074/1/1074 1083/1/1083
f 1074/1/1074 1075/1/1075 1085/1/1085
f 1074/1/1074 1083/1/1083 1084/1/1084
f 1074/1/1074 1084/1/1084 1085/1/1085
f 1075/1/1075 1076/1/1076 1086/1/1086
f 1075/1/1075 1085/1/1085 1086/1/1086
f 1076/1/1076 1077/1/1077 1086/1/1086
f 1077/1/1077 1078/1/1078 1087/1/1087
f 1077/1/1077 1086/1/1086 1087/1/1087
f 1078/1/1078 1079/1/1079 1088/1/1088
f 1078/1/1078 1087/1/1087 1088/1/1088
f 1079/1/1079 1088/1/1088 1089/1/1089
f 1079/1/1079 1089/1/1089 1120/1/1120
f 1079/1/1079 1117/1/1117 1120/1/1120
f 1080/1/1080 1081/1/1081 1121/1/1121
f 1081/1/1081 1082/1/1082 1123/1/1123
f 1081/1/1081 1121/1/1121 1122/1/1122
f 1081/1/1081 1122/1/1122 1123/1/1123
f 1082/1/1082 1083/1/1083 1123/1/1123
f 1083/1/1083 1084/1/1084 1124/1/1124
f 1083/1/1083 1123/1/1123 1124/1/1124
f 1084/1/1084 1085/1/1085 1126/1/1126
f 1084/1/1084 1124/1/1124 1125/1/1125
f 1084/1/1084 1125/1/1125 1126/1/1126
f 1085/1/1085 1086/1/1086 1126/1/1126
f 1086/1/1086 1087/1/1087 1127/1/1127
f 1086/1/1086 1126/1/1126 1127/1/1127
f 1087/1/1087 1088/1/1088 1129/1/1129
f 1087/1/1087 1127/1/1127 1128/1/1128
f 1087/1/1087 1128/1/1128 1129/1/1129
f 1088/1/1088 1089/1/1089 1130/1/1130
f 1088/1/1088 1129/1/1129 1130/1/1130
f 1089/1/1089 1120/1/1120 1130/1/1130
f 1090/1/1090 1091/1/1091 1140/1/1140
f 1090/1/1090 1101/1/1101 1139/1/1139
f 1090/1/1090 1139/1/1139 1140/1/1140
f 1091/1/1091 1092/1/1092 1141/1/1141
f 1091/1/1091 1140/1/1140 1141/1/1141
f 1092/1/1092 1093/1/1093 1141/1/1141
f 1093/1/1093 1094/1/1094 1143/1/1143
f 1093/1/1093 1141/1/1141 1142/1/1142
f 1093/1/1093 1142/1/1142 1143/1/1143
f 1094/1/1094 1095/1/1095 1144/1/1144
f 1094/1/1094 1143/1/1143 1144/1/1144
f 1095/1/1095 1096/1/1096 1145/1/1145
f 1095/1/1095 1144/1/1144 1145/1/1145
f 1096/1/1096 1097/1/1097 1145/1/1145
f 1097/1/1097 1098/1/1098 1147/1/1147
f 1097/1/1097 1145/1/1145 1146/1/1146
f 1097/1/1097 1146/1/1146 1147/1/1147
f 1098/1/1098 1099/1/1099 1147/1/1147
f 1099/1/1099 1100/1/1100 1148/1/1148
f 1099/1/1099 1147/1/1147 1148/1/1148
f 1100/1/1100 1102/1/1102 1149/1/1149
f 1100/1/1100 1148/1/1148 1149/1/1149
f 1101/1/1101 1103/1/1103 1152/1/1152
f 1101/1/1101 1139/1/1139 1150/1/1150
f 1101/1/1101 1150/1/1150 1152/1/1152
f 1102/1/1102 1104/1/1104 1151/1/1151
f 1102/1/1102 1149/1/1149 1151/1/1151
f 1103/1/1103 1105/1/1105 1154/1/1154
f 1103/1/1103 1152/1/1152 1154/1/1154
f 1104/1/1104 1106/1/1106 1155/1/1155
f 1104/1/1104 1151/1/1151 1153/1/1153
f 1104/1/1104 1153/1/1153 1155/1/1155
f 1105/1/1105 1107/1/1107 1154/1/1154
f 1106/1/1106 1108/1/1108 1155/1/1155
f 1107/1/1107 1109/1/1109 1158/1/1158
f 1107/1/1107 1154/1/1154 1156/1/1156
f 1107/1/1107 1156/1/1156 1158/1/1158
f 1108/1/1108 1110/1/1110 1159/1/1159
f 1108/1/1108 1155/1/1155 1157/1/1157
f 1108/1/1108 1157/1/1157 1159/1/1159
f 1109/1/1109 1111/1/1111 1158/1/1158
f 1110/1/1110 1112/1/1112 1159/1/1159
f 1111/1/1111 1113/1/1113 1162/1/1162
f 1111/1/1111 1158/1/1158 1160/1/1160
f 1111/1/1111 1160/1/1160 1162/1/1162
f 1112/1/1112 1114/1/1114 1163/1/1163
f 1112/1/1112 1159/1/1159 1161/1/1161
f 1112/1/1112 1161/1/1161 1163/1/1163
f 1113/1/1113 1115/1/1115 1162/1/1162
f 1114/1/1114 1117/1/1117 1165/1/1165
f 1114/1/1114 1163/1/1163 1165/1/1165
f 1115/1/1115 1116/1/1116 1118/1/1118
f 1115/1/1115 1118/1/1118 1119/1/1119
f 1115/1/1115 1118/1/1118 1166/1/1166
f 1115/1/1115 1162/1/1162 1164/1/1164
f 1115/1/1115 1164/1/1164 1166/1/1166
f 1116/1/1116 1118/1/1118 1119/1/1119
f 1117/1/1117 1120/1/1120 1165/1/1165
f 1118/1/1118 1119/1/1119 1167/1/1167
f 1118/1/1118 1166/1/1166 1167/1/1167
f 1119/1/1119 1121/1/1121 1167/1/1167
f 1120/1/1120 1130/1/1130 1168/1/1168
f 1120/1/1120 1165/1/1165 1168/1/1168
f 1121/1/1121 1122/1/1122 1170/1/1170
f 1121/1/1121 1167/1/1167 1170/1/1170
f 1122/1/1122 1123/1/1123 1171/1/1171
f 1122/1/1122 1170/1/1170 1171/1/1171
f 1123/1/1123 1124/1/1124 1172/1/1172
f 1123/1/1123 1171/1/1171 1172/1/1172
f 1124/1/1124 1125/1/1125 1174/1/1174
f 1124/1/1124 1172/1/1172 1173/1/1173
f 1124/1/1124 1173/1/1173 1174/1/1174
f 1125/1/1125 1126/1/1126 1174/1/1174
f 1126/1/1126 1127/1/1127 1176/1/1176
f 1126/1/1126 1174/1/1174 1175/1/1175
f 1126/1/1126 1175/1/1175 1176/1/1176
f 1127/1/1127 1128/1/1128 1177/1/1177
f 1127/1/1127 1176/1/1176 1177/1/1177
f 1128/1/1128 1129/1/1129 1177/1/1177
f 1129/1/1129 1130/1/1130 1179/1/1179
f 1129/1/1129 1177/1/1177 1178/1/1178
f 1129/1/1129 1178/1/1178 1179/1/1179
f 1130/1/1130 1168/1/1168 1179/1/1179
f 1131/1/1131 1132/1/1132 1140/1/1140
f 1131/1/1131 1132/1/1132 1211/1/1211
f 1131/1/1131 1140/1/1140 1210/1/1210
f 1131/1/1131 1210/1/1210 1211/1/1211
f 1132/1/1132 1133/1/1133 1142/1/1142
f 1132/1/1132 1133/1/1133 1212/1/1212
f 1132/1/1132 1140/1/1140 1141/1/1141
f 1132/1/1132 1141/1/1141 1142/1/1142
f 1132/1/1132 1211/1/1211 1212/1/1212
f 1133/1/1133 1134/1/1134 1143/1/1143
f 1133/1/1133 1134/1/1134 1212/1/1212
f 1133/1/1133 1142/1/1142 1143/1/1143
f 1134/1/1134 1143/1/1143 1213/1/1213
f 1134/1/1134 1212/1/1212 1213/1/1213
f 1135/1/1135 1136/1/1136 1145/1/1145
f 1135/1/1135 1136/1/1136 1216/1/1216
f 1135/1/1135 1145/1/1145 1215/1/1215
f 1135/1/1135 1215/1/1215 1216/1/1216
f 1136/1/1136 1137/1/1137 1147/1/1147
f 1136/1/1136 1137/1/1137 1217/1/1217
f 1136/1/1136 1145/1/1145 1146/1/1146
f 1136/1/1136 1146/1/1146 1147/1/1147
f 1136/1/1136 1216/1/1216 1217/1/1217
f 1137/1/1137 1138/1/1138 1147/1/1147
f 1137/1/1137 1138/1/1138 1218/1/1218
f 1137/1/1137 1217/1/1217 1218/1/1218
f 1138/1/1138 1147/1/1147 1148/1/1148
f 1138/1/1138 1148/1/1148 1218/1/1218
f 1139/1/1139 1140/1/1140 1210/1/1210
f 1139/1/1139 1150/1/1150 1220/1/1220
f 1139/1/1139 1210/1/1210 1220/1/1220
f 1143/1/1143 1144/1/1144 1221/1/1221
f 1143/1/1143 1213/1/1213 1214/1/1214
f 1143/1/1143 1214/1/1214 1221/1/1221
f 1144/1/1144 1145/1/1145 1215/1/1215
f 1144/1/1144 1214/1/1214 1215/1/1215
f 1144/1/1144 1214/1/1214 1221/1/1221
f 1148/1/1148 1149/1/1149 1218/1/1218
f 1149/1/1149 1151/1/1151 1224/1/1224
f 1149/1/1149 1218/1/1218 1222/1/1222
f 1149/1/1149 1222/1/1222 1224/1/1224
f 1150/1/1150 1152/1/1152 1223/1/1223
f 1150/1/1150 1220/1/1220 1223/1/1223
f 1151/1/1151 1153/1/1153 1224/1/1224
f 1152/1/1152 1154/1/1154 1227/1/1227
f 1152/1/1152 1223/1/1223 1225/1/1225
f 1152/1/1152 1225/1/1225 1227/1/1227
f 1153/1/1153 1155/1/1155 1228/1/1228
f 1153/1/1153 1224/1/1224 1226/1/1226
f 1153/1/1153 1226/1/1226 1228/1/1228
f 1154/1/1154 1156/1/1156 1229/1/1229
f 1154/1/1154 1227/1/1227 1229/1/1229
f 1155/1/1155 1157/1/1157 1228/1/1228
f 1156/1/1156 1158/1/1158 1229/1/1229
f 1157/1/1157 1159/1/1159 1232/1/1232
f 1157/1/1157 1228/1/1228 1230/1/1230
f 1157/1/1157 1230/1/1230 1232/1/1232
f 1158/1/1158 1160/1/1160 1233/1/1233
f 1158/1/1158 1229/1/1229 1231/1/1231
f 1158/1/1158 1231/1/1231 1233/1/1233
f 1159/1/1159 1161/1/1161 1232/1/1232
f 1160/1/1160 1162/1/1162 1233/1/1233
f 1161/1/1161 1163/1/1163 1234/1/1234
f 1161/1/1161 1232/1/1232 1234/1/1234
f 1162/1/1162 1164/1/1164 1237/1/1237
f 1162/1/1162 1233/1/1233 1235/1/1235
f 1162/1/1162 1235/1/1235 1237/1/1237
f 1163/1/1163 1165/1/1165 1236/1/1236
f 1163/1/1163 1234/1/1234 1236/1/1236
f 1164/1/1164 1166/1/1166 1239/1/1239
f 1164/1/1164 1237/1/1237 1239/1/1239
f 1165/1/1165 1168/1/1168 1240/1/1240
f 1165/1/1165 1236/1/1236 1238/1/1238
f 1165/1/1165 1238/1/1238 1240/1/1240
f 1166/1/1166 1167/1/1167 1170/1/1170
f 1166/1/1166 1169/1/1169 1170/1/1170
f 1166/1/1166 1169/1/1169 1239/1/1239
f 1168/1/1168 1179/1/1179 1240/1/1240
f 1169/1/1169 1170/1/1170 1241/1/1241
f 1169/1/1169 1239/1/1239 1241/1/1241
f 1170/1/1170 1171/1/1171 1181/1/1181
f 1170/1/1170 1180/1/1180 1181/1/1181
f 1170/1/1170 1180/1/1180 1244/1/1244
f 1170/1/1170 1241/1/1241 1242/1/1242
f 1170/1/1170 1242/1/1242 1244/1/1244
f 1171/1/1171 1172/1/1172 1182/1/1182
f 1171/1/1171 1181/1/1181 1182/1/1182
f 1172/1/1172 1173/1/1173 1183/1/1183
f 1172/1/1172 1182/1/1182 1183/1/1183
f 1173/1/1173 1174/1/1174 1184/1/1184
f 1173/1/1173 1183/1/1183 1184/1/1184
f 1174/1/1174 1175/1/1175 1185/1/1185
f 1174/1/1174 1184/1/1184 1185/1/1185
f 1175/1/1175 1176/1/1176 1185/1/1185
f 1176/1/1176 1177/1/1177 1187/1/1187
f 1176/1/1176 1185/1/1185 1186/1/1186
f 1176/1/1176 1186/1/1186 1187/1/1187
f 1177/1/1177 1178/1/1178 1187/1/1187
f 1178/1/1178 1179/1/1179 1188/1/1188
f 1178/1/1178 1187/1/1187 1188/1/1188
f 1179/1/1179 1188/1/1188 1189/1/1189
f 1179/1/1179 1189/1/1189 1253/1/1253
f 1179/1/1179 1240/1/1240 1243/1/1243
f 1179/1/1179 1243/1/1243 1253/1/1253
f 1180/1/1180 1181/1/1181 1245/1/1245
f 1180/1/1180 1244/1/1244 1245/1/1245
f 1181/1/1181 1182/1/1182 1246/1/1246
f 1181/1/1181 1245/1/1245 1246/1/1246
f 1182/1/1182 1183/1/1183 1247/1/1247
f 1182/1/1182 1246/1/1246 1247/1/1247
f 1183/1/1183 1184/1/1184 1247/1/1247
f 1184/1/1184 1185/1/1185 1248/1/1248
f 1184/1/1184 1247/1/1247 1248/1/1248
f 1185/1/1185 1186/1/1186 1249/1/1249
f 1185/1/1185 1248/1/1248 1249/1/1249
f 1186/1/1186 1187/1/1187 1250/1/1250
f 1186/1/1186 1249/1/1249 1250/1/1250
f 1187/1/1187 1188/1/1188 1251/1/1251
f 1187/1/1187 1250/1/1250 1251/1/1251
f 1188/1/1188 1189/1/1189 1252/1/1252
f 1188/1/1188 1251/1/1251 1252/1/1252
f 1189/1/1189 1252/1/1252 1253/1/1253
f 1190/1/1190 1191/1/1191 1199/1/1199
f 1190/1/1190 1191/1/1191 1266/1/1266
f 1190/1/1190 1199/1/1199 1274/1/1274
f 1190/1/1190 1265/1/1265 1266/1/1266
f 1190/1/1190 1265/1/1265 1274/1/1274
f 1191/1/1191 1192/1/1192 1200/1/1200
f 1191/1/1191 1192/1/1192 1276/1/1276
f 1191/1/1191 1199/1/1199 1200/1/1200
f 1191/1/1191 1266/1/1266 1275/1/1275
f 1191/1/1191 1275/1/1275 1276/1/1276
f 1192/1/1192 1193/1/1193 1201/1/1201
f 1192/1/1192 1193/1/1193 1277/1/1277
f 1192/1/1192 1200/1/1200 1201/1/1201
f 1192/1/1192 1276/1/1276 1277/1/1277
f 1193/1/1193 1194/1/1194 1202/1/1202
f 1193/1/1193 1194/1/1194 1277/1/1277
f 1193/1/1193 1201/1/1201 1202/1/1202
f 1194/1/1194 1195/1/1195 1204/1/1204
f 1194/1/1194 1195/1/1195 1278/1/1278
f 1194/1/1194 1202/1/1202 1203/1/1203
f 1194/1/1194 1203/1/1203 1204/1/1204
f 1194/1/1194 1277/1/1277 1278/1/1278
f 1195/1/1195 1196/1/1196 1204/1/1204
f 1195/1/1195 1196/1/1196 1280/1/1280
f 1195/1/1195 1278/1/1278 1279/1/1279
f 1195/1/1195 1279/1/1279 1280/1/1280
f 1196/1/1196 1197/1/1197 1206/1/1206
f 1196/1/1196 1197/1/1197 1280/1/1280
f 1196/1/1196 1204/1/1204 1205/1/1205
f 1196/1/1196 1205/1/1205 1206/1/1206
f 1197/1/1197 1198/1/1198 1206/1/1206
f 1197/1/1197 1198/1/1198 1281/1/1281
f 1197/1/1197 1280/1/1280 1281/1/1281
f 1198/1/1198 1206/1/1206 1207/1/1207
f 1198/1/1198 1207/1/1207 1282/1/1282
f 1198/1/1198 1281/1/1281 1282/1/1282
f 1199/1/1199 1200/1/1200 1210/1/1210
f 1199/1/1199 1209/1/1209 1210/1/1210
f 1199/1/1199 1209/1/1209 1283/1/1283
f 1199/1/1199 1274/1/1274 1284/1/1284
f 1199/1/1199 1283/1/1283 1284/1/1284
f 1200/1/1200 1201/1/1201 1212/1/1212
f 1200/1/1200 1210/1/1210 1211/1/1211
f 1200/1/1200 1211/1/1211 1212/1/1212
f 1201/1/1201 1202/1/1202 1212/1/1212
f 1202/1/1202 1203/1/1203 1214/1/1214
f 1202/1/1202 1212/1/1212 1213/1/1213
f 1202/1/1202 1213/1/1213 1214/1/1214
f 1203/1/1203 1204/1/1204 1215/1/1215
f 1203/1/1203 1214/1/1214 1215/1/1215
f 1204/1/1204 1205/1/1205 1216/1/1216
f 1204/1/1204 1215/1/1215 1216/1/1216
f 1205/1/1205 1206/1/1206 1216/1/1216
f 1206/1/1206 1207/1/1207 1218/1/1218
f 1206/1/1206 1216/1/1216 1217/1/1217
f 1206/1/1206 1217/1/1217 1218/1/1218
f 1207/1/1207 1208/1/1208 1219/1/1219
f 1207/1/1207 1208/1/1208 1286/1/1286
f 1207/1/1207 1218/1/1218 1219/1/1219
f 1207/1/1207 1282/1/1282 1285/1/1285
f 1207/1/1207 1285/1/1285 1286/1/1286
f 1208/1/1208 1219/1/1219 1286/1/1286
f 1209/1/1209 1210/1/1210 1220/1/1220
f 1209/1/1209 1220/1/1220 1289/1/1289
f 1209/1/1209 1283/1/1283 1287/1/1287
f 1209/1/1209 1287/1/1287 1289/1/1289
f 1218/1/1218 1219/1/1219 1222/1/1222
f 1219/1/1219 1222/1/1222 1290/1/1290
f 1219/1/1219 1286/1/1286 1288/1/1288
f 1219/1/1219 1288/1/1288 1290/1/1290
f 1220/1/1220 1223/1/1223 1291/1/1291
f 1220/1/1220 1289/1/1289 1291/1/1291
f 1222/1/1222 1224/1/1224 1292/1/1292
f 1222/1/1222 1290/1/1290 1292/1/1292
f 1223/1/1223 1225/1/1225 1293/1/1293
f 1223/1/1223 1291/1/1291 1293/1/1293
f 1224/1/1224 1226/1/1226 1294/1/1294
f 1224/1/1224 1292/1/1292 1294/1/1294
f 1225/1/1225 1227/1/1227 1295/1/1295
f 1225/1/1225 1293/1/1293 1295/1/1295
f 1226/1/1226 1228/1/1228 1294/1/1294
f 1227/1/1227 1229/1/1229 1297/1/1297
f 1227/1/1227 1295/1/1295 1297/1/1297
f 1228/1/1228 1230/1/1230 1298/1/1298
f 1228/1/1228 1294/1/1294 1296/1/1296
f 1228/1/1228 1296/1/1296 1298/1/1298
f 1229/1/1229 1231/1/1231 1299/1/1299
f 1229/1/1229 1297/1/1297 1299/1/1299
f 1230/1/1230 1232/1/1232 1298/1/1298
f 1231/1/1231 1233/1/1233 1299/1/1299
f 1232/1/1232 1234/1/1234 1302/1/1302
f 1232/1/1232 1298/1/1298 1300/1/1300
f 1232/1/1232 1300/1/1300 1302/1/1302
f 1233/1/1233 1235/1/1235 1301/1/1301
f 1233/1/1233 1299/1/1299 1301/1/1301
f 1234/1/1234 1236/1/1236 1304/1/1304
f 1234/1/1234 1302/1/1302 1304/1/1304
f 1235/1/1235 1237/1/1237 1305/1/1305
f 1235/1/1235 1301/1/1301 1303/1/1303
f 1235/1/1235 1303/1/1303 1305/1/1305
f 1236/1/1236 1238/1/1238 1306/1/1306
f 1236/1/1236 1304/1/1304 1306/1/1306
f 1237/1/1237 1239/1/1239 1307/1/1307
f 1237/1/1237 1305/1/1305 1307/1/1307
f 1238/1/1238 1240/1/1240 1308/1/1308
f 1238/1/1238 1306/1/1306 1308/1/1308
f 1239/1/1239 1241/1/1241 1309/1/1309
f 1239/1/1239 1307/1/1307 1309/1/1309
f 1240/1/1240 1243/1/1243 1308/1/1308
f 1241/1/1241 1242/1/1242 1244/1/1244
f 1241/1/1241 1244/1/1244 1310/1/1310
f 1241/1/1241 1309/1/1309 1310/1/1310
f 1243/1/1243 1253/1/1253 1311/1/1311
f 1243/1/1243 1308/1/1308 1311/1/1311
f 1244/1/1244 1245/1/1245 1313/1/1313
f 1244/1/1244 1310/1/1310 1313/1/1313
f 1245/1/1245 1246/1/1246 1314/1/1314
f 1245/1/1245 1313/1/1313 1314/1/1314
f 1246/1/1246 1247/1/1247 1316/1/1316
f 1246/1/1246 1314/1/1314 1315/1/1315
f 1246/1/1246 1315/1/1315 1316/1/1316
f 1247/1/1247 1248/1/1248 1317/1/1317
f 1247/1/1247 1316/1/1316 1317/1/1317
f 1248/1/1248 1249/1/1249 1318/1/1318
f 1248/1/1248 1317/1/1317 1318/1/1318
f 1249/1/1249 1250/1/1250 1319/1/1319
f 1249/1/1249 1318/1/1318 1319/1/1319
f 1250/1/1250 1251/1/1251 1319/1/1319
f 1251/1/1251 1252/1/1252 1321/1/1321
f 1251/1/1251 1319/1/1319 1320/1/1320
f 1251/1/1251 1320/1/1320 1321/1/1321
f 1252/1/1252 1253/1/1253 1322/1/1322
f 1252/1/1252 1321/1/1321 1322/1/1322
f 1253/1/1253 1311/1/1311 1322/1/1322
f 1254/1/1254 1256/1/1256 1257/1/1257
f 1254/1/1254 1256/1/1256 1356/1/1356
f 1254/1/1254 1257/1/1257 1348/1/1348
f 1254/1/1254 1347/1/1347 1348/1/1348
f 1254/1/1254 1347/1/1347 1356/1/1356
f 1255/1/1255 1258/1/1258 1348/1/1348
f 1255/1/1255 1258/1/1258 1349/1/1349
f 1255/1/1255 1348/1/1348 1349/1/1349
f 1256/1/1256 1257/1/1257 1266/1/1266
f 1256/1/1256 1265/1/1265 1266/1/1266
f 1256/1/1256 1265/1/1265 1356/1/1356
f 1257/1/1257 1258/1/1258 1267/1/1267
f 1257/1/1257 1258/1/1258 1348/1/1348
f 1257/1/1257 1266/1/1266 1267/1/1267
f 1258/1/1258 1259/1/1259 1267/1/1267
f 1258/1/1258 1259/1/1259 1350/1/1350
f 1258/1/1258 1349/1/1349 1350/1/1350
f 1259/1/1259 1260/1/1260 1269/1/1269
f 1259/1/1259 1260/1/1260 1357/1/1357
f 1259/1/1259 1267/1/1267 1268/1/1268
f 1259/1/1259 1268/1/1268 1269/1/1269
f 1259/1/1259 1350/1/1350 1357/1/1357
f 1260/1/1260 1261/1/1261 1269/1/1269
f 1260/1/1260 1261/1/1261 1358/1/1358
f 1260/1/1260 1351/1/1351 1357/1/1357
f 1260/1/1260 1351/1/1351 1358/1/1358
f 1261/1/1261 1262/1/1262 1270/1/1270
f 1261/1/1261 1262/1/1262 1360/1/1360
f 1261/1/1261 1269/1/1269 1270/1/1270
f 1261/1/1261 1352/1/1352 1359/1/1359
f 1261/1/1261 1358/1/1358 1359/1/1359
f 1261/1/1261 1359/1/1359 1360/1/1360
f 1262/1/1262 1263/1/1263 1271/1/1271
f 1262/1/1262 1263/1/1263 1360/1/1360
f 1262/1/1262 1270/1/1270 1271/1/1271
f 1263/1/1263 1264/1/1264 1273/1/1273
f 1263/1/1263 1264/1/1264 1361/1/1361
f 1263/1/1263 1271/1/1271 1272/1/1272
f 1263/1/1263 1272/1/1272 1273/1/1273
f 1263/1/1263 1360/1/1360 1361/1/1361
f 1264/1/1264 1273/1/1273 1364/1/1364
f 1264/1/1264 1361/1/1361 1362/1/1362
f 1264/1/1264 1362/1/1362 1364/1/1364
f 1265/1/1265 1274/1/1274 1365/1/1365
f 1265/1/1265 1356/1/1356 1363/1/1363
f 1265/1/1265 1363/1/1363 1365/1/1365
f 1266/1/1266 1267/1/1267 1276/1/1276
f 1266/1/1266 1275/1/1275 1276/1/1276
f 1267/1/1267 1268/1/1268 1277/1/1277
f 1267/1/1267 1276/1/1276 1277/1/1277
f 1268/1/1268 1269/1/1269 1278/1/1278
f 1268/1/1268 1277/1/1277 1278/1/1278
f 1269/1/1269 1270/1/1270 1279/1/1279
f 1269/1/1269 1278/1/1278 1279/1/1279
f 1270/1/1270 1271/1/1271 1279/1/1279
f 1271/1/1271 1272/1/1272 1280/1/1280
f 1271/1/1271 1279/1/1279 1280/1/1280
f 1272/1/1272 1273/1/1273 1281/1/1281
f 1272/1/1272 1280/1/1280 1281/1/1281
f 1273/1/1273 1281/1/1281 1282/1/1282
f 1273/1/1273 1282/1/1282 1364/1/1364
f 1274/1/1274 1284/1/1284 1368/1/1368
f 1274/1/1274 1365/1/1365 1368/1/1368
f 1282/1/1282 1285/1/1285 1369/1/1369
f 1282/1/1282 1364/1/1364 1366/1/1366
f 1282/1/1282 1366/1/1366 1369/1/1369
f 1283/1/1283 1284/1/1284 1367/1/1367
f 1283/1/1283 1287/1/1287 1367/1/1367
f 1284/1/1284 1367/1/1367 1368/1/1368
f 1285/1/1285 1286/1/1286 1369/1/1369
f 1286/1/1286 1288/1/1288 1372/1/1372
f 1286/1/1286 1369/1/1369 1370/1/1370
f 1286/1/1286 1370/1/1370 1372/1/1372
f 1287/1/1287 1289/1/1289 1371/1/1371
f 1287/1/1287 1367/1/1367 1371/1/1371
f 1288/1/1288 1290/1/1290 1374/1/1374
f 1288/1/1288 1372/1/1372 1374/1/1374
f 1289/1/1289 1291/1/1291 1375/1/1375
f 1289/1/1289 1371/1/1371 1373/1/1373
f 1289/1/1289 1373/1/1373 1375/1/1375
f 1290/1/1290 1292/1/1292 1376/1/1376
f 1290/1/1290 1374/1/1374 1376/1/1376
f 1291/1/1291 1293/1/1293 1377/1/1377
f 1291/1/1291 1375/1/1375 1377/1/1377
f 1292/1/1292 1294/1/1294 1378/1/1378
f 1292/1/1292 1376/1/1376 1378/1/1378
f 1293/1/1293 1295/1/1295 1379/1/1379
f 1293/1/1293 1377/1/1377 1379/1/1379
f 1294/1/1294 1296/1/1296 1380/1/1380
f 1294/1/1294 1378/1/1378 1380/1/1380
f 1295/1/1295 1297/1/1297 1379/1/1379
f 1296/1/1296 1298/1/1298 1380/1/1380
f 1297/1/1297 1299/1/1299 1381/1/1381
f 1297/1/1297 1379/1/1379 1381/1/1381
f 1298/1/1298 1300/1/1300 1384/1/1384
f 1298/1/1298 1380/1/1380 1382/1/1382
f 1298/1/1298 1382/1/1382 1384/1/1384
f 1299/1/1299 1301/1/1301 1385/1/1385
f 1299/1/1299 1381/1/1381 1383/1/1383
f 1299/1/1299 1383/1/1383 1385/1/1385
f 1300/1/1300 1302/1/1302 1384/1/1384
f 1301/1/1301 1303/1/1303 1387/1/1387
f 1301/1/1301 1385/1/1385 1387/1/1387
f 1302/1/1302 1304/1/1304 1386/1/1386
f 1302/1/1302 1384/1/1384 1386/1/1386
f 1303/1/1303 1305/1/1305 1387/1/1387
f 1304/1/1304 1306/1/1306 1390/1/1390
f 1304/1/1304 1386/1/1386 1388/1/1388
f 1304/1/1304 1388/1/1388 1390/1/1390
f 1305/1/1305 1307/1/1307 1391/1/1391
f 1305/1/1305 1387/1/1387 1389/1/1389
f 1305/1/1305 1389/1/1389 1391/1/1391
f 1306/1/1306 1308/1/1308 1392/1/1392
f 1306/1/1306 1390/1/1390 1392/1/1392
f 1307/1/1307 1309/1/1309 1393/1/1393
f 1307/1/1307 1391/1/1391 1393/1/1393
f 1308/1/1308 1311/1/1311 1394/1/1394
f 1308/1/1308 1392/1/1392 1394/1/1394
f 1309/1/1309 1310/1/1310 1313/1/1313
f 1309/1/1309 1312/1/1312 1313/1/1313
f 1309/1/1309 1312/1/1312 1393/1/1393
f 1311/1/1311 1322/1/1322 1397/1/1397
f 1311/1/1311 1394/1/1394 1397/1/1397
f 1312/1/1312 1313/1/1313 1395/1/1395
f 1312/1/1312 1393/1/1393 1395/1/1395
f 1313/1/1313 1314/1/1314 1323/1/1323
f 1313/1/1313 1323/1/1323 1396/1/1396
f 1313/1/1313 1395/1/1395 1396/1/1396
f 1314/1/1314 1315/1/1315 1324/1/1324
f 1314/1/1314 1323/1/1323 1324/1/1324
f 1315/1/1315 1316/1/1316 1325/1/1325
f 1315/1/1315 1324/1/1324 1325/1/1325
f 1316/1/1316 1317/1/1317 1326/1/1326
f 1316/1/1316 1325/1/1325 1326/1/1326
f 1317/1/1317 1318/1/1318 1328/1/1328
f 1317/1/1317 1326/1/1326 1327/1/1327
f 1317/1/1317 1327/1/1327 1328/1/1328
f 1318/1/1318 1319/1/1319 1329/1/1329
f 1318/1/1318 1328/1/1328 1329/1/1329
f 1319/1/1319 1320/1/1320 1330/1/1330
f 1319/1/1319 1329/1/1329 1330/1/1330
f 1320/1/1320 1321/1/1321 1331/1/1331
f 1320/1/1320 1330/1/1330 1331/1/1331
f 1321/1/1321 1322/1/1322 1331/1/1331
f 1322/1/1322 1331/1/1331 1332/1/1332
f 1322/1/1322 1332/1/1332 1397/1/1397
f 1323/1/1323 1324/1/1324 1398/1/1398
f 1323/1/1323 1396/1/1396 1398/1/1398
f 1324/1/1324 1325/1/1325 1399/1/1399
f 1324/1/1324 1398/1/1398 1399/1/1399
f 1325/1/1325 1326/1/1326 1401/1/1401
f 1325/1/1325 1399/1/1399 1400/1/1400
f 1325/1/1325 1400/1/1400 1401/1/1401
f 1326/1/1326 1327/1/1327 1402/1/1402
f 1326/1/1326 1401/1/1401 1402/1/1402
f 1327/1/1327 1328/1/1328 1403/1/1403
f 1327/1/1327 1402/1/1402 1403/1/1403
f 1328/1/1328 1329/1/1329 1404/1/1404
f 1328/1/1328 1403/1/1403 1404/1/1404
f 1329/1/1329 1330/1/1330 1404/1/1404
f 1330/1/1330 1331/1/1331 1406/1/1406
f 1330/1/1330 1404/1/1404 1405/1/1405
f 1330/1/1330 1405/1/1405 1406/1/1406
f 1331/1/1331 1332/1/1332 1407/1/1407
f 1331/1/1331 1406/1/1406 1407/1/1407
f 1332/1/1332 1397/1/1397 1407/1/1407
f 1333/1/1333 1339/1/1339 1409/1/1409
f 1333/1/1333 1339/1/1339 1410/1/1410
f 1333/1/1333 1409/1/1409 1410/1/1410
f 1334/1/1334 1340/1/1340 1410/1/1410
f 1335/1/1335 1341/1/1341 1411/1/1411
f 1336/1/1336 1342/1/1342 1411/1/1411
f 1336/1/1336 1342/1/1342 1412/1/1412
f 1336/1/1336 1411/1/1411 1412/1/1412
f 1337/1/1337 1343/1/1343 1344/1/1344
f 1337/1/1337 1343/1/1343 1413/1/1413
f 1337/1/1337 1344/1/1344 1414/1/1414
f 1337/1/1337 1413/1/1413 1414/1/1414
f 1338/1/1338 1339/1/1339 1347/1/1347
f 1338/1/1338 1339/1/1339 1417/1/1417
f 1338/1/1338 1347/1/1347 1416/1/1416
f 1338/1/1338 1416/1/1416 1417/1/1417
f 1339/1/1339 1340/1/1340 1349/1/1349
f 1339/1/1339 1340/1/1340 1410/1/1410
f 1339/1/1339 1347/1/1347 1348/1/1348
f 1339/1/1339 1348/1/1348 1349/1/1349
f 1339/1/1339 1409/1/1409 1417/1/1417
f 1340/1/1340 1341/1/1341 1349/1/1349
f 1340/1/1340 1341/1/1341 1411/1/1411
f 1340/1/1340 1410/1/1410 1411/1/1411
f 1341/1/1341 1342/1/1342 1350/1/1350
f 1341/1/1341 1342/1/1342 1411/1/1411
f 1341/1/1341 1349/1/1349 1350/1/1350
f 1342/1/1342 1343/1/1343 1351/1/1351
f 1342/1/1342 1343/1/1343 1412/1/1412
f 1342/1/1342 1350/1/1350 1351/1/1351
f 1343/1/1343 1344/1/1344 1353/1/1353
f 1343/1/1343 1351/1/1351 1352/1/1352
f 1343/1/1343 1352/1/1352 1353/1/1353
f 1343/1/1343 1412/1/1412 1413/1/1413
f 1344/1/1344 1345/1/1345 1354/1/1354
f 1344/1/1344 1345/1/1345 1419/1/1419
f 1344/1/1344 1353/1/1353 1354/1/1354
f 1344/1/1344 1414/1/1414 1418/1/1418
f 1344/1/1344 1418/1/1418 1419/1/1419
f 1345/1/1345 1346/1/1346 1355/1/1355
f 1345/1/1345 1346/1/1346 1420/1/1420
f 1345/1/1345 1354/1/1354 1355/1/1355
f 1345/1/1345 1419/1/1419 1420/1/1420
f 1346/1/1346 1355/1/1355 1420/1/1420
f 1347/1/1347 1356/1/1356 1423/1/1423
f 1347/1/1347 1416/1/1416 1421/1/1421
f 1347/1/1347 1421/1/1421 1423/1/1423
f 1350/1/1350 1351/1/1351 1357/1/1357
f 1351/1/1351 1352/1/1352 1358/1/1358
f 1352/1/1352 1353/1/1353 1360/1/1360
f 1352/1/1352 1358/1/1358 1359/1/1359
f 1352/1/1352 1359/1/1359 1360/1/1360
f 1353/1/1353 1354/1/1354 1360/1/1360
f 1354/1/1354 1355/1/1355 1362/1/1362
f 1354/1/1354 1360/1/1360 1361/1/1361
f 1354/1/1354 1361/1/1361 1362/1/1362
f 1355/1/1355 1362/1/1362 1422/1/1422
f 1355/1/1355 1420/1/1420 1422/1/1422
f 1356/1/1356 1363/1/1363 1425/1/1425
f 1356/1/1356 1423/1/1423 1425/1/1425
f 1362/1/1362 1364/1/1364 1426/1/1426
f 1362/1/1362 1422/1/1422 1424/1/1424
f 1362/1/1362 1424/1/1424 1426/1/1426
f 1363/1/1363 1365/1/1365 1425/1/1425
f 1364/1/1364 1366/1/1366 1428/1/1428
f 1364/1/1364 1426/1/1426 1428/1/1428
f 1365/1/1365 1368/1/1368 1430/1/1430
f 1365/1/1365 1425/1/1425 1427/1/1427
f 1365/1/1365 1427/1/1427 1430/1/1430
f 1366/1/1366 1369/1/1369 1428/1/1428
f 1367/1/1367 1368/1/1368 1429/1/1429
f 1367/1/1367 1371/1/1371 1433/1/1433
f 1367/1/1367 1429/1/1429 1433/1/1433
f 1368/1/1368 1429/1/1429 1430/1/1430
f 1369/1/1369 1370/1/1370 1431/1/1431
f 1369/1/1369 1428/1/1428 1431/1/1431
f 1370/1/1370 1372/1/1372 1432/1/1432
f 1370/1/1370 1431/1/1431 1432/1/1432
f 1371/1/1371 1373/1/1373 1436/1/1436
f 1371/1/1371 1433/1/1433 1436/1/1436
f 1372/1/1372 1374/1/1374 1437/1/1437
f 1372/1/1372 1432/1/1432 1435/1/1435
f 1372/1/1372 1435/1/1435 1437/1/1437
f 1373/1/1373 1375/1/1375 1436/1/1436
f 1374/1/1374 1376/1/1376 1437/1/1437
f 1375/1/1375 1377/1/1377 1440/1/1440
f 1375/1/1375 1436/1/1436 1438/1/1438
f 1375/1/1375 1438/1/1438 1440/1/1440
f 1376/1/1376 1378/1/1378 1441/1/1441
f 1376/1/1376 1437/1/1437 1439/1/1439
f 1376/1/1376 1439/1/1439 1441/1/1441
f 1377/1/1377 1379/1/1379 1442/1/1442
f 1377/1/1377 1440/1/1440 1442/1/1442
f 1378/1/1378 1380/1/1380 1441/1/1441
f 1379/1/1379 1381/1/1381 1444/1/1444
f 1379/1/1379 1442/1/1442 1444/1/1444
f 1380/1/1380 1382/1/1382 1445/1/1445
f 1380/1/1380 1441/1/1441 1443/1/1443
f 1380/1/1380 1443/1/1443 1445/1/1445
f 1381/1/1381 1383/1/1383 1446/1/1446
f 1381/1/1381 1444/1/1444 1446/1/1446
f 1382/1/1382 1384/1/1384 1447/1/1447
f 1382/1/1382 1445/1/1445 1447/1/1447
f 1383/1/1383 1385/1/1385 1446/1/1446
f 1384/1/1384 1386/1/1386 1447/1/1447
f 1385/1/1385 1387/1/1387 1448/1/1448
f 1385/1/1385 1446/1/1446 1448/1/1448
f 1386/1/1386 1388/1/1388 1449/1/1449
f 1386/1/1386 1447/1/1447 1449/1/1449
f 1387/1/1387 1389/1/1389 1450/1/1450
f 1387/1/1387 1448/1/1448 1450/1/1450
f 1388/1/1388 1390/1/1390 1453/1/1453
f 1388/1/1388 1449/1/1449 1451/1/1451
f 1388/1/1388 1451/1/1451 1453/1/1453
f 1389/1/1389 1391/1/1391 1454/1/1454
f 1389/1/1389 1450/1/1450 1452/1/1452
f 1389/1/1389 1452/1/1452 1454/1/1454
f 1390/1/1390 1392/1/1392 1453/1/1453
f 1391/1/1391 1393/1/1393 1456/1/1456
f 1391/1/1391 1454/1/1454 1456/1/1456
f 1392/1/1392 1394/1/1394 1455/1/1455
f 1392/1/1392 1453/1/1453 1455/1/1455
f 1393/1/1393 1395/1/1395 1458/1/1458
f 1393/1/1393 1456/1/1456 1458/1/1458
f 1394/1/1394 1397/1/1397 1457/1/1457
f 1394/1/1394 1455/1/1455 1457/1/1457
f 1395/1/1395 1396/1/1396 1460/1/1460
f 1395/1/1395 1458/1/1458 1460/1/1460
f 1396/1/1396 1398/1/1398 1460/1/1460
f 1397/1/1397 1407/1/1407 1459/1/1459
f 1397/1/1397 1457/1/1457 1459/1/1459
f 1398/1/1398 1399/1/1399 1462/1/1462
f 1398/1/1398 1460/1/1460 1461/1/1461
f 1398/1/1398 1461/1/1461 1462/1/1462
f 1399/1/1399 1400/1/1400 1462/1/1462
f 1400/1/1400 1401/1/1401 1463/1/1463
f 1400/1/1400 1462/1/1462 1463/1/1463
f 1401/1/1401 1402/1/1402 1465/1/1465
f 1401/1/1401 1463/1/1463 1464/1/1464
f 1401/1/1401 1464/1/1464 1465/1/1465
f 1402/1/1402 1403/1/1403 1465/1/1465
f 1403/1/1403 1404/1/1404 1467/1/1467
f 1403/1/1403 1465/1/1465 1466/1/1466
f 1403/1/1403 1466/1/1466 1467/1/1467
f 1404/1/1404 1405/1/1405 1468/1/1468
f 1404/1/1404 1467/1/1467 1468/1/1468
f 1405/1/1405 1406/1/1406 1468/1/1468
f 1406/1/1406 1407/1/1407 1470/1/1470
f 1406/1/1406 1468/1/1468 1469/1/1469
f 1406/1/1406 1469/1/1469 1470/1/1470
f 1407/1/1407 1459/1/1459 1470/1/1470
f 1408/1/1408 1409/1/1409 1416/1/1416
f 1408/1/1408 1409/1/1409 1508/1/1508
f 1408/1/1408 1416/1/1416 1508/1/1508
f 1409/1/1409 1410/1/1410 1510/1/1510
f 1409/1/1409 1416/1/1416 1417/1/1417
f 1409/1/1409 1501/1/1501 1509/1/1509
f 1409/1/1409 1501/1/1501 1510/1/1510
f 1409/1/1409 1508/1/1508 1509/1/1509
f 1410/1/1410 1411/1/1411 1511/1/1511
f 1410/1/1410 1503/1/1503 1510/1/1510
f 1410/1/1410 1503/1/1503 1511/1/1511
f 1411/1/1411 1412/1/1412 1512/1/1512
f 1411/1/1411 1511/1/1511 1512/1/1512
f 1412/1/1412 1413/1/1413 1513/1/1513
f 1412/1/1412 1504/1/1504 1505/1/1505
f 1412/1/1412 1504/1/1504 1512/1/1512
f 1412/1/1412 1505/1/1505 1513/1/1513
f 1413/1/1413 1414/1/1414 1514/1/1514
f 1413/1/1413 1505/1/1505 1513/1/1513
f 1413/1/1413 1513/1/1513 1514/1/1514
f 1414/1/1414 1415/1/1415 1418/1/1418
f 1414/1/1414 1415/1/1415 1514/1/1514
f 1414/1/1414 1506/1/1506 1514/1/1514
f 1415/1/1415 1418/1/1418 1419/1/1419
f 1415/1/1415 1419/1/1419 1420/1/1420
f 1415/1/1415 1420/1/1420 1515/1/1515
f 1415/1/1415 1514/1/1514 1515/1/1515
f 1416/1/1416 1421/1/1421 1519/1/1519
f 1416/1/1416 1508/1/1508 1516/1/1516
f 1416/1/1416 1516/1/1516 1519/1/1519
f 1420/1/1420 1422/1/1422 1518/1/1518
f 1420/1/1420 1515/1/1515 1518/1/1518
f 1421/1/1421 1423/1/1423 1521/1/1521
f 1421/1/1421 1519/1/1519 1521/1/1521
f 1422/1/1422 1424/1/1424 1520/1/1520
f 1422/1/1422 1518/1/1518 1520/1/1520
f 1423/1/1423 1425/1/1425 1521/1/1521
f 1424/1/1424 1426/1/1426 1524/1/1524
f 1424/1/1424 1520/1/1520 1522/1/1522
f 1424/1/1424 1522/1/1522 1524/1/1524
f 1425/1/1425 1427/1/1427 1525/1/1525
f 1425/1/1425 1521/1/1521 1523/1/1523
f 1425/1/1425 1523/1/1523 1525/1/1525
f 1426/1/1426 1428/1/1428 1526/1/1526
f 1426/1/1426 1524/1/1524 1526/1/1526
f 1427/1/1427 1430/1/1430 1528/1/1528
f 1427/1/1427 1525/1/1525 1528/1/1528
f 1428/1/1428 1431/1/1431 1529/1/1529
f 1428/1/1428 1526/1/1526 1529/1/1529
f 1429/1/1429 1430/1/1430 1527/1/1527
f 1429/1/1429 1433/1/1433 1527/1/1527
f 1430/1/1430 1527/1/1527 1528/1/1528
f 1431/1/1431 1432/1/1432 1435/1/1435
f 1431/1/1431 1434/1/1434 1435/1/1435
f 1431/1/1431 1435/1/1435 1531/1/1531
f 1431/1/1431 1529/1/1529 1531/1/1531
f 1433/1/1433 1436/1/1436 1533/1/1533
f 1433/1/1433 1527/1/1527 1530/1/1530
f 1433/1/1433 1530/1/1530 1533/1/1533
f 1435/1/1435 1437/1/1437 1532/1/1532
f 1435/1/1435 1531/1/1531 1532/1/1532
f 1436/1/1436 1438/1/1438 1535/1/1535
f 1436/1/1436 1533/1/1533 1535/1/1535
f 1437/1/1437 1439/1/1439 1534/1/1534
f 1437/1/1437 1532/1/1532 1534/1/1534
f 1438/1/1438 1440/1/1440 1535/1/1535
f 1439/1/1439 1441/1/1441 1538/1/1538
f 1439/1/1439 1534/1/1534 1536/1/1536
f 1439/1/1439 1536/1/1536 1538/1/1538
f 1440/1/1440 1442/1/1442 1539/1/1539
f 1440/1/1440 1535/1/1535 1537/1/1537
f 1440/1/1440 1537/1/1537 1539/1/1539
f 1441/1/1441 1443/1/1443 1538/1/1538
f 1442/1/1442 1444/1/1444 1541/1/1541
f 1442/1/1442 1539/1/1539 1541/1/1541
f 1443/1/1443 1445/1/1445 1540/1/1540
f 1443/1/1443 1538/1/1538 1540/1/1540
f 1444/1/1444 1446/1/1446 1541/1/1541
f 1445/1/1445 1447/1/1447 1542/1/1542
f 1445/1/1445 1540/1/1540 1542/1/1542
f 1446/1/1446 1448/1/1448 1545/1/1545
f 1446/1/1446 1541/1/1541 1543/1/1543
f 1446/1/1446 1543/1/1543 1545/1/1545
f 1447/1/1447 1449/1/1449 1546/1/1546
f 1447/1/1447 1542/1/1542 1544/1/1544
f 1447/1/1447 1544/1/1544 1546/1/1546
f 1448/1/1448 1450/1/1450 1545/1/1545
f 1449/1/1449 1451/1/1451 1546/1/1546
f 1450/1/1450 1452/1/1452 1547/1/1547
f 1450/1/1450 1545/1/1545 1547/1/1547
f 1451/1/1451 1453/1/1453 1550/1/1550
f 1451/1/1451 1546/1/1546 1548/1/1548
f 1451/1/1451 1548/1/1548 1550/1/1550
f 1452/1/1452 1454/1/1454 1549/1/1549
f 1452/1/1452 1547/1/1547 1549/1/1549
f 1453/1/1453 1455/1/1455 1550/1/1550
f 1454/1/1454 1456/1/1456 1553/1/1553
f 1454/1/1454 1549/1/1549 1551/1/1551
f 1454/1/1454 1551/1/1551 1553/1/1553
f 1455/1/1455 1457/1/1457 1554/1/1554
f 1455/1/1455 1550/1/1550 1552/1/1552
f 1455/1/1455 1552/1/1552 1554/1/1554
f 1456/1/1456 1458/1/1458 1553/1/1553
f 1457/1/1457 1459/1/1459 1556/1/1556
f 1457/1/1457 1554/1/1554 1556/1/1556
f 1458/1/1458 1460/1/1460 1557/1/1557
f 1458/1/1458 1553/1/1553 1555/1/1555
f 1458/1/1458 1555/1/1555 1557/1/1557
f 1459/1/1459 1470/1/1470 1556/1/1556
f 1460/1/1460 1461/1/1461 1557/1/1557
f 1461/1/1461 1462/1/1462 1472/1/1472
f 1461/1/1461 1471/1/1471 1472/1/1472
f 1461/1/1461 1471/1/1471 1560/1/1560
f 1461/1/1461 1557/1/1557 1558/1/1558
f 1461/1/1461 1558/1/1558 1560/1/1560
f 1462/1/1462 1463/1/1463 1472/1/1472
f 1463/1/1463 1464/1/1464 1474/1/1474
f 1463/1/1463 1472/1/1472 1473/1/1473
f 1463/1/1463 1473/1/1473 1474/1/1474
f 1464/1/1464 1465/1/1465 1475/1/1475
f 1464/1/1464 1474/1/1474 1475/1/1475
f 1465/1/1465 1466/1/1466 1476/1/1476
f 1465/1/1465 1475/1/1475 1476/1/1476
f 1466/1/1466 1467/1/1467 1476/1/1476
f 1467/1/1467 1468/1/1468 1477/1/1477
f 1467/1/1467 1476/1/1476 1477/1/1477
f 1468/1/1468 1469/1/1469 1478/1/1478
f 1468/1/1468 1477/1/1477 1567/1/1567
f 1468/1/1468 1478/1/1478 1567/1/1567
f 1469/1/1469 1470/1/1470 1559/1/1559
f 1469/1/1469 1478/1/1478 1479/1/1479
f 1469/1/1469 1479/1/1479 1568/1/1568
f 1469/1/1469 1559/1/1559 1568/1/1568
f 1470/1/1470 1556/1/1556 1559/1/1559
f 1471/1/1471 1472/1/1472 1561/1/1561
f 1471/1/1471 1560/1/1560 1561/1/1561
f 1472/1/1472 1473/1/1473 1561/1/1561
f 1473/1/1473 1474/1/1474 1563/1/1563
f 1473/1/1473 1561/1/1561 1562/1/1562
f 1473/1/1473 1562/1/1562 1563/1/1563
f 1474/1/1474 1475/1/1475 1564/1/1564
f 1474/1/1474 1563/1/1563 1564/1/1564
f 1475/1/1475 1476/1/1476 1565/1/1565
f 1475/1/1475 1564/1/1564 1565/1/1565
f 1476/1/1476 1477/1/1477 1566/1/1566
f 1476/1/1476 1565/1/1565 1566/1/1566
f 1477/1/1477 1566/1/1566 1567/1/1567
f 1478/1/1478 1479/1/1479 1568/1/1568
f 1478/1/1478 1567/1/1567 1568/1/1568
f 1480/1/1480 1481/1/1481 1487/1/1487
f 1480/1/1480 1481/1/1481 1590/1/1590
f 1480/1/1480 1487/1/1487 1599/1/1599
f 1480/1/1480 1590/1/1590 1599/1/1599
f 1481/1/1481 1482/1/1482 1489/1/1489
f 1481/1/1481 1482/1/1482 1592/1/1592
f 1481/1/1481 1487/1/1487 1488/1/1488
f 1481/1/1481 1488/1/1488 1489/1/1489
f 1481/1/1481 1590/1/1590 1591/1/1591
f 1481/1/1481 1591/1/1591 1592/1/1592
f 1482/1/1482 1483/1/1483 1489/1/1489
f 1482/1/1482 1483/1/1483 1593/1/1593
f 1482/1/1482 1592/1/1592 1593/1/1593
f 1483/1/1483 1484/1/1484 1491/1/1491
f 1483/1/1483 1484/1/1484 1593/1/1593
f 1483/1/1483 1489/1/1489 1490/1/1490
f 1483/1/1483 1490/1/1490 1491/1/1491
f 1484/1/1484 1485/1/1485 1492/1/1492
f 1484/1/1484 1485/1/1485 1594/1/1594
f 1484/1/1484 1491/1/1491 1492/1/1492
f 1484/1/1484 1593/1/1593 1594/1/1594
f 1485/1/1485 1486/1/1486 1492/1/1492
f 1485/1/1485 1486/1/1486 1596/1/1596
f 1485/1/1485 1594/1/1594 1595/1/1595
f 1485/1/1485 1595/1/1595 1596/1/1596
f 1486/1/1486 1492/1/1492 1493/1/1493
f 1486/1/1486 1493/1/1493 1596/1/1596
f 1487/1/1487 1488/1/1488 1495/1/1495
f 1487/1/1487 1494/1/1494 1495/1/1495
f 1487/1/1487 1494/1/1494 1599/1/1599
f 1488/1/1488 1489/1/1489 1495/1/1495
f 1489/1/1489 1490/1/1490 1496/1/1496
f 1489/1/1489 1495/1/1495 1496/1/1496
f 1490/1/1490 1491/1/1491 1497/1/1497
f 1490/1/1490 1496/1/1496 1497/1/1497
f 1491/1/1491 1492/1/1492 1498/1/1498
f 1491/1/1491 1497/1/1497 1498/1/1498
f 1492/1/1492 1493/1/1493 1499/1/1499
f 1492/1/1492 1498/1/1498 1499/1/1499
f 1493/1/1493 1499/1/1499 1500/1/1500
f 1493/1/1493 1500/1/1500 1600/1/1600
f 1493/1/1493 1596/1/1596 1600/1/1600
f 1494/1/1494 1495/1/1495 1502/1/1502
f 1494/1/1494 1501/1/1501 1502/1/1502
f 1494/1/1494 1501/1/1501 1606/1/1606
f 1494/1/1494 1599/1/1599 1603/1/1603
f 1494/1/1494 1603/1/1603 1606/1/1606
f 1495/1/1495 1496/1/1496 1502/1/1502
f 1496/1/1496 1497/1/1497 1504/1/1504
f 1496/1/1496 1502/1/1502 1503/1/1503
f 1496/1/1496 1503/1/1503 1504/1/1504
f 1497/1/1497 1498/1/1498 1504/1/1504
f 1498/1/1498 1499/1/1499 1506/1/1506
f 1498/1/1498 1504/1/1504 1505/1/1505
f 1498/1/1498 1505/1/1505 1506/1/1506
f 1499/1/1499 1500/1/1500 1507/1/1507
f 1499/1/1499 1506/1/1506 1507/1/1507
f 1500/1/1500 1507/1/1507 1607/1/1607
f 1500/1/1500 1600/1/1600 1605/1/1605
f 1500/1/1500 1604/1/1604 1605/1/1605
f 1500/1/1500 1604/1/1604 1607/1/1607
f 1501/1/1501 1502/1/1502 1510/1/1510
f 1501/1/1501 1509/1/1509 1606/1/1606
f 1502/1/1502 1503/1/1503 1510/1/1510
f 1503/1/1503 1504/1/1504 1512/1/1512
f 1503/1/1503 1511/1/1511 1512/1/1512
f 1505/1/1505 1506/1/1506 1513/1/1513
f 1506/1/1506 1507/1/1507 1514/1/1514
f 1506/1/1506 1513/1/1513 1514/1/1514
f 1507/1/1507 1514/1/1514 1515/1/1515
f 1507/1/1507 1515/1/1515 1607/1/1607
f 1508/1/1508 1509/1/1509 1609/1/1609
f 1508/1/1508 1516/1/1516 1611/1/1611
f 1508/1/1508 1608/1/1608 1609/1/1609
f 1508/1/1508 1608/1/1608 1611/1/1611
f 1509/1/1509 1606/1/1606 1609/1/1609
f 1515/1/1515 1517/1/1517 1518/1/1518
f 1515/1/1515 1518/1/1518 1613/1/1613
f 1515/1/1515 1607/1/1607 1610/1/1610
f 1515/1/1515 1610/1/1610 1612/1/1612
f 1515/1/1515 1612/1/1612 1613/1/1613
f 1516/1/1516 1519/1/1519 1614/1/1614
f 1516/1/1516 1611/1/1611 1614/1/1614
f 1518/1/1518 1520/1/1520 1615/1/1615
f 1518/1/1518 1613/1/1613 1615/1/1615
f 1519/1/1519 1521/1/1521 1614/1/1614
f 1520/1/1520 1522/1/1522 1615/1/1615
f 1521/1/1521 1523/1/1523 1618/1/1618
f 1521/1/1521 1614/1/1614 1616/1/1616
f 1521/1/1521 1616/1/1616 1618/1/1618
f 1522/1/1522 1524/1/1524 1617/1/1617
f 1522/1/1522 1615/1/1615 1617/1/1617
f 1523/1/1523 1525/1/1525 1618/1/1618
f 1524/1/1524 1526/1/1526 1619/1/1619
f 1524/1/1524 1617/1/1617 1619/1/1619
f 1525/1/1525 1528/1/1528 1623/1/1623
f 1525/1/1525 1618/1/1618 1620/1/1620
f 1525/1/1525 1620/1/1620 1623/1/1623
f 1526/1/1526 1529/1/1529 1624/1/1624
f 1526/1/1526 1619/1/1619 1621/1/1621
f 1526/1/1526 1621/1/1621 1624/1/1624
f 1527/1/1527 1528/1/1528 1622/1/1622
f 1527/1/1527 1530/1/1530 1625/1/1625
f 1527/1/1527 1622/1/1622 1625/1/1625
f 1528/1/1528 1622/1/1622 1623/1/1623
f 1529/1/1529 1531/1/1531 1624/1/1624
f 1530/1/1530 1533/1/1533 1625/1/1625
f 1531/1/1531 1532/1/1532 1627/1/1627
f 1531/1/1531 1624/1/1624 1626/1/1626
f 1531/1/1531 1626/1/1626 1627/1/1627
f 1532/1/1532 1534/1/1534 1630/1/1630
f 1532/1/1532 1627/1/1627 1630/1/1630
f 1533/1/1533 1535/1/1535 1631/1/1631
f 1533/1/1533 1625/1/1625 1628/1/1628
f 1533/1/1533 1628/1/1628 1631/1/1631
f 1534/1/1534 1536/1/1536 1630/1/1630
f 1535/1/1535 1537/1/1537 1633/1/1633
f 1535/1/1535 1631/1/1631 1633/1/1633
f 1536/1/1536 1538/1/1538 1632/1/1632
f 1536/1/1536 1630/1/1630 1632/1/1632
f 1537/1/1537 1539/1/1539 1633/1/1633
f 1538/1/1538 1540/1/1540 1634/1/1634
f 1538/1/1538 1632/1/1632 1634/1/1634
f 1539/1/1539 1541/1/1541 1637/1/1637
f 1539/1/1539 1633/1/1633 1635/1/1635
f 1539/1/1539 1635/1/1635 1637/1/1637
f 1540/1/1540 1542/1/1542 1636/1/1636
f 1540/1/1540 1634/1/1634 1636/1/1636
f 1541/1/1541 1543/1/1543 1639/1/1639
f 1541/1/1541 1637/1/1637 1639/1/1639
f 1542/1/1542 1544/1/1544 1640/1/1640
f 1542/1/1542 1636/1/1636 1638/1/1638
f 1542/1/1542 1638/1/1638 1640/1/1640
f 1543/1/1543 1545/1/1545 1639/1/1639
f 1544/1/1544 1546/1/1546 1642/1/1642
f 1544/1/1544 1640/1/1640 1642/1/1642
f 1545/1/1545 1547/1/1547 1643/1/1643
f 1545/1/1545 1639/1/1639 1641/1/1641
f 1545/1/1545 1641/1/1641 1643/1/1643
f 1546/1/1546 1548/1/1548 1644/1/1644
f 1546/1/1546 1642/1/1642 1644/1/1644
f 1547/1/1547 1549/1/1549 1645/1/1645
f 1547/1/1547 1643/1/1643 1645/1/1645
f 1548/1/1548 1550/1/1550 1644/1/1644
f 1549/1/1549 1551/1/1551 1647/1/1647
f 1549/1/1549 1645/1/1645 1647/1/1647
f 1550/1/1550 1552/1/1552 1646/1/1646
f 1550/1/1550 1644/1/1644 1646/1/1646
f 1551/1/1551 1553/1/1553 1647/1/1647
f 1552/1/1552 1554/1/1554 1648/1/1648
f 1552/1/1552 1646/1/1646 1648/1/1648
f 1553/1/1553 1555/1/1555 1651/1/1651
f 1553/1/1553 1647/1/1647 1649/1/1649
f 1553/1/1553 1649/1/1649 1651/1/1651
f 1554/1/1554 1556/1/1556 1652/1/1652
f 1554/1/1554 1648/1/1648 1650/1/1650
f 1554/1/1554 1650/1/1650 1652/1/1652
f 1555/1/1555 1557/1/1557 1651/1/1651
f 1556/1/1556 1559/1/1559 1652/1/1652
f 1557/1/1557 1558/1/1558 1560/1/1560
f 1557/1/1557 1560/1/1560 1655/1/1655
f 1557/1/1557 1651/1/1651 1653/1/1653
f 1557/1/1557 1653/1/1653 1655/1/1655
f 1559/1/1559 1568/1/1568 1569/1/1569
f 1559/1/1559 1569/1/1569 1665/1/1665
f 1559/1/1559 1652/1/1652 1654/1/1654
f 1559/1/1559 1654/1/1654 1665/1/1665
f 1560/1/1560 1561/1/1561 1657/1/1657
f 1560/1/1560 1655/1/1655 1656/1/1656
f 1560/1/1560 1656/1/1656 1657/1/1657
f 1561/1/1561 1562/1/1562 1658/1/1658
f 1561/1/1561 1657/1/1657 1658/1/1658
f 1562/1/1562 1563/1/1563 1658/1/1658
f 1563/1/1563 1564/1/1564 1660/1/1660
f 1563/1/1563 1658/1/1658 1659/1/1659
f 1563/1/1563 1659/1/1659 1660/1/1660
f 1564/1/1564 1565/1/1565 1661/1/1661
f 1564/1/1564 1660/1/1660 1661/1/1661
f 1565/1/1565 1566/1/1566 1662/1/1662
f 1565/1/1565 1661/1/1661 1662/1/1662
f 1566/1/1566 1567/1/1567 1663/1/1663
f 1566/1/1566 1662/1/1662 1663/1/1663
f 1567/1/1567 1568/1/1568 1663/1/1663
f 1568/1/1568 1569/1/1569 1664/1/1664
f 1568/1/1568 1663/1/1663 1664/1/1664
f 1569/1/1569 1664/1/1664 1665/1/1665
f 1570/1/1570 1571/1/1571 1576/1/1576
f 1570/1/1570 1571/1/1571 1684/1/1684
f 1570/1/1570 1576/1/1576 1684/1/1684
f 1571/1/1571 1572/1/1572 1577/1/1577
f 1571/1/1571 1572/1/1572 1686/1/1686
f 1571/1/1571 1576/1/1576 1577/1/1577
f 1571/1/1571 1684/1/1684 1685/1/1685
f 1571/1/1571 1685/1/1685 1686/1/1686
f 1572/1/1572 1573/1/1573 1579/1/1579
f 1572/1/1572 1573/1/1573 1687/1/1687
f 1572/1/1572 1577/1/1577 1578/1/1578
f 1572/1/1572 1578/1/1578 1579/1/1579
f 1572/1/1572 1679/1/1679 1686/1/1686
f 1572/1/1572 1686/1/1686 1687/1/1687
f 1573/1/1573 1574/1/1574 1580/1/1580
f 1573/1/1573 1574/1/1574 1688/1/1688
f 1573/1/1573 1579/1/1579 1580/1/1580
f 1573/1/1573 1687/1/1687 1688/1/1688
f 1574/1/1574 1580/1/1580 1688/1/1688
f 1575/1/1575 1576/1/1576 1582/1/1582
f 1575/1/1575 1576/1/1576 1691/1/1691
f 1575/1/1575 1582/1/1582 1691/1/1691
f 1576/1/1576 1577/1/1577 1583/1/1583
f 1576/1/1576 1582/1/1582 1583/1/1583
f 1576/1/1576 1684/1/1684 1692/1/1692
f 1576/1/1576 1691/1/1691 1692/1/1692
f 1577/1/1577 1578/1/1578 1584/1/1584
f 1577/1/1577 1583/1/1583 1584/1/1584
f 1578/1/1578 1579/1/1579 1586/1/1586
f 1578/1/1578 1584/1/1584 1585/1/1585
f 1578/1/1578 1585/1/1585 1586/1/1586
f 1579/1/1579 1580/1/1580 1587/1/1587
f 1579/1/1579 1586/1/1586 1587/1/1587
f 1580/1/1580 1581/1/1581 1587/1/1587
f 1580/1/1580 1581/1/1581 1694/1/1694
f 1580/1/1580 1688/1/1688 1693/1/1693
f 1580/1/1580 1693/1/1693 1694/1/1694
f 1581/1/1581 1587/1/1587 1588/1/1588
f 1581/1/1581 1588/1/1588 1694/1/1694
f 1582/1/1582 1583/1/1583 1591/1/1591
f 1582/1/1582 1590/1/1590 1591/1/1591
f 1582/1/1582 1590/1/1590 1697/1/1697
f 1582/1/1582 1691/1/1691 1697/1/1697
f 1583/1/1583 1584/1/1584 1592/1/1592
f 1583/1/1583 1591/1/1591 1592/1/1592
f 1584/1/1584 1585/1/1585 1593/1/1593
f 1584/1/1584 1592/1/1592 1593/1/1593
f 1585/1/1585 1586/1/1586 1594/1/1594
f 1585/1/1585 1593/1/1593 1594/1/1594
f 1586/1/1586 1587/1/1587 1595/1/1595
f 1586/1/1586 1594/1/1594 1595/1/1595
f 1587/1/1587 1588/1/1588 1595/1/1595
f 1588/1/1588 1595/1/1595 1596/1/1596
f 1588/1/1588 1596/1/1596 1698/1/1698
f 1588/1/1588 1694/1/1694 1698/1/1698
f 1589/1/1589 1590/1/1590 1598/1/1598
f 1589/1/1589 1590/1/1590 1700/1/1700
f 1589/1/1589 1598/1/1598 1700/1/1700
f 1590/1/1590 1598/1/1598 1599/1/1599
f 1590/1/1590 1697/1/1697 1701/1/1701
f 1590/1/1590 1700/1/1700 1701/1/1701
f 1596/1/1596 1597/1/1597 1601/1/1601
f 1596/1/1596 1597/1/1597 1703/1/1703
f 1596/1/1596 1600/1/1600 1601/1/1601
f 1596/1/1596 1698/1/1698 1702/1/1702
f 1596/1/1596 1702/1/1702 1703/1/1703
f 1597/1/1597 1601/1/1601 1703/1/1703
f 1598/1/1598 1599/1/1599 1602/1/1602
f 1598/1/1598 1602/1/1602 1706/1/1706
f 1598/1/1598 1700/1/1700 1704/1/1704
f 1598/1/1598 1704/1/1704 1706/1/1706
f 1599/1/1599 1602/1/1602 1603/1/1603
f 1600/1/1600 1601/1/1601 1605/1/1605
f 1601/1/1601 1605/1/1605 1709/1/1709
f 1601/1/1601 1703/1/1703 1705/1/1705
f 1601/1/1601 1705/1/1705 1709/1/1709
f 1602/1/1602 1603/1/1603 1706/1/1706
f 1603/1/1603 1606/1/1606 1707/1/1707
f 1603/1/1603 1706/1/1706 1707/1/1707
f 1604/1/1604 1605/1/1605 1708/1/1708
f 1604/1/1604 1607/1/1607 1711/1/1711
f 1604/1/1604 1708/1/1708 1711/1/1711
f 1605/1/1605 1708/1/1708 1709/1/1709
f 1606/1/1606 1609/1/1609 1713/1/1713
f 1606/1/1606 1707/1/1707 1710/1/1710
f 1606/1/1606 1710/1/1710 1713/1/1713
f 1607/1/1607 1610/1/1610 1714/1/1714
f 1607/1/1607 1711/1/1711 1714/1/1714
f 1608/1/1608 1609/1/1609 1611/1/1611
f 1608/1/1608 1609/1/1609 1713/1/1713
f 1608/1/1608 1611/1/1611 1715/1/1715
f 1608/1/1608 1713/1/1713 1715/1/1715
f 1610/1/1610 1612/1/1612 1714/1/1714
f 1611/1/1611 1614/1/1614 1719/1/1719
f 1611/1/1611 1715/1/1715 1719/1/1719
f 1612/1/1612 1613/1/1613 1717/1/1717
f 1612/1/1612 1714/1/1714 1717/1/1717
f 1613/1/1613 1615/1/1615 1720/1/1720
f 1613/1/1613 1717/1/1717 1718/1/1718
f 1613/1/1613 1718/1/1718 1720/1/1720
f 1614/1/1614 1616/1/1616 1721/1/1721
f 1614/1/1614 1719/1/1719 1721/1/1721
f 1615/1/1615 1617/1/1617 1720/1/1720
f 1616/1/1616 1618/1/1618 1723/1/1723
f 1616/1/1616 1721/1/1721 1723/1/1723
f 1617/1/1617 1619/1/1619 1722/1/1722
f 1617/1/1617 1720/1/1720 1722/1/1722
f 1618/1/1618 1620/1/1620 1723/1/1723
f 1619/1/1619 1621/1/1621 1724/1/1724
f 1619/1/1619 1722/1/1722 1724/1/1724
f 1620/1/1620 1623/1/1623 1728/1/1728
f 1620/1/1620 1723/1/1723 1725/1/1725
f 1620/1/1620 1725/1/1725 1728/1/1728
f 1621/1/1621 1624/1/1624 1726/1/1726
f 1621/1/1621 1724/1/1724 1726/1/1726
f 1622/1/1622 1623/1/1623 1728/1/1728
f 1622/1/1622 1625/1/1625 1730/1/1730
f 1622/1/1622 1728/1/1728 1730/1/1730
f 1624/1/1624 1626/1/1626 1732/1/1732
f 1624/1/1624 1726/1/1726 1729/1/1729
f 1624/1/1624 1729/1/1729 1732/1/1732
f 1625/1/1625 1628/1/1628 1730/1/1730
f 1626/1/1626 1627/1/1627 1629/1/1629
f 1626/1/1626 1629/1/1629 1734/1/1734
f 1626/1/1626 1732/1/1732 1734/1/1734
f 1627/1/1627 1629/1/1629 1630/1/1630
f 1628/1/1628 1631/1/1631 1733/1/1733
f 1628/1/1628 1730/1/1730 1733/1/1733
f 1629/1/1629 1630/1/1630 1735/1/1735
f 1629/1/1629 1734/1/1734 1735/1/1735
f 1630/1/1630 1632/1/1632 1735/1/1735
f 1631/1/1631 1633/1/1633 1739/1/1739
f 1631/1/1631 1733/1/1733 1736/1/1736
f 1631/1/1631 1736/1/1736 1739/1/1739
f 1632/1/1632 1634/1/1634 1738/1/1738
f 1632/1/1632 1735/1/1735 1738/1/1738
f 1633/1/1633 1635/1/1635 1739/1/1739
f 1634/1/1634 1636/1/1636 1740/1/1740
f 1634/1/1634 1738/1/1738 1740/1/1740
f 1635/1/1635 1637/1/1637 1743/1/1743
f 1635/1/1635 1739/1/1739 1741/1/1741
f 1635/1/1635 1741/1/1741 1743/1/1743
f 1636/1/1636 1638/1/1638 1744/1/1744
f 1636/1/1636 1740/1/1740 1742/1/1742
f 1636/1/1636 1742/1/1742 1744/1/1744
f 1637/1/1637 1639/1/1639 1745/1/1745
f 1637/1/1637 1743/1/1743 1745/1/1745
f 1638/1/1638 1640/1/1640 1744/1/1744
f 1639/1/1639 1641/1/1641 1745/1/1745
f 1640/1/1640 1642/1/1642 1746/1/1746
f 1640/1/1640 1744/1/1744 1746/1/1746
f 1641/1/1641 1643/1/1643 1747/1/1747
f 1641/1/1641 1745/1/1745 1747/1/1747
f 1642/1/1642 1644/1/1644 1750/1/1750
f 1642/1/1642 1746/1/1746 1748/1/1748
f 1642/1/1642 1748/1/1748 1750/1/1750
f 1643/1/1643 1645/1/1645 1749/1/1749
f 1643/1/1643 1747/1/1747 1749/1/1749
f 1644/1/1644 1646/1/1646 1750/1/1750
f 1645/1/1645 1647/1/1647 1753/1/1753
f 1645/1/1645 1749/1/1749 1751/1/1751
f 1645/1/1645 1751/1/1751 1753/1/1753
f 1646/1/1646 1648/1/1648 1752/1/1752
f 1646/1/1646 1750/1/1750 1752/1/1752
f 1647/1/1647 1649/1/1649 1755/1/1755
f 1647/1/1647 1753/1/1753 1755/1/1755
f 1648/1/1648 1650/1/1650 1756/1/1756
f 1648/1/1648 1752/1/1752 1754/1/1754
f 1648/1/1648 1754/1/1754 1756/1/1756
f 1649/1/1649 1651/1/1651 1757/1/1757
f 1649/1/1649 1755/1/1755 1757/1/1757
f 1650/1/1650 1652/1/1652 1756/1/1756
f 1651/1/1651 1653/1/1653 1757/1/1757
f 1652/1/1652 1654/1/1654 1760/1/1760
f 1652/1/1652 1756/1/1756 1758/1/1758
f 1652/1/1652 1758/1/1758 1760/1/1760
f 1653/1/1653 1655/1/1655 1761/1/1761
f 1653/1/1653 1757/1/1757 1759/1/1759
f 1653/1/1653 1759/1/1759 1761/1/1761
f 1654/1/1654 1665/1/1665 1768/1/1768
f 1654/1/1654 1760/1/1760 1768/1/1768
f 1655/1/1655 1656/1/1656 1761/1/1761
f 1656/1/1656 1657/1/1657 1667/1/1667
f 1656/1/1656 1666/1/1666 1667/1/1667
f 1656/1/1656 1666/1/1666 1769/1/1769
f 1656/1/1656 1761/1/1761 1762/1/1762
f 1656/1/1656 1762/1/1762 1769/1/1769
f 1657/1/1657 1658/1/1658 1668/1/1668
f 1657/1/1657 1667/1/1667 1668/1/1668
f 1658/1/1658 1659/1/1659 1669/1/1669
f 1658/1/1658 1668/1/1668 1669/1/1669
f 1659/1/1659 1660/1/1660 1670/1/1670
f 1659/1/1659 1669/1/1669 1670/1/1670
f 1660/1/1660 1661/1/1661 1763/1/1763
f 1660/1/1660 1670/1/1670 1773/1/1773
f 1660/1/1660 1763/1/1763 1773/1/1773
f 1661/1/1661 1662/1/1662 1764/1/1764
f 1661/1/1661 1763/1/1763 1774/1/1774
f 1661/1/1661 1764/1/1764 1774/1/1774
f 1662/1/1662 1663/1/1663 1766/1/1766
f 1662/1/1662 1764/1/1764 1765/1/1765
f 1662/1/1662 1765/1/1765 1766/1/1766
f 1663/1/1663 1664/1/1664 1766/1/1766
f 1663/1/1663 1766/1/1766 1776/1/1776
f 1664/1/1664 1665/1/1665 1768/1/1768
f 1664/1/1664 1766/1/1766 1767/1/1767
f 1664/1/1664 1767/1/1767 1768/1/1768
f 1664/1/1664 1767/1/1767 1777/1/1777
f 1666/1/1666 1667/1/1667 1769/1/1769
f 1667/1/1667 1668/1/1668 1771/1/1771
f 1667/1/1667 1769/1/1769 1770/1/1770
f 1667/1/1667 1770/1/1770 1771/1/1771
f 1668/1/1668 1669/1/1669 1772/1/1772
f 1668/1/1668 1771/1/1771 1772/1/1772
f 1669/1/1669 1670/1/1670 1773/1/1773
f 1669/1/1669 1772/1/1772 1773/1/1773
f 1671/1/1671 1672/1/1672 1678/1/1678
f 1671/1/1671 1672/1/1672 1792/1/1792
f 1671/1/1671 1677/1/1677 1678/1/1678
f 1671/1/1671 1677/1/1677 1791/1/1791
f 1671/1/1671 1791/1/1791 1792/1/1792
f 1672/1/1672 1673/1/1673 1678/1/1678
f 1672/1/1672 1673/1/1673 1792/1/1792
f 1673/1/1673 1674/1/1674 1680/1/1680
f 1673/1/1673 1674/1/1674 1794/1/1794
f 1673/1/1673 1678/1/1678 1679/1/1679
f 1673/1/1673 1679/1/1679 1680/1/1680
f 1673/1/1673 1792/1/1792 1793/1/1793
f 1673/1/1673 1793/1/1793 1794/1/1794
f 1674/1/1674 1675/1/1675 1681/1/1681
f 1674/1/1674 1675/1/1675 1795/1/1795
f 1674/1/1674 1680/1/1680 1681/1/1681
f 1674/1/1674 1794/1/1794 1795/1/1795
f 1675/1/1675 1681/1/1681 1795/1/1795
f 1676/1/1676 1677/1/1677 1683/1/1683
f 1676/1/1676 1677/1/1677 1798/1/1798
f 1676/1/1676 1683/1/1683 1803/1/1803
f 1676/1/1676 1797/1/1797 1798/1/1798
f 1676/1/1676 1797/1/1797 1803/1/1803
f 1677/1/1677 1678/1/1678 1685/1/1685
f 1677/1/1677 1683/1/1683 1684/1/1684
f 1677/1/1677 1684/1/1684 1685/1/1685
f 1677/1/1677 1791/1/1791 1798/1/1798
f 1678/1/1678 1679/1/1679 1685/1/1685
f 1679/1/1679 1680/1/1680 1687/1/1687
f 1679/1/1679 1685/1/1685 1686/1/1686
f 1679/1/1679 1686/1/1686 1687/1/1687
f 1680/1/1680 1681/1/1681 1687/1/1687
f 1681/1/1681 1682/1/1682 1689/1/1689
f 1681/1/1681 1682/1/1682 1800/1/1800
f 1681/1/1681 1687/1/1687 1688/1/1688
f 1681/1/1681 1688/1/1688 1689/1/1689
f 1681/1/1681 1795/1/1795 1799/1/1799
f 1681/1/1681 1799/1/1799 1800/1/1800
f 1682/1/1682 1689/1/1689 1800/1/1800
f 1683/1/1683 1684/1/1684 1691/1/1691
f 1683/1/1683 1691/1/1691 1803/1/1803
f 1684/1/1684 1691/1/1691 1692/1/1692
f 1688/1/1688 1689/1/1689 1694/1/1694
f 1688/1/1688 1693/1/1693 1694/1/1694
f 1689/1/1689 1694/1/1694 1804/1/1804
f 1689/1/1689 1800/1/1800 1804/1/1804
f 1690/1/1690 1691/1/1691 1697/1/1697
f 1690/1/1690 1691/1/1691 1807/1/1807
f 1690/1/1690 1697/1/1697 1810/1/1810
f 1690/1/1690 1806/1/1806 1807/1/1807
f 1690/1/1690 1806/1/1806 1810/1/1810
f 1691/1/1691 1803/1/1803 1807/1/1807
f 1694/1/1694 1695/1/1695 1699/1/1699
f 1694/1/1694 1695/1/1695 1809/1/1809
f 1694/1/1694 1698/1/1698 1699/1/1699
f 1694/1/1694 1804/1/1804 1808/1/1808
f 1694/1/1694 1808/1/1808 1809/1/1809
f 1695/1/1695 1699/1/1699 1809/1/1809
f 1696/1/1696 1697/1/1697 1701/1/1701
f 1696/1/1696 1697/1/1697 1810/1/1810
f 1696/1/1696 1700/1/1700 1701/1/1701
f 1696/1/1696 1700/1/1700 1812/1/1812
f 1696/1/1696 1810/1/1810 1812/1/1812
f 1698/1/1698 1699/1/1699 1702/1/1702
f 1699/1/1699 1702/1/1702 1703/1/1703
f 1699/1/1699 1703/1/1703 1813/1/1813
f 1699/1/1699 1809/1/1809 1811/1/1811
f 1699/1/1699 1811/1/1811 1813/1/1813
f 1700/1/1700 1704/1/1704 1814/1/1814
f 1700/1/1700 1812/1/1812 1814/1/1814
f 1703/1/1703 1705/1/1705 1813/1/1813
f 1704/1/1704 1706/1/1706 1816/1/1816
f 1704/1/1704 1814/1/1814 1816/1/1816
f 1705/1/1705 1709/1/1709 1815/1/1815
f 1705/1/1705 1813/1/1813 1815/1/1815
f 1706/1/1706 1707/1/1707 1710/1/1710
f 1706/1/1706 1710/1/1710 1818/1/1818
f 1706/1/1706 1816/1/1816 1818/1/1818
f 1708/1/1708 1709/1/1709 1711/1/1711
f 1709/1/1709 1711/1/1711 1712/1/1712
f 1709/1/1709 1712/1/1712 1821/1/1821
f 1709/1/1709 1815/1/1815 1817/1/1817
f 1709/1/1709 1817/1/1817 1821/1/1821
f 1710/1/1710 1713/1/1713 1822/1/1822
f 1710/1/1710 1818/1/1818 1819/1/1819
f 1710/1/1710 1819/1/1819 1822/1/1822
f 1711/1/1711 1712/1/1712 1820/1/1820
f 1711/1/1711 1714/1/1714 1820/1/1820
f 1712/1/1712 1820/1/1820 1821/1/1821
f 1713/1/1713 1715/1/1715 1716/1/1716
f 1713/1/1713 1716/1/1716 1822/1/1822
f 1714/1/1714 1717/1/1717 1823/1/1823
f 1714/1/1714 1820/1/1820 1823/1/1823
f 1715/1/1715 1716/1/1716 1824/1/1824
f 1715/1/1715 1719/1/1719 1824/1/1824
f 1716/1/1716 1822/1/1822 1825/1/1825
f 1716/1/1716 1824/1/1824 1825/1/1825
f 1717/1/1717 1718/1/1718 1826/1/1826
f 1717/1/1717 1823/1/1823 1826/1/1826
f 1718/1/1718 1720/1/1720 1827/1/1827
f 1718/1/1718 1826/1/1826 1827/1/1827
f 1719/1/1719 1721/1/1721 1830/1/1830
f 1719/1/1719 1824/1/1824 1828/1/1828
f 1719/1/1719 1828/1/1828 1830/1/1830
f 1720/1/1720 1722/1/1722 1831/1/1831
f 1720/1/1720 1827/1/1827 1829/1/1829
f 1720/1/1720 1829/1/1829 1831/1/1831
f 1721/1/1721 1723/1/1723 1832/1/1832
f 1721/1/1721 1830/1/1830 1832/1/1832
f 1722/1/1722 1724/1/1724 1833/1/1833
f 1722/1/1722 1831/1/1831 1833/1/1833
f 1723/1/1723 1725/1/1725 1832/1/1832
f 1724/1/1724 1726/1/1726 1835/1/1835
f 1724/1/1724 1833/1/1833 1835/1/1835
f 1725/1/1725 1728/1/1728 1836/1/1836
f 1725/1/1725 1832/1/1832 1834/1/1834
f 1725/1/1725 1834/1/1834 1836/1/1836
f 1726/1/1726 1729/1/1729 1835/1/1835
f 1727/1/1727 1728/1/1728 1730/1/1730
f 1728/1/1728 1730/1/1730 1731/1/1731
f 1728/1/1728 1731/1/1731 1839/1/1839
f 1728/1/1728 1836/1/1836 1839/1/1839
f 1729/1/1729 1732/1/1732 1840/1/1840
f 1729/1/1729 1835/1/1835 1837/1/1837
f 1729/1/1729 1837/1/1837 1840/1/1840
f 1730/1/1730 1731/1/1731 1839/1/1839
f 1730/1/1730 1733/1/1733 1841/1/1841
f 1730/1/1730 1838/1/1838 1839/1/1839
f 1730/1/1730 1838/1/1838 1841/1/1841
f 1732/1/1732 1734/1/1734 1840/1/1840
f 1733/1/1733 1736/1/1736 1843/1/1843
f 1733/1/1733 1841/1/1841 1843/1/1843
f 1734/1/1734 1735/1/1735 1738/1/1738
f 1734/1/1734 1737/1/1737 1738/1/1738
f 1734/1/1734 1737/1/1737 1844/1/1844
f 1734/1/1734 1840/1/1840 1842/1/1842
f 1734/1/1734 1842/1/1842 1844/1/1844
f 1736/1/1736 1739/1/1739 1846/1/1846
f 1736/1/1736 1843/1/1843 1846/1/1846
f 1737/1/1737 1738/1/1738 1844/1/1844
f 1738/1/1738 1740/1/1740 1845/1/1845
f 1738/1/1738 1844/1/1844 1845/1/1845
f 1739/1/1739 1741/1/1741 1849/1/1849
f 1739/1/1739 1846/1/1846 1849/1/1849
f 1740/1/1740 1742/1/1742 1850/1/1850
f 1740/1/1740 1845/1/1845 1848/1/1848
f 1740/1/1740 1848/1/1848 1850/1/1850
f 1741/1/1741 1743/1/1743 1849/1/1849
f 1742/1/1742 1744/1/1744 1850/1/1850
f 1743/1/1743 1745/1/1745 1853/1/1853
f 1743/1/1743 1849/1/1849 1851/1/1851
f 1743/1/1743 1851/1/1851 1853/1/1853
f 1744/1/1744 1746/1/1746 1852/1/1852
f 1744/1/1744 1850/1/1850 1852/1/1852
f 1745/1/1745 1747/1/1747 1855/1/1855
f 1745/1/1745 1853/1/1853 1855/1/1855
f 1746/1/1746 1748/1/1748 1854/1/1854
f 1746/1/1746 1852/1/1852 1854/1/1854
f 1747/1/1747 1749/1/1749 1855/1/1855
f 1748/1/1748 1750/1/1750 1856/1/1856
f 1748/1/1748 1854/1/1854 1856/1/1856
f 1749/1/1749 1751/1/1751 1857/1/1857
f 1749/1/1749 1855/1/1855 1857/1/1857
f 1750/1/1750 1752/1/1752 1858/1/1858
f 1750/1/1750 1856/1/1856 1858/1/1858
f 1751/1/1751 1753/1/1753 1859/1/1859
f 1751/1/1751 1857/1/1857 1859/1/1859
f 1752/1/1752 1754/1/1754 1860/1/1860
f 1752/1/1752 1858/1/1858 1860/1/1860
f 1753/1/1753 1755/1/1755 1863/1/1863
f 1753/1/1753 1859/1/1859 1861/1/1861
f 1753/1/1753 1861/1/1861 1863/1/1863
f 1754/1/1754 1756/1/1756 1864/1/1864
f 1754/1/1754 1860/1/1860 1862/1/1862
f 1754/1/1754 1862/1/1862 1864/1/1864
f 1755/1/1755 1757/1/1757 1863/1/1863
f 1756/1/1756 1758/1/1758 1864/1/1864
f 1757/1/1757 1759/1/1759 1867/1/1867
f 1757/1/1757 1863/1/1863 1865/1/1865
f 1757/1/1757 1865/1/1865 1867/1/1867
f 1758/1/1758 1760/1/1760 1866/1/1866
f 1758/1/1758 1864/1/1864 1866/1/1866
f 1759/1/1759 1761/1/1761 1869/1/1869
f 1759/1/1759 1867/1/1867 1869/1/1869
f 1760/1/1760 1768/1/1768 1868/1/1868
f 1760/1/1760 1866/1/1866 1868/1/1868
f 1761/1/1761 1762/1/1762 1869/1/1869
f 1762/1/1762 1769/1/1769 1873/1/1873
f 1762/1/1762 1869/1/1869 1870/1/1870
f 1762/1/1762 1870/1/1870 1873/1/1873
f 1763/1/1763 1773/1/1773 1774/1/1774
f 1764/1/1764 1765/1/1765 1774/1/1774
f 1765/1/1765 1766/1/1766 1775/1/1775
f 1765/1/1765 1774/1/1774 1775/1/1775
f 1766/1/1766 1767/1/1767 1777/1/1777
f 1766/1/1766 1775/1/1775 1776/1/1776
f 1766/1/1766 1776/1/1776 1777/1/1777
f 1767/1/1767 1768/1/1768 1777/1/1777
f 1768/1/1768 1777/1/1777 1778/1/1778
f 1768/1/1768 1778/1/1778 1882/1/1882
f 1768/1/1768 1868/1/1868 1871/1/1871
f 1768/1/1768 1871/1/1871 1882/1/1882
f 1769/1/1769 1770/1/1770 1874/1/1874
f 1769/1/1769 1873/1/1873 1874/1/1874
f 1770/1/1770 1771/1/1771 1875/1/1875
f 1770/1/1770 1874/1/1874 1875/1/1875
f 1771/1/1771 1772/1/1772 1876/1/1876
f 1771/1/1771 1875/1/1875 1876/1/1876
f 1772/1/1772 1773/1/1773 1876/1/1876
f 1773/1/1773 1774/1/1774 1877/1/1877
f 1773/1/1773 1876/1/1876 1877/1/1877
f 1774/1/1774 1775/1/1775 1878/1/1878
f 1774/1/1774 1877/1/1877 1878/1/1878
f 1775/1/1775 1776/1/1776 1879/1/1879
f 1775/1/1775 1878/1/1878 1879/1/1879
f 1776/1/1776 1777/1/1777 1881/1/1881
f 1776/1/1776 1879/1/1879 1880/1/1880
f 1776/1/1776 1880/1/1880 1881/1/1881
f 1777/1/1777 1778/1/1778 1881/1/1881
f 1778/1/1778 1881/1/1881 1882/1/1882
f 1779/1/1779 1780/1/1780 1784/1/1784
f 1779/1/1779 1780/1/1780 1896/1/1896
f 1779/1/1779 1784/1/1784 1895/1/1895
f 1779/1/1779 1895/1/1895 1896/1/1896
f 1780/1/1780 1781/1/1781 1785/1/1785
f 1780/1/1780 1781/1/1781 1897/1/1897
f 1780/1/1780 1784/1/1784 1785/1/1785
f 1780/1/1780 1896/1/1896 1897/1/1897
f 1781/1/1781 1782/1/1782 1787/1/1787
f 1781/1/1781 1782/1/1782 1898/1/1898
f 1781/1/1781 1785/1/1785 1786/1/1786
f 1781/1/1781 1786/1/1786 1787/1/1787
f 1781/1/1781 1897/1/1897 1898/1/1898
f 1782/1/1782 1783/1/1783 1788/1/1788
f 1782/1/1782 1783/1/1783 1899/1/1899
f 1782/1/1782 1787/1/1787 1788/1/1788
f 1782/1/1782 1898/1/1898 1899/1/1899
f 1783/1/1783 1788/1/1788 1899/1/1899
f 1784/1/1784 1785/1/1785 1791/1/1791
f 1784/1/1784 1791/1/1791 1906/1/1906
f 1784/1/1784 1895/1/1895 1902/1/1902
f 1784/1/1784 1902/1/1902 1906/1/1906
f 1785/1/1785 1786/1/1786 1792/1/1792
f 1785/1/1785 1791/1/1791 1792/1/1792
f 1786/1/1786 1787/1/1787 1794/1/1794
f 1786/1/1786 1792/1/1792 1793/1/1793
f 1786/1/1786 1793/1/1793 1794/1/1794
f 1787/1/1787 1788/1/1788 1795/1/1795
f 1787/1/1787 1794/1/1794 1795/1/1795
f 1788/1/1788 1789/1/1789 1795/1/1795
f 1788/1/1788 1789/1/1789 1904/1/1904
f 1788/1/1788 1899/1/1899 1903/1/1903
f 1788/1/1788 1903/1/1903 1904/1/1904
f 1789/1/1789 1795/1/1795 1796/1/1796
f 1789/1/1789 1796/1/1796 1907/1/1907
f 1789/1/1789 1904/1/1904 1907/1/1907
f 1790/1/1790 1791/1/1791 1797/1/1797
f 1790/1/1790 1791/1/1791 1906/1/1906
f 1790/1/1790 1797/1/1797 1906/1/1906
f 1791/1/1791 1797/1/1797 1798/1/1798
f 1795/1/1795 1796/1/1796 1799/1/1799
f 1796/1/1796 1799/1/1799 1800/1/1800
f 1796/1/1796 1800/1/1800 1907/1/1907
f 1797/1/1797 1803/1/1803 1910/1/1910
f 1797/1/1797 1906/1/1906 1910/1/1910
f 1800/1/1800 1801/1/1801 1804/1/1804
f 1800/1/1800 1801/1/1801 1912/1/1912
f 1800/1/1800 1907/1/1907 1911/1/1911
f 1800/1/1800 1911/1/1911 1912/1/1912
f 1801/1/1801 1804/1/1804 1805/1/1805
f 1801/1/1801 1805/1/1805 1912/1/1912
f 1802/1/1802 1803/1/1803 1807/1/1807
f 1802/1/1802 1803/1/1803 1913/1/1913
f 1802/1/1802 1806/1/1806 1807/1/1807
f 1802/1/1802 1806/1/1806 1916/1/1916
f 1802/1/1802 1913/1/1913 1916/1/1916
f 1803/1/1803 1910/1/1910 1914/1/1914
f 1803/1/1803 1913/1/1913 1914/1/1914
f 1804/1/1804 1805/1/1805 1809/1/1809
f 1804/1/1804 1808/1/1808 1809/1/1809
f 1805/1/1805 1809/1/1809 1915/1/1915
f 1805/1/1805 1912/1/1912 1915/1/1915
f 1806/1/1806 1810/1/1810 1918/1/1918
f 1806/1/1806 1916/1/1916 1918/1/1918
f 1809/1/1809 1811/1/1811 1917/1/1917
f 1809/1/1809 1915/1/1915 1917/1/1917
f 1810/1/1810 1812/1/1812 1918/1/1918
f 1811/1/1811 1813/1/1813 1921/1/1921
f 1811/1/1811 1917/1/1917 1919/1/1919
f 1811/1/1811 1919/1/1919 1921/1/1921
f 1812/1/1812 1814/1/1814 1920/1/1920
f 1812/1/1812 1918/1/1918 1920/1/1920
f 1813/1/1813 1815/1/1815 1921/1/1921
f 1814/1/1814 1816/1/1816 1924/1/1924
f 1814/1/1814 1920/1/1920 1922/1/1922
f 1814/1/1814 1922/1/1922 1924/1/1924
f 1815/1/1815 1817/1/1817 1923/1/1923
f 1815/1/1815 1921/1/1921 1923/1/1923
f 1816/1/1816 1818/1/1818 1926/1/1926
f 1816/1/1816 1924/1/1924 1926/1/1926
f 1817/1/1817 1820/1/1820 1821/1/1821
f 1817/1/1817 1821/1/1821 1925/1/1925
f 1817/1/1817 1923/1/1923 1925/1/1925
f 1818/1/1818 1819/1/1819 1926/1/1926
f 1819/1/1819 1822/1/1822 1927/1/1927
f 1819/1/1819 1926/1/1926 1927/1/1927
f 1820/1/1820 1821/1/1821 1929/1/1929
f 1820/1/1820 1823/1/1823 1932/1/1932
f 1820/1/1820 1928/1/1928 1929/1/1929
f 1820/1/1820 1928/1/1928 1932/1/1932
f 1821/1/1821 1925/1/1925 1929/1/1929
f 1822/1/1822 1825/1/1825 1934/1/1934
f 1822/1/1822 1927/1/1927 1931/1/1931
f 1822/1/1822 1931/1/1931 1934/1/1934
f 1823/1/1823 1826/1/1826 1932/1/1932
f 1824/1/1824 1825/1/1825 1934/1/1934
f 1824/1/1824 1828/1/1828 1936/1/1936
f 1824/1/1824 1933/1/1933 1934/1/1934
f 1824/1/1824 1933/1/1933 1936/1/1936
f 1826/1/1826 1827/1/1827 1829/1/1829
f 1826/1/1826 1829/1/1829 1938/1/1938
f 1826/1/1826 1932/1/1932 1935/1/1935
f 1826/1/1826 1935/1/1935 1938/1/1938
f 1828/1/1828 1830/1/1830 1936/1/1936
f 1829/1/1829 1831/1/1831 1939/1/1939
f 1829/1/1829 1938/1/1938 1939/1/1939
f 1830/1/1830 1832/1/1832 1942/1/1942
f 1830/1/1830 1936/1/1936 1940/1/1940
f 1830/1/1830 1940/1/1940 1942/1/1942
f 1831/1/1831 1833/1/1833 1943/1/1943
f 1831/1/1831 1939/1/1939 1941/1/1941
f 1831/1/1831 1941/1/1941 1943/1/1943
f 1832/1/1832 1834/1/1834 1944/1/1944
f 1832/1/1832 1942/1/1942 1944/1/1944
f 1833/1/1833 1835/1/1835 1945/1/1945
f 1833/1/1833 1943/1/1943 1945/1/1945
f 1834/1/1834 1836/1/1836 1944/1/1944
f 1835/1/1835 1837/1/1837 1947/1/1947
f 1835/1/1835 1945/1/1945 1947/1/1947
f 1836/1/1836 1839/1/1839 1949/1/1949
f 1836/1/1836 1944/1/1944 1946/1/1946
f 1836/1/1836 1946/1/1946 1949/1/1949
f 1837/1/1837 1840/1/1840 1950/1/1950
f 1837/1/1837 1947/1/1947 1950/1/1950
f 1838/1/1838 1839/1/1839 1949/1/1949
f 1838/1/1838 1841/1/1841 1951/1/1951
f 1838/1/1838 1948/1/1948 1949/1/1949
f 1838/1/1838 1948/1/1948 1951/1/1951
f 1840/1/1840 1842/1/1842 1952/1/1952
f 1840/1/1840 1950/1/1950 1952/1/1952
f 1841/1/1841 1843/1/1843 1951/1/1951
f 1842/1/1842 1844/1/1844 1952/1/1952
f 1843/1/1843 1846/1/1846 1955/1/1955
f 1843/1/1843 1951/1/1951 1953/1/1953
f 1843/1/1843 1953/1/1953 1955/1/1955
f 1844/1/1844 1845/1/1845 1848/1/1848
f 1844/1/1844 1847/1/1847 1848/1/1848
f 1844/1/1844 1847/1/1847 1956/1/1956
f 1844/1/1844 1952/1/1952 1954/1/1954
f 1844/1/1844 1954/1/1954 1956/1/1956
f 1846/1/1846 1849/1/1849 1958/1/1958
f 1846/1/1846 1955/1/1955 1958/1/1958
f 1847/1/1847 1848/1/1848 1956/1/1956
f 1848/1/1848 1850/1/1850 1959/1/1959
f 1848/1/1848 1956/1/1956 1957/1/1957
f 1848/1/1848 1957/1/1957 1959/1/1959
f 1849/1/1849 1851/1/1851 1960/1/1960
f 1849/1/1849 1958/1/1958 1960/1/1960
f 1850/1/1850 1852/1/1852 1959/1/1959
f 1851/1/1851 1853/1/1853 1960/1/1960
f 1852/1/1852 1854/1/1854 1961/1/1961
f 1852/1/1852 1959/1/1959 1961/1/1961
f 1853/1/1853 1855/1/1855 1962/1/1962
f 1853/1/1853 1960/1/1960 1962/1/1962
f 1854/1/1854 1856/1/1856 1965/1/1965
f 1854/1/1854 1961/1/1961 1963/1/1963
f 1854/1/1854 1963/1/1963 1965/1/1965
f 1855/1/1855 1857/1/1857 1966/1/1966
f 1855/1/1855 1962/1/1962 1964/1/1964
f 1855/1/1855 1964/1/1964 1966/1/1966
f 1856/1/1856 1858/1/1858 1967/1/1967
f 1856/1/1856 1965/1/1965 1967/1/1967
f 1857/1/1857 1859/1/1859 1966/1/1966
f 1858/1/1858 1860/1/1860 1967/1/1967
f 1859/1/1859 1861/1/1861 1970/1/1970
f 1859/1/1859 1966/1/1966 1968/1/1968
f 1859/1/1859 1968/1/1968 1970/1/1970
f 1860/1/1860 1862/1/1862 1969/1/1969
f 1860/1/1860 1967/1/1967 1969/1/1969
f 1861/1/1861 1863/1/1863 1970/1/1970
f 1862/1/1862 1864/1/1864 1971/1/1971
f 1862/1/1862 1969/1/1969 1971/1/1971
f 1863/1/1863 1865/1/1865 1974/1/1974
f 1863/1/1863 1970/1/1970 1972/1/1972
f 1863/1/1863 1972/1/1972 1974/1/1974
f 1864/1/1864 1866/1/1866 1975/1/1975
f 1864/1/1864 1971/1/1971 1973/1/1973
f 1864/1/1864 1973/1/1973 1975/1/1975
f 1865/1/1865 1867/1/1867 1976/1/1976
f 1865/1/1865 1974/1/1974 1976/1/1976
f 1866/1/1866 1868/1/1868 1975/1/1975
f 1867/1/1867 1869/1/1869 1976/1/1976
f 1868/1/1868 1871/1/1871 1977/1/1977
f 1868/1/1868 1975/1/1975 1977/1/1977
f 1869/1/1869 1870/1/1870 1873/1/1873
f 1869/1/1869 1872/1/1872 1873/1/1873
f 1869/1/1869 1872/1/1872 1978/1/1978
f 1869/1/1869 1976/1/1976 1978/1/1978
f 1871/1/1871 1881/1/1881 1882/1/1882
f 1871/1/1871 1882/1/1882 1990/1/1990
f 1871/1/1871 1977/1/1977 1979/1/1979
f 1871/1/1871 1979/1/1979 1990/1/1990
f 1872/1/1872 1873/1/1873 1978/1/1978
f 1873/1/1873 1874/1/1874 1981/1/1981
f 1873/1/1873 1978/1/1978 1981/1/1981
f 1874/1/1874 1875/1/1875 1982/1/1982
f 1874/1/1874 1981/1/1981 1982/1/1982
f 1875/1/1875 1876/1/1876 1984/1/1984
f 1875/1/1875 1982/1/1982 1983/1/1983
f 1875/1/1875 1983/1/1983 1984/1/1984
f 1876/1/1876 1877/1/1877 1984/1/1984
f 1877/1/1877 1878/1/1878 1985/1/1985
f 1877/1/1877 1984/1/1984 1985/1/1985
f 1878/1/1878 1879/1/1879 1987/1/1987
f 1878/1/1878 1985/1/1985 1986/1/1986
f 1878/1/1878 1986/1/1986 1987/1/1987
f 1879/1/1879 1880/1/1880 1987/1/1987
f 1880/1/1880 1881/1/1881 1988/1/1988
f 1880/1/1880 1987/1/1987 1988/1/1988
f 1881/1/1881 1882/1/1882 1990/1/1990
f 1881/1/1881 1988/1/1988 1989/1/1989
f 1881/1/1881 1989/1/1989 1990/1/1990
f 1883/1/1883 1884/1/1884 1889/1/1889
f 1883/1/1883 1884/1/1884 2008/1/2008
f 1883/1/1883 1888/1/1888 1889/1/1889
f 1883/1/1883 1888/1/1888 2008/1/2008
f 1884/1/1884 1885/1/1885 1890/1/1890
f 1884/1/1884 1885/1/1885 2009/1/2009
f 1884/1/1884 1889/1/1889 1890/1/1890
f 1884/1/1884 2008/1/2008 2009/1/2009
f 1885/1/1885 1886/1/1886 1890/1/1890
f 1885/1/1885 1886/1/1886 2011/1/2011
f 1885/1/1885 2004/1/2004 2009/1/2009
f 1885/1/1885 2004/1/2004 2010/1/2010
f 1885/1/1885 2010/1/2010 2011/1/2011
f 1886/1/1886 1887/1/1887 1891/1/1891
f 1886/1/1886 1887/1/1887 2012/1/2012
f 1886/1/1886 1890/1/1890 1891/1/1891
f 1886/1/1886 2011/1/2011 2012/1/2012
f 1887/1/1887 1891/1/1891 1892/1/1892
f 1887/1/1887 1892/1/1892 2012/1/2012
f 1888/1/1888 1889/1/1889 1895/1/1895
f 1888/1/1888 1895/1/1895 2018/1/2018
f 1888/1/1888 2008/1/2008 2015/1/2015
f 1888/1/1888 2015/1/2015 2018/1/2018
f 1889/1/1889 1890/1/1890 1896/1/1896
f 1889/1/1889 1895/1/1895 1896/1/1896
f 1890/1/1890 1891/1/1891 1897/1/1897
f 1890/1/1890 1896/1/1896 1897/1/1897
f 1891/1/1891 1892/1/1892 1899/1/1899
f 1891/1/1891 1897/1/1897 1898/1/1898
f 1891/1/1891 1898/1/1898 1899/1/1899
f 1892/1/1892 1893/1/1893 1899/1/1899
f 1892/1/1892 1893/1/1893 2017/1/2017
f 1892/1/1892 2012/1/2012 2016/1/2016
f 1892/1/1892 2016/1/2016 2017/1/2017
f 1893/1/1893 1899/1/1899 1900/1/1900
f 1893/1/1893 1900/1/1900 2019/1/2019
f 1893/1/1893 2017/1/2017 2019/1/2019
f 1894/1/1894 1895/1/1895 1901/1/1901
f 1894/1/1894 1895/1/1895 2018/1/2018
f 1894/1/1894 1901/1/1901 2018/1/2018
f 1895/1/1895 1901/1/1901 1902/1/1902
f 1899/1/1899 1900/1/1900 1903/1/1903
f 1900/1/1900 1903/1/1903 1904/1/1904
f 1900/1/1900 1904/1/1904 2023/1/2023
f 1900/1/1900 2019/1/2019 2023/1/2023
f 1901/1/1901 1902/1/1902 1906/1/1906
f 1901/1/1901 1906/1/1906 2026/1/2026
f 1901/1/1901 2018/1/2018 2022/1/2022
f 1901/1/1901 2022/1/2022 2026/1/2026
f 1904/1/1904 1907/1/1907 2027/1/2027
f 1904/1/1904 2023/1/2023 2027/1/2027
f 1905/1/1905 1906/1/1906 1909/1/1909
f 1905/1/1905 1906/1/1906 2025/1/2025
f 1905/1/1905 1909/1/1909 2029/1/2029
f 1905/1/1905 2025/1/2025 2029/1/2029
f 1906/1/1906 1909/1/1909 1910/1/1910
f 1906/1/1906 2025/1/2025 2026/1/2026
f 1907/1/1907 1908/1/1908 1912/1/1912
f 1907/1/1907 1908/1/1908 2028/1/2028
f 1907/1/1907 1911/1/1911 1912/1/1912
f 1907/1/1907 2027/1/2027 2028/1/2028
f 1908/1/1908 1912/1/1912 2030/1/2030
f 1908/1/1908 2028/1/2028 2030/1/2030
f 1909/1/1909 1910/1/1910 1913/1/1913
f 1909/1/1909 1913/1/1913 2031/1/2031
f 1909/1/1909 2029/1/2029 2031/1/2031
f 1910/1/1910 1913/1/1913 1914/1/1914
f 1912/1/1912 1915/1/1915 2032/1/2032
f 1912/1/1912 2030/1/2030 2032/1/2032
f 1913/1/1913 1916/1/1916 2033/1/2033
f 1913/1/1913 2031/1/2031 2033/1/2033
f 1915/1/1915 1917/1/1917 2034/1/2034
f 1915/1/1915 2032/1/2032 2034/1/2034
f 1916/1/1916 1918/1/1918 2033/1/2033
f 1917/1/1917 1919/1/1919 2034/1/2034
f 1918/1/1918 1920/1/1920 2037/1/2037
f 1918/1/1918 2033/1/2033 2035/1/2035
f 1918/1/1918 2035/1/2035 2037/1/2037
f 1919/1/1919 1921/1/1921 2038/1/2038
f 1919/1/1919 2034/1/2034 2036/1/2036
f 1919/1/1919 2036/1/2036 2038/1/2038
f 1920/1/1920 1922/1/1922 2039/1/2039
f 1920/1/1920 2037/1/2037 2039/1/2039
f 1921/1/1921 1923/1/1923 2040/1/2040
f 1921/1/1921 2038/1/2038 2040/1/2040
f 1922/1/1922 1924/1/1924 2041/1/2041
f 1922/1/1922 2039/1/2039 2041/1/2041
f 1923/1/1923 1925/1/1925 2040/1/2040
f 1924/1/1924 1926/1/1926 2043/1/2043
f 1924/1/1924 2041/1/2041 2043/1/2043
f 1925/1/1925 1929/1/1929 2045/1/2045
f 1925/1/1925 2040/1/2040 2042/1/2042
f 1925/1/1925 2042/1/2042 2045/1/2045
f 1926/1/1926 1927/1/1927 1931/1/1931
f 1926/1/1926 1930/1/1930 1931/1/1931
f 1926/1/1926 1930/1/1930 2046/1/2046
f 1926/1/1926 2043/1/2043 2046/1/2046
f 1928/1/1928 1929/1/1929 2045/1/2045
f 1928/1/1928 1932/1/1932 2048/1/2048
f 1928/1/1928 2044/1/2044 2045/1/2045
f 1928/1/1928 2044/1/2044 2048/1/2048
f 1930/1/1930 1931/1/1931 2046/1/2046
f 1931/1/1931 1934/1/1934 2047/1/2047
f 1931/1/1931 2046/1/2046 2047/1/2047
f 1932/1/1932 1935/1/1935 2050/1/2050
f 1932/1/1932 2048/1/2048 2050/1/2050
f 1933/1/1933 1934/1/1934 1937/1/1937
f 1933/1/1933 1936/1/1936 1937/1/1937
f 1934/1/1934 1937/1/1937 2052/1/2052
f 1934/1/1934 2047/1/2047 2049/1/2049
f 1934/1/1934 2049/1/2049 2052/1/2052
f 1935/1/1935 1938/1/1938 2050/1/2050
f 1936/1/1936 1937/1/1937 2052/1/2052
f 1936/1/1936 1940/1/1940 2055/1/2055
f 1936/1/1936 2051/1/2051 2052/1/2052
f 1936/1/1936 2051/1/2051 2055/1/2055
f 1938/1/1938 1939/1/1939 2053/1/2053
f 1938/1/1938 2050/1/2050 2053/1/2053
f 1939/1/1939 1941/1/1941 2057/1/2057
f 1939/1/1939 2053/1/2053 2054/1/2054
f 1939/1/1939 2054/1/2054 2057/1/2057
f 1940/1/1940 1942/1/1942 2055/1/2055
f 1941/1/1941 1943/1/1943 2057/1/2057
f 1942/1/1942 1944/1/1944 2060/1/2060
f 1942/1/1942 2055/1/2055 2058/1/2058
f 1942/1/1942 2058/1/2058 2060/1/2060
f 1943/1/1943 1945/1/1945 2059/1/2059
f 1943/1/1943 2057/1/2057 2059/1/2059
f 1944/1/1944 1946/1/1946 2062/1/2062
f 1944/1/1944 2060/1/2060 2062/1/2062
f 1945/1/1945 1947/1/1947 2063/1/2063
f 1945/1/1945 2059/1/2059 2061/1/2061
f 1945/1/1945 2061/1/2061 2063/1/2063
f 1946/1/1946 1949/1/1949 2062/1/2062
f 1947/1/1947 1950/1/1950 2066/1/2066
f 1947/1/1947 2063/1/2063 2066/1/2066
f 1948/1/1948 1949/1/1949 2064/1/2064
f 1948/1/1948 1951/1/1951 2067/1/2067
f 1948/1/1948 2064/1/2064 2067/1/2067
f 1949/1/1949 2062/1/2062 2065/1/2065
f 1949/1/1949 2064/1/2064 2065/1/2065
f 1950/1/1950 1952/1/1952 2066/1/2066
f 1951/1/1951 1953/1/1953 2067/1/2067
f 1952/1/1952 1954/1/1954 2068/1/2068
f 1952/1/1952 2066/1/2066 2068/1/2068
f 1953/1/1953 1955/1/1955 2069/1/2069
f 1953/1/1953 2067/1/2067 2069/1/2069
f 1954/1/1954 1956/1/1956 2072/1/2072
f 1954/1/1954 2068/1/2068 2070/1/2070
f 1954/1/1954 2070/1/2070 2072/1/2072
f 1955/1/1955 1958/1/1958 2071/1/2071
f 1955/1/1955 2069/1/2069 2071/1/2071
f 1956/1/1956 1957/1/1957 1959/1/1959
f 1956/1/1956 1959/1/1959 2072/1/2072
f 1958/1/1958 1960/1/1960 2076/1/2076
f 1958/1/1958 2071/1/2071 2073/1/2073
f 1958/1/1958 2073/1/2073 2076/1/2076
f 1959/1/1959 1961/1/1961 2077/1/2077
f 1959/1/1959 2072/1/2072 2075/1/2075
f 1959/1/1959 2075/1/2075 2077/1/2077
f 1960/1/1960 1962/1/1962 2076/1/2076
f 1961/1/1961 1963/1/1963 2077/1/2077
f 1962/1/1962 1964/1/1964 2078/1/2078
f 1962/1/1962 2076/1/2076 2078/1/2078
f 1963/1/1963 1965/1/1965 2081/1/2081
f 1963/1/1963 2077/1/2077 2079/1/2079
f 1963/1/1963 2079/1/2079 2081/1/2081
f 1964/1/1964 1966/1/1966 2082/1/2082
f 1964/1/1964 2078/1/2078 2080/1/2080
f 1964/1/1964 2080/1/2080 2082/1/2082
f 1965/1/1965 1967/1/1967 2083/1/2083
f 1965/1/1965 2081/1/2081 2083/1/2083
f 1966/1/1966 1968/1/1968 2084/1/2084
f 1966/1/1966 2082/1/2082 2084/1/2084
f 1967/1/1967 1969/1/1969 2083/1/2083
f 1968/1/1968 1970/1/1970 2084/1/2084
f 1969/1/1969 1971/1/1971 2085/1/2085
f 1969/1/1969 2083/1/2083 2085/1/2085
f 1970/1/1970 1972/1/1972 2088/1/2088
f 1970/1/1970 2084/1/2084 2086/1/2086
f 1970/1/1970 2086/1/2086 2088/1/2088
f 1971/1/1971 1973/1/1973 2089/1/2089
f 1971/1/1971 2085/1/2085 2087/1/2087
f 1971/1/1971 2087/1/2087 2089/1/2089
f 1972/1/1972 1974/1/1974 2090/1/2090
f 1972/1/1972 2088/1/2088 2090/1/2090
f 1973/1/1973 1975/1/1975 2089/1/2089
f 1974/1/1974 1976/1/1976 2090/1/2090
f 1975/1/1975 1977/1/1977 2093/1/2093
f 1975/1/1975 2089/1/2089 2091/1/2091
f 1975/1/1975 2091/1/2091 2093/1/2093
f 1976/1/1976 1978/1/1978 2094/1/2094
f 1976/1/1976 2090/1/2090 2092/1/2092
f 1976/1/1976 2092/1/2092 2094/1/2094
f 1977/1/1977 1979/1/1979 2093/1/2093
f 1978/1/1978 1980/1/1980 1981/1/1981
f 1978/1/1978 1981/1/1981 2098/1/2098
f 1978/1/1978 2094/1/2094 2098/1/2098
f 1979/1/1979 1990/1/1990 2107/1/2107
f 1979/1/1979 2093/1/2093 2097/1/2097
f 1979/1/1979 2096/1/2096 2097/1/2097
f 1979/1/1979 2096/1/2096 2107/1/2107
f 1981/1/1981 1982/1/1982 2100/1/2100
f 1981/1/1981 2098/1/2098 2099/1/2099
f 1981/1/1981 2099/1/2099 2100/1/2100
f 1982/1/1982 1983/1/1983 1991/1/1991
f 1982/1/1982 1991/1/1991 2100/1/2100
f 1983/1/1983 1984/1/1984 2101/1/2101
f 1983/1/1983 1991/1/1991 1992/1/1992
f 1983/1/1983 1992/1/1992 2101/1/2101
f 1984/1/1984 1985/1/1985 2103/1/2103
f 1984/1/1984 2101/1/2101 2102/1/2102
f 1984/1/1984 2102/1/2102 2103/1/2103
f 1985/1/1985 1986/1/1986 1993/1/1993
f 1985/1/1985 1993/1/1993 1994/1/1994
f 1985/1/1985 1994/1/1994 2103/1/2103
f 1986/1/1986 1987/1/1987 1994/1/1994
f 1986/1/1986 1987/1/1987 1995/1/1995
f 1986/1/1986 1987/1/1987 2105/1/2105
f 1986/1/1986 1993/1/1993 1994/1/1994
f 1986/1/1986 1994/1/1994 1995/1/1995
f 1986/1/1986 1994/1/1994 2104/1/2104
f 1986/1/1986 2104/1/2104 2105/1/2105
f 1987/1/1987 1988/1/1988 2106/1/2106
f 1987/1/1987 1994/1/1994 1995/1/1995
f 1987/1/1987 2105/1/2105 2106/1/2106
f 1988/1/1988 1989/1/1989 2107/1/2107
f 1988/1/1988 2106/1/2106 2107/1/2107
f 1989/1/1989 1990/1/1990 2107/1/2107
f 1991/1/1991 1992/1/1992 2101/1/2101
f 1991/1/1991 2100/1/2100 2101/1/2101
f 1994/1/1994 2103/1/2103 2104/1/2104
f 1996/1/1996 1999/1/1999 2118/1/2118
f 1996/1/1996 1999/1/1999 2124/1/2124
f 1996/1/1996 2118/1/2118 2124/1/2124
f 1997/1/1997 1998/1/1998 2003/1/2003
f 1997/1/1997 1998/1/1998 2123/1/2123
f 1997/1/1997 2002/1/2002 2003/1/2003
f 1997/1/1997 2002/1/2002 2129/1/2129
f 1997/1/1997 2122/1/2122 2123/1/2123
f 1997/1/1997 2122/1/2122 2129/1/2129
f 1998/1/1998 1999/1/1999 2004/1/2004
f 1998/1/1998 1999/1/1999 2123/1/2123
f 1998/1/1998 2003/1/2003 2004/1/2004
f 1999/1/1999 2000/1/2000 2005/1/2005
f 1999/1/1999 2000/1/2000 2118/1/2118
f 1999/1/1999 2004/1/2004 2005/1/2005
f 1999/1/1999 2123/1/2123 2124/1/2124
f 2000/1/2000 2001/1/2001 2005/1/2005
f 2000/1/2000 2001/1/2001 2126/1/2126
f 2000/1/2000 2118/1/2118 2125/1/2125
f 2000/1/2000 2125/1/2125 2126/1/2126
f 2001/1/2001 2005/1/2005 2006/1/2006
f 2001/1/2001 2006/1/2006 2126/1/2126
f 2002/1/2002 2003/1/2003 2008/1/2008
f 2002/1/2002 2008/1/2008 2128/1/2128
f 2002/1/2002 2128/1/2128 2129/1/2129
f 2003/1/2003 2004/1/2004 2009/1/2009
f 2003/1/2003 2008/1/2008 2009/1/2009
f 2004/1/2004 2005/1/2005 2010/1/2010
f 2005/1/2005 2006/1/2006 2011/1/2011
f 2005/1/2005 2010/1/2010 2011/1/2011
f 2006/1/2006 2011/1/2011 2012/1/2012
f 2006/1/2006 2012/1/2012 2013/1/2013
f 2006/1/2006 2013/1/2013 2131/1/2131
f 2006/1/2006 2126/1/2126 2130/1/2130
f 2006/1/2006 2130/1/2130 2131/1/2131
f 2007/1/2007 2008/1/2008 2014/1/2014
f 2007/1/2007 2008/1/2008 2132/1/2132
f 2007/1/2007 2014/1/2014 2132/1/2132
f 2008/1/2008 2014/1/2014 2015/1/2015
f 2008/1/2008 2128/1/2128 2132/1/2132
f 2012/1/2012 2013/1/2013 2017/1/2017
f 2012/1/2012 2016/1/2016 2017/1/2017
f 2013/1/2013 2017/1/2017 2133/1/2133
f 2013/1/2013 2131/1/2131 2133/1/2133
f 2014/1/2014 2015/1/2015 2018/1/2018
f 2014/1/2014 2018/1/2018 2135/1/2135
f 2014/1/2014 2132/1/2132 2135/1/2135
f 2017/1/2017 2019/1/2019 2136/1/2136
f 2017/1/2017 2133/1/2133 2136/1/2136
f 2018/1/2018 2022/1/2022 2139/1/2139
f 2018/1/2018 2135/1/2135 2139/1/2139
f 2018/1/2018 2138/1/2138 2139/1/2139
f 2019/1/2019 2020/1/2020 2024/1/2024
f 2019/1/2019 2020/1/2020 2141/1/2141
f 2019/1/2019 2023/1/2023 2024/1/2024
f 2019/1/2019 2136/1/2136 2140/1/2140
f 2019/1/2019 2140/1/2140 2141/1/2141
f 2020/1/2020 2024/1/2024 2143/1/2143
f 2020/1/2020 2141/1/2141 2143/1/2143
f 2021/1/2021 2022/1/2022 2025/1/2025
f 2021/1/2021 2022/1/2022 2142/1/2142
f 2021/1/2021 2025/1/2025 2144/1/2144
f 2021/1/2021 2142/1/2142 2144/1/2144
f 2022/1/2022 2025/1/2025 2026/1/2026
f 2022/1/2022 2139/1/2139 2142/1/2142
f 2023/1/2023 2024/1/2024 2028/1/2028
f 2023/1/2023 2027/1/2027 2028/1/2028
f 2024/1/2024 2028/1/2028 2145/1/2145
f 2024/1/2024 2143/1/2143 2145/1/2145
f 2025/1/2025 2029/1/2029 2144/1/2144
f 2028/1/2028 2030/1/2030 2147/1/2147
f 2028/1/2028 2145/1/2145 2147/1/2147
f 2029/1/2029 2031/1/2031 2148/1/2148
f 2029/1/2029 2144/1/2144 2146/1/2146
f 2029/1/2029 2146/1/2146 2148/1/2148
f 2030/1/2030 2032/1/2032 2147/1/2147
f 2031/1/2031 2033/1/2033 2151/1/2151
f 2031/1/2031 2148/1/2148 2151/1/2151
f 2032/1/2032 2034/1/2034 2149/1/2149
f 2032/1/2032 2147/1/2147 2149/1/2149
f 2033/1/2033 2035/1/2035 2154/1/2154
f 2033/1/2033 2151/1/2151 2154/1/2154
f 2034/1/2034 2036/1/2036 2155/1/2155
f 2034/1/2034 2149/1/2149 2152/1/2152
f 2034/1/2034 2152/1/2152 2155/1/2155
f 2035/1/2035 2037/1/2037 2154/1/2154
f 2036/1/2036 2038/1/2038 2157/1/2157
f 2036/1/2036 2155/1/2155 2157/1/2157
f 2037/1/2037 2039/1/2039 2158/1/2158
f 2037/1/2037 2154/1/2154 2156/1/2156
f 2037/1/2037 2156/1/2156 2158/1/2158
f 2038/1/2038 2040/1/2040 2157/1/2157
f 2039/1/2039 2041/1/2041 2160/1/2160
f 2039/1/2039 2158/1/2158 2160/1/2160
f 2040/1/2040 2042/1/2042 2159/1/2159
f 2040/1/2040 2157/1/2157 2159/1/2159
f 2041/1/2041 2043/1/2043 2160/1/2160
f 2042/1/2042 2045/1/2045 2164/1/2164
f 2042/1/2042 2159/1/2159 2161/1/2161
f 2042/1/2042 2161/1/2161 2164/1/2164
f 2043/1/2043 2046/1/2046 2162/1/2162
f 2043/1/2043 2160/1/2160 2162/1/2162
f 2044/1/2044 2045/1/2045 2164/1/2164
f 2044/1/2044 2048/1/2048 2163/1/2163
f 2044/1/2044 2163/1/2163 2164/1/2164
f 2046/1/2046 2047/1/2047 2165/1/2165
f 2046/1/2046 2162/1/2162 2165/1/2165
f 2047/1/2047 2049/1/2049 2168/1/2168
f 2047/1/2047 2165/1/2165 2168/1/2168
f 2048/1/2048 2050/1/2050 2169/1/2169
f 2048/1/2048 2163/1/2163 2166/1/2166
f 2048/1/2048 2166/1/2166 2169/1/2169
f 2049/1/2049 2052/1/2052 2171/1/2171
f 2049/1/2049 2168/1/2168 2171/1/2171
f 2050/1/2050 2053/1/2053 2172/1/2172
f 2050/1/2050 2169/1/2169 2172/1/2172
f 2051/1/2051 2052/1/2052 2170/1/2170
f 2051/1/2051 2055/1/2055 2170/1/2170
f 2052/1/2052 2170/1/2170 2171/1/2171
f 2053/1/2053 2054/1/2054 2057/1/2057
f 2053/1/2053 2056/1/2056 2057/1/2057
f 2053/1/2053 2056/1/2056 2172/1/2172
f 2055/1/2055 2058/1/2058 2173/1/2173
f 2055/1/2055 2170/1/2170 2173/1/2173
f 2056/1/2056 2057/1/2057 2174/1/2174
f 2056/1/2056 2172/1/2172 2174/1/2174
f 2057/1/2057 2059/1/2059 2175/1/2175
f 2057/1/2057 2174/1/2174 2175/1/2175
f 2058/1/2058 2060/1/2060 2178/1/2178
f 2058/1/2058 2173/1/2173 2176/1/2176
f 2058/1/2058 2176/1/2176 2178/1/2178
f 2059/1/2059 2061/1/2061 2177/1/2177
f 2059/1/2059 2175/1/2175 2177/1/2177
f 2060/1/2060 2062/1/2062 2180/1/2180
f 2060/1/2060 2178/1/2178 2180/1/2180
f 2061/1/2061 2063/1/2063 2181/1/2181
f 2061/1/2061 2177/1/2177 2179/1/2179
f 2061/1/2061 2179/1/2179 2181/1/2181
f 2062/1/2062 2065/1/2065 2183/1/2183
f 2062/1/2062 2180/1/2180 2183/1/2183
f 2063/1/2063 2066/1/2066 2181/1/2181
f 2064/1/2064 2065/1/2065 2183/1/2183
f 2064/1/2064 2067/1/2067 2185/1/2185
f 2064/1/2064 2182/1/2182 2183/1/2183
f 2064/1/2064 2182/1/2182 2185/1/2185
f 2066/1/2066 2068/1/2068 2184/1/2184
f 2066/1/2066 2181/1/2181 2184/1/2184
f 2067/1/2067 2069/1/2069 2187/1/2187
f 2067/1/2067 2185/1/2185 2187/1/2187
f 2068/1/2068 2070/1/2070 2186/1/2186
f 2068/1/2068 2184/1/2184 2186/1/2186
f 2069/1/2069 2071/1/2071 2189/1/2189
f 2069/1/2069 2187/1/2187 2189/1/2189
f 2070/1/2070 2072/1/2072 2188/1/2188
f 2070/1/2070 2186/1/2186 2188/1/2188
f 2071/1/2071 2073/1/2073 2191/1/2191
f 2071/1/2071 2189/1/2189 2191/1/2191
f 2072/1/2072 2074/1/2074 2075/1/2075
f 2072/1/2072 2074/1/2074 2192/1/2192
f 2072/1/2072 2188/1/2188 2190/1/2190
f 2072/1/2072 2190/1/2190 2192/1/2192
f 2073/1/2073 2076/1/2076 2194/1/2194
f 2073/1/2073 2191/1/2191 2194/1/2194
f 2074/1/2074 2075/1/2075 2193/1/2193
f 2074/1/2074 2192/1/2192 2193/1/2193
f 2075/1/2075 2077/1/2077 2196/1/2196
f 2075/1/2075 2193/1/2193 2196/1/2196
f 2076/1/2076 2078/1/2078 2194/1/2194
f 2077/1/2077 2079/1/2079 2198/1/2198
f 2077/1/2077 2196/1/2196 2198/1/2198
f 2078/1/2078 2080/1/2080 2197/1/2197
f 2078/1/2078 2194/1/2194 2197/1/2197
f 2079/1/2079 2081/1/2081 2198/1/2198
f 2080/1/2080 2082/1/2082 2199/1/2199
f 2080/1/2080 2197/1/2197 2199/1/2199
f 2081/1/2081 2083/1/2083 2200/1/2200
f 2081/1/2081 2198/1/2198 2200/1/2200
f 2082/1/2082 2084/1/2084 2203/1/2203
f 2082/1/2082 2199/1/2199 2201/1/2201
f 2082/1/2082 2201/1/2201 2203/1/2203
f 2083/1/2083 2085/1/2085 2204/1/2204
f 2083/1/2083 2200/1/2200 2202/1/2202
f 2083/1/2083 2202/1/2202 2204/1/2204
f 2084/1/2084 2086/1/2086 2205/1/2205
f 2084/1/2084 2203/1/2203 2205/1/2205
f 2085/1/2085 2087/1/2087 2206/1/2206
f 2085/1/2085 2204/1/2204 2206/1/2206
f 2086/1/2086 2088/1/2088 2207/1/2207
f 2086/1/2086 2205/1/2205 2207/1/2207
f 2087/1/2087 2089/1/2089 2206/1/2206
f 2088/1/2088 2090/1/2090 2207/1/2207
f 2089/1/2089 2091/1/2091 2208/1/2208
f 2089/1/2089 2206/1/2206 2208/1/2208
f 2090/1/2090 2092/1/2092 2209/1/2209
f 2090/1/2090 2207/1/2207 2209/1/2209
f 2091/1/2091 2093/1/2093 2213/1/2213
f 2091/1/2091 2208/1/2208 2210/1/2210
f 2091/1/2091 2210/1/2210 2213/1/2213
f 2092/1/2092 2094/1/2094 2214/1/2214
f 2092/1/2092 2209/1/2209 2211/1/2211
f 2092/1/2092 2211/1/2211 2214/1/2214
f 2093/1/2093 2097/1/2097 2219/1/2219
f 2093/1/2093 2213/1/2213 2219/1/2219
f 2094/1/2094 2095/1/2095 2099/1/2099
f 2094/1/2094 2095/1/2095 2215/1/2215
f 2094/1/2094 2098/1/2098 2099/1/2099
f 2094/1/2094 2214/1/2214 2215/1/2215
f 2095/1/2095 2099/1/2099 2215/1/2215
f 2096/1/2096 2097/1/2097 2218/1/2218
f 2096/1/2096 2107/1/2107 2228/1/2228
f 2096/1/2096 2218/1/2218 2228/1/2228
f 2097/1/2097 2218/1/2218 2219/1/2219
f 2099/1/2099 2100/1/2100 2221/1/2221
f 2099/1/2099 2215/1/2215 2220/1/2220
f 2099/1/2099 2220/1/2220 2221/1/2221
f 2100/1/2100 2101/1/2101 2221/1/2221
f 2101/1/2101 2102/1/2102 2223/1/2223
f 2101/1/2101 2221/1/2221 2222/1/2222
f 2101/1/2101 2222/1/2222 2223/1/2223
f 2102/1/2102 2103/1/2103 2223/1/2223
f 2103/1/2103 2104/1/2104 2225/1/2225
f 2103/1/2103 2223/1/2223 2224/1/2224
f 2103/1/2103 2224/1/2224 2225/1/2225
f 2104/1/2104 2105/1/2105 2225/1/2225
f 2105/1/2105 2106/1/2106 2227/1/2227
f 2105/1/2105 2225/1/2225 2226/1/2226
f 2105/1/2105 2226/1/2226 2227/1/2227
f 2106/1/2106 2107/1/2107 2228/1/2228
f 2106/1/2106 2227/1/2227 2228/1/2228
f 2108/1/2108 2109/1/2109 2113/1/2113
f 2108/1/2108 2109/1/2109 2240/1/2240
f 2108/1/2108 2112/1/2112 2113/1/2113
f 2108/1/2108 2112/1/2112 2239/1/2239
f 2108/1/2108 2239/1/2239 2240/1/2240
f 2109/1/2109 2110/1/2110 2113/1/2113
f 2109/1/2109 2110/1/2110 2240/1/2240
f 2110/1/2110 2113/1/2113 2114/1/2114
f 2110/1/2110 2114/1/2114 2241/1/2241
f 2110/1/2110 2114/1/2114 2247/1/2247
f 2110/1/2110 2240/1/2240 2241/1/2241
f 2110/1/2110 2241/1/2241 2247/1/2247
f 2111/1/2111 2112/1/2112 2116/1/2116
f 2111/1/2111 2112/1/2112 2245/1/2245
f 2111/1/2111 2116/1/2116 2245/1/2245
f 2112/1/2112 2113/1/2113 2118/1/2118
f 2112/1/2112 2116/1/2116 2117/1/2117
f 2112/1/2112 2117/1/2117 2118/1/2118
f 2112/1/2112 2239/1/2239 2246/1/2246
f 2112/1/2112 2245/1/2245 2246/1/2246
f 2113/1/2113 2114/1/2114 2118/1/2118
f 2114/1/2114 2115/1/2115 2119/1/2119
f 2114/1/2114 2115/1/2115 2248/1/2248
f 2114/1/2114 2118/1/2118 2119/1/2119
f 2114/1/2114 2247/1/2247 2248/1/2248
f 2115/1/2115 2119/1/2119 2120/1/2120
f 2115/1/2115 2120/1/2120 2248/1/2248
f 2116/1/2116 2117/1/2117 2122/1/2122
f 2116/1/2116 2122/1/2122 2250/1/2250
f 2116/1/2116 2245/1/2245 2251/1/2251
f 2116/1/2116 2250/1/2250 2251/1/2251
f 2117/1/2117 2118/1/2118 2123/1/2123
f 2117/1/2117 2122/1/2122 2123/1/2123
f 2118/1/2118 2119/1/2119 2125/1/2125
f 2118/1/2118 2123/1/2123 2124/1/2124
f 2119/1/2119 2120/1/2120 2126/1/2126
f 2119/1/2119 2125/1/2125 2126/1/2126
f 2120/1/2120 2126/1/2126 2127/1/2127
f 2120/1/2120 2127/1/2127 2253/1/2253
f 2120/1/2120 2248/1/2248 2252/1/2252
f 2120/1/2120 2252/1/2252 2253/1/2253
f 2121/1/2121 2122/1/2122 2128/1/2128
f 2121/1/2121 2122/1/2122 2254/1/2254
f 2121/1/2121 2128/1/2128 2257/1/2257
f 2121/1/2121 2254/1/2254 2257/1/2257
f 2122/1/2122 2128/1/2128 2129/1/2129
f 2122/1/2122 2250/1/2250 2254/1/2254
f 2126/1/2126 2127/1/2127 2131/1/2131
f 2126/1/2126 2130/1/2130 2131/1/2131
f 2127/1/2127 2131/1/2131 2255/1/2255
f 2127/1/2127 2253/1/2253 2255/1/2255
f 2128/1/2128 2132/1/2132 2257/1/2257
f 2131/1/2131 2133/1/2133 2258/1/2258
f 2131/1/2131 2255/1/2255 2258/1/2258
f 2132/1/2132 2135/1/2135 2261/1/2261
f 2132/1/2132 2257/1/2257 2261/1/2261
f 2133/1/2133 2136/1/2136 2266/1/2266
f 2133/1/2133 2258/1/2258 2262/1/2262
f 2133/1/2133 2262/1/2262 2266/1/2266
f 2134/1/2134 2135/1/2135 2139/1/2139
f 2134/1/2134 2135/1/2135 2264/1/2264
f 2134/1/2134 2138/1/2138 2139/1/2139
f 2134/1/2134 2138/1/2138 2267/1/2267
f 2134/1/2134 2264/1/2264 2267/1/2267
f 2135/1/2135 2261/1/2261 2265/1/2265
f 2135/1/2135 2264/1/2264 2265/1/2265
f 2136/1/2136 2137/1/2137 2141/1/2141
f 2136/1/2136 2137/1/2137 2266/1/2266
f 2136/1/2136 2140/1/2140 2141/1/2141
f 2137/1/2137 2141/1/2141 2268/1/2268
f 2137/1/2137 2266/1/2266 2268/1/2268
f 2138/1/2138 2139/1/2139 2142/1/2142
f 2138/1/2138 2142/1/2142 2267/1/2267
f 2141/1/2141 2143/1/2143 2268/1/2268
f 2142/1/2142 2144/1/2144 2269/1/2269
f 2142/1/2142 2267/1/2267 2269/1/2269
f 2143/1/2143 2145/1/2145 2270/1/2270
f 2143/1/2143 2268/1/2268 2270/1/2270
f 2144/1/2144 2146/1/2146 2271/1/2271
f 2144/1/2144 2269/1/2269 2271/1/2271
f 2145/1/2145 2147/1/2147 2274/1/2274
f 2145/1/2145 2270/1/2270 2272/1/2272
f 2145/1/2145 2272/1/2272 2274/1/2274
f 2146/1/2146 2148/1/2148 2273/1/2273
f 2146/1/2146 2271/1/2271 2273/1/2273
f 2147/1/2147 2149/1/2149 2276/1/2276
f 2147/1/2147 2274/1/2274 2276/1/2276
f 2148/1/2148 2151/1/2151 2275/1/2275
f 2148/1/2148 2273/1/2273 2275/1/2275
f 2149/1/2149 2152/1/2152 2279/1/2279
f 2149/1/2149 2276/1/2276 2279/1/2279
f 2150/1/2150 2151/1/2151 2154/1/2154
f 2150/1/2150 2151/1/2151 2277/1/2277
f 2150/1/2150 2153/1/2153 2154/1/2154
f 2150/1/2150 2153/1/2153 2277/1/2277
f 2151/1/2151 2275/1/2275 2278/1/2278
f 2151/1/2151 2277/1/2277 2278/1/2278
f 2152/1/2152 2155/1/2155 2282/1/2282
f 2152/1/2152 2279/1/2279 2282/1/2282
f 2153/1/2153 2154/1/2154 2280/1/2280
f 2153/1/2153 2277/1/2277 2280/1/2280
f 2154/1/2154 2156/1/2156 2284/1/2284
f 2154/1/2154 2280/1/2280 2281/1/2281
f 2154/1/2154 2281/1/2281 2284/1/2284
f 2155/1/2155 2157/1/2157 2282/1/2282
f 2156/1/2156 2158/1/2158 2286/1/2286
f 2156/1/2156 2284/1/2284 2286/1/2286
f 2157/1/2157 2159/1/2159 2287/1/2287
f 2157/1/2157 2282/1/2282 2285/1/2285
f 2157/1/2157 2285/1/2285 2287/1/2287
f 2158/1/2158 2160/1/2160 2288/1/2288
f 2158/1/2158 2286/1/2286 2288/1/2288
f 2159/1/2159 2161/1/2161 2289/1/2289
f 2159/1/2159 2287/1/2287 2289/1/2289
f 2160/1/2160 2162/1/2162 2290/1/2290
f 2160/1/2160 2288/1/2288 2290/1/2290
f 2161/1/2161 2164/1/2164 2291/1/2291
f 2161/1/2161 2289/1/2289 2291/1/2291
f 2162/1/2162 2165/1/2165 2290/1/2290
f 2163/1/2163 2164/1/2164 2166/1/2166
f 2164/1/2164 2166/1/2166 2293/1/2293
f 2164/1/2164 2291/1/2291 2293/1/2293
f 2165/1/2165 2167/1/2167 2168/1/2168
f 2165/1/2165 2167/1/2167 2292/1/2292
f 2165/1/2165 2290/1/2290 2292/1/2292
f 2166/1/2166 2169/1/2169 2293/1/2293
f 2167/1/2167 2168/1/2168 2295/1/2295
f 2167/1/2167 2292/1/2292 2295/1/2295
f 2168/1/2168 2171/1/2171 2296/1/2296
f 2168/1/2168 2295/1/2295 2296/1/2296
f 2169/1/2169 2172/1/2172 2297/1/2297
f 2169/1/2169 2293/1/2293 2297/1/2297
f 2170/1/2170 2171/1/2171 2173/1/2173
f 2171/1/2171 2173/1/2173 2300/1/2300
f 2171/1/2171 2296/1/2296 2298/1/2298
f 2171/1/2171 2298/1/2298 2300/1/2300
f 2172/1/2172 2174/1/2174 2302/1/2302
f 2172/1/2172 2297/1/2297 2299/1/2299
f 2172/1/2172 2299/1/2299 2302/1/2302
f 2173/1/2173 2176/1/2176 2304/1/2304
f 2173/1/2173 2300/1/2300 2304/1/2304
f 2174/1/2174 2175/1/2175 2302/1/2302
f 2175/1/2175 2177/1/2177 2306/1/2306
f 2175/1/2175 2302/1/2302 2303/1/2303
f 2175/1/2175 2303/1/2303 2306/1/2306
f 2176/1/2176 2178/1/2178 2304/1/2304
f 2177/1/2177 2179/1/2179 2306/1/2306
f 2178/1/2178 2180/1/2180 2309/1/2309
f 2178/1/2178 2304/1/2304 2307/1/2307
f 2178/1/2178 2307/1/2307 2309/1/2309
f 2179/1/2179 2181/1/2181 2308/1/2308
f 2179/1/2179 2306/1/2306 2308/1/2308
f 2180/1/2180 2183/1/2183 2309/1/2309
f 2181/1/2181 2184/1/2184 2310/1/2310
f 2181/1/2181 2308/1/2308 2310/1/2310
f 2182/1/2182 2183/1/2183 2185/1/2185
f 2183/1/2183 2185/1/2185 2311/1/2311
f 2183/1/2183 2309/1/2309 2312/1/2312
f 2183/1/2183 2311/1/2311 2312/1/2312
f 2184/1/2184 2186/1/2186 2316/1/2316
f 2184/1/2184 2310/1/2310 2313/1/2313
f 2184/1/2184 2313/1/2313 2316/1/2316
f 2185/1/2185 2187/1/2187 2314/1/2314
f 2185/1/2185 2311/1/2311 2314/1/2314
f 2186/1/2186 2188/1/2188 2318/1/2318
f 2186/1/2186 2316/1/2316 2318/1/2318
f 2187/1/2187 2189/1/2189 2317/1/2317
f 2187/1/2187 2314/1/2314 2317/1/2317
f 2188/1/2188 2190/1/2190 2320/1/2320
f 2188/1/2188 2318/1/2318 2320/1/2320
f 2189/1/2189 2191/1/2191 2321/1/2321
f 2189/1/2189 2317/1/2317 2319/1/2319
f 2189/1/2189 2319/1/2319 2321/1/2321
f 2190/1/2190 2192/1/2192 2320/1/2320
f 2191/1/2191 2194/1/2194 2323/1/2323
f 2191/1/2191 2321/1/2321 2323/1/2323
f 2192/1/2192 2193/1/2193 2196/1/2196
f 2192/1/2192 2195/1/2195 2196/1/2196
f 2192/1/2192 2195/1/2195 2324/1/2324
f 2192/1/2192 2320/1/2320 2322/1/2322
f 2192/1/2192 2322/1/2322 2324/1/2324
f 2194/1/2194 2197/1/2197 2326/1/2326
f 2194/1/2194 2323/1/2323 2326/1/2326
f 2195/1/2195 2196/1/2196 2324/1/2324
f 2196/1/2196 2198/1/2198 2328/1/2328
f 2196/1/2196 2324/1/2324 2325/1/2325
f 2196/1/2196 2325/1/2325 2328/1/2328
f 2197/1/2197 2199/1/2199 2329/1/2329
f 2197/1/2197 2326/1/2326 2329/1/2329
f 2198/1/2198 2200/1/2200 2328/1/2328
f 2199/1/2199 2201/1/2201 2329/1/2329
f 2200/1/2200 2202/1/2202 2332/1/2332
f 2200/1/2200 2328/1/2328 2330/1/2330
f 2200/1/2200 2330/1/2330 2332/1/2332
f 2201/1/2201 2203/1/2203 2331/1/2331
f 2201/1/2201 2329/1/2329 2331/1/2331
f 2202/1/2202 2204/1/2204 2332/1/2332
f 2203/1/2203 2205/1/2205 2335/1/2335
f 2203/1/2203 2331/1/2331 2333/1/2333
f 2203/1/2203 2333/1/2333 2335/1/2335
f 2204/1/2204 2206/1/2206 2336/1/2336
f 2204/1/2204 2332/1/2332 2334/1/2334
f 2204/1/2204 2334/1/2334 2336/1/2336
f 2205/1/2205 2207/1/2207 2335/1/2335
f 2206/1/2206 2208/1/2208 2338/1/2338
f 2206/1/2206 2336/1/2336 2338/1/2338
f 2207/1/2207 2209/1/2209 2339/1/2339
f 2207/1/2207 2335/1/2335 2337/1/2337
f 2207/1/2207 2337/1/2337 2339/1/2339
f 2208/1/2208 2210/1/2210 2340/1/2340
f 2208/1/2208 2338/1/2338 2340/1/2340
f 2209/1/2209 2211/1/2211 2339/1/2339
f 2210/1/2210 2213/1/2213 2340/1/2340
f 2211/1/2211 2214/1/2214 2345/1/2345
f 2211/1/2211 2339/1/2339 2341/1/2341
f 2211/1/2211 2341/1/2341 2345/1/2345
f 2212/1/2212 2213/1/2213 2218/1/2218
f 2212/1/2212 2213/1/2213 2343/1/2343
f 2212/1/2212 2218/1/2218 2348/1/2348
f 2212/1/2212 2343/1/2343 2348/1/2348
f 2213/1/2213 2218/1/2218 2219/1/2219
f 2213/1/2213 2340/1/2340 2344/1/2344
f 2213/1/2213 2343/1/2343 2344/1/2344
f 2214/1/2214 2215/1/2215 2345/1/2345
f 2215/1/2215 2216/1/2216 2220/1/2220
f 2215/1/2215 2216/1/2216 2345/1/2345
f 2216/1/2216 2220/1/2220 2221/1/2221
f 2216/1/2216 2221/1/2221 2346/1/2346
f 2216/1/2216 2345/1/2345 2346/1/2346
f 2217/1/2217 2218/1/2218 2227/1/2227
f 2217/1/2217 2218/1/2218 2347/1/2347
f 2217/1/2217 2227/1/2227 2355/1/2355
f 2217/1/2217 2347/1/2347 2355/1/2355
f 2218/1/2218 2227/1/2227 2228/1/2228
f 2218/1/2218 2347/1/2347 2348/1/2348
f 2221/1/2221 2222/1/2222 2349/1/2349
f 2221/1/2221 2346/1/2346 2349/1/2349
f 2222/1/2222 2223/1/2223 2351/1/2351
f 2222/1/2222 2349/1/2349 2350/1/2350
f 2222/1/2222 2350/1/2350 2351/1/2351
f 2223/1/2223 2224/1/2224 2351/1/2351
f 2224/1/2224 2225/1/2225 2353/1/2353
f 2224/1/2224 2351/1/2351 2352/1/2352
f 2224/1/2224 2352/1/2352 2353/1/2353
f 2225/1/2225 2226/1/2226 2353/1/2353
f 2226/1/2226 2227/1/2227 2354/1/2354
f 2226/1/2226 2353/1/2353 2354/1/2354
f 2227/1/2227 2354/1/2354 2355/1/2355
f 2229/1/2229 2230/1/2230 2234/1/2234
f 2229/1/2229 2230/1/2230 2372/1/2372
f 2229/1/2229 2233/1/2233 2234/1/2234
f 2229/1/2229 2233/1/2233 2377/1/2377
f 2229/1/2229 2370/1/2370 2371/1/2371
f 2229/1/2229 2370/1/2370 2377/1/2377
f 2229/1/2229 2371/1/2371 2372/1/2372
f 2230/1/2230 2231/1/2231 2235/1/2235
f 2230/1/2230 2231/1/2231 2373/1/2373
f 2230/1/2230 2234/1/2234 2235/1/2235
f 2230/1/2230 2372/1/2372 2373/1/2373
f 2231/1/2231 2235/1/2235 2374/1/2374
f 2231/1/2231 2373/1/2373 2374/1/2374
f 2232/1/2232 2233/1/2233 2239/1/2239
f 2232/1/2232 2233/1/2233 2377/1/2377
f 2232/1/2232 2238/1/2238 2239/1/2239
f 2232/1/2232 2238/1/2238 2377/1/2377
f 2233/1/2233 2234/1/2234 2239/1/2239
f 2234/1/2234 2235/1/2235 2240/1/2240
f 2234/1/2234 2239/1/2239 2240/1/2240
f 2235/1/2235 2236/1/2236 2241/1/2241
f 2235/1/2235 2236/1/2236 2378/1/2378
f 2235/1/2235 2240/1/2240 2241/1/2241
f 2235/1/2235 2374/1/2374 2378/1/2378
f 2236/1/2236 2241/1/2241 2242/1/2242
f 2236/1/2236 2242/1/2242 2378/1/2378
f 2237/1/2237 2238/1/2238 2245/1/2245
f 2237/1/2237 2238/1/2238 2380/1/2380
f 2237/1/2237 2244/1/2244 2245/1/2245
f 2237/1/2237 2244/1/2244 2380/1/2380
f 2238/1/2238 2239/1/2239 2245/1/2245
f 2238/1/2238 2377/1/2377 2381/1/2381
f 2238/1/2238 2380/1/2380 2381/1/2381
f 2239/1/2239 2245/1/2245 2246/1/2246
f 2241/1/2241 2242/1/2242 2248/1/2248
f 2241/1/2241 2247/1/2247 2248/1/2248
f 2242/1/2242 2243/1/2243 2249/1/2249
f 2242/1/2242 2243/1/2243 2383/1/2383
f 2242/1/2242 2248/1/2248 2249/1/2249
f 2242/1/2242 2378/1/2378 2382/1/2382
f 2242/1/2242 2382/1/2382 2383/1/2383
f 2243/1/2243 2249/1/2249 2385/1/2385
f 2243/1/2243 2383/1/2383 2385/1/2385
f 2244/1/2244 2245/1/2245 2250/1/2250
f 2244/1/2244 2250/1/2250 2387/1/2387
f 2244/1/2244 2380/1/2380 2384/1/2384
f 2244/1/2244 2384/1/2384 2387/1/2387
f 2245/1/2245 2250/1/2250 2251/1/2251
f 2248/1/2248 2249/1/2249 2253/1/2253
f 2248/1/2248 2252/1/2252 2253/1/2253
f 2249/1/2249 2253/1/2253 2388/1/2388
f 2249/1/2249 2385/1/2385 2388/1/2388
f 2250/1/2250 2254/1/2254 2387/1/2387
f 2253/1/2253 2255/1/2255 2388/1/2388
f 2254/1/2254 2257/1/2257 2390/1/2390
f 2254/1/2254 2387/1/2387 2390/1/2390
f 2255/1/2255 2258/1/2258 2395/1/2395
f 2255/1/2255 2388/1/2388 2391/1/2391
f 2255/1/2255 2391/1/2391 2395/1/2395
f 2256/1/2256 2257/1/2257 2260/1/2260
f 2256/1/2256 2257/1/2257 2393/1/2393
f 2256/1/2256 2260/1/2260 2393/1/2393
f 2257/1/2257 2260/1/2260 2261/1/2261
f 2257/1/2257 2390/1/2390 2394/1/2394
f 2257/1/2257 2393/1/2393 2394/1/2394
f 2258/1/2258 2259/1/2259 2263/1/2263
f 2258/1/2258 2259/1/2259 2396/1/2396
f 2258/1/2258 2262/1/2262 2263/1/2263
f 2258/1/2258 2395/1/2395 2396/1/2396
f 2259/1/2259 2263/1/2263 2398/1/2398
f 2259/1/2259 2396/1/2396 2398/1/2398
f 2260/1/2260 2261/1/2261 2264/1/2264
f 2260/1/2260 2264/1/2264 2397/1/2397
f 2260/1/2260 2393/1/2393 2397/1/2397
f 2261/1/2261 2264/1/2264 2265/1/2265
f 2262/1/2262 2263/1/2263 2266/1/2266
f 2263/1/2263 2266/1/2266 2400/1/2400
f 2263/1/2263 2398/1/2398 2400/1/2400
f 2264/1/2264 2267/1/2267 2399/1/2399
f 2264/1/2264 2397/1/2397 2399/1/2399
f 2266/1/2266 2268/1/2268 2400/1/2400
f 2267/1/2267 2269/1/2269 2401/1/2401
f 2267/1/2267 2399/1/2399 2401/1/2401
f 2268/1/2268 2270/1/2270 2402/1/2402
f 2268/1/2268 2400/1/2400 2402/1/2402
f 2269/1/2269 2271/1/2271 2405/1/2405
f 2269/1/2269 2401/1/2401 2403/1/2403
f 2269/1/2269 2403/1/2403 2405/1/2405
f 2270/1/2270 2272/1/2272 2406/1/2406
f 2270/1/2270 2402/1/2402 2404/1/2404
f 2270/1/2270 2404/1/2404 2406/1/2406
f 2271/1/2271 2273/1/2273 2405/1/2405
f 2272/1/2272 2274/1/2274 2406/1/2406
f 2273/1/2273 2275/1/2275 2407/1/2407
f 2273/1/2273 2405/1/2405 2407/1/2407
f 2274/1/2274 2276/1/2276 2410/1/2410
f 2274/1/2274 2406/1/2406 2408/1/2408
f 2274/1/2274 2408/1/2408 2410/1/2410
f 2275/1/2275 2278/1/2278 2412/1/2412
f 2275/1/2275 2407/1/2407 2409/1/2409
f 2275/1/2275 2409/1/2409 2412/1/2412
f 2276/1/2276 2279/1/2279 2410/1/2410
f 2277/1/2277 2278/1/2278 2411/1/2411
f 2277/1/2277 2280/1/2280 2414/1/2414
f 2277/1/2277 2411/1/2411 2414/1/2414
f 2278/1/2278 2411/1/2411 2412/1/2412
f 2279/1/2279 2282/1/2282 2415/1/2415
f 2279/1/2279 2410/1/2410 2413/1/2413
f 2279/1/2279 2413/1/2413 2415/1/2415
f 2280/1/2280 2281/1/2281 2284/1/2284
f 2280/1/2280 2283/1/2283 2284/1/2284
f 2280/1/2280 2283/1/2283 2416/1/2416
f 2280/1/2280 2414/1/2414 2416/1/2416
f 2282/1/2282 2285/1/2285 2418/1/2418
f 2282/1/2282 2415/1/2415 2418/1/2418
f 2283/1/2283 2284/1/2284 2416/1/2416
f 2284/1/2284 2286/1/2286 2417/1/2417
f 2284/1/2284 2416/1/2416 2417/1/2417
f 2285/1/2285 2287/1/2287 2418/1/2418
f 2286/1/2286 2288/1/2288 2421/1/2421
f 2286/1/2286 2417/1/2417 2419/1/2419
f 2286/1/2286 2419/1/2419 2421/1/2421
f 2287/1/2287 2289/1/2289 2422/1/2422
f 2287/1/2287 2418/1/2418 2420/1/2420
f 2287/1/2287 2420/1/2420 2422/1/2422
f 2288/1/2288 2290/1/2290 2423/1/2423
f 2288/1/2288 2421/1/2421 2423/1/2423
f 2289/1/2289 2291/1/2291 2424/1/2424
f 2289/1/2289 2422/1/2422 2424/1/2424
f 2290/1/2290 2292/1/2292 2423/1/2423
f 2291/1/2291 2293/1/2293 2294/1/2294
f 2291/1/2291 2294/1/2294 2427/1/2427
f 2291/1/2291 2424/1/2424 2427/1/2427
f 2292/1/2292 2295/1/2295 2425/1/2425
f 2292/1/2292 2423/1/2423 2425/1/2425
f 2293/1/2293 2294/1/2294 2427/1/2427
f 2293/1/2293 2297/1/2297 2429/1/2429
f 2293/1/2293 2426/1/2426 2427/1/2427
f 2293/1/2293 2426/1/2426 2429/1/2429
f 2295/1/2295 2296/1/2296 2298/1/2298
f 2295/1/2295 2298/1/2298 2428/1/2428
f 2295/1/2295 2425/1/2425 2428/1/2428
f 2297/1/2297 2299/1/2299 2429/1/2429
f 2298/1/2298 2300/1/2300 2301/1/2301
f 2298/1/2298 2301/1/2301 2434/1/2434
f 2298/1/2298 2428/1/2428 2431/1/2431
f 2298/1/2298 2431/1/2431 2434/1/2434
f 2299/1/2299 2302/1/2302 2435/1/2435
f 2299/1/2299 2429/1/2429 2432/1/2432
f 2299/1/2299 2432/1/2432 2435/1/2435
f 2300/1/2300 2301/1/2301 2434/1/2434
f 2300/1/2300 2304/1/2304 2436/1/2436
f 2300/1/2300 2433/1/2433 2434/1/2434
f 2300/1/2300 2433/1/2433 2436/1/2436
f 2302/1/2302 2303/1/2303 2306/1/2306
f 2302/1/2302 2305/1/2305 2306/1/2306
f 2302/1/2302 2305/1/2305 2437/1/2437
f 2302/1/2302 2435/1/2435 2437/1/2437
f 2304/1/2304 2307/1/2307 2439/1/2439
f 2304/1/2304 2436/1/2436 2439/1/2439
f 2305/1/2305 2306/1/2306 2437/1/2437
f 2306/1/2306 2308/1/2308 2441/1/2441
f 2306/1/2306 2437/1/2437 2438/1/2438
f 2306/1/2306 2438/1/2438 2441/1/2441
f 2307/1/2307 2309/1/2309 2442/1/2442
f 2307/1/2307 2439/1/2439 2442/1/2442
f 2308/1/2308 2310/1/2310 2443/1/2443
f 2308/1/2308 2441/1/2441 2443/1/2443
f 2309/1/2309 2312/1/2312 2444/1/2444
f 2309/1/2309 2442/1/2442 2444/1/2444
f 2310/1/2310 2313/1/2313 2445/1/2445
f 2310/1/2310 2443/1/2443 2445/1/2445
f 2311/1/2311 2312/1/2312 2314/1/2314
f 2312/1/2312 2314/1/2314 2315/1/2315
f 2312/1/2312 2315/1/2315 2447/1/2447
f 2312/1/2312 2444/1/2444 2447/1/2447
f 2313/1/2313 2316/1/2316 2448/1/2448
f 2313/1/2313 2445/1/2445 2448/1/2448
f 2314/1/2314 2315/1/2315 2446/1/2446
f 2314/1/2314 2317/1/2317 2446/1/2446
f 2315/1/2315 2446/1/2446 2447/1/2447
f 2316/1/2316 2318/1/2318 2455/1/2455
f 2316/1/2316 2448/1/2448 2455/1/2455
f 2317/1/2317 2319/1/2319 2456/1/2456
f 2317/1/2317 2446/1/2446 2449/1/2449
f 2317/1/2317 2449/1/2449 2456/1/2456
f 2318/1/2318 2320/1/2320 2463/1/2463
f 2318/1/2318 2455/1/2455 2463/1/2463
f 2319/1/2319 2321/1/2321 2464/1/2464
f 2319/1/2319 2456/1/2456 2464/1/2464
f 2320/1/2320 2322/1/2322 2463/1/2463
f 2321/1/2321 2323/1/2323 2464/1/2464
f 2322/1/2322 2324/1/2324 2470/1/2470
f 2322/1/2322 2463/1/2463 2468/1/2468
f 2322/1/2322 2468/1/2468 2470/1/2470
f 2323/1/2323 2326/1/2326 2471/1/2471
f 2323/1/2323 2464/1/2464 2469/1/2469
f 2323/1/2323 2469/1/2469 2471/1/2471
f 2324/1/2324 2325/1/2325 2327/1/2327
f 2324/1/2324 2327/1/2327 2470/1/2470
f 2325/1/2325 2327/1/2327 2328/1/2328
f 2326/1/2326 2329/1/2329 2471/1/2471
f 2327/1/2327 2328/1/2328 2472/1/2472
f 2327/1/2327 2470/1/2470 2472/1/2472
f 2328/1/2328 2330/1/2330 2476/1/2476
f 2328/1/2328 2472/1/2472 2473/1/2473
f 2328/1/2328 2473/1/2473 2476/1/2476
f 2329/1/2329 2331/1/2331 2477/1/2477
f 2329/1/2329 2471/1/2471 2474/1/2474
f 2329/1/2329 2474/1/2474 2477/1/2477
f 2330/1/2330 2332/1/2332 2478/1/2478
f 2330/1/2330 2476/1/2476 2478/1/2478
f 2331/1/2331 2333/1/2333 2477/1/2477
f 2332/1/2332 2334/1/2334 2480/1/2480
f 2332/1/2332 2478/1/2478 2480/1/2480
f 2333/1/2333 2335/1/2335 2479/1/2479
f 2333/1/2333 2477/1/2477 2479/1/2479
f 2334/1/2334 2336/1/2336 2482/1/2482
f 2334/1/2334 2480/1/2480 2482/1/2482
f 2335/1/2335 2337/1/2337 2483/1/2483
f 2335/1/2335 2479/1/2479 2481/1/2481
f 2335/1/2335 2481/1/2481 2483/1/2483
f 2336/1/2336 2338/1/2338 2482/1/2482
f 2337/1/2337 2339/1/2339 2485/1/2485
f 2337/1/2337 2483/1/2483 2485/1/2485
f 2338/1/2338 2340/1/2340 2487/1/2487
f 2338/1/2338 2482/1/2482 2484/1/2484
f 2338/1/2338 2484/1/2484 2487/1/2487
f 2339/1/2339 2341/1/2341 2488/1/2488
f 2339/1/2339 2485/1/2485 2488/1/2488
f 2340/1/2340 2344/1/2344 2487/1/2487
f 2341/1/2341 2342/1/2342 2345/1/2345
f 2341/1/2341 2342/1/2342 2489/1/2489
f 2341/1/2341 2488/1/2488 2489/1/2489
f 2342/1/2342 2345/1/2345 2489/1/2489
f 2343/1/2343 2344/1/2344 2491/1/2491
f 2343/1/2343 2348/1/2348 2495/1/2495
f 2343/1/2343 2490/1/2490 2491/1/2491
f 2343/1/2343 2490/1/2490 2495/1/2495
f 2344/1/2344 2487/1/2487 2491/1/2491
f 2345/1/2345 2346/1/2346 2493/1/2493
f 2345/1/2345 2489/1/2489 2492/1/2492
f 2345/1/2345 2492/1/2492 2493/1/2493
f 2346/1/2346 2349/1/2349 2496/1/2496
f 2346/1/2346 2493/1/2493 2496/1/2496
f 2347/1/2347 2348/1/2348 2494/1/2494
f 2347/1/2347 2355/1/2355 2494/1/2494
f 2348/1/2348 2494/1/2494 2495/1/2495
f 2349/1/2349 2350/1/2350 2496/1/2496
f 2350/1/2350 2351/1/2351 2498/1/2498
f 2350/1/2350 2496/1/2496 2497/1/2497
f 2350/1/2350 2497/1/2497 2498/1/2498
f 2351/1/2351 2352/1/2352 2499/1/2499
f 2351/1/2351 2498/1/2498 2499/1/2499
f 2352/1/2352 2353/1/2353 2499/1/2499
f 2353/1/2353 2354/1/2354 2501/1/2501
f 2353/1/2353 2499/1/2499 2500/1/2500
f 2353/1/2353 2500/1/2500 2501/1/2501
f 2354/1/2354 2355/1/2355 2502/1/2502
f 2354/1/2354 2501/1/2501 2502/1/2502
f 2355/1/2355 2494/1/2494 2502/1/2502
f 2356/1/2356 2357/1/2357 2361/1/2361
f 2356/1/2356 2357/1/2357 2515/1/2515
f 2356/1/2356 2360/1/2360 2361/1/2361
f 2356/1/2356 2360/1/2360 2514/1/2514
f 2356/1/2356 2514/1/2514 2515/1/2515
f 2357/1/2357 2358/1/2358 2361/1/2361
f 2357/1/2357 2358/1/2358 2516/1/2516
f 2357/1/2357 2515/1/2515 2516/1/2516
f 2358/1/2358 2361/1/2361 2362/1/2362
f 2358/1/2358 2362/1/2362 2516/1/2516
f 2359/1/2359 2360/1/2360 2364/1/2364
f 2359/1/2359 2360/1/2360 2519/1/2519
f 2359/1/2359 2364/1/2364 2519/1/2519
f 2360/1/2360 2361/1/2361 2366/1/2366
f 2360/1/2360 2364/1/2364 2365/1/2365
f 2360/1/2360 2365/1/2365 2366/1/2366
f 2360/1/2360 2514/1/2514 2520/1/2520
f 2360/1/2360 2519/1/2519 2520/1/2520
f 2361/1/2361 2362/1/2362 2366/1/2366
f 2362/1/2362 2363/1/2363 2367/1/2367
f 2362/1/2362 2363/1/2363 2522/1/2522
f 2362/1/2362 2366/1/2366 2367/1/2367
f 2362/1/2362 2516/1/2516 2521/1/2521
f 2362/1/2362 2521/1/2521 2522/1/2522
f 2363/1/2363 2367/1/2367 2368/1/2368
f 2363/1/2363 2368/1/2368 2522/1/2522
f 2364/1/2364 2365/1/2365 2371/1/2371
f 2364/1/2364 2370/1/2370 2371/1/2371
f 2364/1/2364 2370/1/2370 2529/1/2529
f 2364/1/2364 2519/1/2519 2525/1/2525
f 2364/1/2364 2525/1/2525 2529/1/2529
f 2365/1/2365 2366/1/2366 2371/1/2371
f 2366/1/2366 2367/1/2367 2372/1/2372
f 2366/1/2366 2371/1/2371 2372/1/2372
f 2367/1/2367 2368/1/2368 2373/1/2373
f 2367/1/2367 2372/1/2372 2373/1/2373
f 2368/1/2368 2373/1/2373 2374/1/2374
f 2368/1/2368 2374/1/2374 2526/1/2526
f 2368/1/2368 2522/1/2522 2526/1/2526
f 2369/1/2369 2370/1/2370 2377/1/2377
f 2369/1/2369 2370/1/2370 2528/1/2528
f 2369/1/2369 2376/1/2376 2377/1/2377
f 2369/1/2369 2376/1/2376 2528/1/2528
f 2370/1/2370 2528/1/2528 2529/1/2529
f 2374/1/2374 2375/1/2375 2379/1/2379
f 2374/1/2374 2375/1/2375 2531/1/2531
f 2374/1/2374 2378/1/2378 2379/1/2379
f 2374/1/2374 2526/1/2526 2530/1/2530
f 2374/1/2374 2530/1/2530 2531/1/2531
f 2375/1/2375 2379/1/2379 2531/1/2531
f 2376/1/2376 2377/1/2377 2380/1/2380
f 2376/1/2376 2380/1/2380 2535/1/2535
f 2376/1/2376 2528/1/2528 2532/1/2532
f 2376/1/2376 2532/1/2532 2535/1/2535
f 2377/1/2377 2380/1/2380 2381/1/2381
f 2378/1/2378 2379/1/2379 2383/1/2383
f 2378/1/2378 2382/1/2382 2383/1/2383
f 2379/1/2379 2383/1/2383 2536/1/2536
f 2379/1/2379 2531/1/2531 2533/1/2533
f 2379/1/2379 2533/1/2533 2536/1/2536
f 2380/1/2380 2384/1/2384 2538/1/2538
f 2380/1/2380 2535/1/2535 2538/1/2538
f 2383/1/2383 2385/1/2385 2539/1/2539
f 2383/1/2383 2536/1/2536 2539/1/2539
f 2384/1/2384 2387/1/2387 2541/1/2541
f 2384/1/2384 2538/1/2538 2541/1/2541
f 2385/1/2385 2388/1/2388 2542/1/2542
f 2385/1/2385 2539/1/2539 2542/1/2542
f 2386/1/2386 2387/1/2387 2390/1/2390
f 2386/1/2386 2387/1/2387 2540/1/2540
f 2386/1/2386 2389/1/2389 2390/1/2390
f 2386/1/2386 2389/1/2389 2540/1/2540
f 2387/1/2387 2540/1/2540 2541/1/2541
f 2388/1/2388 2391/1/2391 2545/1/2545
f 2388/1/2388 2542/1/2542 2545/1/2545
f 2389/1/2389 2390/1/2390 2393/1/2393
f 2389/1/2389 2393/1/2393 2544/1/2544
f 2389/1/2389 2540/1/2540 2544/1/2544
f 2390/1/2390 2393/1/2393 2394/1/2394
f 2391/1/2391 2392/1/2392 2395/1/2395
f 2391/1/2391 2392/1/2392 2546/1/2546
f 2391/1/2391 2545/1/2545 2546/1/2546
f 2392/1/2392 2395/1/2395 2396/1/2396
f 2392/1/2392 2396/1/2396 2548/1/2548
f 2392/1/2392 2546/1/2546 2548/1/2548
f 2393/1/2393 2397/1/2397 2547/1/2547
f 2393/1/2393 2544/1/2544 2547/1/2547
f 2396/1/2396 2398/1/2398 2550/1/2550
f 2396/1/2396 2548/1/2548 2550/1/2550
f 2397/1/2397 2399/1/2399 2551/1/2551
f 2397/1/2397 2547/1/2547 2549/1/2549
f 2397/1/2397 2549/1/2549 2551/1/2551
f 2398/1/2398 2400/1/2400 2552/1/2552
f 2398/1/2398 2550/1/2550 2552/1/2552
f 2399/1/2399 2401/1/2401 2551/1/2551
f 2400/1/2400 2402/1/2402 2552/1/2552
f 2401/1/2401 2403/1/2403 2553/1/2553
f 2401/1/2401 2551/1/2551 2553/1/2553
f 2402/1/2402 2404/1/2404 2554/1/2554
f 2402/1/2402 2552/1/2552 2554/1/2554
f 2403/1/2403 2405/1/2405 2555/1/2555
f 2403/1/2403 2553/1/2553 2555/1/2555
f 2404/1/2404 2406/1/2406 2556/1/2556
f 2404/1/2404 2554/1/2554 2556/1/2556
f 2405/1/2405 2407/1/2407 2557/1/2557
f 2405/1/2405 2555/1/2555 2557/1/2557
f 2406/1/2406 2408/1/2408 2560/1/2560
f 2406/1/2406 2556/1/2556 2558/1/2558
f 2406/1/2406 2558/1/2558 2560/1/2560
f 2407/1/2407 2409/1/2409 2561/1/2561
f 2407/1/2407 2557/1/2557 2559/1/2559
f 2407/1/2407 2559/1/2559 2561/1/2561
f 2408/1/2408 2410/1/2410 2560/1/2560
f 2409/1/2409 2411/1/2411 2412/1/2412
f 2409/1/2409 2411/1/2411 2561/1/2561
f 2410/1/2410 2413/1/2413 2562/1/2562
f 2410/1/2410 2560/1/2560 2562/1/2562
f 2411/1/2411 2414/1/2414 2566/1/2566
f 2411/1/2411 2561/1/2561 2564/1/2564
f 2411/1/2411 2563/1/2563 2564/1/2564
f 2411/1/2411 2563/1/2563 2566/1/2566
f 2413/1/2413 2415/1/2415 2565/1/2565
f 2413/1/2413 2562/1/2562 2565/1/2565
f 2414/1/2414 2416/1/2416 2569/1/2569
f 2414/1/2414 2566/1/2566 2569/1/2569
f 2415/1/2415 2418/1/2418 2571/1/2571
f 2415/1/2415 2565/1/2565 2568/1/2568
f 2415/1/2415 2568/1/2568 2571/1/2571
f 2416/1/2416 2417/1/2417 2570/1/2570
f 2416/1/2416 2569/1/2569 2570/1/2570
f 2417/1/2417 2419/1/2419 2573/1/2573
f 2417/1/2417 2570/1/2570 2573/1/2573
f 2418/1/2418 2420/1/2420 2571/1/2571
f 2419/1/2419 2421/1/2421 2575/1/2575
f 2419/1/2419 2573/1/2573 2575/1/2575
f 2420/1/2420 2422/1/2422 2574/1/2574
f 2420/1/2420 2571/1/2571 2574/1/2574
f 2421/1/2421 2423/1/2423 2575/1/2575
f 2422/1/2422 2424/1/2424 2576/1/2576
f 2422/1/2422 2574/1/2574 2576/1/2576
f 2423/1/2423 2425/1/2425 2579/1/2579
f 2423/1/2423 2575/1/2575 2577/1/2577
f 2423/1/2423 2577/1/2577 2579/1/2579
f 2424/1/2424 2427/1/2427 2578/1/2578
f 2424/1/2424 2576/1/2576 2578/1/2578
f 2425/1/2425 2428/1/2428 2582/1/2582
f 2425/1/2425 2579/1/2579 2582/1/2582
f 2426/1/2426 2427/1/2427 2581/1/2581
f 2426/1/2426 2429/1/2429 2583/1/2583
f 2426/1/2426 2580/1/2580 2581/1/2581
f 2426/1/2426 2580/1/2580 2583/1/2583
f 2427/1/2427 2578/1/2578 2581/1/2581
f 2428/1/2428 2430/1/2430 2431/1/2431
f 2428/1/2428 2430/1/2430 2584/1/2584
f 2428/1/2428 2582/1/2582 2584/1/2584
f 2429/1/2429 2432/1/2432 2586/1/2586
f 2429/1/2429 2583/1/2583 2586/1/2586
f 2430/1/2430 2431/1/2431 2584/1/2584
f 2431/1/2431 2434/1/2434 2585/1/2585
f 2431/1/2431 2584/1/2584 2585/1/2585
f 2432/1/2432 2435/1/2435 2589/1/2589
f 2432/1/2432 2586/1/2586 2589/1/2589
f 2433/1/2433 2434/1/2434 2588/1/2588
f 2433/1/2433 2436/1/2436 2590/1/2590
f 2433/1/2433 2587/1/2587 2588/1/2588
f 2433/1/2433 2587/1/2587 2590/1/2590
f 2434/1/2434 2585/1/2585 2588/1/2588
f 2435/1/2435 2437/1/2437 2592/1/2592
f 2435/1/2435 2589/1/2589 2592/1/2592
f 2436/1/2436 2439/1/2439 2593/1/2593
f 2436/1/2436 2590/1/2590 2593/1/2593
f 2437/1/2437 2438/1/2438 2441/1/2441
f 2437/1/2437 2440/1/2440 2441/1/2441
f 2437/1/2437 2440/1/2440 2594/1/2594
f 2437/1/2437 2592/1/2592 2594/1/2594
f 2439/1/2439 2442/1/2442 2593/1/2593
f 2440/1/2440 2441/1/2441 2594/1/2594
f 2441/1/2441 2443/1/2443 2595/1/2595
f 2441/1/2441 2594/1/2594 2595/1/2595
f 2442/1/2442 2444/1/2444 2605/1/2605
f 2442/1/2442 2593/1/2593 2596/1/2596
f 2442/1/2442 2596/1/2596 2605/1/2605
f 2443/1/2443 2445/1/2445 2604/1/2604
f 2443/1/2443 2595/1/2595 2604/1/2604
f 2444/1/2444 2447/1/2447 2614/1/2614
f 2444/1/2444 2605/1/2605 2614/1/2614
f 2445/1/2445 2448/1/2448 2613/1/2613
f 2445/1/2445 2604/1/2604 2613/1/2613
f 2446/1/2446 2447/1/2447 2450/1/2450
f 2446/1/2446 2449/1/2449 2450/1/2450
f 2447/1/2447 2450/1/2450 2614/1/2614
f 2448/1/2448 2455/1/2455 2631/1/2631
f 2448/1/2448 2613/1/2613 2622/1/2622
f 2448/1/2448 2622/1/2622 2631/1/2631
f 2449/1/2449 2450/1/2450 2456/1/2456
f 2450/1/2450 2451/1/2451 2457/1/2457
f 2450/1/2450 2451/1/2451 2624/1/2624
f 2450/1/2450 2456/1/2456 2457/1/2457
f 2450/1/2450 2614/1/2614 2623/1/2623
f 2450/1/2450 2623/1/2623 2624/1/2624
f 2451/1/2451 2452/1/2452 2458/1/2458
f 2451/1/2451 2452/1/2452 2625/1/2625
f 2451/1/2451 2457/1/2457 2458/1/2458
f 2451/1/2451 2458/1/2458 2633/1/2633
f 2451/1/2451 2624/1/2624 2625/1/2625
f 2452/1/2452 2458/1/2458 2459/1/2459
f 2452/1/2452 2459/1/2459 2625/1/2625
f 2453/1/2453 2626/1/2626 2635/1/2635
f 2454/1/2454 2455/1/2455 2462/1/2462
f 2454/1/2454 2455/1/2455 2631/1/2631
f 2454/1/2454 2462/1/2462 2630/1/2630
f 2454/1/2454 2630/1/2630 2631/1/2631
f 2455/1/2455 2462/1/2462 2463/1/2463
f 2456/1/2456 2457/1/2457 2465/1/2465
f 2456/1/2456 2464/1/2464 2465/1/2465
f 2457/1/2457 2458/1/2458 2632/1/2632
f 2457/1/2457 2465/1/2465 2632/1/2632
f 2458/1/2458 2459/1/2459 2634/1/2634
f 2458/1/2458 2632/1/2632 2633/1/2633
f 2458/1/2458 2633/1/2633 2634/1/2634
f 2459/1/2459 2625/1/2625 2634/1/2634
f 2460/1/2460 2461/1/2461 2637/1/2637
f 2460/1/2460 2636/1/2636 2637/1/2637
f 2461/1/2461 2462/1/2462 2466/1/2466
f 2461/1/2461 2462/1/2462 2629/1/2629
f 2461/1/2461 2466/1/2466 2645/1/2645
f 2461/1/2461 2629/1/2629 2638/1/2638
f 2461/1/2461 2637/1/2637 2638/1/2638
f 2461/1/2461 2638/1/2638 2645/1/2645
f 2462/1/2462 2463/1/2463 2467/1/2467
f 2462/1/2462 2466/1/2466 2467/1/2467
f 2462/1/2462 2629/1/2629 2630/1/2630
f 2463/1/2463 2467/1/2467 2468/1/2468
f 2464/1/2464 2465/1/2465 2649/1/2649
f 2464/1/2464 2469/1/2469 2649/1/2649
f 2465/1/2465 2632/1/2632 2639/1/2639
f 2465/1/2465 2639/1/2639 2649/1/2649
f 2466/1/2466 2467/1/2467 2645/1/2645
f 2467/1/2467 2468/1/2468 2646/1/2646
f 2467/1/2467 2645/1/2645 2646/1/2646
f 2468/1/2468 2470/1/2470 2657/1/2657
f 2468/1/2468 2646/1/2646 2647/1/2647
f 2468/1/2468 2647/1/2647 2657/1/2657
f 2469/1/2469 2471/1/2471 2648/1/2648
f 2469/1/2469 2648/1/2648 2649/1/2649
f 2470/1/2470 2472/1/2472 2657/1/2657
f 2471/1/2471 2474/1/2474 2658/1/2658
f 2471/1/2471 2648/1/2648 2659/1/2659
f 2471/1/2471 2658/1/2658 2659/1/2659
f 2472/1/2472 2473/1/2473 2475/1/2475
f 2472/1/2472 2475/1/2475 2665/1/2665
f 2472/1/2472 2657/1/2657 2665/1/2665
f 2473/1/2473 2475/1/2475 2476/1/2476
f 2474/1/2474 2477/1/2477 2671/1/2671
f 2474/1/2474 2658/1/2658 2666/1/2666
f 2474/1/2474 2666/1/2666 2671/1/2671
f 2475/1/2475 2476/1/2476 2669/1/2669
f 2475/1/2475 2665/1/2665 2669/1/2669
f 2476/1/2476 2478/1/2478 2670/1/2670
f 2476/1/2476 2669/1/2669 2670/1/2670
f 2477/1/2477 2479/1/2479 2671/1/2671
f 2478/1/2478 2480/1/2480 2677/1/2677
f 2478/1/2478 2670/1/2670 2673/1/2673
f 2478/1/2478 2673/1/2673 2674/1/2674
f 2478/1/2478 2674/1/2674 2677/1/2677
f 2479/1/2479 2481/1/2481 2678/1/2678
f 2479/1/2479 2671/1/2671 2675/1/2675
f 2479/1/2479 2675/1/2675 2678/1/2678
f 2480/1/2480 2482/1/2482 2680/1/2680
f 2480/1/2480 2677/1/2677 2680/1/2680
f 2481/1/2481 2483/1/2483 2681/1/2681
f 2481/1/2481 2678/1/2678 2681/1/2681
f 2482/1/2482 2484/1/2484 2680/1/2680
f 2483/1/2483 2485/1/2485 2684/1/2684
f 2483/1/2483 2681/1/2681 2684/1/2684
f 2484/1/2484 2487/1/2487 2685/1/2685
f 2484/1/2484 2680/1/2680 2683/1/2683
f 2484/1/2484 2682/1/2682 2683/1/2683
f 2484/1/2484 2682/1/2682 2685/1/2685
f 2485/1/2485 2488/1/2488 2686/1/2686
f 2485/1/2485 2684/1/2684 2686/1/2686
f 2486/1/2486 2487/1/2487 2491/1/2491
f 2486/1/2486 2487/1/2487 2685/1/2685
f 2486/1/2486 2490/1/2490 2491/1/2491
f 2486/1/2486 2490/1/2490 2689/1/2689
f 2486/1/2486 2685/1/2685 2689/1/2689
f 2488/1/2488 2489/1/2489 2686/1/2686
f 2489/1/2489 2492/1/2492 2687/1/2687
f 2489/1/2489 2686/1/2686 2687/1/2687
f 2490/1/2490 2494/1/2494 2495/1/2495
f 2490/1/2490 2494/1/2494 2693/1/2693
f 2490/1/2490 2689/1/2689 2693/1/2693
f 2492/1/2492 2493/1/2493 2690/1/2690
f 2492/1/2492 2687/1/2687 2690/1/2690
f 2493/1/2493 2496/1/2496 2691/1/2691
f 2493/1/2493 2690/1/2690 2691/1/2691
f 2494/1/2494 2501/1/2501 2502/1/2502
f 2494/1/2494 2501/1/2501 2699/1/2699
f 2494/1/2494 2693/1/2693 2699/1/2699
f 2496/1/2496 2497/1/2497 2694/1/2694
f 2496/1/2496 2691/1/2691 2694/1/2694
f 2497/1/2497 2498/1/2498 2696/1/2696
f 2497/1/2497 2694/1/2694 2695/1/2695
f 2497/1/2497 2695/1/2695 2696/1/2696
f 2498/1/2498 2499/1/2499 2697/1/2697
f 2498/1/2498 2696/1/2696 2697/1/2697
f 2499/1/2499 2500/1/2500 2698/1/2698
f 2499/1/2499 2697/1/2697 2698/1/2698
f 2500/1/2500 2501/1/2501 2699/1/2699
f 2500/1/2500 2698/1/2698 2699/1/2699
f 2503/1/2503 2504/1/2504 2507/1/2507
f 2503/1/2503 2504/1/2504 2715/1/2715
f 2503/1/2503 2507/1/2507 2721/1/2721
f 2503/1/2503 2714/1/2714 2715/1/2715
f 2503/1/2503 2714/1/2714 2721/1/2721
f 2504/1/2504 2505/1/2505 2509/1/2509
f 2504/1/2504 2505/1/2505 2716/1/2716
f 2504/1/2504 2507/1/2507 2508/1/2508
f 2504/1/2504 2508/1/2508 2509/1/2509
f 2504/1/2504 2715/1/2715 2716/1/2716
f 2505/1/2505 2506/1/2506 2509/1/2509
f 2505/1/2505 2506/1/2506 2717/1/2717
f 2505/1/2505 2716/1/2716 2717/1/2717
f 2506/1/2506 2509/1/2509 2510/1/2510
f 2506/1/2506 2510/1/2510 2511/1/2511
f 2506/1/2506 2511/1/2511 2722/1/2722
f 2506/1/2506 2717/1/2717 2718/1/2718
f 2506/1/2506 2718/1/2718 2722/1/2722
f 2507/1/2507 2508/1/2508 2514/1/2514
f 2507/1/2507 2513/1/2513 2514/1/2514
f 2507/1/2507 2513/1/2513 2721/1/2721
f 2508/1/2508 2509/1/2509 2514/1/2514
f 2509/1/2509 2510/1/2510 2515/1/2515
f 2509/1/2509 2514/1/2514 2515/1/2515
f 2510/1/2510 2511/1/2511 2517/1/2517
f 2510/1/2510 2515/1/2515 2516/1/2516
f 2510/1/2510 2516/1/2516 2517/1/2517
f 2511/1/2511 2517/1/2517 2722/1/2722
f 2512/1/2512 2513/1/2513 2518/1/2518
f 2512/1/2512 2513/1/2513 2724/1/2724
f 2512/1/2512 2518/1/2518 2728/1/2728
f 2512/1/2512 2724/1/2724 2728/1/2728
f 2513/1/2513 2514/1/2514 2519/1/2519
f 2513/1/2513 2518/1/2518 2519/1/2519
f 2513/1/2513 2721/1/2721 2725/1/2725
f 2513/1/2513 2724/1/2724 2725/1/2725
f 2514/1/2514 2519/1/2519 2520/1/2520
f 2516/1/2516 2517/1/2517 2522/1/2522
f 2516/1/2516 2521/1/2521 2522/1/2522
f 2517/1/2517 2522/1/2522 2523/1/2523
f 2517/1/2517 2523/1/2523 2727/1/2727
f 2517/1/2517 2722/1/2722 2726/1/2726
f 2517/1/2517 2726/1/2726 2727/1/2727
f 2518/1/2518 2519/1/2519 2524/1/2524
f 2518/1/2518 2524/1/2524 2728/1/2728
f 2519/1/2519 2524/1/2524 2525/1/2525
f 2522/1/2522 2523/1/2523 2527/1/2527
f 2522/1/2522 2526/1/2526 2527/1/2527
f 2523/1/2523 2527/1/2527 2729/1/2729
f 2523/1/2523 2727/1/2727 2729/1/2729
f 2524/1/2524 2525/1/2525 2529/1/2529
f 2524/1/2524 2528/1/2528 2529/1/2529
f 2524/1/2524 2528/1/2528 2730/1/2730
f 2524/1/2524 2728/1/2728 2730/1/2730
f 2526/1/2526 2527/1/2527 2530/1/2530
f 2527/1/2527 2530/1/2530 2531/1/2531
f 2527/1/2527 2531/1/2531 2731/1/2731
f 2527/1/2527 2729/1/2729 2731/1/2731
f 2528/1/2528 2532/1/2532 2733/1/2733
f 2528/1/2528 2730/1/2730 2733/1/2733
f 2531/1/2531 2533/1/2533 2734/1/2734
f 2531/1/2531 2731/1/2731 2734/1/2734
f 2532/1/2532 2535/1/2535 2736/1/2736
f 2532/1/2532 2733/1/2733 2736/1/2736
f 2533/1/2533 2536/1/2536 2740/1/2740
f 2533/1/2533 2734/1/2734 2737/1/2737
f 2533/1/2533 2737/1/2737 2740/1/2740
f 2534/1/2534 2535/1/2535 2538/1/2538
f 2534/1/2534 2535/1/2535 2738/1/2738
f 2534/1/2534 2537/1/2537 2538/1/2538
f 2534/1/2534 2537/1/2537 2742/1/2742
f 2534/1/2534 2738/1/2738 2742/1/2742
f 2535/1/2535 2736/1/2736 2739/1/2739
f 2535/1/2535 2738/1/2738 2739/1/2739
f 2536/1/2536 2539/1/2539 2743/1/2743
f 2536/1/2536 2740/1/2740 2743/1/2743
f 2537/1/2537 2538/1/2538 2540/1/2540
f 2537/1/2537 2540/1/2540 2742/1/2742
f 2538/1/2538 2540/1/2540 2541/1/2541
f 2539/1/2539 2542/1/2542 2543/1/2543
f 2539/1/2539 2543/1/2543 2744/1/2744
f 2539/1/2539 2743/1/2743 2744/1/2744
f 2540/1/2540 2544/1/2544 2745/1/2745
f 2540/1/2540 2742/1/2742 2745/1/2745
f 2542/1/2542 2543/1/2543 2545/1/2545
f 2543/1/2543 2545/1/2545 2546/1/2546
f 2543/1/2543 2546/1/2546 2748/1/2748
f 2543/1/2543 2744/1/2744 2746/1/2746
f 2543/1/2543 2746/1/2746 2748/1/2748
f 2544/1/2544 2547/1/2547 2747/1/2747
f 2544/1/2544 2745/1/2745 2747/1/2747
f 2546/1/2546 2548/1/2548 2748/1/2748
f 2547/1/2547 2549/1/2549 2751/1/2751
f 2547/1/2547 2747/1/2747 2749/1/2749
f 2547/1/2547 2749/1/2749 2751/1/2751
f 2548/1/2548 2550/1/2550 2752/1/2752
f 2548/1/2548 2748/1/2748 2750/1/2750
f 2548/1/2548 2750/1/2750 2752/1/2752
f 2549/1/2549 2551/1/2551 2753/1/2753
f 2549/1/2549 2751/1/2751 2753/1/2753
f 2550/1/2550 2552/1/2552 2754/1/2754
f 2550/1/2550 2752/1/2752 2754/1/2754
f 2551/1/2551 2553/1/2553 2753/1/2753
f 2552/1/2552 2554/1/2554 2756/1/2756
f 2552/1/2552 2754/1/2754 2756/1/2756
f 2553/1/2553 2555/1/2555 2757/1/2757
f 2553/1/2553 2753/1/2753 2755/1/2755
f 2553/1/2553 2755/1/2755 2757/1/2757
f 2554/1/2554 2556/1/2556 2756/1/2756
f 2555/1/2555 2557/1/2557 2759/1/2759
f 2555/1/2555 2757/1/2757 2759/1/2759
f 2556/1/2556 2558/1/2558 2758/1/2758
f 2556/1/2556 2756/1/2756 2758/1/2758
f 2557/1/2557 2559/1/2559 2761/1/2761
f 2557/1/2557 2759/1/2759 2761/1/2761
f 2558/1/2558 2560/1/2560 2762/1/2762
f 2558/1/2558 2758/1/2758 2760/1/2760
f 2558/1/2558 2760/1/2760 2762/1/2762
f 2559/1/2559 2561/1/2561 2763/1/2763
f 2559/1/2559 2761/1/2761 2763/1/2763
f 2560/1/2560 2562/1/2562 2764/1/2764
f 2560/1/2560 2762/1/2762 2764/1/2764
f 2561/1/2561 2564/1/2564 2763/1/2763
f 2562/1/2562 2565/1/2565 2766/1/2766
f 2562/1/2562 2764/1/2764 2766/1/2766
f 2563/1/2563 2564/1/2564 2566/1/2566
f 2564/1/2564 2566/1/2566 2567/1/2567
f 2564/1/2564 2567/1/2567 2767/1/2767
f 2564/1/2564 2763/1/2763 2765/1/2765
f 2564/1/2564 2765/1/2765 2767/1/2767
f 2565/1/2565 2568/1/2568 2766/1/2766
f 2566/1/2566 2567/1/2567 2569/1/2569
f 2567/1/2567 2569/1/2569 2570/1/2570
f 2567/1/2567 2570/1/2570 2769/1/2769
f 2567/1/2567 2767/1/2767 2769/1/2769
f 2568/1/2568 2571/1/2571 2768/1/2768
f 2568/1/2568 2766/1/2766 2768/1/2768
f 2569/1/2569 2570/1/2570 2573/1/2573
f 2569/1/2569 2570/1/2570 2769/1/2769
f 2569/1/2569 2572/1/2572 2573/1/2573
f 2569/1/2569 2573/1/2573 2771/1/2771
f 2569/1/2569 2769/1/2769 2771/1/2771
f 2571/1/2571 2574/1/2574 2772/1/2772
f 2571/1/2571 2768/1/2768 2770/1/2770
f 2571/1/2571 2770/1/2770 2772/1/2772
f 2573/1/2573 2575/1/2575 2773/1/2773
f 2573/1/2573 2771/1/2771 2773/1/2773
f 2574/1/2574 2576/1/2576 2775/1/2775
f 2574/1/2574 2772/1/2772 2775/1/2775
f 2575/1/2575 2577/1/2577 2776/1/2776
f 2575/1/2575 2773/1/2773 2776/1/2776
f 2576/1/2576 2578/1/2578 2775/1/2775
f 2577/1/2577 2579/1/2579 2779/1/2779
f 2577/1/2577 2776/1/2776 2779/1/2779
f 2578/1/2578 2581/1/2581 2781/1/2781
f 2578/1/2578 2775/1/2775 2778/1/2778
f 2578/1/2578 2778/1/2778 2781/1/2781
f 2579/1/2579 2582/1/2582 2779/1/2779
f 2580/1/2580 2581/1/2581 2780/1/2780
f 2580/1/2580 2583/1/2583 2784/1/2784
f 2580/1/2580 2780/1/2780 2784/1/2784
f 2581/1/2581 2780/1/2780 2781/1/2781
f 2582/1/2582 2584/1/2584 2785/1/2785
f 2582/1/2582 2779/1/2779 2782/1/2782
f 2582/1/2582 2782/1/2782 2785/1/2785
f 2583/1/2583 2586/1/2586 2792/1/2792
f 2583/1/2583 2784/1/2784 2792/1/2792
f 2584/1/2584 2585/1/2585 2785/1/2785
f 2585/1/2585 2588/1/2588 2793/1/2793
f 2585/1/2585 2785/1/2785 2793/1/2793
f 2586/1/2586 2589/1/2589 2799/1/2799
f 2586/1/2586 2792/1/2792 2799/1/2799
f 2587/1/2587 2588/1/2588 2590/1/2590
f 2588/1/2588 2590/1/2590 2591/1/2591
f 2588/1/2588 2591/1/2591 2793/1/2793
f 2589/1/2589 2592/1/2592 2807/1/2807
f 2589/1/2589 2799/1/2799 2807/1/2807
f 2590/1/2590 2591/1/2591 2800/1/2800
f 2590/1/2590 2593/1/2593 2808/1/2808
f 2590/1/2590 2800/1/2800 2808/1/2808
f 2591/1/2591 2793/1/2793 2801/1/2801
f 2591/1/2591 2800/1/2800 2801/1/2801
f 2592/1/2592 2594/1/2594 2807/1/2807
f 2593/1/2593 2596/1/2596 2808/1/2808
f 2594/1/2594 2595/1/2595 2603/1/2603
f 2594/1/2594 2603/1/2603 2815/1/2815
f 2594/1/2594 2807/1/2807 2815/1/2815
f 2595/1/2595 2603/1/2603 2604/1/2604
f 2596/1/2596 2597/1/2597 2606/1/2606
f 2596/1/2596 2597/1/2597 2808/1/2808
f 2596/1/2596 2605/1/2605 2606/1/2606
f 2597/1/2597 2598/1/2598 2606/1/2606
f 2597/1/2597 2598/1/2598 2816/1/2816
f 2597/1/2597 2808/1/2808 2816/1/2816
f 2597/1/2597 2809/1/2809 2816/1/2816
f 2598/1/2598 2599/1/2599 2607/1/2607
f 2598/1/2598 2599/1/2599 2818/1/2818
f 2598/1/2598 2606/1/2606 2607/1/2607
f 2598/1/2598 2816/1/2816 2817/1/2817
f 2598/1/2598 2817/1/2817 2818/1/2818
f 2599/1/2599 2600/1/2600 2608/1/2608
f 2599/1/2599 2600/1/2600 2818/1/2818
f 2599/1/2599 2607/1/2607 2608/1/2608
f 2600/1/2600 2601/1/2601 2610/1/2610
f 2600/1/2600 2601/1/2601 2819/1/2819
f 2600/1/2600 2608/1/2608 2609/1/2609
f 2600/1/2600 2609/1/2609 2610/1/2610
f 2600/1/2600 2818/1/2818 2819/1/2819
f 2601/1/2601 2602/1/2602 2610/1/2610
f 2601/1/2601 2602/1/2602 2821/1/2821
f 2601/1/2601 2819/1/2819 2820/1/2820
f 2601/1/2601 2820/1/2820 2821/1/2821
f 2602/1/2602 2603/1/2603 2612/1/2612
f 2602/1/2602 2603/1/2603 2821/1/2821
f 2602/1/2602 2610/1/2610 2611/1/2611
f 2602/1/2602 2611/1/2611 2612/1/2612
f 2603/1/2603 2604/1/2604 2613/1/2613
f 2603/1/2603 2612/1/2612 2613/1/2613
f 2603/1/2603 2815/1/2815 2822/1/2822
f 2603/1/2603 2821/1/2821 2822/1/2822
f 2605/1/2605 2606/1/2606 2614/1/2614
f 2606/1/2606 2607/1/2607 2615/1/2615
f 2606/1/2606 2614/1/2614 2615/1/2615
f 2607/1/2607 2608/1/2608 2616/1/2616
f 2607/1/2607 2615/1/2615 2616/1/2616
f 2608/1/2608 2609/1/2609 2618/1/2618
f 2608/1/2608 2616/1/2616 2617/1/2617
f 2608/1/2608 2617/1/2617 2618/1/2618
f 2609/1/2609 2610/1/2610 2619/1/2619
f 2609/1/2609 2618/1/2618 2619/1/2619
f 2610/1/2610 2611/1/2611 2620/1/2620
f 2610/1/2610 2619/1/2619 2620/1/2620
f 2611/1/2611 2612/1/2612 2621/1/2621
f 2611/1/2611 2620/1/2620 2621/1/2621
f 2612/1/2612 2613/1/2613 2622/1/2622
f 2612/1/2612 2621/1/2621 2622/1/2622
f 2614/1/2614 2615/1/2615 2624/1/2624
f 2614/1/2614 2623/1/2623 2624/1/2624
f 2615/1/2615 2616/1/2616 2624/1/2624
f 2616/1/2616 2617/1/2617 2626/1/2626
f 2616/1/2616 2624/1/2624 2625/1/2625
f 2616/1/2616 2625/1/2625 2626/1/2626
f 2617/1/2617 2618/1/2618 2627/1/2627
f 2617/1/2617 2626/1/2626 2627/1/2627
f 2618/1/2618 2619/1/2619 2628/1/2628
f 2618/1/2618 2627/1/2627 2628/1/2628
f 2619/1/2619 2620/1/2620 2628/1/2628
f 2620/1/2620 2621/1/2621 2629/1/2629
f 2620/1/2620 2628/1/2628 2629/1/2629
f 2621/1/2621 2622/1/2622 2630/1/2630
f 2621/1/2621 2629/1/2629 2630/1/2630
f 2622/1/2622 2630/1/2630 2631/1/2631
f 2625/1/2625 2626/1/2626 2634/1/2634
f 2626/1/2626 2627/1/2627 2636/1/2636
f 2626/1/2626 2634/1/2634 2635/1/2635
f 2626/1/2626 2635/1/2635 2636/1/2636
f 2627/1/2627 2628/1/2628 2637/1/2637
f 2627/1/2627 2636/1/2636 2637/1/2637
f 2628/1/2628 2629/1/2629 2637/1/2637
f 2629/1/2629 2637/1/2637 2638/1/2638
f 2632/1/2632 2633/1/2633 2639/1/2639
f 2633/1/2633 2634/1/2634 2640/1/2640
f 2633/1/2633 2639/1/2639 2640/1/2640
f 2634/1/2634 2635/1/2635 2641/1/2641
f 2634/1/2634 2640/1/2640 2641/1/2641
f 2635/1/2635 2636/1/2636 2643/1/2643
f 2635/1/2635 2641/1/2641 2642/1/2642
f 2635/1/2635 2642/1/2642 2643/1/2643
f 2636/1/2636 2637/1/2637 2644/1/2644
f 2636/1/2636 2643/1/2643 2644/1/2644
f 2637/1/2637 2638/1/2638 2645/1/2645
f 2637/1/2637 2644/1/2644 2645/1/2645
f 2639/1/2639 2640/1/2640 2649/1/2649
f 2640/1/2640 2641/1/2641 2651/1/2651
f 2640/1/2640 2649/1/2649 2650/1/2650
f 2640/1/2640 2650/1/2650 2651/1/2651
f 2641/1/2641 2642/1/2642 2651/1/2651
f 2642/1/2642 2643/1/2643 2652/1/2652
f 2642/1/2642 2651/1/2651 2652/1/2652
f 2643/1/2643 2644/1/2644 2653/1/2653
f 2643/1/2643 2652/1/2652 2653/1/2653
f 2644/1/2644 2645/1/2645 2654/1/2654
f 2644/1/2644 2653/1/2653 2654/1/2654
f 2645/1/2645 2646/1/2646 2655/1/2655
f 2645/1/2645 2654/1/2654 2655/1/2655
f 2646/1/2646 2647/1/2647 2657/1/2657
f 2646/1/2646 2655/1/2655 2656/1/2656
f 2646/1/2646 2656/1/2656 2657/1/2657
f 2648/1/2648 2649/1/2649 2659/1/2659
f 2649/1/2649 2650/1/2650 2660/1/2660
f 2649/1/2649 2659/1/2659 2660/1/2660
f 2650/1/2650 2651/1/2651 2661/1/2661
f 2650/1/2650 2660/1/2660 2661/1/2661
f 2651/1/2651 2652/1/2652 2662/1/2662
f 2651/1/2651 2661/1/2661 2662/1/2662
f 2652/1/2652 2653/1/2653 2824/1/2824
f 2652/1/2652 2662/1/2662 2828/1/2828
f 2652/1/2652 2823/1/2823 2824/1/2824
f 2652/1/2652 2823/1/2823 2828/1/2828
f 2653/1/2653 2654/1/2654 2824/1/2824
f 2654/1/2654 2655/1/2655 2830/1/2830
f 2654/1/2654 2824/1/2824 2825/1/2825
f 2654/1/2654 2825/1/2825 2830/1/2830
f 2655/1/2655 2656/1/2656 2664/1/2664
f 2655/1/2655 2663/1/2663 2664/1/2664
f 2655/1/2655 2663/1/2663 2831/1/2831
f 2655/1/2655 2830/1/2830 2831/1/2831
f 2656/1/2656 2657/1/2657 2664/1/2664
f 2657/1/2657 2664/1/2664 2665/1/2665
f 2658/1/2658 2659/1/2659 2666/1/2666
f 2659/1/2659 2660/1/2660 2826/1/2826
f 2659/1/2659 2666/1/2666 2667/1/2667
f 2659/1/2659 2667/1/2667 2834/1/2834
f 2659/1/2659 2826/1/2826 2834/1/2834
f 2660/1/2660 2661/1/2661 2826/1/2826
f 2661/1/2661 2662/1/2662 2828/1/2828
f 2661/1/2661 2826/1/2826 2827/1/2827
f 2661/1/2661 2827/1/2827 2828/1/2828
f 2663/1/2663 2664/1/2664 2831/1/2831
f 2664/1/2664 2665/1/2665 2668/1/2668
f 2664/1/2664 2668/1/2668 2838/1/2838
f 2664/1/2664 2831/1/2831 2832/1/2832
f 2664/1/2664 2832/1/2832 2838/1/2838
f 2665/1/2665 2668/1/2668 2669/1/2669
f 2666/1/2666 2667/1/2667 2671/1/2671
f 2667/1/2667 2671/1/2671 2672/1/2672
f 2667/1/2667 2672/1/2672 2840/1/2840
f 2667/1/2667 2833/1/2833 2834/1/2834
f 2667/1/2667 2833/1/2833 2840/1/2840
f 2668/1/2668 2669/1/2669 2838/1/2838
f 2669/1/2669 2670/1/2670 2673/1/2673
f 2669/1/2669 2673/1/2673 2839/1/2839
f 2669/1/2669 2838/1/2838 2839/1/2839
f 2671/1/2671 2672/1/2672 2840/1/2840
f 2671/1/2671 2675/1/2675 2844/1/2844
f 2671/1/2671 2840/1/2840 2844/1/2844
f 2673/1/2673 2674/1/2674 2677/1/2677
f 2673/1/2673 2676/1/2676 2677/1/2677
f 2673/1/2673 2676/1/2676 2843/1/2843
f 2673/1/2673 2839/1/2839 2843/1/2843
f 2675/1/2675 2678/1/2678 2847/1/2847
f 2675/1/2675 2844/1/2844 2847/1/2847
f 2676/1/2676 2677/1/2677 2679/1/2679
f 2676/1/2676 2679/1/2679 2849/1/2849
f 2676/1/2676 2843/1/2843 2846/1/2846
f 2676/1/2676 2846/1/2846 2849/1/2849
f 2677/1/2677 2679/1/2679 2680/1/2680
f 2678/1/2678 2681/1/2681 2847/1/2847
f 2679/1/2679 2680/1/2680 2682/1/2682
f 2679/1/2679 2682/1/2682 2849/1/2849
f 2680/1/2680 2682/1/2682 2683/1/2683
f 2681/1/2681 2684/1/2684 2852/1/2852
f 2681/1/2681 2847/1/2847 2850/1/2850
f 2681/1/2681 2850/1/2850 2852/1/2852
f 2682/1/2682 2685/1/2685 2854/1/2854
f 2682/1/2682 2849/1/2849 2851/1/2851
f 2682/1/2682 2851/1/2851 2854/1/2854
f 2684/1/2684 2686/1/2686 2855/1/2855
f 2684/1/2684 2852/1/2852 2855/1/2855
f 2685/1/2685 2689/1/2689 2858/1/2858
f 2685/1/2685 2854/1/2854 2858/1/2858
f 2686/1/2686 2687/1/2687 2856/1/2856
f 2686/1/2686 2855/1/2855 2856/1/2856
f 2687/1/2687 2690/1/2690 2856/1/2856
f 2688/1/2688 2689/1/2689 2693/1/2693
f 2688/1/2688 2689/1/2689 2858/1/2858
f 2688/1/2688 2693/1/2693 2857/1/2857
f 2688/1/2688 2857/1/2857 2858/1/2858
f 2690/1/2690 2691/1/2691 2859/1/2859
f 2690/1/2690 2856/1/2856 2859/1/2859
f 2691/1/2691 2694/1/2694 2860/1/2860
f 2691/1/2691 2859/1/2859 2860/1/2860
f 2692/1/2692 2693/1/2693 2699/1/2699
f 2692/1/2692 2693/1/2693 2862/1/2862
f 2692/1/2692 2699/1/2699 2868/1/2868
f 2692/1/2692 2862/1/2862 2868/1/2868
f 2693/1/2693 2857/1/2857 2862/1/2862
f 2694/1/2694 2695/1/2695 2864/1/2864
f 2694/1/2694 2860/1/2860 2863/1/2863
f 2694/1/2694 2863/1/2863 2864/1/2864
f 2695/1/2695 2696/1/2696 2864/1/2864
f 2696/1/2696 2697/1/2697 2865/1/2865
f 2696/1/2696 2864/1/2864 2865/1/2865
f 2697/1/2697 2698/1/2698 2866/1/2866
f 2697/1/2697 2865/1/2865 2866/1/2866
f 2698/1/2698 2699/1/2699 2867/1/2867
f 2698/1/2698 2866/1/2866 2867/1/2867
f 2699/1/2699 2867/1/2867 2868/1/2868
f 2700/1/2700 2701/1/2701 2704/1/2704
f 2700/1/2700 2701/1/2701 2885/1/2885
f 2700/1/2700 2704/1/2704 2884/1/2884
f 2700/1/2700 2884/1/2884 2885/1/2885
f 2701/1/2701 2702/1/2702 2706/1/2706
f 2701/1/2701 2702/1/2702 2886/1/2886
f 2701/1/2701 2704/1/2704 2705/1/2705
f 2701/1/2701 2705/1/2705 2706/1/2706
f 2701/1/2701 2885/1/2885 2886/1/2886
f 2702/1/2702 2706/1/2706 2886/1/2886
f 2703/1/2703 2704/1/2704 2708/1/2708
f 2703/1/2703 2704/1/2704 2890/1/2890
f 2703/1/2703 2708/1/2708 2890/1/2890
f 2704/1/2704 2705/1/2705 2709/1/2709
f 2704/1/2704 2708/1/2708 2709/1/2709
f 2704/1/2704 2884/1/2884 2890/1/2890
f 2705/1/2705 2706/1/2706 2711/1/2711
f 2705/1/2705 2709/1/2709 2710/1/2710
f 2705/1/2705 2710/1/2710 2711/1/2711
f 2706/1/2706 2707/1/2707 2712/1/2712
f 2706/1/2706 2707/1/2707 2891/1/2891
f 2706/1/2706 2711/1/2711 2712/1/2712
f 2706/1/2706 2886/1/2886 2891/1/2891
f 2707/1/2707 2712/1/2712 2895/1/2895
f 2707/1/2707 2891/1/2891 2895/1/2895
f 2708/1/2708 2709/1/2709 2714/1/2714
f 2708/1/2708 2714/1/2714 2897/1/2897
f 2708/1/2708 2890/1/2890 2894/1/2894
f 2708/1/2708 2893/1/2893 2894/1/2894
f 2708/1/2708 2893/1/2893 2897/1/2897
f 2709/1/2709 2710/1/2710 2715/1/2715
f 2709/1/2709 2714/1/2714 2715/1/2715
f 2710/1/2710 2711/1/2711 2716/1/2716
f 2710/1/2710 2715/1/2715 2716/1/2716
f 2711/1/2711 2712/1/2712 2717/1/2717
f 2711/1/2711 2716/1/2716 2717/1/2717
f 2712/1/2712 2717/1/2717 2718/1/2718
f 2712/1/2712 2718/1/2718 2898/1/2898
f 2712/1/2712 2895/1/2895 2898/1/2898
f 2713/1/2713 2714/1/2714 2720/1/2720
f 2713/1/2713 2714/1/2714 2897/1/2897
f 2713/1/2713 2720/1/2720 2897/1/2897
f 2714/1/2714 2720/1/2720 2721/1/2721
f 2718/1/2718 2719/1/2719 2722/1/2722
f 2718/1/2718 2719/1/2719 2899/1/2899
f 2718/1/2718 2898/1/2898 2899/1/2899
f 2719/1/2719 2722/1/2722 2723/1/2723
f 2719/1/2719 2723/1/2723 2899/1/2899
f 2720/1/2720 2721/1/2721 2725/1/2725
f 2720/1/2720 2724/1/2724 2725/1/2725
f 2720/1/2720 2724/1/2724 2903/1/2903
f 2720/1/2720 2897/1/2897 2900/1/2900
f 2720/1/2720 2900/1/2900 2903/1/2903
f 2722/1/2722 2723/1/2723 2727/1/2727
f 2722/1/2722 2726/1/2726 2727/1/2727
f 2723/1/2723 2727/1/2727 2901/1/2901
f 2723/1/2723 2899/1/2899 2901/1/2901
f 2724/1/2724 2728/1/2728 2906/1/2906
f 2724/1/2724 2903/1/2903 2906/1/2906
f 2727/1/2727 2729/1/2729 2904/1/2904
f 2727/1/2727 2901/1/2901 2904/1/2904
f 2728/1/2728 2730/1/2730 2909/1/2909
f 2728/1/2728 2906/1/2906 2909/1/2909
f 2729/1/2729 2731/1/2731 2907/1/2907
f 2729/1/2729 2904/1/2904 2907/1/2907
f 2730/1/2730 2733/1/2733 2911/1/2911
f 2730/1/2730 2908/1/2908 2909/1/2909
f 2730/1/2730 2908/1/2908 2911/1/2911
f 2731/1/2731 2734/1/2734 2912/1/2912
f 2731/1/2731 2907/1/2907 2910/1/2910
f 2731/1/2731 2910/1/2910 2912/1/2912
f 2732/1/2732 2733/1/2733 2736/1/2736
f 2732/1/2732 2733/1/2733 2911/1/2911
f 2732/1/2732 2735/1/2735 2736/1/2736
f 2732/1/2732 2735/1/2735 2911/1/2911
f 2734/1/2734 2737/1/2737 2912/1/2912
f 2735/1/2735 2736/1/2736 2738/1/2738
f 2735/1/2735 2738/1/2738 2917/1/2917
f 2735/1/2735 2911/1/2911 2914/1/2914
f 2735/1/2735 2914/1/2914 2917/1/2917
f 2736/1/2736 2738/1/2738 2739/1/2739
f 2737/1/2737 2740/1/2740 2918/1/2918
f 2737/1/2737 2912/1/2912 2915/1/2915
f 2737/1/2737 2915/1/2915 2918/1/2918
f 2738/1/2738 2742/1/2742 2917/1/2917
f 2740/1/2740 2741/1/2741 2744/1/2744
f 2740/1/2740 2741/1/2741 2918/1/2918
f 2740/1/2740 2743/1/2743 2744/1/2744
f 2741/1/2741 2744/1/2744 2918/1/2918
f 2742/1/2742 2745/1/2745 2919/1/2919
f 2742/1/2742 2917/1/2917 2919/1/2919
f 2744/1/2744 2746/1/2746 2920/1/2920
f 2744/1/2744 2918/1/2918 2920/1/2920
f 2745/1/2745 2747/1/2747 2921/1/2921
f 2745/1/2745 2919/1/2919 2921/1/2921
f 2746/1/2746 2748/1/2748 2922/1/2922
f 2746/1/2746 2920/1/2920 2922/1/2922
f 2747/1/2747 2749/1/2749 2923/1/2923
f 2747/1/2747 2921/1/2921 2923/1/2923
f 2748/1/2748 2750/1/2750 2926/1/2926
f 2748/1/2748 2922/1/2922 2924/1/2924
f 2748/1/2748 2924/1/2924 2926/1/2926
f 2749/1/2749 2751/1/2751 2925/1/2925
f 2749/1/2749 2923/1/2923 2925/1/2925
f 2750/1/2750 2752/1/2752 2926/1/2926
f 2751/1/2751 2753/1/2753 2929/1/2929
f 2751/1/2751 2925/1/2925 2927/1/2927
f 2751/1/2751 2927/1/2927 2929/1/2929
f 2752/1/2752 2754/1/2754 2930/1/2930
f 2752/1/2752 2926/1/2926 2928/1/2928
f 2752/1/2752 2928/1/2928 2930/1/2930
f 2753/1/2753 2755/1/2755 2929/1/2929
f 2754/1/2754 2756/1/2756 2930/1/2930
f 2755/1/2755 2757/1/2757 2933/1/2933
f 2755/1/2755 2929/1/2929 2931/1/2931
f 2755/1/2755 2931/1/2931 2933/1/2933
f 2756/1/2756 2758/1/2758 2934/1/2934
f 2756/1/2756 2930/1/2930 2932/1/2932
f 2756/1/2756 2932/1/2932 2934/1/2934
f 2757/1/2757 2759/1/2759 2935/1/2935
f 2757/1/2757 2933/1/2933 2935/1/2935
f 2758/1/2758 2760/1/2760 2934/1/2934
f 2759/1/2759 2761/1/2761 2935/1/2935
f 2760/1/2760 2762/1/2762 2937/1/2937
f 2760/1/2760 2934/1/2934 2937/1/2937
f 2761/1/2761 2763/1/2763 2938/1/2938
f 2761/1/2761 2935/1/2935 2938/1/2938
f 2762/1/2762 2764/1/2764 2940/1/2940
f 2762/1/2762 2937/1/2937 2940/1/2940
f 2763/1/2763 2765/1/2765 2941/1/2941
f 2763/1/2763 2938/1/2938 2941/1/2941
f 2764/1/2764 2766/1/2766 2943/1/2943
f 2764/1/2764 2940/1/2940 2943/1/2943
f 2765/1/2765 2767/1/2767 2944/1/2944
f 2765/1/2765 2941/1/2941 2944/1/2944
f 2766/1/2766 2768/1/2768 2949/1/2949
f 2766/1/2766 2943/1/2943 2946/1/2946
f 2766/1/2766 2946/1/2946 2949/1/2949
f 2767/1/2767 2769/1/2769 2947/1/2947
f 2767/1/2767 2944/1/2944 2947/1/2947
f 2768/1/2768 2770/1/2770 2952/1/2952
f 2768/1/2768 2949/1/2949 2952/1/2952
f 2769/1/2769 2771/1/2771 2950/1/2950
f 2769/1/2769 2947/1/2947 2950/1/2950
f 2770/1/2770 2772/1/2772 2956/1/2956
f 2770/1/2770 2952/1/2952 2956/1/2956
f 2771/1/2771 2773/1/2773 2953/1/2953
f 2771/1/2771 2950/1/2950 2953/1/2953
f 2772/1/2772 2775/1/2775 2956/1/2956
f 2773/1/2773 2776/1/2776 2960/1/2960
f 2773/1/2773 2953/1/2953 2957/1/2957
f 2773/1/2773 2957/1/2957 2960/1/2960
f 2774/1/2774 2775/1/2775 2777/1/2777
f 2774/1/2774 2775/1/2775 2959/1/2959
f 2774/1/2774 2777/1/2777 2963/1/2963
f 2774/1/2774 2959/1/2959 2963/1/2963
f 2775/1/2775 2777/1/2777 2778/1/2778
f 2775/1/2775 2956/1/2956 2959/1/2959
f 2776/1/2776 2779/1/2779 2960/1/2960
f 2777/1/2777 2778/1/2778 2780/1/2780
f 2777/1/2777 2780/1/2780 2963/1/2963
f 2778/1/2778 2780/1/2780 2781/1/2781
f 2779/1/2779 2782/1/2782 2964/1/2964
f 2779/1/2779 2960/1/2960 2964/1/2964
f 2780/1/2780 2784/1/2784 2971/1/2971
f 2780/1/2780 2963/1/2963 2971/1/2971
f 2782/1/2782 2783/1/2783 2785/1/2785
f 2782/1/2782 2783/1/2783 2973/1/2973
f 2782/1/2782 2964/1/2964 2972/1/2972
f 2782/1/2782 2972/1/2972 2973/1/2973
f 2783/1/2783 2785/1/2785 2786/1/2786
f 2783/1/2783 2786/1/2786 2973/1/2973
f 2784/1/2784 2792/1/2792 2979/1/2979
f 2784/1/2784 2971/1/2971 2979/1/2979
f 2785/1/2785 2786/1/2786 2793/1/2793
f 2786/1/2786 2787/1/2787 2794/1/2794
f 2786/1/2786 2787/1/2787 2980/1/2980
f 2786/1/2786 2793/1/2793 2794/1/2794
f 2786/1/2786 2973/1/2973 2980/1/2980
f 2787/1/2787 2788/1/2788 2795/1/2795
f 2787/1/2787 2788/1/2788 2981/1/2981
f 2787/1/2787 2794/1/2794 2795/1/2795
f 2787/1/2787 2980/1/2980 2981/1/2981
f 2788/1/2788 2789/1/2789 2795/1/2795
f 2788/1/2788 2789/1/2789 2983/1/2983
f 2788/1/2788 2981/1/2981 2982/1/2982
f 2788/1/2788 2982/1/2982 2983/1/2983
f 2789/1/2789 2790/1/2790 2796/1/2796
f 2789/1/2789 2790/1/2790 2983/1/2983
f 2789/1/2789 2795/1/2795 2796/1/2796
f 2789/1/2789 2976/1/2976 2983/1/2983
f 2790/1/2790 2791/1/2791 2797/1/2797
f 2790/1/2790 2791/1/2791 2984/1/2984
f 2790/1/2790 2796/1/2796 2797/1/2797
f 2790/1/2790 2977/1/2977 2983/1/2983
f 2790/1/2790 2977/1/2977 2984/1/2984
f 2791/1/2791 2792/1/2792 2798/1/2798
f 2791/1/2791 2792/1/2792 2979/1/2979
f 2791/1/2791 2797/1/2797 2798/1/2798
f 2791/1/2791 2978/1/2978 2979/1/2979
f 2791/1/2791 2978/1/2978 2985/1/2985
f 2791/1/2791 2984/1/2984 2985/1/2985
f 2792/1/2792 2798/1/2798 2799/1/2799
f 2793/1/2793 2794/1/2794 2802/1/2802
f 2793/1/2793 2801/1/2801 2802/1/2802
f 2794/1/2794 2795/1/2795 2803/1/2803
f 2794/1/2794 2802/1/2802 2803/1/2803
f 2795/1/2795 2796/1/2796 2804/1/2804
f 2795/1/2795 2803/1/2803 2804/1/2804
f 2796/1/2796 2797/1/2797 2804/1/2804
f 2797/1/2797 2798/1/2798 2806/1/2806
f 2797/1/2797 2804/1/2804 2805/1/2805
f 2797/1/2797 2805/1/2805 2806/1/2806
f 2798/1/2798 2799/1/2799 2807/1/2807
f 2798/1/2798 2806/1/2806 2807/1/2807
f 2800/1/2800 2801/1/2801 2809/1/2809
f 2800/1/2800 2808/1/2808 2809/1/2809
f 2801/1/2801 2802/1/2802 2810/1/2810
f 2801/1/2801 2809/1/2809 2810/1/2810
f 2802/1/2802 2803/1/2803 2811/1/2811
f 2802/1/2802 2810/1/2810 2811/1/2811
f 2803/1/2803 2804/1/2804 2812/1/2812
f 2803/1/2803 2811/1/2811 2812/1/2812
f 2804/1/2804 2805/1/2805 2813/1/2813
f 2804/1/2804 2812/1/2812 2813/1/2813
f 2805/1/2805 2806/1/2806 2814/1/2814
f 2805/1/2805 2813/1/2813 2814/1/2814
f 2806/1/2806 2807/1/2807 2814/1/2814
f 2807/1/2807 2814/1/2814 2815/1/2815
f 2808/1/2808 2809/1/2809 2816/1/2816
f 2809/1/2809 2810/1/2810 2816/1/2816
f 2810/1/2810 2811/1/2811 2818/1/2818
f 2810/1/2810 2816/1/2816 2817/1/2817
f 2810/1/2810 2817/1/2817 2818/1/2818
f 2811/1/2811 2812/1/2812 2818/1/2818
f 2812/1/2812 2813/1/2813 2820/1/2820
f 2812/1/2812 2818/1/2818 2819/1/2819
f 2812/1/2812 2819/1/2819 2820/1/2820
f 2813/1/2813 2814/1/2814 2820/1/2820
f 2814/1/2814 2815/1/2815 2822/1/2822
f 2814/1/2814 2820/1/2820 2821/1/2821
f 2814/1/2814 2821/1/2821 2822/1/2822
f 2823/1/2823 2824/1/2824 2828/1/2828
f 2824/1/2824 2825/1/2825 2829/1/2829
f 2824/1/2824 2828/1/2828 2829/1/2829
f 2825/1/2825 2829/1/2829 2830/1/2830
f 2826/1/2826 2827/1/2827 2835/1/2835
f 2826/1/2826 2834/1/2834 2835/1/2835
f 2827/1/2827 2828/1/2828 2836/1/2836
f 2827/1/2827 2835/1/2835 2836/1/2836
f 2828/1/2828 2829/1/2829 2836/1/2836
f 2828/1/2828 2836/1/2836 2990/1/2990
f 2829/1/2829 2830/1/2830 2986/1/2986
f 2829/1/2829 2836/1/2836 2991/1/2991
f 2829/1/2829 2986/1/2986 2991/1/2991
f 2830/1/2830 2831/1/2831 2837/1/2837
f 2830/1/2830 2837/1/2837 2992/1/2992
f 2830/1/2830 2986/1/2986 2987/1/2987
f 2830/1/2830 2987/1/2987 2992/1/2992
f 2831/1/2831 2832/1/2832 2838/1/2838
f 2831/1/2831 2837/1/2837 2838/1/2838
f 2833/1/2833 2834/1/2834 2840/1/2840
f 2834/1/2834 2835/1/2835 2988/1/2988
f 2834/1/2834 2840/1/2840 2841/1/2841
f 2834/1/2834 2841/1/2841 2995/1/2995
f 2834/1/2834 2988/1/2988 2995/1/2995
f 2835/1/2835 2836/1/2836 2989/1/2989
f 2835/1/2835 2988/1/2988 2989/1/2989
f 2836/1/2836 2989/1/2989 2990/1/2990
f 2836/1/2836 2990/1/2990 2991/1/2991
f 2837/1/2837 2838/1/2838 2993/1/2993
f 2837/1/2837 2992/1/2992 2993/1/2993
f 2838/1/2838 2839/1/2839 2843/1/2843
f 2838/1/2838 2842/1/2842 2843/1/2843
f 2838/1/2838 2842/1/2842 2998/1/2998
f 2838/1/2838 2993/1/2993 2998/1/2998
f 2840/1/2840 2841/1/2841 2995/1/2995
f 2840/1/2840 2844/1/2844 2845/1/2845
f 2840/1/2840 2845/1/2845 2999/1/2999
f 2840/1/2840 2994/1/2994 2995/1/2995
f 2840/1/2840 2994/1/2994 2999/1/2999
f 2842/1/2842 2843/1/2843 2846/1/2846
f 2842/1/2842 2846/1/2846 3001/1/3001
f 2842/1/2842 2998/1/2998 3001/1/3001
f 2844/1/2844 2845/1/2845 2847/1/2847
f 2845/1/2845 2847/1/2847 2848/1/2848
f 2845/1/2845 2848/1/2848 2999/1/2999
f 2846/1/2846 2849/1/2849 3002/1/3002
f 2846/1/2846 3001/1/3001 3002/1/3002
f 2847/1/2847 2848/1/2848 3004/1/3004
f 2847/1/2847 2850/1/2850 3007/1/3007
f 2847/1/2847 3003/1/3003 3004/1/3004
f 2847/1/2847 3003/1/3003 3007/1/3007
f 2848/1/2848 2999/1/2999 3004/1/3004
f 2849/1/2849 2851/1/2851 3006/1/3006
f 2849/1/2849 3002/1/3002 3006/1/3006
f 2850/1/2850 2852/1/2852 3010/1/3010
f 2850/1/2850 3007/1/3007 3010/1/3010
f 2851/1/2851 2854/1/2854 3012/1/3012
f 2851/1/2851 3006/1/3006 3009/1/3009
f 2851/1/2851 3009/1/3009 3012/1/3012
f 2852/1/2852 2853/1/2853 2856/1/2856
f 2852/1/2852 2853/1/2853 3011/1/3011
f 2852/1/2852 2855/1/2855 2856/1/2856
f 2852/1/2852 3010/1/3010 3011/1/3011
f 2853/1/2853 2856/1/2856 3013/1/3013
f 2853/1/2853 3011/1/3011 3013/1/3013
f 2854/1/2854 2858/1/2858 3012/1/3012
f 2856/1/2856 2859/1/2859 3013/1/3013
f 2857/1/2857 2858/1/2858 2862/1/2862
f 2858/1/2858 2862/1/2862 3018/1/3018
f 2858/1/2858 3012/1/3012 3015/1/3015
f 2858/1/2858 3015/1/3015 3018/1/3018
f 2859/1/2859 2860/1/2860 3016/1/3016
f 2859/1/2859 3013/1/3013 3016/1/3016
f 2860/1/2860 2863/1/2863 3019/1/3019
f 2860/1/2860 3016/1/3016 3017/1/3017
f 2860/1/2860 3017/1/3017 3019/1/3019
f 2861/1/2861 2862/1/2862 2868/1/2868
f 2862/1/2862 2868/1/2868 3024/1/3024
f 2862/1/2862 3018/1/3018 3024/1/3024
f 2863/1/2863 2864/1/2864 3019/1/3019
f 2864/1/2864 2865/1/2865 3021/1/3021
f 2864/1/2864 3019/1/3019 3020/1/3020
f 2864/1/2864 3020/1/3020 3021/1/3021
f 2865/1/2865 2866/1/2866 3022/1/3022
f 2865/1/2865 3021/1/3021 3022/1/3022
f 2865/1/2865 3021/1/3021 3027/1/3027
f 2866/1/2866 2867/1/2867 3022/1/3022
f 2867/1/2867 2868/1/2868 3023/1/3023
f 2867/1/2867 3022/1/3022 3023/1/3023
f 2868/1/2868 3023/1/3023 3024/1/3024
f 2869/1/2869 2870/1/2870 2873/1/2873
f 2869/1/2869 2870/1/2870 3043/1/3043
f 2869/1/2869 2873/1/2873 3042/1/3042
f 2869/1/2869 3042/1/3042 3043/1/3043
f 2870/1/2870 2871/1/2871 2875/1/2875
f 2870/1/2870 2871/1/2871 3043/1/3043
f 2870/1/2870 2873/1/2873 2874/1/2874
f 2870/1/2870 2874/1/2874 2875/1/2875
f 2871/1/2871 2875/1/2875 3044/1/3044
f 2871/1/2871 3043/1/3043 3044/1/3044
f 2872/1/2872 2873/1/2873 2878/1/2878
f 2872/1/2872 2873/1/2873 3048/1/3048
f 2872/1/2872 2877/1/2877 2878/1/2878
f 2872/1/2872 2877/1/2877 3048/1/3048
f 2873/1/2873 2874/1/2874 2879/1/2879
f 2873/1/2873 2878/1/2878 2879/1/2879
f 2873/1/2873 3042/1/3042 3049/1/3049
f 2873/1/2873 3048/1/3048 3049/1/3049
f 2874/1/2874 2875/1/2875 2879/1/2879
f 2875/1/2875 2876/1/2876 2880/1/2880
f 2875/1/2875 2876/1/2876 3051/1/3051
f 2875/1/2875 2879/1/2879 2880/1/2880
f 2875/1/2875 3044/1/3044 3050/1/3050
f 2875/1/2875 3050/1/3050 3051/1/3051
f 2876/1/2876 2880/1/2880 2881/1/2881
f 2876/1/2876 2881/1/2881 3051/1/3051
f 2877/1/2877 2878/1/2878 2884/1/2884
f 2877/1/2877 2883/1/2883 2884/1/2884
f 2877/1/2877 2883/1/2883 3053/1/3053
f 2877/1/2877 3048/1/3048 3054/1/3054
f 2877/1/2877 3053/1/3053 3054/1/3054
f 2878/1/2878 2879/1/2879 2884/1/2884
f 2879/1/2879 2880/1/2880 2885/1/2885
f 2879/1/2879 2884/1/2884 2885/1/2885
f 2880/1/2880 2881/1/2881 2886/1/2886
f 2880/1/2880 2885/1/2885 2886/1/2886
f 2881/1/2881 2886/1/2886 2887/1/2887
f 2881/1/2881 2887/1/2887 3058/1/3058
f 2881/1/2881 3051/1/3051 3055/1/3055
f 2881/1/2881 3055/1/3055 3058/1/3058
f 2882/1/2882 2883/1/2883 2890/1/2890
f 2882/1/2882 2883/1/2883 3057/1/3057
f 2882/1/2882 2889/1/2889 2890/1/2890
f 2882/1/2882 2889/1/2889 3057/1/3057
f 2883/1/2883 2884/1/2884 2890/1/2890
f 2883/1/2883 3053/1/3053 3057/1/3057
f 2886/1/2886 2887/1/2887 2891/1/2891
f 2887/1/2887 2888/1/2888 2891/1/2891
f 2887/1/2887 2888/1/2888 3059/1/3059
f 2887/1/2887 3058/1/3058 3059/1/3059
f 2888/1/2888 2891/1/2891 2892/1/2892
f 2888/1/2888 2892/1/2892 3059/1/3059
f 2889/1/2889 2890/1/2890 2893/1/2893
f 2889/1/2889 2893/1/2893 3061/1/3061
f 2889/1/2889 3057/1/3057 3061/1/3061
f 2890/1/2890 2893/1/2893 2894/1/2894
f 2891/1/2891 2892/1/2892 2895/1/2895
f 2892/1/2892 2895/1/2895 2896/1/2896
f 2892/1/2892 2896/1/2896 3062/1/3062
f 2892/1/2892 3059/1/3059 3062/1/3062
f 2893/1/2893 2897/1/2897 3064/1/3064
f 2893/1/2893 3061/1/3061 3064/1/3064
f 2895/1/2895 2896/1/2896 2899/1/2899
f 2895/1/2895 2898/1/2898 2899/1/2899
f 2896/1/2896 2899/1/2899 3068/1/3068
f 2896/1/2896 3062/1/3062 3065/1/3065
f 2896/1/2896 3065/1/3065 3068/1/3068
f 2897/1/2897 2900/1/2900 3067/1/3067
f 2897/1/2897 3064/1/3064 3067/1/3067
f 2899/1/2899 2901/1/2901 3071/1/3071
f 2899/1/2899 3068/1/3068 3071/1/3071
f 2900/1/2900 2903/1/2903 3070/1/3070
f 2900/1/2900 3067/1/3067 3070/1/3070
f 2900/1/2900 3069/1/3069 3070/1/3070
f 2901/1/2901 2904/1/2904 3073/1/3073
f 2901/1/2901 3071/1/3071 3073/1/3073
f 2902/1/2902 2903/1/2903 2905/1/2905
f 2902/1/2902 2903/1/2903 3072/1/3072
f 2902/1/2902 2905/1/2905 3075/1/3075
f 2902/1/2902 3072/1/3072 3075/1/3075
f 2903/1/2903 2905/1/2905 2906/1/2906
f 2903/1/2903 3069/1/3069 3070/1/3070
f 2903/1/2903 3069/1/3069 3072/1/3072
f 2904/1/2904 2907/1/2907 3073/1/3073
f 2905/1/2905 2906/1/2906 2909/1/2909
f 2905/1/2905 2908/1/2908 2909/1/2909
f 2905/1/2905 2908/1/2908 3075/1/3075
f 2907/1/2907 2910/1/2910 3079/1/3079
f 2907/1/2907 3073/1/3073 3076/1/3076
f 2907/1/2907 3076/1/3076 3079/1/3079
f 2908/1/2908 2911/1/2911 3078/1/3078
f 2908/1/2908 3075/1/3075 3078/1/3078
f 2910/1/2910 2912/1/2912 3082/1/3082
f 2910/1/2910 3079/1/3079 3080/1/3080
f 2910/1/2910 3080/1/3080 3082/1/3082
f 2911/1/2911 2914/1/2914 3083/1/3083
f 2911/1/2911 3078/1/3078 3081/1/3081
f 2911/1/2911 3081/1/3081 3083/1/3083
f 2912/1/2912 2913/1/2913 2915/1/2915
f 2912/1/2912 2913/1/2913 3082/1/3082
f 2913/1/2913 2915/1/2915 2916/1/2916
f 2913/1/2913 2916/1/2916 3082/1/3082
f 2914/1/2914 2917/1/2917 3083/1/3083
f 2915/1/2915 2916/1/2916 2918/1/2918
f 2916/1/2916 2918/1/2918 3084/1/3084
f 2916/1/2916 3082/1/3082 3084/1/3084
f 2917/1/2917 2919/1/2919 3087/1/3087
f 2917/1/2917 3083/1/3083 3085/1/3085
f 2917/1/2917 3085/1/3085 3087/1/3087
f 2918/1/2918 2920/1/2920 3086/1/3086
f 2918/1/2918 3084/1/3084 3086/1/3086
f 2919/1/2919 2921/1/2921 3089/1/3089
f 2919/1/2919 3087/1/3087 3089/1/3089
f 2920/1/2920 2922/1/2922 3090/1/3090
f 2920/1/2920 3086/1/3086 3088/1/3088
f 2920/1/2920 3088/1/3088 3090/1/3090
f 2921/1/2921 2923/1/2923 3089/1/3089
f 2922/1/2922 2924/1/2924 3090/1/3090
f 2923/1/2923 2925/1/2925 3093/1/3093
f 2923/1/2923 3089/1/3089 3091/1/3091
f 2923/1/2923 3091/1/3091 3093/1/3093
f 2924/1/2924 2926/1/2926 3095/1/3095
f 2924/1/2924 3090/1/3090 3092/1/3092
f 2924/1/2924 3092/1/3092 3095/1/3095
f 2925/1/2925 2927/1/2927 3093/1/3093
f 2926/1/2926 2928/1/2928 3095/1/3095
f 2927/1/2927 2929/1/2929 3099/1/3099
f 2927/1/2927 3093/1/3093 3096/1/3096
f 2927/1/2927 3096/1/3096 3099/1/3099
f 2928/1/2928 2930/1/2930 3101/1/3101
f 2928/1/2928 3095/1/3095 3098/1/3098
f 2928/1/2928 3098/1/3098 3101/1/3101
f 2929/1/2929 2931/1/2931 3102/1/3102
f 2929/1/2929 3099/1/3099 3102/1/3102
f 2930/1/2930 2932/1/2932 3101/1/3101
f 2931/1/2931 2933/1/2933 3105/1/3105
f 2931/1/2931 3102/1/3102 3105/1/3105
f 2932/1/2932 2934/1/2934 3104/1/3104
f 2932/1/2932 3101/1/3101 3104/1/3104
f 2933/1/2933 2935/1/2935 3108/1/3108
f 2933/1/2933 3105/1/3105 3108/1/3108
f 2934/1/2934 2937/1/2937 3109/1/3109
f 2934/1/2934 3104/1/3104 3107/1/3107
f 2934/1/2934 3106/1/3106 3107/1/3107
f 2934/1/2934 3106/1/3106 3109/1/3109
f 2935/1/2935 2938/1/2938 3108/1/3108
f 2936/1/2936 2937/1/2937 2940/1/2940
f 2936/1/2936 2937/1/2937 3109/1/3109
f 2936/1/2936 2939/1/2939 2940/1/2940
f 2936/1/2936 2939/1/2939 3111/1/3111
f 2936/1/2936 3109/1/3109 3111/1/3111
f 2938/1/2938 2941/1/2941 3112/1/3112
f 2938/1/2938 3108/1/3108 3110/1/3110
f 2938/1/2938 3110/1/3110 3112/1/3112
f 2939/1/2939 2940/1/2940 2942/1/2942
f 2939/1/2939 2942/1/2942 3111/1/3111
f 2940/1/2940 2942/1/2942 2943/1/2943
f 2941/1/2941 2944/1/2944 3114/1/3114
f 2941/1/2941 3112/1/3112 3114/1/3114
f 2942/1/2942 2943/1/2943 2945/1/2945
f 2942/1/2942 2945/1/2945 3116/1/3116
f 2942/1/2942 3111/1/3111 3113/1/3113
f 2942/1/2942 3113/1/3113 3116/1/3116
f 2943/1/2943 2945/1/2945 2946/1/2946
f 2944/1/2944 2947/1/2947 3117/1/3117
f 2944/1/2944 3114/1/3114 3117/1/3117
f 2945/1/2945 2946/1/2946 2948/1/2948
f 2945/1/2945 2948/1/2948 3116/1/3116
f 2946/1/2946 2948/1/2948 2949/1/2949
f 2947/1/2947 2950/1/2950 3121/1/3121
f 2947/1/2947 3117/1/3117 3121/1/3121
f 2948/1/2948 2949/1/2949 2951/1/2951
f 2948/1/2948 2951/1/2951 3120/1/3120
f 2948/1/2948 3116/1/3116 3120/1/3120
f 2949/1/2949 2951/1/2951 2952/1/2952
f 2950/1/2950 2953/1/2953 3121/1/3121
f 2951/1/2951 2952/1/2952 2955/1/2955
f 2951/1/2951 2955/1/2955 3130/1/3130
f 2951/1/2951 3120/1/3120 3124/1/3124
f 2951/1/2951 3124/1/3124 3130/1/3130
f 2952/1/2952 2955/1/2955 2956/1/2956
f 2953/1/2953 2954/1/2954 2957/1/2957
f 2953/1/2953 2954/1/2954 3126/1/3126
f 2953/1/2953 3121/1/3121 3125/1/3125
f 2953/1/2953 3125/1/3125 3126/1/3126
f 2954/1/2954 2957/1/2957 2958/1/2958
f 2954/1/2954 2958/1/2958 3131/1/3131
f 2954/1/2954 3126/1/3126 3131/1/3131
f 2955/1/2955 2956/1/2956 2959/1/2959
f 2955/1/2955 2959/1/2959 3130/1/3130
f 2957/1/2957 2958/1/2958 2961/1/2961
f 2957/1/2957 2960/1/2960 2961/1/2961
f 2958/1/2958 2961/1/2961 3131/1/3131
f 2959/1/2959 2963/1/2963 3137/1/3137
f 2959/1/2959 3130/1/3130 3137/1/3137
f 2959/1/2959 3136/1/3136 3137/1/3137
f 2960/1/2960 2961/1/2961 2965/1/2965
f 2960/1/2960 2964/1/2964 2965/1/2965
f 2961/1/2961 2965/1/2965 3138/1/3138
f 2961/1/2961 3131/1/3131 3138/1/3138
f 2962/1/2962 2963/1/2963 2970/1/2970
f 2962/1/2962 2963/1/2963 3143/1/3143
f 2962/1/2962 2970/1/2970 3149/1/3149
f 2962/1/2962 3143/1/3143 3149/1/3149
f 2963/1/2963 2970/1/2970 2971/1/2971
f 2963/1/2963 3137/1/3137 3143/1/3143
f 2964/1/2964 2965/1/2965 2972/1/2972
f 2965/1/2965 2966/1/2966 2974/1/2974
f 2965/1/2965 2966/1/2966 3144/1/3144
f 2965/1/2965 2972/1/2972 2973/1/2973
f 2965/1/2965 2973/1/2973 2974/1/2974
f 2965/1/2965 3138/1/3138 3144/1/3144
f 2966/1/2966 2967/1/2967 2975/1/2975
f 2966/1/2966 2967/1/2967 3146/1/3146
f 2966/1/2966 2974/1/2974 2975/1/2975
f 2966/1/2966 3144/1/3144 3145/1/3145
f 2966/1/2966 3145/1/3145 3146/1/3146
f 2967/1/2967 2968/1/2968 2975/1/2975
f 2967/1/2967 2968/1/2968 3146/1/3146
f 2968/1/2968 2969/1/2969 2976/1/2976
f 2968/1/2968 2969/1/2969 3147/1/3147
f 2968/1/2968 2975/1/2975 2976/1/2976
f 2968/1/2968 3146/1/3146 3147/1/3147
f 2969/1/2969 2970/1/2970 2977/1/2977
f 2969/1/2969 2970/1/2970 3148/1/3148
f 2969/1/2969 2976/1/2976 2977/1/2977
f 2969/1/2969 3147/1/3147 3148/1/3148
f 2970/1/2970 2971/1/2971 2978/1/2978
f 2970/1/2970 2977/1/2977 2978/1/2978
f 2970/1/2970 3148/1/3148 3149/1/3149
f 2971/1/2971 2978/1/2978 2979/1/2979
f 2973/1/2973 2974/1/2974 2980/1/2980
f 2974/1/2974 2975/1/2975 2981/1/2981
f 2974/1/2974 2980/1/2980 2981/1/2981
f 2975/1/2975 2976/1/2976 2982/1/2982
f 2975/1/2975 2981/1/2981 2982/1/2982
f 2976/1/2976 2977/1/2977 2983/1/2983
f 2976/1/2976 2982/1/2982 2983/1/2983
f 2977/1/2977 2978/1/2978 2985/1/2985
f 2977/1/2977 2984/1/2984 2985/1/2985
f 2986/1/2986 2987/1/2987 2991/1/2991
f 2987/1/2987 2991/1/2991 2992/1/2992
f 2988/1/2988 2989/1/2989 2995/1/2995
f 2989/1/2989 2990/1/2990 3151/1/3151
f 2989/1/2989 2995/1/2995 2996/1/2996
f 2989/1/2989 2996/1/2996 3155/1/3155
f 2989/1/2989 3150/1/3150 3151/1/3151
f 2989/1/2989 3150/1/3150 3155/1/3155
f 2990/1/2990 2991/1/2991 3151/1/3151
f 2991/1/2991 2992/1/2992 3152/1/3152
f 2991/1/2991 3151/1/3151 3152/1/3152
f 2992/1/2992 2993/1/2993 3158/1/3158
f 2992/1/2992 3152/1/3152 3153/1/3153
f 2992/1/2992 3153/1/3153 3158/1/3158
f 2993/1/2993 2997/1/2997 2998/1/2998
f 2993/1/2993 2997/1/2997 3159/1/3159
f 2993/1/2993 3158/1/3158 3159/1/3159
f 2994/1/2994 2995/1/2995 2999/1/2999
f 2995/1/2995 2996/1/2996 3154/1/3154
f 2995/1/2995 2999/1/2999 3000/1/3000
f 2995/1/2995 3000/1/3000 3162/1/3162
f 2995/1/2995 3154/1/3154 3162/1/3162
f 2996/1/2996 3154/1/3154 3155/1/3155
f 2997/1/2997 2998/1/2998 3159/1/3159
f 2998/1/2998 3001/1/3001 3160/1/3160
f 2998/1/2998 3159/1/3159 3160/1/3160
f 2999/1/2999 3000/1/3000 3162/1/3162
f 2999/1/2999 3004/1/3004 3165/1/3165
f 2999/1/2999 3161/1/3161 3162/1/3162
f 2999/1/2999 3161/1/3161 3165/1/3165
f 3001/1/3001 3002/1/3002 3006/1/3006
f 3001/1/3001 3005/1/3005 3006/1/3006
f 3001/1/3001 3005/1/3005 3164/1/3164
f 3001/1/3001 3160/1/3160 3164/1/3164
f 3003/1/3003 3004/1/3004 3007/1/3007
f 3004/1/3004 3007/1/3007 3008/1/3008
f 3004/1/3004 3008/1/3008 3167/1/3167
f 3004/1/3004 3165/1/3165 3167/1/3167
f 3005/1/3005 3006/1/3006 3166/1/3166
f 3005/1/3005 3164/1/3164 3166/1/3166
f 3006/1/3006 3009/1/3009 3166/1/3166
f 3007/1/3007 3008/1/3008 3010/1/3010
f 3008/1/3008 3010/1/3010 3011/1/3011
f 3008/1/3008 3011/1/3011 3170/1/3170
f 3008/1/3008 3167/1/3167 3170/1/3170
f 3009/1/3009 3012/1/3012 3169/1/3169
f 3009/1/3009 3166/1/3166 3168/1/3168
f 3009/1/3009 3168/1/3168 3169/1/3169
f 3011/1/3011 3013/1/3013 3173/1/3173
f 3011/1/3011 3170/1/3170 3173/1/3173
f 3012/1/3012 3015/1/3015 3175/1/3175
f 3012/1/3012 3169/1/3169 3172/1/3172
f 3012/1/3012 3172/1/3172 3175/1/3175
f 3013/1/3013 3016/1/3016 3176/1/3176
f 3013/1/3013 3173/1/3173 3176/1/3176
f 3014/1/3014 3015/1/3015 3018/1/3018
f 3015/1/3015 3018/1/3018 3177/1/3177
f 3015/1/3015 3175/1/3175 3177/1/3177
f 3016/1/3016 3017/1/3017 3176/1/3176
f 3017/1/3017 3019/1/3019 3180/1/3180
f 3017/1/3017 3176/1/3176 3180/1/3180
f 3018/1/3018 3024/1/3024 3025/1/3025
f 3018/1/3018 3025/1/3025 3177/1/3177
f 3019/1/3019 3020/1/3020 3180/1/3180
f 3020/1/3020 3021/1/3021 3027/1/3027
f 3020/1/3020 3026/1/3026 3027/1/3027
f 3020/1/3020 3026/1/3026 3181/1/3181
f 3020/1/3020 3180/1/3180 3181/1/3181
f 3021/1/3021 3022/1/3022 3028/1/3028
f 3021/1/3021 3027/1/3027 3028/1/3028
f 3022/1/3022 3023/1/3023 3028/1/3028
f 3023/1/3023 3024/1/3024 3030/1/3030
f 3023/1/3023 3028/1/3028 3029/1/3029
f 3023/1/3023 3029/1/3029 3030/1/3030
f 3024/1/3024 3025/1/3025 3182/1/3182
f 3024/1/3024 3030/1/3030 3189/1/3189
f 3024/1/3024 3182/1/3182 3189/1/3189
f 3025/1/3025 3177/1/3177 3183/1/3183
f 3025/1/3025 3182/1/3182 3183/1/3183
f 3026/1/3026 3027/1/3027 3186/1/3186
f 3026/1/3026 3181/1/3181 3185/1/3185
f 3026/1/3026 3185/1/3185 3186/1/3186
f 3027/1/3027 3028/1/3028 3187/1/3187
f 3027/1/3027 3186/1/3186 3187/1/3187
f 3028/1/3028 3029/1/3029 3187/1/3187
f 3029/1/3029 3030/1/3030 3189/1/3189
f 3029/1/3029 3187/1/3187 3188/1/3188
f 3029/1/3029 3188/1/3188 3189/1/3189
f 3031/1/3031 3032/1/3032 3036/1/3036
f 3031/1/3031 3032/1/3032 3206/1/3206
f 3031/1/3031 3035/1/3035 3036/1/3036
f 3031/1/3031 3035/1/3035 3206/1/3206
f 3032/1/3032 3033/1/3033 3037/1/3037
f 3032/1/3032 3033/1/3033 3208/1/3208
f 3032/1/3032 3036/1/3036 3037/1/3037
f 3032/1/3032 3206/1/3206 3207/1/3207
f 3032/1/3032 3207/1/3207 3208/1/3208
f 3033/1/3033 3034/1/3034 3038/1/3038
f 3033/1/3033 3034/1/3034 3208/1/3208
f 3033/1/3033 3037/1/3037 3038/1/3038
f 3033/1/3033 3202/1/3202 3208/1/3208
f 3034/1/3034 3038/1/3038 3039/1/3039
f 3034/1/3034 3039/1/3039 3210/1/3210
f 3034/1/3034 3208/1/3208 3209/1/3209
f 3034/1/3034 3209/1/3209 3210/1/3210
f 3035/1/3035 3036/1/3036 3042/1/3042
f 3035/1/3035 3041/1/3041 3042/1/3042
f 3035/1/3035 3041/1/3041 3213/1/3213
f 3035/1/3035 3206/1/3206 3213/1/3213
f 3036/1/3036 3037/1/3037 3043/1/3043
f 3036/1/3036 3042/1/3042 3043/1/3043
f 3037/1/3037 3038/1/3038 3043/1/3043
f 3038/1/3038 3039/1/3039 3045/1/3045
f 3038/1/3038 3043/1/3043 3044/1/3044
f 3038/1/3038 3044/1/3044 3045/1/3045
f 3039/1/3039 3045/1/3045 3214/1/3214
f 3039/1/3039 3210/1/3210 3214/1/3214
f 3040/1/3040 3041/1/3041 3047/1/3047
f 3040/1/3040 3041/1/3041 3216/1/3216
f 3040/1/3040 3047/1/3047 3216/1/3216
f 3041/1/3041 3042/1/3042 3049/1/3049
f 3041/1/3041 3047/1/3047 3048/1/3048
f 3041/1/3041 3048/1/3048 3049/1/3049
f 3041/1/3041 3212/1/3212 3213/1/3213
f 3041/1/3041 3212/1/3212 3216/1/3216
f 3044/1/3044 3045/1/3045 3051/1/3051
f 3044/1/3044 3050/1/3050 3051/1/3051
f 3045/1/3045 3046/1/3046 3052/1/3052
f 3045/1/3045 3046/1/3046 3218/1/3218
f 3045/1/3045 3051/1/3051 3052/1/3052
f 3045/1/3045 3214/1/3214 3217/1/3217
f 3045/1/3045 3217/1/3217 3218/1/3218
f 3046/1/3046 3052/1/3052 3218/1/3218
f 3047/1/3047 3048/1/3048 3053/1/3053
f 3047/1/3047 3053/1/3053 3220/1/3220
f 3047/1/3047 3216/1/3216 3220/1/3220
f 3048/1/3048 3053/1/3053 3054/1/3054
f 3051/1/3051 3052/1/3052 3056/1/3056
f 3051/1/3051 3055/1/3055 3056/1/3056
f 3052/1/3052 3056/1/3056 3224/1/3224
f 3052/1/3052 3218/1/3218 3221/1/3221
f 3052/1/3052 3221/1/3221 3224/1/3224
f 3053/1/3053 3057/1/3057 3226/1/3226
f 3053/1/3053 3220/1/3220 3223/1/3223
f 3053/1/3053 3223/1/3223 3226/1/3226
f 3055/1/3055 3056/1/3056 3058/1/3058
f 3056/1/3056 3058/1/3058 3059/1/3059
f 3056/1/3056 3059/1/3059 3224/1/3224
f 3057/1/3057 3061/1/3061 3230/1/3230
f 3057/1/3057 3225/1/3225 3226/1/3226
f 3057/1/3057 3225/1/3225 3230/1/3230
f 3059/1/3059 3062/1/3062 3227/1/3227
f 3059/1/3059 3224/1/3224 3227/1/3227
f 3060/1/3060 3061/1/3061 3064/1/3064
f 3060/1/3060 3061/1/3061 3229/1/3229
f 3060/1/3060 3063/1/3063 3064/1/3064
f 3060/1/3060 3063/1/3063 3229/1/3229
f 3061/1/3061 3229/1/3229 3230/1/3230
f 3062/1/3062 3065/1/3065 3234/1/3234
f 3062/1/3062 3227/1/3227 3231/1/3231
f 3062/1/3062 3231/1/3231 3234/1/3234
f 3063/1/3063 3064/1/3064 3067/1/3067
f 3063/1/3063 3066/1/3066 3067/1/3067
f 3063/1/3063 3066/1/3066 3233/1/3233
f 3063/1/3063 3229/1/3229 3233/1/3233
f 3065/1/3065 3068/1/3068 3237/1/3237
f 3065/1/3065 3234/1/3234 3237/1/3237
f 3066/1/3066 3067/1/3067 3070/1/3070
f 3066/1/3066 3069/1/3069 3070/1/3070
f 3066/1/3066 3069/1/3069 3236/1/3236
f 3066/1/3066 3233/1/3233 3236/1/3236
f 3068/1/3068 3071/1/3071 3240/1/3240
f 3068/1/3068 3237/1/3237 3240/1/3240
f 3069/1/3069 3072/1/3072 3242/1/3242
f 3069/1/3069 3236/1/3236 3239/1/3239
f 3069/1/3069 3239/1/3239 3242/1/3242
f 3071/1/3071 3073/1/3073 3074/1/3074
f 3071/1/3071 3074/1/3074 3243/1/3243
f 3071/1/3071 3240/1/3240 3241/1/3241
f 3071/1/3071 3241/1/3241 3243/1/3243
f 3072/1/3072 3075/1/3075 3244/1/3244
f 3072/1/3072 3242/1/3242 3244/1/3244
f 3073/1/3073 3074/1/3074 3076/1/3076
f 3073/1/3073 3074/1/3074 3243/1/3243
f 3074/1/3074 3076/1/3076 3077/1/3077
f 3074/1/3074 3077/1/3077 3243/1/3243
f 3075/1/3075 3078/1/3078 3246/1/3246
f 3075/1/3075 3244/1/3244 3246/1/3246
f 3076/1/3076 3077/1/3077 3079/1/3079
f 3077/1/3077 3079/1/3079 3080/1/3080
f 3077/1/3077 3080/1/3080 3245/1/3245
f 3077/1/3077 3243/1/3243 3245/1/3245
f 3078/1/3078 3081/1/3081 3248/1/3248
f 3078/1/3078 3246/1/3246 3248/1/3248
f 3080/1/3080 3082/1/3082 3247/1/3247
f 3080/1/3080 3245/1/3245 3247/1/3247
f 3081/1/3081 3083/1/3083 3248/1/3248
f 3082/1/3082 3084/1/3084 3249/1/3249
f 3082/1/3082 3247/1/3247 3249/1/3249
f 3083/1/3083 3085/1/3085 3250/1/3250
f 3083/1/3083 3248/1/3248 3250/1/3250
f 3084/1/3084 3086/1/3086 3255/1/3255
f 3084/1/3084 3249/1/3249 3252/1/3252
f 3084/1/3084 3252/1/3252 3255/1/3255
f 3085/1/3085 3087/1/3087 3256/1/3256
f 3085/1/3085 3250/1/3250 3253/1/3253
f 3085/1/3085 3253/1/3253 3256/1/3256
f 3086/1/3086 3088/1/3088 3258/1/3258
f 3086/1/3086 3255/1/3255 3258/1/3258
f 3087/1/3087 3089/1/3089 3259/1/3259
f 3087/1/3087 3256/1/3256 3259/1/3259
f 3088/1/3088 3090/1/3090 3258/1/3258
f 3089/1/3089 3091/1/3091 3259/1/3259
f 3090/1/3090 3092/1/3092 3261/1/3261
f 3090/1/3090 3258/1/3258 3261/1/3261
f 3091/1/3091 3093/1/3093 3265/1/3265
f 3091/1/3091 3259/1/3259 3262/1/3262
f 3091/1/3091 3262/1/3262 3265/1/3265
f 3092/1/3092 3095/1/3095 3266/1/3266
f 3092/1/3092 3261/1/3261 3264/1/3264
f 3092/1/3092 3263/1/3263 3264/1/3264
f 3092/1/3092 3263/1/3263 3266/1/3266
f 3093/1/3093 3096/1/3096 3267/1/3267
f 3093/1/3093 3265/1/3265 3267/1/3267
f 3094/1/3094 3095/1/3095 3097/1/3097
f 3094/1/3094 3095/1/3095 3266/1/3266
f 3094/1/3094 3097/1/3097 3268/1/3268
f 3094/1/3094 3266/1/3266 3268/1/3268
f 3095/1/3095 3097/1/3097 3098/1/3098
f 3096/1/3096 3099/1/3099 3269/1/3269
f 3096/1/3096 3267/1/3267 3269/1/3269
f 3097/1/3097 3098/1/3098 3100/1/3100
f 3097/1/3097 3100/1/3100 3270/1/3270
f 3097/1/3097 3268/1/3268 3270/1/3270
f 3098/1/3098 3100/1/3100 3101/1/3101
f 3099/1/3099 3102/1/3102 3271/1/3271
f 3099/1/3099 3269/1/3269 3271/1/3271
f 3100/1/3100 3101/1/3101 3103/1/3103
f 3100/1/3100 3103/1/3103 3270/1/3270
f 3101/1/3101 3103/1/3103 3104/1/3104
f 3102/1/3102 3105/1/3105 3274/1/3274
f 3102/1/3102 3271/1/3271 3274/1/3274
f 3103/1/3103 3104/1/3104 3106/1/3106
f 3103/1/3103 3106/1/3106 3276/1/3276
f 3103/1/3103 3270/1/3270 3273/1/3273
f 3103/1/3103 3273/1/3273 3276/1/3276
f 3104/1/3104 3106/1/3106 3107/1/3107
f 3105/1/3105 3108/1/3108 3277/1/3277
f 3105/1/3105 3274/1/3274 3277/1/3277
f 3106/1/3106 3109/1/3109 3276/1/3276
f 3108/1/3108 3110/1/3110 3277/1/3277
f 3109/1/3109 3111/1/3111 3284/1/3284
f 3109/1/3109 3276/1/3276 3280/1/3280
f 3109/1/3109 3280/1/3280 3284/1/3284
f 3110/1/3110 3112/1/3112 3281/1/3281
f 3110/1/3110 3277/1/3277 3281/1/3281
f 3111/1/3111 3113/1/3113 3284/1/3284
f 3112/1/3112 3114/1/3114 3115/1/3115
f 3112/1/3112 3115/1/3115 3286/1/3286
f 3112/1/3112 3281/1/3281 3285/1/3285
f 3112/1/3112 3285/1/3285 3286/1/3286
f 3113/1/3113 3116/1/3116 3294/1/3294
f 3113/1/3113 3284/1/3284 3289/1/3289
f 3113/1/3113 3289/1/3289 3294/1/3294
f 3114/1/3114 3115/1/3115 3118/1/3118
f 3114/1/3114 3117/1/3117 3118/1/3118
f 3115/1/3115 3118/1/3118 3290/1/3290
f 3115/1/3115 3286/1/3286 3290/1/3290
f 3116/1/3116 3120/1/3120 3294/1/3294
f 3117/1/3117 3118/1/3118 3122/1/3122
f 3117/1/3117 3121/1/3121 3122/1/3122
f 3118/1/3118 3122/1/3122 3295/1/3295
f 3118/1/3118 3290/1/3290 3295/1/3295
f 3119/1/3119 3120/1/3120 3124/1/3124
f 3119/1/3119 3120/1/3120 3300/1/3300
f 3119/1/3119 3123/1/3123 3124/1/3124
f 3119/1/3119 3123/1/3123 3307/1/3307
f 3119/1/3119 3300/1/3300 3307/1/3307
f 3120/1/3120 3294/1/3294 3301/1/3301
f 3120/1/3120 3300/1/3300 3301/1/3301
f 3121/1/3121 3122/1/3122 3126/1/3126
f 3121/1/3121 3125/1/3125 3126/1/3126
f 3122/1/3122 3126/1/3126 3302/1/3302
f 3122/1/3122 3295/1/3295 3302/1/3302
f 3123/1/3123 3124/1/3124 3130/1/3130
f 3123/1/3123 3129/1/3129 3130/1/3130
f 3123/1/3123 3129/1/3129 3307/1/3307
f 3126/1/3126 3127/1/3127 3132/1/3132
f 3126/1/3126 3127/1/3127 3308/1/3308
f 3126/1/3126 3131/1/3131 3132/1/3132
f 3126/1/3126 3302/1/3302 3308/1/3308
f 3127/1/3127 3132/1/3132 3308/1/3308
f 3128/1/3128 3129/1/3129 3136/1/3136
f 3128/1/3128 3129/1/3129 3311/1/3311
f 3128/1/3128 3135/1/3135 3136/1/3136
f 3128/1/3128 3135/1/3135 3311/1/3311
f 3129/1/3129 3130/1/3130 3136/1/3136
f 3129/1/3129 3307/1/3307 3312/1/3312
f 3129/1/3129 3311/1/3311 3312/1/3312
f 3130/1/3130 3136/1/3136 3137/1/3137
f 3131/1/3131 3132/1/3132 3139/1/3139
f 3131/1/3131 3138/1/3138 3139/1/3139
f 3132/1/3132 3133/1/3133 3139/1/3139
f 3132/1/3132 3133/1/3133 3313/1/3313
f 3132/1/3132 3308/1/3308 3313/1/3313
f 3133/1/3133 3139/1/3139 3140/1/3140
f 3133/1/3133 3140/1/3140 3141/1/3141
f 3133/1/3133 3141/1/3141 3315/1/3315
f 3133/1/3133 3313/1/3313 3314/1/3314
f 3133/1/3133 3314/1/3314 3315/1/3315
f 3134/1/3134 3135/1/3135 3141/1/3141
f 3134/1/3134 3135/1/3135 3315/1/3315
f 3134/1/3134 3141/1/3141 3315/1/3315
f 3135/1/3135 3136/1/3136 3143/1/3143
f 3135/1/3135 3141/1/3141 3142/1/3142
f 3135/1/3135 3142/1/3142 3143/1/3143
f 3135/1/3135 3311/1/3311 3316/1/3316
f 3135/1/3135 3315/1/3315 3316/1/3316
f 3136/1/3136 3137/1/3137 3143/1/3143
f 3138/1/3138 3139/1/3139 3145/1/3145
f 3138/1/3138 3144/1/3144 3145/1/3145
f 3139/1/3139 3140/1/3140 3146/1/3146
f 3139/1/3139 3145/1/3145 3146/1/3146
f 3140/1/3140 3141/1/3141 3146/1/3146
f 3141/1/3141 3142/1/3142 3147/1/3147
f 3141/1/3141 3146/1/3146 3147/1/3147
f 3142/1/3142 3143/1/3143 3148/1/3148
f 3142/1/3142 3147/1/3147 3148/1/3148
f 3143/1/3143 3148/1/3148 3149/1/3149
f 3150/1/3150 3151/1/3151 3155/1/3155
f 3151/1/3151 3152/1/3152 3156/1/3156
f 3151/1/3151 3155/1/3155 3156/1/3156
f 3152/1/3152 3153/1/3153 3157/1/3157
f 3152/1/3152 3156/1/3156 3157/1/3157
f 3153/1/3153 3157/1/3157 3158/1/3158
f 3154/1/3154 3155/1/3155 3318/1/3318
f 3154/1/3154 3162/1/3162 3317/1/3317
f 3154/1/3154 3317/1/3317 3318/1/3318
f 3155/1/3155 3156/1/3156 3319/1/3319
f 3155/1/3155 3318/1/3318 3319/1/3319
f 3156/1/3156 3157/1/3157 3320/1/3320
f 3156/1/3156 3319/1/3319 3320/1/3320
f 3157/1/3157 3158/1/3158 3321/1/3321
f 3157/1/3157 3320/1/3320 3321/1/3321
f 3158/1/3158 3159/1/3159 3321/1/3321
f 3159/1/3159 3160/1/3160 3163/1/3163
f 3159/1/3159 3163/1/3163 3327/1/3327
f 3159/1/3159 3321/1/3321 3322/1/3322
f 3159/1/3159 3322/1/3322 3327/1/3327
f 3160/1/3160 3163/1/3163 3164/1/3164
f 3161/1/3161 3162/1/3162 3324/1/3324
f 3161/1/3161 3165/1/3165 3329/1/3329
f 3161/1/3161 3323/1/3323 3324/1/3324
f 3161/1/3161 3323/1/3323 3329/1/3329
f 3162/1/3162 3317/1/3317 3324/1/3324
f 3163/1/3163 3164/1/3164 3327/1/3327
f 3164/1/3164 3166/1/3166 3328/1/3328
f 3164/1/3164 3327/1/3327 3328/1/3328
f 3165/1/3165 3167/1/3167 3333/1/3333
f 3165/1/3165 3329/1/3329 3333/1/3333
f 3166/1/3166 3168/1/3168 3332/1/3332
f 3166/1/3166 3328/1/3328 3332/1/3332
f 3167/1/3167 3170/1/3170 3336/1/3336
f 3167/1/3167 3333/1/3333 3336/1/3336
f 3168/1/3168 3169/1/3169 3172/1/3172
f 3168/1/3168 3171/1/3171 3172/1/3172
f 3168/1/3168 3171/1/3171 3334/1/3334
f 3168/1/3168 3332/1/3332 3334/1/3334
f 3170/1/3170 3173/1/3173 3339/1/3339
f 3170/1/3170 3336/1/3336 3339/1/3339
f 3171/1/3171 3172/1/3172 3175/1/3175
f 3171/1/3171 3175/1/3175 3341/1/3341
f 3171/1/3171 3334/1/3334 3337/1/3337
f 3171/1/3171 3337/1/3337 3341/1/3341
f 3173/1/3173 3176/1/3176 3339/1/3339
f 3174/1/3174 3175/1/3175 3178/1/3178
f 3174/1/3174 3175/1/3175 3341/1/3341
f 3174/1/3174 3177/1/3177 3178/1/3178
f 3174/1/3174 3177/1/3177 3344/1/3344
f 3174/1/3174 3340/1/3340 3341/1/3341
f 3174/1/3174 3340/1/3340 3344/1/3344
f 3175/1/3175 3177/1/3177 3178/1/3178
f 3176/1/3176 3179/1/3179 3180/1/3180
f 3176/1/3176 3179/1/3179 3346/1/3346
f 3176/1/3176 3339/1/3339 3343/1/3343
f 3176/1/3176 3343/1/3343 3346/1/3346
f 3177/1/3177 3183/1/3183 3349/1/3349
f 3177/1/3177 3344/1/3344 3349/1/3349
f 3179/1/3179 3180/1/3180 3346/1/3346
f 3180/1/3180 3181/1/3181 3185/1/3185
f 3180/1/3180 3184/1/3184 3185/1/3185
f 3180/1/3180 3184/1/3184 3351/1/3351
f 3180/1/3180 3346/1/3346 3347/1/3347
f 3180/1/3180 3347/1/3347 3351/1/3351
f 3182/1/3182 3183/1/3183 3348/1/3348
f 3182/1/3182 3189/1/3189 3356/1/3356
f 3182/1/3182 3348/1/3348 3356/1/3356
f 3183/1/3183 3348/1/3348 3349/1/3349
f 3184/1/3184 3185/1/3185 3351/1/3351
f 3185/1/3185 3186/1/3186 3352/1/3352
f 3185/1/3185 3351/1/3351 3352/1/3352
f 3185/1/3185 3352/1/3352 3359/1/3359
f 3186/1/3186 3187/1/3187 3354/1/3354
f 3186/1/3186 3352/1/3352 3360/1/3360
f 3186/1/3186 3353/1/3353 3354/1/3354
f 3186/1/3186 3353/1/3353 3360/1/3360
f 3187/1/3187 3188/1/3188 3355/1/3355
f 3187/1/3187 3354/1/3354 3355/1/3355
f 3188/1/3188 3189/1/3189 3356/1/3356
f 3188/1/3188 3355/1/3355 3356/1/3356
f 3190/1/3190 3191/1/3191 3194/1/3194
f 3190/1/3190 3191/1/3191 3379/1/3379
f 3190/1/3190 3194/1/3194 3379/1/3379
f 3191/1/3191 3192/1/3192 3196/1/3196
f 3191/1/3191 3192/1/3192 3380/1/3380
f 3191/1/3191 3194/1/3194 3195/1/3195
f 3191/1/3191 3195/1/3195 3196/1/3196
f 3191/1/3191 3379/1/3379 3380/1/3380
f 3192/1/3192 3193/1/3193 3197/1/3197
f 3192/1/3192 3193/1/3193 3382/1/3382
f 3192/1/3192 3196/1/3196 3197/1/3197
f 3192/1/3192 3380/1/3380 3381/1/3381
f 3192/1/3192 3381/1/3381 3382/1/3382
f 3193/1/3193 3197/1/3197 3198/1/3198
f 3193/1/3193 3198/1/3198 3383/1/3383
f 3193/1/3193 3382/1/3382 3383/1/3383
f 3194/1/3194 3195/1/3195 3201/1/3201
f 3194/1/3194 3200/1/3200 3201/1/3201
f 3194/1/3194 3200/1/3200 3390/1/3390
f 3194/1/3194 3379/1/3379 3386/1/3386
f 3194/1/3194 3386/1/3386 3390/1/3390
f 3195/1/3195 3196/1/3196 3202/1/3202
f 3195/1/3195 3201/1/3201 3202/1/3202
f 3196/1/3196 3197/1/3197 3203/1/3203
f 3196/1/3196 3202/1/3202 3203/1/3203
f 3197/1/3197 3198/1/3198 3204/1/3204
f 3197/1/3197 3203/1/3203 3204/1/3204
f 3198/1/3198 3204/1/3204 3391/1/3391
f 3198/1/3198 3383/1/3383 3387/1/3387
f 3198/1/3198 3387/1/3387 3391/1/3391
f 3199/1/3199 3200/1/3200 3205/1/3205
f 3199/1/3199 3200/1/3200 3389/1/3389
f 3199/1/3199 3205/1/3205 3394/1/3394
f 3199/1/3199 3389/1/3389 3394/1/3394
f 3200/1/3200 3201/1/3201 3207/1/3207
f 3200/1/3200 3205/1/3205 3206/1/3206
f 3200/1/3200 3206/1/3206 3207/1/3207
f 3200/1/3200 3389/1/3389 3390/1/3390
f 3201/1/3201 3202/1/3202 3208/1/3208
f 3201/1/3201 3207/1/3207 3208/1/3208
f 3202/1/3202 3203/1/3203 3208/1/3208
f 3203/1/3203 3204/1/3204 3209/1/3209
f 3203/1/3203 3208/1/3208 3209/1/3209
f 3204/1/3204 3209/1/3209 3210/1/3210
f 3204/1/3204 3210/1/3210 3392/1/3392
f 3204/1/3204 3391/1/3391 3392/1/3392
f 3205/1/3205 3206/1/3206 3213/1/3213
f 3205/1/3205 3212/1/3212 3213/1/3213
f 3205/1/3205 3212/1/3212 3394/1/3394
f 3210/1/3210 3211/1/3211 3215/1/3215
f 3210/1/3210 3211/1/3211 3395/1/3395
f 3210/1/3210 3214/1/3214 3215/1/3215
f 3210/1/3210 3392/1/3392 3395/1/3395
f 3211/1/3211 3215/1/3215 3395/1/3395
f 3212/1/3212 3216/1/3216 3400/1/3400
f 3212/1/3212 3394/1/3394 3397/1/3397
f 3212/1/3212 3397/1/3397 3400/1/3400
f 3214/1/3214 3215/1/3215 3218/1/3218
f 3214/1/3214 3217/1/3217 3218/1/3218
f 3215/1/3215 3218/1/3218 3398/1/3398
f 3215/1/3215 3395/1/3395 3398/1/3398
f 3216/1/3216 3220/1/3220 3400/1/3400
f 3218/1/3218 3221/1/3221 3404/1/3404
f 3218/1/3218 3398/1/3398 3401/1/3401
f 3218/1/3218 3401/1/3401 3404/1/3404
f 3219/1/3219 3220/1/3220 3222/1/3222
f 3219/1/3219 3220/1/3220 3403/1/3403
f 3219/1/3219 3222/1/3222 3403/1/3403
f 3220/1/3220 3222/1/3222 3223/1/3223
f 3220/1/3220 3400/1/3400 3403/1/3403
f 3221/1/3221 3224/1/3224 3404/1/3404
f 3222/1/3222 3223/1/3223 3226/1/3226
f 3222/1/3222 3225/1/3225 3226/1/3226
f 3222/1/3222 3225/1/3225 3409/1/3409
f 3222/1/3222 3403/1/3403 3406/1/3406
f 3222/1/3222 3406/1/3406 3409/1/3409
f 3224/1/3224 3227/1/3227 3410/1/3410
f 3224/1/3224 3404/1/3404 3407/1/3407
f 3224/1/3224 3407/1/3407 3410/1/3410
f 3225/1/3225 3229/1/3229 3230/1/3230
f 3225/1/3225 3229/1/3229 3409/1/3409
f 3227/1/3227 3228/1/3228 3231/1/3231
f 3227/1/3227 3228/1/3228 3411/1/3411
f 3227/1/3227 3410/1/3410 3411/1/3411
f 3228/1/3228 3231/1/3231 3232/1/3232
f 3228/1/3228 3232/1/3232 3411/1/3411
f 3229/1/3229 3233/1/3233 3414/1/3414
f 3229/1/3229 3409/1/3409 3412/1/3412
f 3229/1/3229 3412/1/3412 3414/1/3414
f 3231/1/3231 3232/1/3232 3234/1/3234
f 3232/1/3232 3234/1/3234 3235/1/3235
f 3232/1/3232 3235/1/3235 3413/1/3413
f 3232/1/3232 3411/1/3411 3413/1/3413
f 3233/1/3233 3236/1/3236 3416/1/3416
f 3233/1/3233 3414/1/3414 3416/1/3416
f 3234/1/3234 3235/1/3235 3237/1/3237
f 3235/1/3235 3237/1/3237 3238/1/3238
f 3235/1/3235 3238/1/3238 3417/1/3417
f 3235/1/3235 3413/1/3413 3415/1/3415
f 3235/1/3235 3415/1/3415 3417/1/3417
f 3236/1/3236 3239/1/3239 3416/1/3416
f 3237/1/3237 3238/1/3238 3241/1/3241
f 3237/1/3237 3240/1/3240 3241/1/3241
f 3238/1/3238 3241/1/3241 3419/1/3419
f 3238/1/3238 3417/1/3417 3419/1/3419
f 3239/1/3239 3242/1/3242 3418/1/3418
f 3239/1/3239 3416/1/3416 3418/1/3418
f 3241/1/3241 3243/1/3243 3419/1/3419
f 3242/1/3242 3244/1/3244 3422/1/3422
f 3242/1/3242 3418/1/3418 3420/1/3420
f 3242/1/3242 3420/1/3420 3422/1/3422
f 3243/1/3243 3245/1/3245 3421/1/3421
f 3243/1/3243 3419/1/3419 3421/1/3421
f 3244/1/3244 3246/1/3246 3424/1/3424
f 3244/1/3244 3422/1/3422 3424/1/3424
f 3245/1/3245 3247/1/3247 3423/1/3423
f 3245/1/3245 3421/1/3421 3423/1/3423
f 3246/1/3246 3248/1/3248 3427/1/3427
f 3246/1/3246 3424/1/3424 3427/1/3427
f 3247/1/3247 3249/1/3249 3426/1/3426
f 3247/1/3247 3423/1/3423 3426/1/3426
f 3248/1/3248 3250/1/3250 3430/1/3430
f 3248/1/3248 3427/1/3427 3430/1/3430
f 3249/1/3249 3252/1/3252 3432/1/3432
f 3249/1/3249 3426/1/3426 3429/1/3429
f 3249/1/3249 3429/1/3429 3432/1/3432
f 3250/1/3250 3253/1/3253 3430/1/3430
f 3251/1/3251 3252/1/3252 3255/1/3255
f 3251/1/3251 3252/1/3252 3431/1/3431
f 3251/1/3251 3254/1/3254 3255/1/3255
f 3251/1/3251 3254/1/3254 3431/1/3431
f 3252/1/3252 3431/1/3431 3432/1/3432
f 3253/1/3253 3256/1/3256 3433/1/3433
f 3253/1/3253 3430/1/3430 3433/1/3433
f 3254/1/3254 3255/1/3255 3257/1/3257
f 3254/1/3254 3257/1/3257 3436/1/3436
f 3254/1/3254 3431/1/3431 3434/1/3434
f 3254/1/3254 3434/1/3434 3436/1/3436
f 3255/1/3255 3257/1/3257 3258/1/3258
f 3256/1/3256 3259/1/3259 3435/1/3435
f 3256/1/3256 3433/1/3433 3435/1/3435
f 3257/1/3257 3258/1/3258 3260/1/3260
f 3257/1/3257 3260/1/3260 3438/1/3438
f 3257/1/3257 3436/1/3436 3438/1/3438
f 3258/1/3258 3260/1/3260 3261/1/3261
f 3259/1/3259 3262/1/3262 3439/1/3439
f 3259/1/3259 3435/1/3435 3437/1/3437
f 3259/1/3259 3437/1/3437 3439/1/3439
f 3260/1/3260 3261/1/3261 3264/1/3264
f 3260/1/3260 3263/1/3263 3264/1/3264
f 3260/1/3260 3263/1/3263 3440/1/3440
f 3260/1/3260 3438/1/3438 3440/1/3440
f 3262/1/3262 3265/1/3265 3441/1/3441
f 3262/1/3262 3439/1/3439 3441/1/3441
f 3263/1/3263 3266/1/3266 3443/1/3443
f 3263/1/3263 3440/1/3440 3443/1/3443
f 3265/1/3265 3267/1/3267 3441/1/3441
f 3266/1/3266 3268/1/3268 3446/1/3446
f 3266/1/3266 3443/1/3443 3446/1/3446
f 3267/1/3267 3269/1/3269 3447/1/3447
f 3267/1/3267 3441/1/3441 3444/1/3444
f 3267/1/3267 3444/1/3444 3447/1/3447
f 3268/1/3268 3270/1/3270 3450/1/3450
f 3268/1/3268 3446/1/3446 3450/1/3450
f 3269/1/3269 3271/1/3271 3451/1/3451
f 3269/1/3269 3447/1/3447 3451/1/3451
f 3270/1/3270 3273/1/3273 3450/1/3450
f 3271/1/3271 3272/1/3272 3452/1/3452
f 3271/1/3271 3272/1/3272 3455/1/3455
f 3271/1/3271 3274/1/3274 3275/1/3275
f 3271/1/3271 3275/1/3275 3455/1/3455
f 3271/1/3271 3451/1/3451 3452/1/3452
f 3272/1/3272 3452/1/3452 3455/1/3455
f 3273/1/3273 3276/1/3276 3458/1/3458
f 3273/1/3273 3450/1/3450 3454/1/3454
f 3273/1/3273 3454/1/3454 3458/1/3458
f 3274/1/3274 3275/1/3275 3277/1/3277
f 3275/1/3275 3277/1/3277 3278/1/3278
f 3275/1/3275 3278/1/3278 3455/1/3455
f 3276/1/3276 3280/1/3280 3458/1/3458
f 3277/1/3277 3278/1/3278 3281/1/3281
f 3278/1/3278 3281/1/3281 3282/1/3282
f 3278/1/3278 3282/1/3282 3464/1/3464
f 3278/1/3278 3455/1/3455 3459/1/3459
f 3278/1/3278 3459/1/3459 3464/1/3464
f 3279/1/3279 3280/1/3280 3284/1/3284
f 3279/1/3279 3280/1/3280 3462/1/3462
f 3279/1/3279 3283/1/3283 3284/1/3284
f 3279/1/3279 3283/1/3283 3469/1/3469
f 3279/1/3279 3462/1/3462 3469/1/3469
f 3280/1/3280 3458/1/3458 3463/1/3463
f 3280/1/3280 3462/1/3462 3463/1/3463
f 3281/1/3281 3282/1/3282 3285/1/3285
f 3282/1/3282 3285/1/3285 3286/1/3286
f 3282/1/3282 3286/1/3286 3464/1/3464
f 3283/1/3283 3284/1/3284 3289/1/3289
f 3283/1/3283 3288/1/3288 3289/1/3289
f 3283/1/3283 3288/1/3288 3475/1/3475
f 3283/1/3283 3469/1/3469 3475/1/3475
f 3286/1/3286 3287/1/3287 3290/1/3290
f 3286/1/3286 3287/1/3287 3471/1/3471
f 3286/1/3286 3464/1/3464 3470/1/3470
f 3286/1/3286 3470/1/3470 3471/1/3471
f 3287/1/3287 3290/1/3290 3291/1/3291
f 3287/1/3287 3291/1/3291 3471/1/3471
f 3288/1/3288 3289/1/3289 3294/1/3294
f 3288/1/3288 3293/1/3293 3294/1/3294
f 3288/1/3288 3293/1/3293 3475/1/3475
f 3290/1/3290 3291/1/3291 3296/1/3296
f 3290/1/3290 3295/1/3295 3296/1/3296
f 3291/1/3291 3296/1/3296 3477/1/3477
f 3291/1/3291 3471/1/3471 3476/1/3476
f 3291/1/3291 3476/1/3476 3477/1/3477
f 3292/1/3292 3293/1/3293 3299/1/3299
f 3292/1/3292 3293/1/3293 3479/1/3479
f 3292/1/3292 3299/1/3299 3479/1/3479
f 3293/1/3293 3294/1/3294 3301/1/3301
f 3293/1/3293 3299/1/3299 3300/1/3300
f 3293/1/3293 3300/1/3300 3301/1/3301
f 3293/1/3293 3475/1/3475 3480/1/3480
f 3293/1/3293 3479/1/3479 3480/1/3480
f 3295/1/3295 3296/1/3296 3302/1/3302
f 3296/1/3296 3297/1/3297 3304/1/3304
f 3296/1/3296 3297/1/3297 3477/1/3477
f 3296/1/3296 3302/1/3302 3303/1/3303
f 3296/1/3296 3303/1/3303 3304/1/3304
f 3297/1/3297 3298/1/3298 3304/1/3304
f 3297/1/3297 3298/1/3298 3481/1/3481
f 3297/1/3297 3477/1/3477 3481/1/3481
f 3298/1/3298 3299/1/3299 3305/1/3305
f 3298/1/3298 3299/1/3299 3482/1/3482
f 3298/1/3298 3304/1/3304 3305/1/3305
f 3298/1/3298 3481/1/3481 3482/1/3482
f 3299/1/3299 3300/1/3300 3306/1/3306
f 3299/1/3299 3305/1/3305 3306/1/3306
f 3299/1/3299 3479/1/3479 3483/1/3483
f 3299/1/3299 3482/1/3482 3483/1/3483
f 3300/1/3300 3306/1/3306 3307/1/3307
f 3302/1/3302 3303/1/3303 3308/1/3308
f 3303/1/3303 3304/1/3304 3308/1/3308
f 3304/1/3304 3305/1/3305 3310/1/3310
f 3304/1/3304 3308/1/3308 3309/1/3309
f 3304/1/3304 3309/1/3309 3310/1/3310
f 3305/1/3305 3306/1/3306 3311/1/3311
f 3305/1/3305 3310/1/3310 3311/1/3311
f 3306/1/3306 3307/1/3307 3312/1/3312
f 3306/1/3306 3311/1/3311 3312/1/3312
f 3308/1/3308 3309/1/3309 3314/1/3314
f 3308/1/3308 3313/1/3313 3314/1/3314
f 3309/1/3309 3310/1/3310 3315/1/3315
f 3309/1/3309 3314/1/3314 3315/1/3315
f 3310/1/3310 3311/1/3311 3316/1/3316
f 3310/1/3310 3315/1/3315 3316/1/3316
f 3317/1/3317 3318/1/3318 3324/1/3324
f 3318/1/3318 3319/1/3319 3485/1/3485
f 3318/1/3318 3324/1/3324 3325/1/3325
f 3318/1/3318 3325/1/3325 3484/1/3484
f 3318/1/3318 3484/1/3484 3485/1/3485
f 3318/1/3318 3484/1/3484 3489/1/3489
f 3319/1/3319 3320/1/3320 3485/1/3485
f 3320/1/3320 3321/1/3321 3487/1/3487
f 3320/1/3320 3485/1/3485 3486/1/3486
f 3320/1/3320 3486/1/3486 3487/1/3487
f 3321/1/3321 3322/1/3322 3327/1/3327
f 3321/1/3321 3326/1/3326 3327/1/3327
f 3321/1/3321 3326/1/3326 3491/1/3491
f 3321/1/3321 3487/1/3487 3491/1/3491
f 3323/1/3323 3324/1/3324 3329/1/3329
f 3324/1/3324 3325/1/3325 3489/1/3489
f 3324/1/3324 3329/1/3329 3330/1/3330
f 3324/1/3324 3330/1/3330 3488/1/3488
f 3324/1/3324 3488/1/3488 3489/1/3489
f 3325/1/3325 3484/1/3484 3489/1/3489
f 3326/1/3326 3327/1/3327 3491/1/3491
f 3327/1/3327 3328/1/3328 3332/1/3332
f 3327/1/3327 3331/1/3331 3332/1/3332
f 3327/1/3327 3331/1/3331 3492/1/3492
f 3327/1/3327 3491/1/3491 3492/1/3492
f 3329/1/3329 3330/1/3330 3494/1/3494
f 3329/1/3329 3333/1/3333 3493/1/3493
f 3329/1/3329 3493/1/3493 3494/1/3494
f 3330/1/3330 3488/1/3488 3494/1/3494
f 3331/1/3331 3332/1/3332 3495/1/3495
f 3331/1/3331 3492/1/3492 3495/1/3495
f 3332/1/3332 3334/1/3334 3496/1/3496
f 3332/1/3332 3495/1/3495 3496/1/3496
f 3333/1/3333 3336/1/3336 3501/1/3501
f 3333/1/3333 3493/1/3493 3498/1/3498
f 3333/1/3333 3498/1/3498 3501/1/3501
f 3334/1/3334 3337/1/3337 3502/1/3502
f 3334/1/3334 3496/1/3496 3499/1/3499
f 3334/1/3334 3499/1/3499 3502/1/3502
f 3335/1/3335 3336/1/3336 3338/1/3338
f 3335/1/3335 3336/1/3336 3500/1/3500
f 3335/1/3335 3338/1/3338 3504/1/3504
f 3335/1/3335 3500/1/3500 3504/1/3504
f 3336/1/3336 3338/1/3338 3339/1/3339
f 3336/1/3336 3500/1/3500 3501/1/3501
f 3337/1/3337 3340/1/3340 3341/1/3341
f 3337/1/3337 3341/1/3341 3505/1/3505
f 3337/1/3337 3502/1/3502 3503/1/3503
f 3337/1/3337 3503/1/3503 3505/1/3505
f 3338/1/3338 3339/1/3339 3342/1/3342
f 3338/1/3338 3342/1/3342 3506/1/3506
f 3338/1/3338 3504/1/3504 3506/1/3506
f 3339/1/3339 3342/1/3342 3343/1/3343
f 3340/1/3340 3341/1/3341 3345/1/3345
f 3340/1/3340 3344/1/3344 3345/1/3345
f 3341/1/3341 3345/1/3345 3507/1/3507
f 3341/1/3341 3505/1/3505 3507/1/3507
f 3342/1/3342 3343/1/3343 3506/1/3506
f 3343/1/3343 3346/1/3346 3506/1/3506
f 3344/1/3344 3345/1/3345 3349/1/3349
f 3345/1/3345 3349/1/3349 3511/1/3511
f 3345/1/3345 3507/1/3507 3511/1/3511
f 3346/1/3346 3347/1/3347 3350/1/3350
f 3346/1/3346 3350/1/3350 3513/1/3513
f 3346/1/3346 3506/1/3506 3508/1/3508
f 3346/1/3346 3508/1/3508 3509/1/3509
f 3346/1/3346 3509/1/3509 3513/1/3513
f 3347/1/3347 3350/1/3350 3351/1/3351
f 3348/1/3348 3349/1/3349 3357/1/3357
f 3348/1/3348 3356/1/3356 3357/1/3357
f 3349/1/3349 3357/1/3357 3516/1/3516
f 3349/1/3349 3510/1/3510 3511/1/3511
f 3349/1/3349 3510/1/3510 3516/1/3516
f 3350/1/3350 3351/1/3351 3513/1/3513
f 3351/1/3351 3352/1/3352 3359/1/3359
f 3351/1/3351 3358/1/3358 3359/1/3359
f 3351/1/3351 3358/1/3358 3519/1/3519
f 3351/1/3351 3513/1/3513 3514/1/3514
f 3351/1/3351 3514/1/3514 3519/1/3519
f 3352/1/3352 3359/1/3359 3360/1/3360
f 3353/1/3353 3354/1/3354 3361/1/3361
f 3353/1/3353 3360/1/3360 3361/1/3361
f 3354/1/3354 3355/1/3355 3361/1/3361
f 3355/1/3355 3356/1/3356 3362/1/3362
f 3355/1/3355 3361/1/3361 3362/1/3362
f 3356/1/3356 3357/1/3357 3515/1/3515
f 3356/1/3356 3362/1/3362 3363/1/3363
f 3356/1/3356 3363/1/3363 3524/1/3524
f 3356/1/3356 3515/1/3515 3524/1/3524
f 3357/1/3357 3515/1/3515 3516/1/3516
f 3358/1/3358 3359/1/3359 3519/1/3519
f 3359/1/3359 3360/1/3360 3520/1/3520
f 3359/1/3359 3519/1/3519 3520/1/3520
f 3360/1/3360 3361/1/3361 3521/1/3521
f 3360/1/3360 3520/1/3520 3521/1/3521
f 3360/1/3360 3521/1/3521 3529/1/3529
f 3361/1/3361 3362/1/3362 3522/1/3522
f 3361/1/3361 3521/1/3521 3522/1/3522
f 3362/1/3362 3363/1/3363 3523/1/3523
f 3362/1/3362 3522/1/3522 3523/1/3523
f 3363/1/3363 3523/1/3523 3524/1/3524
f 3364/1/3364 3365/1/3365 3369/1/3369
f 3364/1/3364 3365/1/3365 3554/1/3554
f 3364/1/3364 3368/1/3368 3369/1/3369
f 3364/1/3364 3368/1/3368 3552/1/3552
f 3364/1/3364 3552/1/3552 3553/1/3553
f 3364/1/3364 3553/1/3553 3554/1/3554
f 3365/1/3365 3366/1/3366 3369/1/3369
f 3365/1/3365 3366/1/3366 3555/1/3555
f 3365/1/3365 3554/1/3554 3555/1/3555
f 3366/1/3366 3369/1/3369 3370/1/3370
f 3366/1/3366 3370/1/3370 3555/1/3555
f 3367/1/3367 3368/1/3368 3374/1/3374
f 3367/1/3367 3368/1/3368 3552/1/3552
f 3367/1/3367 3373/1/3373 3374/1/3374
f 3367/1/3367 3373/1/3373 3559/1/3559
f 3367/1/3367 3552/1/3552 3559/1/3559
f 3368/1/3368 3369/1/3369 3374/1/3374
f 3369/1/3369 3370/1/3370 3376/1/3376
f 3369/1/3369 3374/1/3374 3375/1/3375
f 3369/1/3369 3375/1/3375 3376/1/3376
f 3370/1/3370 3371/1/3371 3376/1/3376
f 3370/1/3370 3371/1/3371 3561/1/3561
f 3370/1/3370 3555/1/3555 3560/1/3560
f 3370/1/3370 3560/1/3560 3561/1/3561
f 3371/1/3371 3376/1/3376 3377/1/3377
f 3371/1/3371 3377/1/3377 3561/1/3561
f 3372/1/3372 3373/1/3373 3379/1/3379
f 3372/1/3372 3373/1/3373 3564/1/3564
f 3372/1/3372 3378/1/3378 3379/1/3379
f 3372/1/3372 3378/1/3378 3569/1/3569
f 3372/1/3372 3564/1/3564 3569/1/3569
f 3373/1/3373 3374/1/3374 3379/1/3379
f 3373/1/3373 3559/1/3559 3565/1/3565
f 3373/1/3373 3564/1/3564 3565/1/3565
f 3374/1/3374 3375/1/3375 3381/1/3381
f 3374/1/3374 3379/1/3379 3380/1/3380
f 3374/1/3374 3380/1/3380 3381/1/3381
f 3375/1/3375 3376/1/3376 3381/1/3381
f 3376/1/3376 3377/1/3377 3383/1/3383
f 3376/1/3376 3381/1/3381 3382/1/3382
f 3376/1/3376 3382/1/3382 3383/1/3383
f 3377/1/3377 3383/1/3383 3567/1/3567
f 3377/1/3377 3561/1/3561 3566/1/3566
f 3377/1/3377 3566/1/3566 3567/1/3567
f 3378/1/3378 3379/1/3379 3386/1/3386
f 3378/1/3378 3385/1/3385 3386/1/3386
f 3378/1/3378 3385/1/3385 3572/1/3572
f 3378/1/3378 3569/1/3569 3572/1/3572
f 3383/1/3383 3384/1/3384 3388/1/3388
f 3383/1/3383 3384/1/3384 3567/1/3567
f 3383/1/3383 3387/1/3387 3388/1/3388
f 3384/1/3384 3388/1/3388 3573/1/3573
f 3384/1/3384 3567/1/3567 3570/1/3570
f 3384/1/3384 3570/1/3570 3573/1/3573
f 3385/1/3385 3386/1/3386 3389/1/3389
f 3385/1/3385 3389/1/3389 3576/1/3576
f 3385/1/3385 3572/1/3572 3576/1/3576
f 3386/1/3386 3389/1/3389 3390/1/3390
f 3387/1/3387 3388/1/3388 3391/1/3391
f 3388/1/3388 3391/1/3391 3392/1/3392
f 3388/1/3388 3392/1/3392 3577/1/3577
f 3388/1/3388 3573/1/3573 3577/1/3577
f 3389/1/3389 3394/1/3394 3575/1/3575
f 3389/1/3389 3575/1/3575 3576/1/3576
f 3392/1/3392 3395/1/3395 3580/1/3580
f 3392/1/3392 3577/1/3577 3580/1/3580
f 3393/1/3393 3394/1/3394 3396/1/3396
f 3393/1/3393 3394/1/3394 3579/1/3579
f 3393/1/3393 3396/1/3396 3582/1/3582
f 3393/1/3393 3579/1/3579 3582/1/3582
f 3394/1/3394 3396/1/3396 3397/1/3397
f 3394/1/3394 3575/1/3575 3579/1/3579
f 3395/1/3395 3398/1/3398 3580/1/3580
f 3396/1/3396 3397/1/3397 3399/1/3399
f 3396/1/3396 3399/1/3399 3582/1/3582
f 3397/1/3397 3399/1/3399 3400/1/3400
f 3398/1/3398 3401/1/3401 3583/1/3583
f 3398/1/3398 3580/1/3580 3583/1/3583
f 3399/1/3399 3400/1/3400 3403/1/3403
f 3399/1/3399 3403/1/3403 3585/1/3585
f 3399/1/3399 3582/1/3582 3585/1/3585
f 3401/1/3401 3402/1/3402 3404/1/3404
f 3401/1/3401 3402/1/3402 3587/1/3587
f 3401/1/3401 3583/1/3583 3586/1/3586
f 3401/1/3401 3586/1/3586 3587/1/3587
f 3402/1/3402 3404/1/3404 3405/1/3405
f 3402/1/3402 3405/1/3405 3589/1/3589
f 3402/1/3402 3587/1/3587 3589/1/3589
f 3403/1/3403 3406/1/3406 3588/1/3588
f 3403/1/3403 3585/1/3585 3588/1/3588
f 3404/1/3404 3405/1/3405 3407/1/3407
f 3405/1/3405 3407/1/3407 3408/1/3408
f 3405/1/3405 3408/1/3408 3591/1/3591
f 3405/1/3405 3589/1/3589 3591/1/3591
f 3406/1/3406 3409/1/3409 3592/1/3592
f 3406/1/3406 3588/1/3588 3590/1/3590
f 3406/1/3406 3590/1/3590 3592/1/3592
f 3407/1/3407 3408/1/3408 3411/1/3411
f 3407/1/3407 3410/1/3410 3411/1/3411
f 3408/1/3408 3411/1/3411 3593/1/3593
f 3408/1/3408 3591/1/3591 3593/1/3593
f 3409/1/3409 3412/1/3412 3594/1/3594
f 3409/1/3409 3592/1/3592 3594/1/3594
f 3411/1/3411 3413/1/3413 3595/1/3595
f 3411/1/3411 3593/1/3593 3595/1/3595
f 3412/1/3412 3414/1/3414 3596/1/3596
f 3412/1/3412 3594/1/3594 3596/1/3596
f 3413/1/3413 3415/1/3415 3597/1/3597
f 3413/1/3413 3595/1/3595 3597/1/3597
f 3414/1/3414 3416/1/3416 3596/1/3596
f 3415/1/3415 3417/1/3417 3599/1/3599
f 3415/1/3415 3597/1/3597 3599/1/3599
f 3416/1/3416 3418/1/3418 3600/1/3600
f 3416/1/3416 3596/1/3596 3598/1/3598
f 3416/1/3416 3598/1/3598 3600/1/3600
f 3417/1/3417 3419/1/3419 3599/1/3599
f 3418/1/3418 3420/1/3420 3602/1/3602
f 3418/1/3418 3600/1/3600 3602/1/3602
f 3419/1/3419 3421/1/3421 3604/1/3604
f 3419/1/3419 3599/1/3599 3601/1/3601
f 3419/1/3419 3601/1/3601 3604/1/3604
f 3420/1/3420 3422/1/3422 3602/1/3602
f 3421/1/3421 3423/1/3423 3604/1/3604
f 3422/1/3422 3424/1/3424 3608/1/3608
f 3422/1/3422 3602/1/3602 3605/1/3605
f 3422/1/3422 3605/1/3605 3608/1/3608
f 3423/1/3423 3426/1/3426 3606/1/3606
f 3423/1/3423 3604/1/3604 3607/1/3607
f 3423/1/3423 3606/1/3606 3607/1/3607
f 3424/1/3424 3427/1/3427 3608/1/3608
f 3425/1/3425 3426/1/3426 3428/1/3428
f 3425/1/3425 3426/1/3426 3609/1/3609
f 3425/1/3425 3428/1/3428 3611/1/3611
f 3425/1/3425 3609/1/3609 3611/1/3611
f 3426/1/3426 3428/1/3428 3429/1/3429
f 3426/1/3426 3606/1/3606 3609/1/3609
f 3427/1/3427 3430/1/3430 3612/1/3612
f 3427/1/3427 3608/1/3608 3610/1/3610
f 3427/1/3427 3610/1/3610 3612/1/3612
f 3428/1/3428 3429/1/3429 3431/1/3431
f 3428/1/3428 3431/1/3431 3611/1/3611
f 3429/1/3429 3431/1/3431 3432/1/3432
f 3430/1/3430 3433/1/3433 3612/1/3612
f 3431/1/3431 3434/1/3434 3615/1/3615
f 3431/1/3431 3611/1/3611 3613/1/3613
f 3431/1/3431 3613/1/3613 3615/1/3615
f 3433/1/3433 3435/1/3435 3614/1/3614
f 3433/1/3433 3612/1/3612 3614/1/3614
f 3434/1/3434 3436/1/3436 3618/1/3618
f 3434/1/3434 3615/1/3615 3618/1/3618
f 3435/1/3435 3437/1/3437 3619/1/3619
f 3435/1/3435 3614/1/3614 3616/1/3616
f 3435/1/3435 3616/1/3616 3619/1/3619
f 3436/1/3436 3438/1/3438 3618/1/3618
f 3437/1/3437 3439/1/3439 3619/1/3619
f 3438/1/3438 3440/1/3440 3621/1/3621
f 3438/1/3438 3618/1/3618 3621/1/3621
f 3439/1/3439 3441/1/3441 3626/1/3626
f 3439/1/3439 3619/1/3619 3622/1/3622
f 3439/1/3439 3622/1/3622 3623/1/3623
f 3439/1/3439 3623/1/3623 3626/1/3626
f 3440/1/3440 3443/1/3443 3625/1/3625
f 3440/1/3440 3621/1/3621 3625/1/3625
f 3441/1/3441 3442/1/3442 3445/1/3445
f 3441/1/3441 3442/1/3442 3626/1/3626
f 3441/1/3441 3444/1/3444 3445/1/3445
f 3442/1/3442 3445/1/3445 3629/1/3629
f 3442/1/3442 3626/1/3626 3629/1/3629
f 3443/1/3443 3446/1/3446 3628/1/3628
f 3443/1/3443 3625/1/3625 3628/1/3628
f 3444/1/3444 3445/1/3445 3448/1/3448
f 3444/1/3444 3447/1/3447 3448/1/3448
f 3445/1/3445 3448/1/3448 3629/1/3629
f 3446/1/3446 3450/1/3450 3636/1/3636
f 3446/1/3446 3628/1/3628 3632/1/3632
f 3446/1/3446 3631/1/3631 3632/1/3632
f 3446/1/3446 3631/1/3631 3636/1/3636
f 3447/1/3447 3448/1/3448 3451/1/3451
f 3448/1/3448 3451/1/3451 3452/1/3452
f 3448/1/3448 3452/1/3452 3633/1/3633
f 3448/1/3448 3629/1/3629 3633/1/3633
f 3449/1/3449 3450/1/3450 3453/1/3453
f 3449/1/3449 3450/1/3450 3636/1/3636
f 3449/1/3449 3453/1/3453 3642/1/3642
f 3449/1/3449 3636/1/3636 3642/1/3642
f 3450/1/3450 3453/1/3453 3454/1/3454
f 3452/1/3452 3455/1/3455 3643/1/3643
f 3452/1/3452 3633/1/3633 3637/1/3637
f 3452/1/3452 3637/1/3637 3643/1/3643
f 3453/1/3453 3454/1/3454 3457/1/3457
f 3453/1/3453 3457/1/3457 3648/1/3648
f 3453/1/3453 3642/1/3642 3648/1/3648
f 3454/1/3454 3457/1/3457 3458/1/3458
f 3455/1/3455 3456/1/3456 3459/1/3459
f 3455/1/3455 3456/1/3456 3644/1/3644
f 3455/1/3455 3643/1/3643 3644/1/3644
f 3456/1/3456 3459/1/3459 3460/1/3460
f 3456/1/3456 3460/1/3460 3644/1/3644
f 3457/1/3457 3458/1/3458 3463/1/3463
f 3457/1/3457 3462/1/3462 3463/1/3463
f 3457/1/3457 3462/1/3462 3653/1/3653
f 3457/1/3457 3648/1/3648 3653/1/3653
f 3459/1/3459 3460/1/3460 3465/1/3465
f 3459/1/3459 3464/1/3464 3465/1/3465
f 3460/1/3460 3465/1/3465 3466/1/3466
f 3460/1/3460 3466/1/3466 3650/1/3650
f 3460/1/3460 3644/1/3644 3649/1/3649
f 3460/1/3460 3649/1/3649 3650/1/3650
f 3461/1/3461 3462/1/3462 3469/1/3469
f 3461/1/3461 3462/1/3462 3652/1/3652
f 3461/1/3461 3468/1/3468 3469/1/3469
f 3461/1/3461 3468/1/3468 3652/1/3652
f 3462/1/3462 3652/1/3652 3653/1/3653
f 3464/1/3464 3465/1/3465 3471/1/3471
f 3464/1/3464 3470/1/3470 3471/1/3471
f 3465/1/3465 3466/1/3466 3472/1/3472
f 3465/1/3465 3471/1/3471 3472/1/3472
f 3466/1/3466 3467/1/3467 3473/1/3473
f 3466/1/3466 3467/1/3467 3654/1/3654
f 3466/1/3466 3472/1/3472 3473/1/3473
f 3466/1/3466 3650/1/3650 3654/1/3654
f 3467/1/3467 3468/1/3468 3473/1/3473
f 3467/1/3467 3468/1/3468 3655/1/3655
f 3467/1/3467 3654/1/3654 3655/1/3655
f 3468/1/3468 3469/1/3469 3474/1/3474
f 3468/1/3468 3473/1/3473 3474/1/3474
f 3468/1/3468 3652/1/3652 3655/1/3655
f 3469/1/3469 3474/1/3474 3475/1/3475
f 3471/1/3471 3472/1/3472 3477/1/3477
f 3471/1/3471 3476/1/3476 3477/1/3477
f 3472/1/3472 3473/1/3473 3477/1/3477
f 3473/1/3473 3474/1/3474 3479/1/3479
f 3473/1/3473 3477/1/3477 3478/1/3478
f 3473/1/3473 3478/1/3478 3479/1/3479
f 3474/1/3474 3475/1/3475 3479/1/3479
f 3475/1/3475 3479/1/3479 3480/1/3480
f 3477/1/3477 3478/1/3478 3481/1/3481
f 3478/1/3478 3479/1/3479 3482/1/3482
f 3478/1/3478 3481/1/3481 3482/1/3482
f 3479/1/3479 3482/1/3482 3483/1/3483
f 3484/1/3484 3485/1/3485 3489/1/3489
f 3485/1/3485 3486/1/3486 3657/1/3657
f 3485/1/3485 3489/1/3489 3490/1/3490
f 3485/1/3485 3490/1/3490 3661/1/3661
f 3485/1/3485 3656/1/3656 3657/1/3657
f 3485/1/3485 3656/1/3656 3661/1/3661
f 3486/1/3486 3487/1/3487 3658/1/3658
f 3486/1/3486 3657/1/3657 3658/1/3658
f 3487/1/3487 3491/1/3491 3663/1/3663
f 3487/1/3487 3658/1/3658 3663/1/3663
f 3488/1/3488 3489/1/3489 3660/1/3660
f 3488/1/3488 3494/1/3494 3659/1/3659
f 3488/1/3488 3659/1/3659 3660/1/3660
f 3489/1/3489 3490/1/3490 3660/1/3660
f 3490/1/3490 3660/1/3660 3661/1/3661
f 3491/1/3491 3492/1/3492 3664/1/3664
f 3491/1/3491 3663/1/3663 3664/1/3664
f 3492/1/3492 3495/1/3495 3664/1/3664
f 3493/1/3493 3494/1/3494 3666/1/3666
f 3493/1/3493 3498/1/3498 3670/1/3670
f 3493/1/3493 3665/1/3665 3666/1/3666
f 3493/1/3493 3665/1/3665 3670/1/3670
f 3494/1/3494 3659/1/3659 3666/1/3666
f 3495/1/3495 3496/1/3496 3668/1/3668
f 3495/1/3495 3664/1/3664 3667/1/3667
f 3495/1/3495 3667/1/3667 3668/1/3668
f 3496/1/3496 3499/1/3499 3668/1/3668
f 3497/1/3497 3498/1/3498 3500/1/3500
f 3497/1/3497 3498/1/3498 3669/1/3669
f 3497/1/3497 3500/1/3500 3673/1/3673
f 3497/1/3497 3669/1/3669 3673/1/3673
f 3498/1/3498 3500/1/3500 3501/1/3501
f 3498/1/3498 3669/1/3669 3670/1/3670
f 3499/1/3499 3502/1/3502 3671/1/3671
f 3499/1/3499 3668/1/3668 3671/1/3671
f 3500/1/3500 3504/1/3504 3677/1/3677
f 3500/1/3500 3673/1/3673 3677/1/3677
f 3502/1/3502 3503/1/3503 3675/1/3675
f 3502/1/3502 3671/1/3671 3674/1/3674
f 3502/1/3502 3674/1/3674 3675/1/3675
f 3503/1/3503 3505/1/3505 3678/1/3678
f 3503/1/3503 3675/1/3675 3678/1/3678
f 3504/1/3504 3506/1/3506 3680/1/3680
f 3504/1/3504 3677/1/3677 3680/1/3680
f 3505/1/3505 3507/1/3507 3678/1/3678
f 3506/1/3506 3508/1/3508 3680/1/3680
f 3507/1/3507 3511/1/3511 3681/1/3681
f 3507/1/3507 3678/1/3678 3681/1/3681
f 3508/1/3508 3509/1/3509 3513/1/3513
f 3508/1/3508 3512/1/3512 3513/1/3513
f 3508/1/3508 3512/1/3512 3687/1/3687
f 3508/1/3508 3680/1/3680 3683/1/3683
f 3508/1/3508 3683/1/3683 3687/1/3687
f 3510/1/3510 3511/1/3511 3516/1/3516
f 3511/1/3511 3516/1/3516 3517/1/3517
f 3511/1/3511 3517/1/3517 3690/1/3690
f 3511/1/3511 3681/1/3681 3684/1/3684
f 3511/1/3511 3684/1/3684 3690/1/3690
f 3512/1/3512 3513/1/3513 3687/1/3687
f 3513/1/3513 3514/1/3514 3519/1/3519
f 3513/1/3513 3518/1/3518 3519/1/3519
f 3513/1/3513 3518/1/3518 3694/1/3694
f 3513/1/3513 3687/1/3687 3688/1/3688
f 3513/1/3513 3688/1/3688 3694/1/3694
f 3515/1/3515 3516/1/3516 3525/1/3525
f 3515/1/3515 3524/1/3524 3525/1/3525
f 3516/1/3516 3517/1/3517 3690/1/3690
f 3516/1/3516 3525/1/3525 3695/1/3695
f 3516/1/3516 3689/1/3689 3690/1/3690
f 3516/1/3516 3689/1/3689 3695/1/3695
f 3518/1/3518 3519/1/3519 3527/1/3527
f 3518/1/3518 3526/1/3526 3527/1/3527
f 3518/1/3518 3526/1/3526 3694/1/3694
f 3519/1/3519 3520/1/3520 3527/1/3527
f 3520/1/3520 3521/1/3521 3528/1/3528
f 3520/1/3520 3527/1/3527 3528/1/3528
f 3521/1/3521 3522/1/3522 3530/1/3530
f 3521/1/3521 3528/1/3528 3529/1/3529
f 3521/1/3521 3529/1/3529 3530/1/3530
f 3522/1/3522 3523/1/3523 3530/1/3530
f 3523/1/3523 3524/1/3524 3532/1/3532
f 3523/1/3523 3530/1/3530 3531/1/3531
f 3523/1/3523 3531/1/3531 3532/1/3532
f 3524/1/3524 3525/1/3525 3533/1/3533
f 3524/1/3524 3532/1/3532 3533/1/3533
f 3525/1/3525 3533/1/3533 3703/1/3703
f 3525/1/3525 3695/1/3695 3703/1/3703
f 3526/1/3526 3527/1/3527 3698/1/3698
f 3526/1/3526 3694/1/3694 3698/1/3698
f 3527/1/3527 3528/1/3528 3534/1/3534
f 3527/1/3527 3534/1/3534 3704/1/3704
f 3527/1/3527 3698/1/3698 3699/1/3699
f 3527/1/3527 3699/1/3699 3704/1/3704
f 3528/1/3528 3529/1/3529 3536/1/3536
f 3528/1/3528 3534/1/3534 3535/1/3535
f 3528/1/3528 3535/1/3535 3536/1/3536
f 3528/1/3528 3535/1/3535 3705/1/3705
f 3529/1/3529 3530/1/3530 3706/1/3706
f 3529/1/3529 3536/1/3536 3706/1/3706
f 3530/1/3530 3531/1/3531 3700/1/3700
f 3530/1/3530 3700/1/3700 3707/1/3707
f 3530/1/3530 3706/1/3706 3707/1/3707
f 3531/1/3531 3532/1/3532 3701/1/3701
f 3531/1/3531 3700/1/3700 3708/1/3708
f 3531/1/3531 3701/1/3701 3708/1/3708
f 3532/1/3532 3533/1/3533 3702/1/3702
f 3532/1/3532 3701/1/3701 3702/1/3702
f 3533/1/3533 3702/1/3702 3703/1/3703
f 3534/1/3534 3535/1/3535 3704/1/3704
f 3535/1/3535 3536/1/3536 3706/1/3706
f 3535/1/3535 3704/1/3704 3705/1/3705
f 3535/1/3535 3705/1/3705 3706/1/3706
f 3537/1/3537 3538/1/3538 3542/1/3542
f 3537/1/3537 3538/1/3538 3727/1/3727
f 3537/1/3537 3540/1/3540 3541/1/3541
f 3537/1/3537 3540/1/3540 3726/1/3726
f 3537/1/3537 3541/1/3541 3542/1/3542
f 3537/1/3537 3726/1/3726 3727/1/3727
f 3538/1/3538 3539/1/3539 3542/1/3542
f 3538/1/3538 3539/1/3539 3727/1/3727
f 3539/1/3539 3542/1/3542 3543/1/3543
f 3539/1/3539 3543/1/3543 3733/1/3733
f 3539/1/3539 3727/1/3727 3728/1/3728
f 3539/1/3539 3728/1/3728 3733/1/3733
f 3540/1/3540 3541/1/3541 3547/1/3547
f 3540/1/3540 3541/1/3541 3732/1/3732
f 3540/1/3540 3546/1/3546 3547/1/3547
f 3540/1/3540 3546/1/3546 3732/1/3732
f 3540/1/3540 3725/1/3725 3726/1/3726
f 3540/1/3540 3725/1/3725 3732/1/3732
f 3541/1/3541 3542/1/3542 3548/1/3548
f 3541/1/3541 3547/1/3547 3548/1/3548
f 3542/1/3542 3543/1/3543 3548/1/3548
f 3543/1/3543 3544/1/3544 3550/1/3550
f 3543/1/3543 3544/1/3544 3734/1/3734
f 3543/1/3543 3548/1/3548 3549/1/3549
f 3543/1/3543 3549/1/3549 3550/1/3550
f 3543/1/3543 3728/1/3728 3733/1/3733
f 3543/1/3543 3728/1/3728 3734/1/3734
f 3544/1/3544 3550/1/3550 3734/1/3734
f 3544/1/3544 3550/1/3550 3739/1/3739
f 3544/1/3544 3734/1/3734 3739/1/3739
f 3545/1/3545 3546/1/3546 3551/1/3551
f 3545/1/3545 3546/1/3546 3737/1/3737
f 3545/1/3545 3551/1/3551 3742/1/3742
f 3545/1/3545 3737/1/3737 3742/1/3742
f 3546/1/3546 3547/1/3547 3553/1/3553
f 3546/1/3546 3551/1/3551 3552/1/3552
f 3546/1/3546 3552/1/3552 3553/1/3553
f 3546/1/3546 3732/1/3732 3738/1/3738
f 3546/1/3546 3737/1/3737 3738/1/3738
f 3547/1/3547 3548/1/3548 3554/1/3554
f 3547/1/3547 3553/1/3553 3554/1/3554
f 3548/1/3548 3549/1/3549 3554/1/3554
f 3549/1/3549 3550/1/3550 3556/1/3556
f 3549/1/3549 3554/1/3554 3555/1/3555
f 3549/1/3549 3555/1/3555 3556/1/3556
f 3550/1/3550 3556/1/3556 3743/1/3743
f 3550/1/3550 3739/1/3739 3743/1/3743
f 3551/1/3551 3552/1/3552 3558/1/3558
f 3551/1/3551 3558/1/3558 3745/1/3745
f 3551/1/3551 3742/1/3742 3745/1/3745
f 3552/1/3552 3558/1/3558 3559/1/3559
f 3555/1/3555 3556/1/3556 3560/1/3560
f 3556/1/3556 3557/1/3557 3562/1/3562
f 3556/1/3556 3557/1/3557 3743/1/3743
f 3556/1/3556 3560/1/3560 3561/1/3561
f 3556/1/3556 3561/1/3561 3562/1/3562
f 3557/1/3557 3562/1/3562 3743/1/3743
f 3558/1/3558 3559/1/3559 3564/1/3564
f 3558/1/3558 3564/1/3564 3749/1/3749
f 3558/1/3558 3745/1/3745 3749/1/3749
f 3559/1/3559 3564/1/3564 3565/1/3565
f 3561/1/3561 3562/1/3562 3567/1/3567
f 3561/1/3561 3566/1/3566 3567/1/3567
f 3562/1/3562 3567/1/3567 3750/1/3750
f 3562/1/3562 3743/1/3743 3746/1/3746
f 3562/1/3562 3746/1/3746 3750/1/3750
f 3563/1/3563 3564/1/3564 3568/1/3568
f 3563/1/3563 3564/1/3564 3748/1/3748
f 3563/1/3563 3568/1/3568 3752/1/3752
f 3563/1/3563 3748/1/3748 3752/1/3752
f 3564/1/3564 3568/1/3568 3569/1/3569
f 3564/1/3564 3748/1/3748 3749/1/3749
f 3567/1/3567 3570/1/3570 3750/1/3750
f 3568/1/3568 3569/1/3569 3572/1/3572
f 3568/1/3568 3571/1/3571 3572/1/3572
f 3568/1/3568 3571/1/3571 3755/1/3755
f 3568/1/3568 3752/1/3752 3755/1/3755
f 3570/1/3570 3573/1/3573 3753/1/3753
f 3570/1/3570 3750/1/3750 3753/1/3753
f 3571/1/3571 3572/1/3572 3575/1/3575
f 3571/1/3571 3575/1/3575 3755/1/3755
f 3572/1/3572 3575/1/3575 3576/1/3576
f 3573/1/3573 3574/1/3574 3578/1/3578
f 3573/1/3573 3574/1/3574 3757/1/3757
f 3573/1/3573 3577/1/3577 3578/1/3578
f 3573/1/3573 3753/1/3753 3756/1/3756
f 3573/1/3573 3756/1/3756 3757/1/3757
f 3574/1/3574 3578/1/3578 3759/1/3759
f 3574/1/3574 3757/1/3757 3759/1/3759
f 3575/1/3575 3579/1/3579 3758/1/3758
f 3575/1/3575 3755/1/3755 3758/1/3758
f 3577/1/3577 3578/1/3578 3581/1/3581
f 3577/1/3577 3578/1/3578 3759/1/3759
f 3577/1/3577 3580/1/3580 3581/1/3581
f 3578/1/3578 3581/1/3581 3761/1/3761
f 3578/1/3578 3759/1/3759 3761/1/3761
f 3579/1/3579 3582/1/3582 3762/1/3762
f 3579/1/3579 3758/1/3758 3760/1/3760
f 3579/1/3579 3760/1/3760 3762/1/3762
f 3580/1/3580 3581/1/3581 3583/1/3583
f 3581/1/3581 3583/1/3583 3584/1/3584
f 3581/1/3581 3584/1/3584 3761/1/3761
f 3582/1/3582 3585/1/3585 3764/1/3764
f 3582/1/3582 3762/1/3762 3764/1/3764
f 3583/1/3583 3584/1/3584 3586/1/3586
f 3584/1/3584 3586/1/3586 3587/1/3587
f 3584/1/3584 3587/1/3587 3763/1/3763
f 3584/1/3584 3761/1/3761 3763/1/3763
f 3585/1/3585 3588/1/3588 3764/1/3764
f 3587/1/3587 3589/1/3589 3767/1/3767
f 3587/1/3587 3763/1/3763 3765/1/3765
f 3587/1/3587 3765/1/3765 3767/1/3767
f 3588/1/3588 3590/1/3590 3768/1/3768
f 3588/1/3588 3764/1/3764 3766/1/3766
f 3588/1/3588 3766/1/3766 3768/1/3768
f 3589/1/3589 3591/1/3591 3769/1/3769
f 3589/1/3589 3767/1/3767 3769/1/3769
f 3590/1/3590 3592/1/3592 3770/1/3770
f 3590/1/3590 3768/1/3768 3770/1/3770
f 3591/1/3591 3593/1/3593 3771/1/3771
f 3591/1/3591 3769/1/3769 3771/1/3771
f 3592/1/3592 3594/1/3594 3770/1/3770
f 3593/1/3593 3595/1/3595 3773/1/3773
f 3593/1/3593 3771/1/3771 3773/1/3773
f 3594/1/3594 3596/1/3596 3774/1/3774
f 3594/1/3594 3770/1/3770 3772/1/3772
f 3594/1/3594 3772/1/3772 3774/1/3774
f 3595/1/3595 3597/1/3597 3773/1/3773
f 3596/1/3596 3598/1/3598 3774/1/3774
f 3597/1/3597 3599/1/3599 3778/1/3778
f 3597/1/3597 3773/1/3773 3775/1/3775
f 3597/1/3597 3775/1/3775 3778/1/3778
f 3598/1/3598 3600/1/3600 3779/1/3779
f 3598/1/3598 3774/1/3774 3776/1/3776
f 3598/1/3598 3776/1/3776 3779/1/3779
f 3599/1/3599 3601/1/3601 3778/1/3778
f 3600/1/3600 3602/1/3602 3779/1/3779
f 3601/1/3601 3604/1/3604 3784/1/3784
f 3601/1/3601 3778/1/3778 3781/1/3781
f 3601/1/3601 3781/1/3781 3784/1/3784
f 3602/1/3602 3605/1/3605 3782/1/3782
f 3602/1/3602 3779/1/3779 3782/1/3782
f 3603/1/3603 3604/1/3604 3606/1/3606
f 3603/1/3603 3604/1/3604 3783/1/3783
f 3603/1/3603 3606/1/3606 3783/1/3783
f 3604/1/3604 3606/1/3606 3607/1/3607
f 3604/1/3604 3783/1/3783 3784/1/3784
f 3605/1/3605 3608/1/3608 3785/1/3785
f 3605/1/3605 3782/1/3782 3785/1/3785
f 3606/1/3606 3609/1/3609 3788/1/3788
f 3606/1/3606 3783/1/3783 3786/1/3786
f 3606/1/3606 3786/1/3786 3788/1/3788
f 3608/1/3608 3610/1/3610 3787/1/3787
f 3608/1/3608 3785/1/3785 3787/1/3787
f 3609/1/3609 3611/1/3611 3790/1/3790
f 3609/1/3609 3788/1/3788 3790/1/3790
f 3610/1/3610 3612/1/3612 3789/1/3789
f 3610/1/3610 3787/1/3787 3789/1/3789
f 3611/1/3611 3613/1/3613 3793/1/3793
f 3611/1/3611 3790/1/3790 3793/1/3793
f 3612/1/3612 3614/1/3614 3794/1/3794
f 3612/1/3612 3789/1/3789 3791/1/3791
f 3612/1/3612 3791/1/3791 3794/1/3794
f 3613/1/3613 3615/1/3615 3797/1/3797
f 3613/1/3613 3793/1/3793 3797/1/3797
f 3614/1/3614 3616/1/3616 3794/1/3794
f 3615/1/3615 3618/1/3618 3801/1/3801
f 3615/1/3615 3797/1/3797 3801/1/3801
f 3616/1/3616 3617/1/3617 3620/1/3620
f 3616/1/3616 3617/1/3617 3799/1/3799
f 3616/1/3616 3619/1/3619 3620/1/3620
f 3616/1/3616 3794/1/3794 3798/1/3798
f 3616/1/3616 3798/1/3798 3799/1/3799
f 3617/1/3617 3620/1/3620 3799/1/3799
f 3618/1/3618 3621/1/3621 3801/1/3801
f 3619/1/3619 3620/1/3620 3622/1/3622
f 3620/1/3620 3622/1/3622 3623/1/3623
f 3620/1/3620 3623/1/3623 3805/1/3805
f 3620/1/3620 3799/1/3799 3802/1/3802
f 3620/1/3620 3802/1/3802 3805/1/3805
f 3621/1/3621 3625/1/3625 3804/1/3804
f 3621/1/3621 3801/1/3801 3804/1/3804
f 3623/1/3623 3626/1/3626 3805/1/3805
f 3624/1/3624 3625/1/3625 3628/1/3628
f 3624/1/3624 3625/1/3625 3808/1/3808
f 3624/1/3624 3627/1/3627 3628/1/3628
f 3624/1/3624 3627/1/3627 3814/1/3814
f 3624/1/3624 3808/1/3808 3814/1/3814
f 3625/1/3625 3804/1/3804 3808/1/3808
f 3626/1/3626 3629/1/3629 3815/1/3815
f 3626/1/3626 3805/1/3805 3809/1/3809
f 3626/1/3626 3809/1/3809 3815/1/3815
f 3627/1/3627 3628/1/3628 3631/1/3631
f 3627/1/3627 3631/1/3631 3814/1/3814
f 3628/1/3628 3631/1/3631 3632/1/3632
f 3629/1/3629 3630/1/3630 3634/1/3634
f 3629/1/3629 3630/1/3630 3816/1/3816
f 3629/1/3629 3633/1/3633 3634/1/3634
f 3629/1/3629 3815/1/3815 3816/1/3816
f 3630/1/3630 3634/1/3634 3816/1/3816
f 3631/1/3631 3636/1/3636 3819/1/3819
f 3631/1/3631 3814/1/3814 3820/1/3820
f 3631/1/3631 3819/1/3819 3820/1/3820
f 3633/1/3633 3634/1/3634 3638/1/3638
f 3633/1/3633 3637/1/3637 3638/1/3638
f 3634/1/3634 3638/1/3638 3822/1/3822
f 3634/1/3634 3816/1/3816 3821/1/3821
f 3634/1/3634 3821/1/3821 3822/1/3822
f 3635/1/3635 3636/1/3636 3641/1/3641
f 3635/1/3635 3636/1/3636 3824/1/3824
f 3635/1/3635 3641/1/3641 3824/1/3824
f 3636/1/3636 3641/1/3641 3642/1/3642
f 3636/1/3636 3819/1/3819 3824/1/3824
f 3637/1/3637 3638/1/3638 3643/1/3643
f 3638/1/3638 3639/1/3639 3645/1/3645
f 3638/1/3638 3639/1/3639 3825/1/3825
f 3638/1/3638 3643/1/3643 3644/1/3644
f 3638/1/3638 3644/1/3644 3645/1/3645
f 3638/1/3638 3822/1/3822 3825/1/3825
f 3639/1/3639 3640/1/3640 3646/1/3646
f 3639/1/3639 3640/1/3640 3825/1/3825
f 3639/1/3639 3645/1/3645 3646/1/3646
f 3640/1/3640 3641/1/3641 3646/1/3646
f 3640/1/3640 3641/1/3641 3827/1/3827
f 3640/1/3640 3825/1/3825 3826/1/3826
f 3640/1/3640 3826/1/3826 3827/1/3827
f 3641/1/3641 3642/1/3642 3647/1/3647
f 3641/1/3641 3646/1/3646 3647/1/3647
f 3641/1/3641 3824/1/3824 3827/1/3827
f 3642/1/3642 3647/1/3647 3648/1/3648
f 3644/1/3644 3645/1/3645 3650/1/3650
f 3644/1/3644 3649/1/3649 3650/1/3650
f 3645/1/3645 3646/1/3646 3651/1/3651
f 3645/1/3645 3650/1/3650 3651/1/3651
f 3646/1/3646 3647/1/3647 3651/1/3651
f 3647/1/3647 3648/1/3648 3653/1/3653
f 3647/1/3647 3651/1/3651 3652/1/3652
f 3647/1/3647 3652/1/3652 3653/1/3653
f 3650/1/3650 3651/1/3651 3654/1/3654
f 3651/1/3651 3652/1/3652 3655/1/3655
f 3651/1/3651 3654/1/3654 3655/1/3655
f 3656/1/3656 3657/1/3657 3662/1/3662
f 3656/1/3656 3661/1/3661 3662/1/3662
f 3657/1/3657 3658/1/3658 3663/1/3663
f 3657/1/3657 3662/1/3662 3663/1/3663
f 3659/1/3659 3660/1/3660 3829/1/3829
f 3659/1/3659 3666/1/3666 3828/1/3828
f 3659/1/3659 3828/1/3828 3829/1/3829
f 3660/1/3660 3661/1/3661 3829/1/3829
f 3661/1/3661 3662/1/3662 3831/1/3831
f 3661/1/3661 3829/1/3829 3830/1/3830
f 3661/1/3661 3830/1/3830 3831/1/3831
f 3662/1/3662 3663/1/3663 3831/1/3831
f 3663/1/3663 3664/1/3664 3833/1/3833
f 3663/1/3663 3831/1/3831 3832/1/3832
f 3663/1/3663 3832/1/3832 3833/1/3833
f 3664/1/3664 3667/1/3667 3833/1/3833
f 3665/1/3665 3666/1/3666 3834/1/3834
f 3665/1/3665 3670/1/3670 3834/1/3834
f 3666/1/3666 3828/1/3828 3835/1/3835
f 3666/1/3666 3834/1/3834 3835/1/3835
f 3667/1/3667 3668/1/3668 3836/1/3836
f 3667/1/3667 3833/1/3833 3836/1/3836
f 3668/1/3668 3671/1/3671 3837/1/3837
f 3668/1/3668 3836/1/3836 3837/1/3837
f 3669/1/3669 3670/1/3670 3838/1/3838
f 3669/1/3669 3673/1/3673 3843/1/3843
f 3669/1/3669 3838/1/3838 3843/1/3843
f 3670/1/3670 3834/1/3834 3839/1/3839
f 3670/1/3670 3838/1/3838 3839/1/3839
f 3671/1/3671 3672/1/3672 3675/1/3675
f 3671/1/3671 3672/1/3672 3841/1/3841
f 3671/1/3671 3674/1/3674 3675/1/3675
f 3671/1/3671 3837/1/3837 3840/1/3840
f 3671/1/3671 3840/1/3840 3841/1/3841
f 3672/1/3672 3675/1/3675 3841/1/3841
f 3673/1/3673 3677/1/3677 3843/1/3843
f 3675/1/3675 3678/1/3678 3847/1/3847
f 3675/1/3675 3841/1/3841 3844/1/3844
f 3675/1/3675 3844/1/3844 3847/1/3847
f 3676/1/3676 3677/1/3677 3680/1/3680
f 3676/1/3676 3677/1/3677 3845/1/3845
f 3676/1/3676 3679/1/3679 3680/1/3680
f 3676/1/3676 3679/1/3679 3845/1/3845
f 3677/1/3677 3843/1/3843 3846/1/3846
f 3677/1/3677 3845/1/3845 3846/1/3846
f 3678/1/3678 3681/1/3681 3847/1/3847
f 3679/1/3679 3680/1/3680 3682/1/3682
f 3679/1/3679 3682/1/3682 3850/1/3850
f 3679/1/3679 3845/1/3845 3850/1/3850
f 3680/1/3680 3682/1/3682 3683/1/3683
f 3681/1/3681 3684/1/3684 3851/1/3851
f 3681/1/3681 3847/1/3847 3851/1/3851
f 3682/1/3682 3683/1/3683 3686/1/3686
f 3682/1/3682 3686/1/3686 3857/1/3857
f 3682/1/3682 3850/1/3850 3854/1/3854
f 3682/1/3682 3854/1/3854 3857/1/3857
f 3683/1/3683 3686/1/3686 3687/1/3687
f 3684/1/3684 3685/1/3685 3690/1/3690
f 3684/1/3684 3685/1/3685 3856/1/3856
f 3684/1/3684 3851/1/3851 3855/1/3855
f 3684/1/3684 3855/1/3855 3856/1/3856
f 3685/1/3685 3690/1/3690 3691/1/3691
f 3685/1/3685 3691/1/3691 3859/1/3859
f 3685/1/3685 3856/1/3856 3859/1/3859
f 3686/1/3686 3687/1/3687 3693/1/3693
f 3686/1/3686 3692/1/3692 3693/1/3693
f 3686/1/3686 3692/1/3692 3860/1/3860
f 3686/1/3686 3857/1/3857 3860/1/3860
f 3687/1/3687 3688/1/3688 3694/1/3694
f 3687/1/3687 3693/1/3693 3694/1/3694
f 3689/1/3689 3690/1/3690 3696/1/3696
f 3689/1/3689 3695/1/3695 3696/1/3696
f 3690/1/3690 3691/1/3691 3859/1/3859
f 3690/1/3690 3696/1/3696 3858/1/3858
f 3690/1/3690 3858/1/3858 3859/1/3859
f 3692/1/3692 3693/1/3693 3860/1/3860
f 3693/1/3693 3694/1/3694 3698/1/3698
f 3693/1/3693 3697/1/3697 3698/1/3698
f 3693/1/3693 3697/1/3697 3864/1/3864
f 3693/1/3693 3860/1/3860 3861/1/3861
f 3693/1/3693 3861/1/3861 3864/1/3864
f 3695/1/3695 3696/1/3696 3868/1/3868
f 3695/1/3695 3703/1/3703 3868/1/3868
f 3696/1/3696 3858/1/3858 3862/1/3862
f 3696/1/3696 3862/1/3862 3868/1/3868
f 3697/1/3697 3698/1/3698 3864/1/3864
f 3698/1/3698 3699/1/3699 3704/1/3704
f 3698/1/3698 3704/1/3704 3865/1/3865
f 3698/1/3698 3864/1/3864 3865/1/3865
f 3700/1/3700 3707/1/3707 3708/1/3708
f 3701/1/3701 3702/1/3702 3708/1/3708
f 3702/1/3702 3703/1/3703 3875/1/3875
f 3702/1/3702 3708/1/3708 3709/1/3709
f 3702/1/3702 3709/1/3709 3875/1/3875
f 3703/1/3703 3866/1/3866 3867/1/3867
f 3703/1/3703 3866/1/3866 3875/1/3875
f 3703/1/3703 3867/1/3867 3868/1/3868
f 3704/1/3704 3705/1/3705 3870/1/3870
f 3704/1/3704 3865/1/3865 3870/1/3870
f 3705/1/3705 3706/1/3706 3871/1/3871
f 3705/1/3705 3870/1/3870 3871/1/3871
f 3706/1/3706 3707/1/3707 3872/1/3872
f 3706/1/3706 3871/1/3871 3872/1/3872
f 3707/1/3707 3708/1/3708 3873/1/3873
f 3707/1/3707 3872/1/3872 3873/1/3873
f 3708/1/3708 3709/1/3709 3875/1/3875
f 3708/1/3708 3873/1/3873 3874/1/3874
f 3708/1/3708 3874/1/3874 3875/1/3875
f 3710/1/3710 3711/1/3711 3715/1/3715
f 3710/1/3710 3711/1/3711 3897/1/3897
f 3710/1/3710 3714/1/3714 3715/1/3715
f 3710/1/3710 3714/1/3714 3897/1/3897
f 3711/1/3711 3712/1/3712 3716/1/3716
f 3711/1/3711 3712/1/3712 3899/1/3899
f 3711/1/3711 3715/1/3715 3716/1/3716
f 3711/1/3711 3897/1/3897 3898/1/3898
f 3711/1/3711 3898/1/3898 3899/1/3899
f 3712/1/3712 3716/1/3716 3899/1/3899
f 3713/1/3713 3714/1/3714 3720/1/3720
f 3713/1/3713 3714/1/3714 3904/1/3904
f 3713/1/3713 3719/1/3719 3720/1/3720
f 3713/1/3713 3719/1/3719 3910/1/3910
f 3713/1/3713 3903/1/3903 3904/1/3904
f 3713/1/3713 3903/1/3903 3910/1/3910
f 3714/1/3714 3715/1/3715 3721/1/3721
f 3714/1/3714 3720/1/3720 3721/1/3721
f 3714/1/3714 3897/1/3897 3904/1/3904
f 3715/1/3715 3716/1/3716 3722/1/3722
f 3715/1/3715 3721/1/3721 3722/1/3722
f 3716/1/3716 3717/1/3717 3723/1/3723
f 3716/1/3716 3717/1/3717 3906/1/3906
f 3716/1/3716 3722/1/3722 3723/1/3723
f 3716/1/3716 3899/1/3899 3905/1/3905
f 3716/1/3716 3905/1/3905 3906/1/3906
f 3717/1/3717 3723/1/3723 3906/1/3906
f 3718/1/3718 3719/1/3719 3725/1/3725
f 3718/1/3718 3719/1/3719 3909/1/3909
f 3718/1/3718 3724/1/3724 3725/1/3725
f 3718/1/3718 3724/1/3724 3909/1/3909
f 3719/1/3719 3720/1/3720 3725/1/3725
f 3719/1/3719 3909/1/3909 3910/1/3910
f 3720/1/3720 3721/1/3721 3727/1/3727
f 3720/1/3720 3725/1/3725 3726/1/3726
f 3720/1/3720 3726/1/3726 3727/1/3727
f 3721/1/3721 3722/1/3722 3728/1/3728
f 3721/1/3721 3727/1/3727 3728/1/3728
f 3722/1/3722 3723/1/3723 3729/1/3729
f 3722/1/3722 3728/1/3728 3729/1/3729
f 3723/1/3723 3729/1/3729 3915/1/3915
f 3723/1/3723 3906/1/3906 3911/1/3911
f 3723/1/3723 3911/1/3911 3912/1/3912
f 3723/1/3723 3912/1/3912 3915/1/3915
f 3724/1/3724 3725/1/3725 3731/1/3731
f 3724/1/3724 3731/1/3731 3918/1/3918
f 3724/1/3724 3909/1/3909 3914/1/3914
f 3724/1/3724 3914/1/3914 3918/1/3918
f 3725/1/3725 3731/1/3731 3732/1/3732
f 3728/1/3728 3729/1/3729 3734/1/3734
f 3729/1/3729 3730/1/3730 3734/1/3734
f 3729/1/3729 3730/1/3730 3915/1/3915
f 3730/1/3730 3734/1/3734 3735/1/3735
f 3730/1/3730 3735/1/3735 3915/1/3915
f 3731/1/3731 3732/1/3732 3738/1/3738
f 3731/1/3731 3737/1/3737 3738/1/3738
f 3731/1/3731 3737/1/3737 3918/1/3918
f 3734/1/3734 3735/1/3735 3740/1/3740
f 3734/1/3734 3739/1/3739 3740/1/3740
f 3735/1/3735 3740/1/3740 3919/1/3919
f 3735/1/3735 3915/1/3915 3919/1/3919
f 3736/1/3736 3737/1/3737 3741/1/3741
f 3736/1/3736 3737/1/3737 3921/1/3921
f 3736/1/3736 3741/1/3741 3924/1/3924
f 3736/1/3736 3921/1/3921 3924/1/3924
f 3737/1/3737 3741/1/3741 3742/1/3742
f 3737/1/3737 3918/1/3918 3921/1/3921
f 3739/1/3739 3740/1/3740 3743/1/3743
f 3740/1/3740 3743/1/3743 3925/1/3925
f 3740/1/3740 3919/1/3919 3922/1/3922
f 3740/1/3740 3922/1/3922 3925/1/3925
f 3741/1/3741 3742/1/3742 3744/1/3744
f 3741/1/3741 3744/1/3744 3927/1/3927
f 3741/1/3741 3924/1/3924 3927/1/3927
f 3742/1/3742 3744/1/3744 3745/1/3745
f 3743/1/3743 3746/1/3746 3928/1/3928
f 3743/1/3743 3925/1/3925 3926/1/3926
f 3743/1/3743 3926/1/3926 3928/1/3928
f 3744/1/3744 3745/1/3745 3749/1/3749
f 3744/1/3744 3748/1/3748 3749/1/3749
f 3744/1/3744 3748/1/3748 3927/1/3927
f 3746/1/3746 3747/1/3747 3751/1/3751
f 3746/1/3746 3747/1/3747 3928/1/3928
f 3746/1/3746 3750/1/3750 3751/1/3751
f 3747/1/3747 3751/1/3751 3930/1/3930
f 3747/1/3747 3928/1/3928 3930/1/3930
f 3748/1/3748 3752/1/3752 3931/1/3931
f 3748/1/3748 3927/1/3927 3929/1/3929
f 3748/1/3748 3929/1/3929 3931/1/3931
f 3750/1/3750 3751/1/3751 3753/1/3753
f 3751/1/3751 3753/1/3753 3754/1/3754
f 3751/1/3751 3754/1/3754 3930/1/3930
f 3752/1/3752 3755/1/3755 3931/1/3931
f 3753/1/3753 3754/1/3754 3757/1/3757
f 3753/1/3753 3756/1/3756 3757/1/3757
f 3754/1/3754 3757/1/3757 3934/1/3934
f 3754/1/3754 3930/1/3930 3932/1/3932
f 3754/1/3754 3932/1/3932 3934/1/3934
f 3755/1/3755 3758/1/3758 3935/1/3935
f 3755/1/3755 3931/1/3931 3933/1/3933
f 3755/1/3755 3933/1/3933 3935/1/3935
f 3757/1/3757 3759/1/3759 3936/1/3936
f 3757/1/3757 3934/1/3934 3936/1/3936
f 3758/1/3758 3760/1/3760 3935/1/3935
f 3759/1/3759 3761/1/3761 3938/1/3938
f 3759/1/3759 3936/1/3936 3938/1/3938
f 3760/1/3760 3762/1/3762 3939/1/3939
f 3760/1/3760 3935/1/3935 3937/1/3937
f 3760/1/3760 3937/1/3937 3939/1/3939
f 3761/1/3761 3763/1/3763 3940/1/3940
f 3761/1/3761 3938/1/3938 3940/1/3940
f 3762/1/3762 3764/1/3764 3941/1/3941
f 3762/1/3762 3939/1/3939 3941/1/3941
f 3763/1/3763 3765/1/3765 3940/1/3940
f 3764/1/3764 3766/1/3766 3941/1/3941
f 3765/1/3765 3767/1/3767 3944/1/3944
f 3765/1/3765 3940/1/3940 3942/1/3942
f 3765/1/3765 3942/1/3942 3944/1/3944
f 3766/1/3766 3768/1/3768 3943/1/3943
f 3766/1/3766 3941/1/3941 3943/1/3943
f 3767/1/3767 3769/1/3769 3946/1/3946
f 3767/1/3767 3944/1/3944 3946/1/3946
f 3768/1/3768 3770/1/3770 3947/1/3947
f 3768/1/3768 3943/1/3943 3945/1/3945
f 3768/1/3768 3945/1/3945 3947/1/3947
f 3769/1/3769 3771/1/3771 3946/1/3946
f 3770/1/3770 3772/1/3772 3949/1/3949
f 3770/1/3770 3947/1/3947 3949/1/3949
f 3771/1/3771 3773/1/3773 3948/1/3948
f 3771/1/3771 3946/1/3946 3948/1/3948
f 3772/1/3772 3774/1/3774 3951/1/3951
f 3772/1/3772 3949/1/3949 3951/1/3951
f 3773/1/3773 3775/1/3775 3953/1/3953
f 3773/1/3773 3948/1/3948 3950/1/3950
f 3773/1/3773 3950/1/3950 3953/1/3953
f 3774/1/3774 3776/1/3776 3951/1/3951
f 3775/1/3775 3778/1/3778 3953/1/3953
f 3776/1/3776 3779/1/3779 3954/1/3954
f 3776/1/3776 3951/1/3951 3954/1/3954
f 3777/1/3777 3778/1/3778 3780/1/3780
f 3777/1/3777 3778/1/3778 3955/1/3955
f 3777/1/3777 3780/1/3780 3958/1/3958
f 3777/1/3777 3955/1/3955 3958/1/3958
f 3778/1/3778 3780/1/3780 3781/1/3781
f 3778/1/3778 3953/1/3953 3956/1/3956
f 3778/1/3778 3955/1/3955 3956/1/3956
f 3779/1/3779 3782/1/3782 3957/1/3957
f 3779/1/3779 3954/1/3954 3957/1/3957
f 3780/1/3780 3781/1/3781 3783/1/3783
f 3780/1/3780 3783/1/3783 3960/1/3960
f 3780/1/3780 3958/1/3958 3960/1/3960
f 3781/1/3781 3783/1/3783 3784/1/3784
f 3782/1/3782 3785/1/3785 3959/1/3959
f 3782/1/3782 3957/1/3957 3959/1/3959
f 3783/1/3783 3786/1/3786 3960/1/3960
f 3785/1/3785 3787/1/3787 3961/1/3961
f 3785/1/3785 3959/1/3959 3961/1/3961
f 3786/1/3786 3788/1/3788 3962/1/3962
f 3786/1/3786 3960/1/3960 3962/1/3962
f 3787/1/3787 3789/1/3789 3963/1/3963
f 3787/1/3787 3961/1/3961 3963/1/3963
f 3788/1/3788 3790/1/3790 3969/1/3969
f 3788/1/3788 3962/1/3962 3965/1/3965
f 3788/1/3788 3965/1/3965 3969/1/3969
f 3789/1/3789 3791/1/3791 3966/1/3966
f 3789/1/3789 3963/1/3963 3966/1/3966
f 3790/1/3790 3793/1/3793 3972/1/3972
f 3790/1/3790 3969/1/3969 3972/1/3972
f 3791/1/3791 3792/1/3792 3795/1/3795
f 3791/1/3791 3792/1/3792 3970/1/3970
f 3791/1/3791 3794/1/3794 3795/1/3795
f 3791/1/3791 3966/1/3966 3970/1/3970
f 3792/1/3792 3795/1/3795 3970/1/3970
f 3793/1/3793 3797/1/3797 3977/1/3977
f 3793/1/3793 3972/1/3972 3977/1/3977
f 3794/1/3794 3795/1/3795 3799/1/3799
f 3794/1/3794 3798/1/3798 3799/1/3799
f 3795/1/3795 3799/1/3799 3978/1/3978
f 3795/1/3795 3970/1/3970 3973/1/3973
f 3795/1/3795 3973/1/3973 3978/1/3978
f 3796/1/3796 3797/1/3797 3800/1/3800
f 3796/1/3796 3797/1/3797 3977/1/3977
f 3796/1/3796 3800/1/3800 3976/1/3976
f 3796/1/3796 3976/1/3976 3977/1/3977
f 3797/1/3797 3800/1/3800 3801/1/3801
f 3799/1/3799 3802/1/3802 3978/1/3978
f 3800/1/3800 3801/1/3801 3803/1/3803
f 3800/1/3800 3803/1/3803 3989/1/3989
f 3800/1/3800 3976/1/3976 3983/1/3983
f 3800/1/3800 3983/1/3983 3989/1/3989
f 3801/1/3801 3803/1/3803 3804/1/3804
f 3802/1/3802 3805/1/3805 3985/1/3985
f 3802/1/3802 3978/1/3978 3984/1/3984
f 3802/1/3802 3984/1/3984 3985/1/3985
f 3803/1/3803 3804/1/3804 3808/1/3808
f 3803/1/3803 3808/1/3808 3994/1/3994
f 3803/1/3803 3989/1/3989 3994/1/3994
f 3805/1/3805 3806/1/3806 3810/1/3810
f 3805/1/3805 3806/1/3806 3990/1/3990
f 3805/1/3805 3809/1/3809 3810/1/3810
f 3805/1/3805 3985/1/3985 3990/1/3990
f 3806/1/3806 3810/1/3810 3990/1/3990
f 3807/1/3807 3808/1/3808 3814/1/3814
f 3807/1/3807 3808/1/3808 3993/1/3993
f 3807/1/3807 3813/1/3813 3814/1/3814
f 3807/1/3807 3813/1/3813 3997/1/3997
f 3807/1/3807 3993/1/3993 3997/1/3997
f 3808/1/3808 3993/1/3993 3994/1/3994
f 3809/1/3809 3810/1/3810 3816/1/3816
f 3809/1/3809 3815/1/3815 3816/1/3816
f 3810/1/3810 3811/1/3811 3817/1/3817
f 3810/1/3810 3811/1/3811 3995/1/3995
f 3810/1/3810 3816/1/3816 3817/1/3817
f 3810/1/3810 3990/1/3990 3995/1/3995
f 3811/1/3811 3812/1/3812 3817/1/3817
f 3811/1/3811 3812/1/3812 3996/1/3996
f 3811/1/3811 3995/1/3995 3996/1/3996
f 3812/1/3812 3813/1/3813 3819/1/3819
f 3812/1/3812 3813/1/3813 3996/1/3996
f 3812/1/3812 3817/1/3817 3818/1/3818
f 3812/1/3812 3818/1/3818 3819/1/3819
f 3813/1/3813 3814/1/3814 3820/1/3820
f 3813/1/3813 3819/1/3819 3820/1/3820
f 3813/1/3813 3996/1/3996 3997/1/3997
f 3816/1/3816 3817/1/3817 3822/1/3822
f 3816/1/3816 3821/1/3821 3822/1/3822
f 3817/1/3817 3818/1/3818 3822/1/3822
f 3818/1/3818 3819/1/3819 3824/1/3824
f 3818/1/3818 3822/1/3822 3823/1/3823
f 3818/1/3818 3823/1/3823 3824/1/3824
f 3822/1/3822 3823/1/3823 3825/1/3825
f 3823/1/3823 3824/1/3824 3827/1/3827
f 3823/1/3823 3825/1/3825 3826/1/3826
f 3823/1/3823 3826/1/3826 3827/1/3827
f 3828/1/3828 3829/1/3829 4002/1/4002
f 3828/1/3828 3835/1/3835 4009/1/4009
f 3828/1/3828 4001/1/4001 4002/1/4002
f 3828/1/3828 4001/1/4001 4009/1/4009
f 3829/1/3829 3830/1/3830 4003/1/4003
f 3829/1/3829 4002/1/4002 4003/1/4003
f 3830/1/3830 3831/1/3831 4003/1/4003
f 3831/1/3831 3832/1/3832 4005/1/4005
f 3831/1/3831 4003/1/4003 4004/1/4004
f 3831/1/3831 4004/1/4004 4005/1/4005
f 3832/1/3832 3833/1/3833 4006/1/4006
f 3832/1/3832 4005/1/4005 4006/1/4006
f 3833/1/3833 3836/1/3836 4010/1/4010
f 3833/1/3833 4006/1/4006 4010/1/4010
f 3834/1/3834 3835/1/3835 4008/1/4008
f 3834/1/3834 3838/1/3838 3839/1/3839
f 3834/1/3834 3838/1/3838 4007/1/4007
f 3834/1/3834 4007/1/4007 4008/1/4008
f 3835/1/3835 4008/1/4008 4009/1/4009
f 3836/1/3836 3837/1/3837 4010/1/4010
f 3837/1/3837 3840/1/3840 4015/1/4015
f 3837/1/3837 4010/1/4010 4011/1/4011
f 3837/1/3837 4011/1/4011 4015/1/4015
f 3838/1/3838 3843/1/3843 4017/1/4017
f 3838/1/3838 4007/1/4007 4014/1/4014
f 3838/1/3838 4014/1/4014 4017/1/4017
f 3840/1/3840 3841/1/3841 4016/1/4016
f 3840/1/3840 4015/1/4015 4016/1/4016
f 3841/1/3841 3844/1/3844 4016/1/4016
f 3842/1/3842 3843/1/3843 3845/1/3845
f 3842/1/3842 3843/1/3843 4017/1/4017
f 3842/1/3842 3845/1/3845 4021/1/4021
f 3842/1/3842 4017/1/4017 4021/1/4021
f 3843/1/3843 3845/1/3845 3846/1/3846
f 3844/1/3844 3847/1/3847 4022/1/4022
f 3844/1/3844 4016/1/4016 4018/1/4018
f 3844/1/3844 4018/1/4018 4022/1/4022
f 3845/1/3845 3850/1/3850 4021/1/4021
f 3847/1/3847 3848/1/3848 3852/1/3852
f 3847/1/3847 3848/1/3848 4023/1/4023
f 3847/1/3847 3851/1/3851 3852/1/3852
f 3847/1/3847 4022/1/4022 4023/1/4023
f 3848/1/3848 3852/1/3852 4023/1/4023
f 3849/1/3849 3850/1/3850 3854/1/3854
f 3849/1/3849 3850/1/3850 4024/1/4024
f 3849/1/3849 3853/1/3853 3854/1/3854
f 3849/1/3849 3853/1/3853 4024/1/4024
f 3850/1/3850 4021/1/4021 4024/1/4024
f 3850/1/3850 4024/1/4024 4025/1/4025
f 3851/1/3851 3852/1/3852 3856/1/3856
f 3851/1/3851 3855/1/3855 3856/1/3856
f 3852/1/3852 3856/1/3856 4029/1/4029
f 3852/1/3852 4023/1/4023 4026/1/4026
f 3852/1/3852 4026/1/4026 4029/1/4029
f 3853/1/3853 3854/1/3854 4027/1/4027
f 3853/1/3853 4024/1/4024 4027/1/4027
f 3854/1/3854 3857/1/3857 4028/1/4028
f 3854/1/3854 4027/1/4027 4028/1/4028
f 3856/1/3856 3859/1/3859 4031/1/4031
f 3856/1/3856 4029/1/4029 4031/1/4031
f 3857/1/3857 3860/1/3860 4030/1/4030
f 3857/1/3857 4028/1/4028 4030/1/4030
f 3858/1/3858 3859/1/3859 3862/1/3862
f 3859/1/3859 3862/1/3862 3863/1/3863
f 3859/1/3859 3862/1/3862 4031/1/4031
f 3860/1/3860 3861/1/3861 4032/1/4032
f 3860/1/3860 4030/1/4030 4032/1/4032
f 3861/1/3861 3864/1/3864 4036/1/4036
f 3861/1/3861 4032/1/4032 4033/1/4033
f 3861/1/3861 4033/1/4033 4036/1/4036
f 3862/1/3862 3868/1/3868 4034/1/4034
f 3862/1/3862 4031/1/4031 4035/1/4035
f 3862/1/3862 4034/1/4034 4035/1/4035
f 3864/1/3864 3865/1/3865 4036/1/4036
f 3865/1/3865 3869/1/3869 3870/1/3870
f 3865/1/3865 3869/1/3869 4041/1/4041
f 3865/1/3865 4036/1/4036 4037/1/4037
f 3865/1/3865 4037/1/4037 4041/1/4041
f 3866/1/3866 3867/1/3867 3875/1/3875
f 3867/1/3867 3868/1/3868 4038/1/4038
f 3867/1/3867 3875/1/3875 3876/1/3876
f 3867/1/3867 3876/1/3876 4046/1/4046
f 3867/1/3867 4038/1/4038 4046/1/4046
f 3868/1/3868 4034/1/4034 4039/1/4039
f 3868/1/3868 4038/1/4038 4039/1/4039
f 3869/1/3869 3870/1/3870 4042/1/4042
f 3869/1/3869 4041/1/4041 4042/1/4042
f 3870/1/3870 3871/1/3871 4043/1/4043
f 3870/1/3870 4042/1/4042 4043/1/4043
f 3871/1/3871 3872/1/3872 3877/1/3877
f 3871/1/3871 3877/1/3877 4043/1/4043
f 3872/1/3872 3873/1/3873 3878/1/3878
f 3872/1/3872 3877/1/3877 3878/1/3878
f 3873/1/3873 3874/1/3874 3879/1/3879
f 3873/1/3873 3878/1/3878 3879/1/3879
f 3874/1/3874 3875/1/3875 4044/1/4044
f 3874/1/3874 3879/1/3879 3880/1/3880
f 3874/1/3874 3880/1/3880 4044/1/4044
f 3875/1/3875 3876/1/3876 4045/1/4045
f 3875/1/3875 4044/1/4044 4045/1/4045
f 3876/1/3876 4045/1/4045 4046/1/4046
f 3877/1/3877 3878/1/3878 4048/1/4048
f 3877/1/3877 4043/1/4043 4048/1/4048
f 3878/1/3878 3879/1/3879 4049/1/4049
f 3878/1/3878 4048/1/4048 4049/1/4049
f 3879/1/3879 3880/1/3880 4050/1/4050
f 3879/1/3879 4049/1/4049 4050/1/4050
f 3880/1/3880 4044/1/4044 4051/1/4051
f 3880/1/3880 4050/1/4050 4051/1/4051
f 3881/1/3881 3882/1/3882 3885/1/3885
f 3881/1/3881 3882/1/3882 4055/1/4055
f 3881/1/3881 3885/1/3885 4054/1/4054
f 3881/1/3881 4054/1/4054 4055/1/4055
f 3882/1/3882 3883/1/3883 3887/1/3887
f 3882/1/3882 3883/1/3883 4056/1/4056
f 3882/1/3882 3885/1/3885 3886/1/3886
f 3882/1/3882 3886/1/3886 3887/1/3887
f 3882/1/3882 4055/1/4055 4056/1/4056
f 3883/1/3883 3887/1/3887 4056/1/4056
f 3884/1/3884 3885/1/3885 3891/1/3891
f 3884/1/3884 3885/1/3885 4058/1/4058
f 3884/1/3884 3890/1/3890 3891/1/3891
f 3884/1/3884 3890/1/3890 4058/1/4058
f 3885/1/3885 3886/1/3886 3892/1/3892
f 3885/1/3885 3891/1/3891 3892/1/3892
f 3885/1/3885 4054/1/4054 4059/1/4059
f 3885/1/3885 4058/1/4058 4059/1/4059
f 3886/1/3886 3887/1/3887 3892/1/3892
f 3887/1/3887 3888/1/3888 3894/1/3894
f 3887/1/3887 3888/1/3888 4061/1/4061
f 3887/1/3887 3892/1/3892 3893/1/3893
f 3887/1/3887 3893/1/3893 3894/1/3894
f 3887/1/3887 4056/1/4056 4060/1/4060
f 3887/1/3887 4060/1/4060 4061/1/4061
f 3888/1/3888 3894/1/3894 4066/1/4066
f 3888/1/3888 4061/1/4061 4066/1/4066
f 3889/1/3889 3890/1/3890 3896/1/3896
f 3889/1/3889 3890/1/3890 4064/1/4064
f 3889/1/3889 3895/1/3895 3896/1/3896
f 3889/1/3889 3895/1/3895 4064/1/4064
f 3890/1/3890 3891/1/3891 3897/1/3897
f 3890/1/3890 3896/1/3896 3897/1/3897
f 3890/1/3890 4058/1/4058 4065/1/4065
f 3890/1/3890 4064/1/4064 4065/1/4065
f 3891/1/3891 3892/1/3892 3897/1/3897
f 3892/1/3892 3893/1/3893 3899/1/3899
f 3892/1/3892 3897/1/3897 3898/1/3898
f 3892/1/3892 3898/1/3898 3899/1/3899
f 3893/1/3893 3894/1/3894 3899/1/3899
f 3894/1/3894 3899/1/3899 3900/1/3900
f 3894/1/3894 3900/1/3900 4067/1/4067
f 3894/1/3894 4066/1/4066 4067/1/4067
f 3895/1/3895 3896/1/3896 3902/1/3902
f 3895/1/3895 3902/1/3902 4069/1/4069
f 3895/1/3895 4064/1/4064 4069/1/4069
f 3896/1/3896 3897/1/3897 3904/1/3904
f 3896/1/3896 3902/1/3902 3903/1/3903
f 3896/1/3896 3903/1/3903 3904/1/3904
f 3899/1/3899 3900/1/3900 3905/1/3905
f 3900/1/3900 3901/1/3901 3907/1/3907
f 3900/1/3900 3901/1/3901 4070/1/4070
f 3900/1/3900 3905/1/3905 3906/1/3906
f 3900/1/3900 3906/1/3906 3907/1/3907
f 3900/1/3900 4067/1/4067 4070/1/4070
f 3901/1/3901 3907/1/3907 4070/1/4070
f 3902/1/3902 3903/1/3903 3909/1/3909
f 3902/1/3902 3909/1/3909 4072/1/4072
f 3902/1/3902 4069/1/4069 4073/1/4073
f 3902/1/3902 4072/1/4072 4073/1/4073
f 3903/1/3903 3909/1/3909 3910/1/3910
f 3906/1/3906 3907/1/3907 3912/1/3912
f 3906/1/3906 3911/1/3911 3912/1/3912
f 3907/1/3907 3912/1/3912 4077/1/4077
f 3907/1/3907 4070/1/4070 4074/1/4074
f 3907/1/3907 4074/1/4074 4077/1/4077
f 3908/1/3908 3909/1/3909 3914/1/3914
f 3908/1/3908 3909/1/3909 4076/1/4076
f 3908/1/3908 3913/1/3913 3914/1/3914
f 3908/1/3908 3913/1/3913 4076/1/4076
f 3909/1/3909 4072/1/4072 4076/1/4076
f 3912/1/3912 3915/1/3915 4077/1/4077
f 3913/1/3913 3914/1/3914 3917/1/3917
f 3913/1/3913 3917/1/3917 4079/1/4079
f 3913/1/3913 4076/1/4076 4079/1/4079
f 3914/1/3914 3917/1/3917 3918/1/3918
f 3915/1/3915 3916/1/3916 3920/1/3920
f 3915/1/3915 3916/1/3916 4081/1/4081
f 3915/1/3915 3919/1/3919 3920/1/3920
f 3915/1/3915 4077/1/4077 4080/1/4080
f 3915/1/3915 4080/1/4080 4081/1/4081
f 3916/1/3916 3920/1/3920 4083/1/4083
f 3916/1/3916 4081/1/4081 4083/1/4083
f 3917/1/3917 3918/1/3918 3921/1/3921
f 3917/1/3917 3921/1/3921 4082/1/4082
f 3917/1/3917 4079/1/4079 4082/1/4082
f 3919/1/3919 3920/1/3920 3922/1/3922
f 3920/1/3920 3922/1/3922 3923/1/3923
f 3920/1/3920 3923/1/3923 4085/1/4085
f 3920/1/3920 4083/1/4083 4085/1/4085
f 3921/1/3921 3924/1/3924 4084/1/4084
f 3921/1/3921 4082/1/4082 4084/1/4084
f 3922/1/3922 3923/1/3923 3926/1/3926
f 3922/1/3922 3925/1/3925 3926/1/3926
f 3923/1/3923 3926/1/3926 4085/1/4085
f 3924/1/3924 3927/1/3927 4086/1/4086
f 3924/1/3924 4084/1/4084 4086/1/4086
f 3926/1/3926 3928/1/3928 4090/1/4090
f 3926/1/3926 4085/1/4085 4087/1/4087
f 3926/1/3926 4087/1/4087 4090/1/4090
f 3927/1/3927 3929/1/3929 4092/1/4092
f 3927/1/3927 4086/1/4086 4089/1/4089
f 3927/1/3927 4089/1/4089 4092/1/4092
f 3928/1/3928 3930/1/3930 4090/1/4090
f 3929/1/3929 3931/1/3931 4095/1/4095
f 3929/1/3929 4092/1/4092 4095/1/4095
f 3930/1/3930 3932/1/3932 4096/1/4096
f 3930/1/3930 4090/1/4090 4093/1/4093
f 3930/1/3930 4093/1/4093 4096/1/4096
f 3931/1/3931 3933/1/3933 4095/1/4095
f 3932/1/3932 3934/1/3934 4099/1/4099
f 3932/1/3932 4096/1/4096 4099/1/4099
f 3933/1/3933 3935/1/3935 4101/1/4101
f 3933/1/3933 4095/1/4095 4098/1/4098
f 3933/1/3933 4098/1/4098 4101/1/4101
f 3934/1/3934 3936/1/3936 4102/1/4102
f 3934/1/3934 4099/1/4099 4102/1/4102
f 3935/1/3935 3937/1/3937 4104/1/4104
f 3935/1/3935 4101/1/4101 4104/1/4104
f 3936/1/3936 3938/1/3938 4105/1/4105
f 3936/1/3936 4102/1/4102 4105/1/4105
f 3937/1/3937 3939/1/3939 4106/1/4106
f 3937/1/3937 4104/1/4104 4106/1/4106
f 3938/1/3938 3940/1/3940 4105/1/4105
f 3939/1/3939 3941/1/3941 4108/1/4108
f 3939/1/3939 4106/1/4106 4108/1/4108
f 3940/1/3940 3942/1/3942 4109/1/4109
f 3940/1/3940 4105/1/4105 4107/1/4107
f 3940/1/3940 4107/1/4107 4109/1/4109
f 3941/1/3941 3943/1/3943 4108/1/4108
f 3942/1/3942 3944/1/3944 4109/1/4109
f 3943/1/3943 3945/1/3945 4112/1/4112
f 3943/1/3943 4108/1/4108 4110/1/4110
f 3943/1/3943 4110/1/4110 4112/1/4112
f 3944/1/3944 3946/1/3946 4111/1/4111
f 3944/1/3944 4109/1/4109 4111/1/4111
f 3945/1/3945 3947/1/3947 4112/1/4112
f 3946/1/3946 3948/1/3948 4116/1/4116
f 3946/1/3946 4111/1/4111 4113/1/4113
f 3946/1/3946 4113/1/4113 4116/1/4116
f 3947/1/3947 3949/1/3949 4117/1/4117
f 3947/1/3947 4112/1/4112 4114/1/4114
f 3947/1/3947 4114/1/4114 4117/1/4117
f 3948/1/3948 3950/1/3950 4116/1/4116
f 3949/1/3949 3951/1/3951 4117/1/4117
f 3950/1/3950 3953/1/3953 4121/1/4121
f 3950/1/3950 4116/1/4116 4119/1/4119
f 3950/1/3950 4118/1/4118 4119/1/4119
f 3950/1/3950 4118/1/4118 4121/1/4121
f 3951/1/3951 3954/1/3954 4122/1/4122
f 3951/1/3951 4117/1/4117 4120/1/4120
f 3951/1/3951 4120/1/4120 4122/1/4122
f 3952/1/3952 3953/1/3953 3956/1/3956
f 3952/1/3952 3953/1/3953 4121/1/4121
f 3952/1/3952 3955/1/3955 3956/1/3956
f 3952/1/3952 3955/1/3955 4123/1/4123
f 3952/1/3952 4121/1/4121 4123/1/4123
f 3954/1/3954 3957/1/3957 4122/1/4122
f 3955/1/3955 3958/1/3958 4125/1/4125
f 3955/1/3955 4123/1/4123 4125/1/4125
f 3957/1/3957 3959/1/3959 4126/1/4126
f 3957/1/3957 4122/1/4122 4124/1/4124
f 3957/1/3957 4124/1/4124 4126/1/4126
f 3958/1/3958 3960/1/3960 4128/1/4128
f 3958/1/3958 4125/1/4125 4128/1/4128
f 3959/1/3959 3961/1/3961 4129/1/4129
f 3959/1/3959 4126/1/4126 4129/1/4129
f 3960/1/3960 3962/1/3962 4128/1/4128
f 3961/1/3961 3963/1/3963 4133/1/4133
f 3961/1/3961 4129/1/4129 4133/1/4133
f 3962/1/3962 3965/1/3965 4132/1/4132
f 3962/1/3962 4128/1/4128 4132/1/4132
f 3963/1/3963 3964/1/3964 3967/1/3967
f 3963/1/3963 3964/1/3964 4134/1/4134
f 3963/1/3963 3966/1/3966 3967/1/3967
f 3963/1/3963 4133/1/4133 4134/1/4134
f 3964/1/3964 3967/1/3967 4134/1/4134
f 3965/1/3965 3969/1/3969 4140/1/4140
f 3965/1/3965 4132/1/4132 4136/1/4136
f 3965/1/3965 4136/1/4136 4140/1/4140
f 3966/1/3966 3967/1/3967 3970/1/3970
f 3967/1/3967 3970/1/3970 4137/1/4137
f 3967/1/3967 4134/1/4134 4137/1/4137
f 3968/1/3968 3969/1/3969 3971/1/3971
f 3968/1/3968 3969/1/3969 4140/1/4140
f 3968/1/3968 3971/1/3971 4146/1/4146
f 3968/1/3968 4140/1/4140 4146/1/4146
f 3969/1/3969 3971/1/3971 3972/1/3972
f 3970/1/3970 3973/1/3973 4141/1/4141
f 3970/1/3970 4137/1/4137 4141/1/4141
f 3971/1/3971 3972/1/3972 3977/1/3977
f 3971/1/3971 3976/1/3976 3977/1/3977
f 3971/1/3971 3976/1/3976 4146/1/4146
f 3973/1/3973 3974/1/3974 3978/1/3978
f 3973/1/3973 3974/1/3974 4148/1/4148
f 3973/1/3973 4141/1/4141 4147/1/4147
f 3973/1/3973 4147/1/4147 4148/1/4148
f 3974/1/3974 3978/1/3978 3979/1/3979
f 3974/1/3974 3979/1/3979 4148/1/4148
f 3975/1/3975 3976/1/3976 3982/1/3982
f 3975/1/3975 3976/1/3976 4151/1/4151
f 3975/1/3975 3982/1/3982 4156/1/4156
f 3975/1/3975 4151/1/4151 4156/1/4156
f 3976/1/3976 3982/1/3982 3983/1/3983
f 3976/1/3976 4146/1/4146 4152/1/4152
f 3976/1/3976 4151/1/4151 4152/1/4152
f 3978/1/3978 3979/1/3979 3984/1/3984
f 3979/1/3979 3980/1/3980 3985/1/3985
f 3979/1/3979 3980/1/3980 4153/1/4153
f 3979/1/3979 3984/1/3984 3985/1/3985
f 3979/1/3979 4148/1/4148 4153/1/4153
f 3980/1/3980 3985/1/3985 3986/1/3986
f 3980/1/3980 3986/1/3986 4154/1/4154
f 3980/1/3980 4153/1/4153 4154/1/4154
f 3981/1/3981 3982/1/3982 3988/1/3988
f 3981/1/3981 3982/1/3982 4156/1/4156
f 3981/1/3981 3987/1/3987 3988/1/3988
f 3981/1/3981 3987/1/3987 4155/1/4155
f 3981/1/3981 4155/1/4155 4156/1/4156
f 3982/1/3982 3983/1/3983 3988/1/3988
f 3983/1/3983 3988/1/3988 3989/1/3989
f 3985/1/3985 3986/1/3986 3991/1/3991
f 3985/1/3985 3990/1/3990 3991/1/3991
f 3986/1/3986 3987/1/3987 3992/1/3992
f 3986/1/3986 3987/1/3987 4157/1/4157
f 3986/1/3986 3991/1/3991 3992/1/3992
f 3986/1/3986 4154/1/4154 4157/1/4157
f 3987/1/3987 3988/1/3988 3993/1/3993
f 3987/1/3987 3992/1/3992 3993/1/3993
f 3987/1/3987 4155/1/4155 4157/1/4157
f 3988/1/3988 3989/1/3989 3993/1/3993
f 3989/1/3989 3993/1/3993 3994/1/3994
f 3990/1/3990 3991/1/3991 3995/1/3995
f 3991/1/3991 3992/1/3992 3996/1/3996
f 3991/1/3991 3995/1/3995 3996/1/3996
f 3992/1/3992 3993/1/3993 3996/1/3996
f 3993/1/3993 3996/1/3996 3997/1/3997
f 3998/1/3998 3999/1/3999 4004/1/4004
f 3998/1/3998 3999/1/3999 4162/1/4162
f 3998/1/3998 4004/1/4004 4161/1/4161
f 3998/1/3998 4161/1/4161 4162/1/4162
f 3999/1/3999 4004/1/4004 4005/1/4005
f 3999/1/3999 4005/1/4005 4162/1/4162
f 4000/1/4000 4001/1/4001 4008/1/4008
f 4000/1/4000 4001/1/4001 4163/1/4163
f 4000/1/4000 4008/1/4008 4163/1/4163
f 4001/1/4001 4002/1/4002 4164/1/4164
f 4001/1/4001 4008/1/4008 4009/1/4009
f 4001/1/4001 4163/1/4163 4164/1/4164
f 4002/1/4002 4003/1/4003 4166/1/4166
f 4002/1/4002 4164/1/4164 4165/1/4165
f 4002/1/4002 4165/1/4165 4166/1/4166
f 4003/1/4003 4004/1/4004 4160/1/4160
f 4003/1/4003 4160/1/4160 4166/1/4166
f 4004/1/4004 4160/1/4160 4161/1/4161
f 4005/1/4005 4006/1/4006 4167/1/4167
f 4005/1/4005 4162/1/4162 4167/1/4167
f 4006/1/4006 4010/1/4010 4168/1/4168
f 4006/1/4006 4167/1/4167 4168/1/4168
f 4007/1/4007 4008/1/4008 4170/1/4170
f 4007/1/4007 4014/1/4014 4176/1/4176
f 4007/1/4007 4170/1/4170 4176/1/4176
f 4008/1/4008 4163/1/4163 4171/1/4171
f 4008/1/4008 4170/1/4170 4171/1/4171
f 4010/1/4010 4011/1/4011 4173/1/4173
f 4010/1/4010 4168/1/4168 4172/1/4172
f 4010/1/4010 4172/1/4172 4173/1/4173
f 4011/1/4011 4012/1/4012 4016/1/4016
f 4011/1/4011 4012/1/4012 4174/1/4174
f 4011/1/4011 4015/1/4015 4016/1/4016
f 4011/1/4011 4173/1/4173 4174/1/4174
f 4012/1/4012 4016/1/4016 4177/1/4177
f 4012/1/4012 4174/1/4174 4177/1/4177
f 4013/1/4013 4014/1/4014 4017/1/4017
f 4013/1/4013 4014/1/4014 4175/1/4175
f 4013/1/4013 4017/1/4017 4179/1/4179
f 4013/1/4013 4175/1/4175 4179/1/4179
f 4014/1/4014 4175/1/4175 4176/1/4176
f 4016/1/4016 4018/1/4018 4177/1/4177
f 4017/1/4017 4021/1/4021 4179/1/4179
f 4018/1/4018 4019/1/4019 4023/1/4023
f 4018/1/4018 4019/1/4019 4180/1/4180
f 4018/1/4018 4022/1/4022 4023/1/4023
f 4018/1/4018 4177/1/4177 4178/1/4178
f 4018/1/4018 4178/1/4178 4180/1/4180
f 4019/1/4019 4023/1/4023 4183/1/4183
f 4019/1/4019 4180/1/4180 4183/1/4183
f 4020/1/4020 4021/1/4021 4024/1/4024
f 4020/1/4020 4021/1/4021 4181/1/4181
f 4020/1/4020 4024/1/4024 4184/1/4184
f 4020/1/4020 4181/1/4181 4184/1/4184
f 4021/1/4021 4179/1/4179 4182/1/4182
f 4021/1/4021 4181/1/4181 4182/1/4182
f 4023/1/4023 4026/1/4026 4183/1/4183
f 4024/1/4024 4027/1/4027 4186/1/4186
f 4024/1/4024 4184/1/4184 4186/1/4186
f 4026/1/4026 4029/1/4029 4188/1/4188
f 4026/1/4026 4183/1/4183 4185/1/4185
f 4026/1/4026 4185/1/4185 4188/1/4188
f 4027/1/4027 4028/1/4028 4186/1/4186
f 4028/1/4028 4030/1/4030 4190/1/4190
f 4028/1/4028 4186/1/4186 4187/1/4187
f 4028/1/4028 4187/1/4187 4190/1/4190
f 4029/1/4029 4031/1/4031 4191/1/4191
f 4029/1/4029 4188/1/4188 4191/1/4191
f 4030/1/4030 4032/1/4032 4192/1/4192
f 4030/1/4030 4190/1/4190 4192/1/4192
f 4031/1/4031 4035/1/4035 4191/1/4191
f 4032/1/4032 4033/1/4033 4036/1/4036
f 4032/1/4032 4036/1/4036 4195/1/4195
f 4032/1/4032 4192/1/4192 4195/1/4195
f 4034/1/4034 4035/1/4035 4194/1/4194
f 4034/1/4034 4039/1/4039 4193/1/4193
f 4034/1/4034 4193/1/4193 4194/1/4194
f 4035/1/4035 4191/1/4191 4194/1/4194
f 4036/1/4036 4037/1/4037 4041/1/4041
f 4036/1/4036 4040/1/4040 4041/1/4041
f 4036/1/4036 4040/1/4040 4198/1/4198
f 4036/1/4036 4195/1/4195 4196/1/4196
f 4036/1/4036 4196/1/4196 4198/1/4198
f 4038/1/4038 4039/1/4039 4197/1/4197
f 4038/1/4038 4046/1/4046 4197/1/4197
f 4039/1/4039 4193/1/4193 4197/1/4197
f 4040/1/4040 4041/1/4041 4198/1/4198
f 4041/1/4041 4042/1/4042 4199/1/4199
f 4041/1/4041 4198/1/4198 4199/1/4199
f 4042/1/4042 4043/1/4043 4048/1/4048
f 4042/1/4042 4047/1/4047 4048/1/4048
f 4042/1/4042 4047/1/4047 4205/1/4205
f 4042/1/4042 4199/1/4199 4200/1/4200
f 4042/1/4042 4200/1/4200 4205/1/4205
f 4044/1/4044 4045/1/4045 4051/1/4051
f 4045/1/4045 4046/1/4046 4201/1/4201
f 4045/1/4045 4051/1/4051 4052/1/4052
f 4045/1/4045 4052/1/4052 4210/1/4210
f 4045/1/4045 4201/1/4201 4210/1/4210
f 4046/1/4046 4197/1/4197 4202/1/4202
f 4046/1/4046 4201/1/4201 4202/1/4202
f 4047/1/4047 4048/1/4048 4206/1/4206
f 4047/1/4047 4205/1/4205 4206/1/4206
f 4048/1/4048 4049/1/4049 4207/1/4207
f 4048/1/4048 4206/1/4206 4207/1/4207
f 4049/1/4049 4050/1/4050 4208/1/4208
f 4049/1/4049 4207/1/4207 4208/1/4208
f 4050/1/4050 4051/1/4051 4208/1/4208
f 4051/1/4051 4052/1/4052 4209/1/4209
f 4051/1/4051 4208/1/4208 4209/1/4209
f 4052/1/4052 4209/1/4209 4210/1/4210
f 5150/1/5150 4053/1/4053 5151/1/5151
f 5152/1/5152 4053/1/4053 5153/1/5153
f 5154/1/5154 4054/1/4054 5155/1/5155
f 5156/1/5156 4053/1/4053 4054/1/4054
f 5156/1/5156 4054/1/4054 5157/1/5157
f 5158/1/5158 4056/1/4056 5159/1/5159
f 5160/1/5160 4054/1/4054 4055/1/4055
f 5160/1/5160 4055/1/4055 5161/1/5161
f 5162/1/5162 4055/1/4055 4056/1/4056
f 5162/1/5162 4056/1/4056 5163/1/5163
f 5164/1/5164 4056/1/4056 5165/1/5165
f 5166/1/5166 4053/1/4053 4058/1/4058
f 5166/1/5166 4058/1/4058 5167/1/5167
f 5168/1/5168 4057/1/4057 4058/1/4058
f 5168/1/5168 4058/1/4058 5169/1/5169
f 5170/1/5170 4057/1/4057 4215/1/4215
f 5170/1/5170 4215/1/4215 5171/1/5171
f 5172/1/5172 4215/1/4215 5173/1/5173
f 4053/1/4053 4054/1/4054 4059/1/4059
f 4053/1/4053 4058/1/4058 4059/1/4059
f 4056/1/4056 5174/1/5174 5175/1/5175
f 4056/1/4056 5175/1/5175 4061/1/4061
f 4056/1/4056 4060/1/4060 4061/1/4061
f 5176/1/5176 4061/1/4061 5177/1/5177
f 5178/1/5178 4061/1/4061 4062/1/4062
f 5178/1/5178 4062/1/4062 5179/1/5179
f 5180/1/5180 4062/1/4062 5181/1/5181
f 4057/1/4057 4058/1/4058 4065/1/4065
f 4057/1/4057 4064/1/4064 4065/1/4065
f 4057/1/4057 4064/1/4064 4214/1/4214
f 4057/1/4057 4214/1/4214 4215/1/4215
f 4061/1/4061 4062/1/4062 4066/1/4066
f 4062/1/4062 4066/1/4066 4067/1/4067
f 4062/1/4062 4067/1/4067 4216/1/4216
f 4062/1/4062 5182/1/5182 5183/1/5183
f 4062/1/4062 5183/1/5183 4216/1/4216
f 4063/1/4063 4064/1/4064 4068/1/4068
f 4063/1/4063 4064/1/4064 4218/1/4218
f 4063/1/4063 4068/1/4068 4221/1/4221
f 4063/1/4063 4218/1/4218 4221/1/4221
f 4064/1/4064 4068/1/4068 4069/1/4069
f 4064/1/4064 4214/1/4214 4218/1/4218
f 4067/1/4067 4070/1/4070 4220/1/4220
f 4067/1/4067 4216/1/4216 4219/1/4219
f 4067/1/4067 4219/1/4219 4220/1/4220
f 4068/1/4068 4069/1/4069 4073/1/4073
f 4068/1/4068 4072/1/4072 4073/1/4073
f 4068/1/4068 4072/1/4072 4221/1/4221
f 4070/1/4070 4071/1/4071 4075/1/4075
f 4070/1/4070 4071/1/4071 4222/1/4222
f 4070/1/4070 4074/1/4074 4075/1/4075
f 4070/1/4070 4220/1/4220 4222/1/4222
f 4071/1/4071 4075/1/4075 4222/1/4222
f 4072/1/4072 4076/1/4076 4227/1/4227
f 4072/1/4072 4221/1/4221 4224/1/4224
f 4072/1/4072 4224/1/4224 4227/1/4227
f 4074/1/4074 4075/1/4075 4078/1/4078
f 4074/1/4074 4077/1/4077 4078/1/4078
f 4075/1/4075 4078/1/4078 4225/1/4225
f 4075/1/4075 4222/1/4222 4225/1/4225
f 4076/1/4076 4079/1/4079 4227/1/4227
f 4077/1/4077 4078/1/4078 4081/1/4081
f 4077/1/4077 4080/1/4080 4081/1/4081
f 4078/1/4078 4081/1/4081 4231/1/4231
f 4078/1/4078 4225/1/4225 4228/1/4228
f 4078/1/4078 4228/1/4228 4231/1/4231
f 4079/1/4079 4082/1/4082 4233/1/4233
f 4079/1/4079 4227/1/4227 4230/1/4230
f 4079/1/4079 4230/1/4230 4233/1/4233
f 4081/1/4081 4083/1/4083 4231/1/4231
f 4082/1/4082 4084/1/4084 4233/1/4233
f 4083/1/4083 4085/1/4085 4237/1/4237
f 4083/1/4083 4231/1/4231 4234/1/4234
f 4083/1/4083 4234/1/4234 4237/1/4237
f 4084/1/4084 4086/1/4086 4239/1/4239
f 4084/1/4084 4233/1/4233 4236/1/4236
f 4084/1/4084 4236/1/4236 4239/1/4239
f 4085/1/4085 4087/1/4087 4237/1/4237
f 4086/1/4086 4089/1/4089 4238/1/4238
f 4086/1/4086 4238/1/4238 4239/1/4239
f 4087/1/4087 4090/1/4090 4242/1/4242
f 4087/1/4087 4237/1/4237 4240/1/4240
f 4087/1/4087 4240/1/4240 4242/1/4242
f 4088/1/4088 4089/1/4089 4091/1/4091
f 4088/1/4088 4089/1/4089 4241/1/4241
f 4088/1/4088 4091/1/4091 4243/1/4243
f 4088/1/4088 4241/1/4241 4243/1/4243
f 4089/1/4089 4091/1/4091 4092/1/4092
f 4089/1/4089 4238/1/4238 4241/1/4241
f 4090/1/4090 4093/1/4093 4244/1/4244
f 4090/1/4090 4242/1/4242 4244/1/4244
f 4091/1/4091 4092/1/4092 4094/1/4094
f 4091/1/4091 4094/1/4094 4245/1/4245
f 4091/1/4091 4243/1/4243 4245/1/4245
f 4092/1/4092 4094/1/4094 4095/1/4095
f 4093/1/4093 4096/1/4096 4246/1/4246
f 4093/1/4093 4244/1/4244 4246/1/4246
f 4094/1/4094 4095/1/4095 4097/1/4097
f 4094/1/4094 4097/1/4097 4247/1/4247
f 4094/1/4094 4245/1/4245 4247/1/4247
f 4095/1/4095 4097/1/4097 4098/1/4098
f 4096/1/4096 4099/1/4099 4248/1/4248
f 4096/1/4096 4246/1/4246 4248/1/4248
f 4097/1/4097 4098/1/4098 4101/1/4101
f 4097/1/4097 4101/1/4101 4247/1/4247
f 4099/1/4099 4102/1/4102 4248/1/4248
f 4100/1/4100 4101/1/4101 4103/1/4103
f 4100/1/4100 4101/1/4101 4247/1/4247
f 4100/1/4100 4101/1/4101 4249/1/4249
f 4100/1/4100 4103/1/4103 4249/1/4249
f 4100/1/4100 4247/1/4247 4249/1/4249
f 4101/1/4101 4103/1/4103 4104/1/4104
f 4102/1/4102 4105/1/4105 4253/1/4253
f 4102/1/4102 4248/1/4248 4250/1/4250
f 4102/1/4102 4250/1/4250 4253/1/4253
f 4103/1/4103 4104/1/4104 4251/1/4251
f 4103/1/4103 4249/1/4249 4251/1/4251
f 4104/1/4104 4106/1/4106 4254/1/4254
f 4104/1/4104 4251/1/4251 4252/1/4252
f 4104/1/4104 4252/1/4252 4254/1/4254
f 4105/1/4105 4107/1/4107 4253/1/4253
f 4106/1/4106 4108/1/4108 4256/1/4256
f 4106/1/4106 4254/1/4254 4256/1/4256
f 4107/1/4107 4109/1/4109 4257/1/4257
f 4107/1/4107 4253/1/4253 4255/1/4255
f 4107/1/4107 4255/1/4255 4257/1/4257
f 4108/1/4108 4110/1/4110 4258/1/4258
f 4108/1/4108 4256/1/4256 4258/1/4258
f 4109/1/4109 4111/1/4111 4260/1/4260
f 4109/1/4109 4257/1/4257 4260/1/4260
f 4110/1/4110 4112/1/4112 4258/1/4258
f 4111/1/4111 4113/1/4113 4260/1/4260
f 4112/1/4112 4114/1/4114 4261/1/4261
f 4112/1/4112 4258/1/4258 4261/1/4261
f 4113/1/4113 4116/1/4116 4262/1/4262
f 4113/1/4113 4260/1/4260 4263/1/4263
f 4113/1/4113 4262/1/4262 4263/1/4263
f 4114/1/4114 4117/1/4117 4266/1/4266
f 4114/1/4114 4261/1/4261 4264/1/4264
f 4114/1/4114 4264/1/4264 4266/1/4266
f 4115/1/4115 4116/1/4116 4118/1/4118
f 4115/1/4115 4116/1/4116 4262/1/4262
f 4115/1/4115 4118/1/4118 4265/1/4265
f 4115/1/4115 4262/1/4262 4265/1/4265
f 4116/1/4116 4118/1/4118 4119/1/4119
f 4117/1/4117 4120/1/4120 4266/1/4266
f 4118/1/4118 4121/1/4121 4267/1/4267
f 4118/1/4118 4265/1/4265 4267/1/4267
f 4120/1/4120 4122/1/4122 4270/1/4270
f 4120/1/4120 4266/1/4266 4268/1/4268
f 4120/1/4120 4268/1/4268 4270/1/4270
f 4121/1/4121 4123/1/4123 4269/1/4269
f 4121/1/4121 4267/1/4267 4269/1/4269
f 4122/1/4122 4124/1/4124 4270/1/4270
f 4123/1/4123 4125/1/4125 4273/1/4273
f 4123/1/4123 4269/1/4269 4273/1/4273
f 4124/1/4124 4126/1/4126 4278/1/4278
f 4124/1/4124 4270/1/4270 4274/1/4274
f 4124/1/4124 4274/1/4274 4278/1/4278
f 4125/1/4125 4128/1/4128 4277/1/4277
f 4125/1/4125 4273/1/4273 4277/1/4277
f 4126/1/4126 4127/1/4127 4130/1/4130
f 4126/1/4126 4127/1/4127 4279/1/4279
f 4126/1/4126 4129/1/4129 4130/1/4130
f 4126/1/4126 4278/1/4278 4279/1/4279
f 4127/1/4127 4130/1/4130 4279/1/4279
f 4128/1/4128 4131/1/4131 4132/1/4132
f 4128/1/4128 4131/1/4131 4281/1/4281
f 4128/1/4128 4277/1/4277 4282/1/4282
f 4128/1/4128 4281/1/4281 4282/1/4282
f 4129/1/4129 4130/1/4130 4134/1/4134
f 4129/1/4129 4133/1/4133 4134/1/4134
f 4130/1/4130 4134/1/4134 4283/1/4283
f 4130/1/4130 4279/1/4279 4283/1/4283
f 4131/1/4131 4132/1/4132 4135/1/4135
f 4131/1/4131 4135/1/4135 4286/1/4286
f 4131/1/4131 4281/1/4281 4286/1/4286
f 4132/1/4132 4135/1/4135 4136/1/4136
f 4134/1/4134 4137/1/4137 4288/1/4288
f 4134/1/4134 4283/1/4283 4287/1/4287
f 4134/1/4134 4287/1/4287 4288/1/4288
f 4135/1/4135 4136/1/4136 4140/1/4140
f 4135/1/4135 4140/1/4140 4297/1/4297
f 4135/1/4135 4286/1/4286 4292/1/4292
f 4135/1/4135 4292/1/4292 4297/1/4297
f 4137/1/4137 4138/1/4138 4141/1/4141
f 4137/1/4137 4138/1/4138 4293/1/4293
f 4137/1/4137 4288/1/4288 4293/1/4293
f 4138/1/4138 4141/1/4141 4142/1/4142
f 4138/1/4138 4142/1/4142 4293/1/4293
f 4139/1/4139 4140/1/4140 4146/1/4146
f 4139/1/4139 4140/1/4140 4296/1/4296
f 4139/1/4139 4145/1/4145 4146/1/4146
f 4139/1/4139 4145/1/4145 4296/1/4296
f 4140/1/4140 4296/1/4296 4297/1/4297
f 4141/1/4141 4142/1/4142 4148/1/4148
f 4141/1/4141 4147/1/4147 4148/1/4148
f 4142/1/4142 4143/1/4143 4149/1/4149
f 4142/1/4142 4143/1/4143 4299/1/4299
f 4142/1/4142 4148/1/4148 4149/1/4149
f 4142/1/4142 4293/1/4293 4298/1/4298
f 4142/1/4142 4298/1/4298 4299/1/4299
f 4143/1/4143 4144/1/4144 4149/1/4149
f 4143/1/4143 4144/1/4144 4299/1/4299
f 4144/1/4144 4145/1/4145 4151/1/4151
f 4144/1/4144 4145/1/4145 4300/1/4300
f 4144/1/4144 4149/1/4149 4150/1/4150
f 4144/1/4144 4150/1/4150 4151/1/4151
f 4144/1/4144 4299/1/4299 4300/1/4300
f 4145/1/4145 4146/1/4146 4151/1/4151
f 4145/1/4145 4296/1/4296 4301/1/4301
f 4145/1/4145 4300/1/4300 4301/1/4301
f 4146/1/4146 4151/1/4151 4152/1/4152
f 4148/1/4148 4149/1/4149 4154/1/4154
f 4148/1/4148 4153/1/4153 4154/1/4154
f 4149/1/4149 4150/1/4150 4154/1/4154
f 4150/1/4150 4151/1/4151 4156/1/4156
f 4150/1/4150 4154/1/4154 4155/1/4155
f 4150/1/4150 4155/1/4155 4156/1/4156
f 4154/1/4154 4155/1/4155 4157/1/4157
f 4158/1/4158 4159/1/4159 4164/1/4164
f 4158/1/4158 4159/1/4159 4303/1/4303
f 4158/1/4158 4164/1/4164 4302/1/4302
f 4158/1/4158 4302/1/4302 4303/1/4303
f 4159/1/4159 4160/1/4160 4165/1/4165
f 4159/1/4159 4160/1/4160 4166/1/4166
f 4159/1/4159 4160/1/4160 4303/1/4303
f 4159/1/4159 4164/1/4164 4165/1/4165
f 4159/1/4159 4165/1/4165 4166/1/4166
f 4160/1/4160 4161/1/4161 4304/1/4304
f 4160/1/4160 4303/1/4303 4304/1/4304
f 4161/1/4161 4162/1/4162 4305/1/4305
f 4161/1/4161 4304/1/4304 4305/1/4305
f 4162/1/4162 4167/1/4167 4168/1/4168
f 4162/1/4162 4168/1/4168 4306/1/4306
f 4162/1/4162 4305/1/4305 4306/1/4306
f 4163/1/4163 4164/1/4164 4307/1/4307
f 4163/1/4163 4170/1/4170 4171/1/4171
f 4163/1/4163 4171/1/4171 4313/1/4313
f 4163/1/4163 4307/1/4307 4314/1/4314
f 4163/1/4163 4313/1/4313 4314/1/4314
f 4164/1/4164 4302/1/4302 4308/1/4308
f 4164/1/4164 4307/1/4307 4308/1/4308
f 4168/1/4168 4169/1/4169 4172/1/4172
f 4168/1/4168 4169/1/4169 4312/1/4312
f 4168/1/4168 4306/1/4306 4311/1/4311
f 4168/1/4168 4311/1/4311 4312/1/4312
f 4169/1/4169 4172/1/4172 4173/1/4173
f 4169/1/4169 4173/1/4173 4312/1/4312
f 4170/1/4170 4171/1/4171 4313/1/4313
f 4170/1/4170 4176/1/4176 4318/1/4318
f 4170/1/4170 4313/1/4313 4318/1/4318
f 4173/1/4173 4174/1/4174 4316/1/4316
f 4173/1/4173 4312/1/4312 4315/1/4315
f 4173/1/4173 4315/1/4315 4316/1/4316
f 4174/1/4174 4177/1/4177 4319/1/4319
f 4174/1/4174 4316/1/4316 4319/1/4319
f 4175/1/4175 4176/1/4176 4318/1/4318
f 4175/1/4175 4179/1/4179 4317/1/4317
f 4175/1/4175 4317/1/4317 4318/1/4318
f 4177/1/4177 4178/1/4178 4319/1/4319
f 4178/1/4178 4180/1/4180 4320/1/4320
f 4178/1/4178 4319/1/4319 4320/1/4320
f 4179/1/4179 4182/1/4182 4321/1/4321
f 4179/1/4179 4317/1/4317 4321/1/4321
f 4180/1/4180 4183/1/4183 4323/1/4323
f 4180/1/4180 4320/1/4320 4323/1/4323
f 4181/1/4181 4182/1/4182 4324/1/4324
f 4181/1/4181 4184/1/4184 4324/1/4324
f 4182/1/4182 4321/1/4321 4325/1/4325
f 4182/1/4182 4324/1/4324 4325/1/4325
f 4183/1/4183 4185/1/4185 4328/1/4328
f 4183/1/4183 4323/1/4323 4326/1/4326
f 4183/1/4183 4326/1/4326 4328/1/4328
f 4184/1/4184 4186/1/4186 4329/1/4329
f 4184/1/4184 4324/1/4324 4327/1/4327
f 4184/1/4184 4327/1/4327 4329/1/4329
f 4185/1/4185 4188/1/4188 4330/1/4330
f 4185/1/4185 4328/1/4328 4330/1/4330
f 4186/1/4186 4187/1/4187 4190/1/4190
f 4186/1/4186 4189/1/4189 4190/1/4190
f 4186/1/4186 4189/1/4189 4329/1/4329
f 4188/1/4188 4191/1/4191 4333/1/4333
f 4188/1/4188 4330/1/4330 4333/1/4333
f 4189/1/4189 4190/1/4190 4331/1/4331
f 4189/1/4189 4329/1/4329 4331/1/4331
f 4190/1/4190 4192/1/4192 4334/1/4334
f 4190/1/4190 4331/1/4331 4332/1/4332
f 4190/1/4190 4332/1/4332 4334/1/4334
f 4191/1/4191 4194/1/4194 4333/1/4333
f 4192/1/4192 4195/1/4195 4334/1/4334
f 4193/1/4193 4194/1/4194 4336/1/4336
f 4193/1/4193 4197/1/4197 4335/1/4335
f 4193/1/4193 4335/1/4335 4336/1/4336
f 4194/1/4194 4333/1/4333 4336/1/4336
f 4195/1/4195 4196/1/4196 4337/1/4337
f 4195/1/4195 4334/1/4334 4337/1/4337
f 4196/1/4196 4198/1/4198 4341/1/4341
f 4196/1/4196 4337/1/4337 4338/1/4338
f 4196/1/4196 4338/1/4338 4341/1/4341
f 4197/1/4197 4202/1/4202 4203/1/4203
f 4197/1/4197 4203/1/4203 4344/1/4344
f 4197/1/4197 4335/1/4335 4339/1/4339
f 4197/1/4197 4339/1/4339 4344/1/4344
f 4198/1/4198 4199/1/4199 4341/1/4341
f 4199/1/4199 4200/1/4200 4204/1/4204
f 4199/1/4199 4204/1/4204 4342/1/4342
f 4199/1/4199 4341/1/4341 4342/1/4342
f 4200/1/4200 4204/1/4204 4205/1/4205
f 4201/1/4201 4202/1/4202 4210/1/4210
f 4202/1/4202 4203/1/4203 4344/1/4344
f 4202/1/4202 4210/1/4210 4211/1/4211
f 4202/1/4202 4211/1/4211 4351/1/4351
f 4202/1/4202 4343/1/4343 4344/1/4344
f 4202/1/4202 4343/1/4343 4351/1/4351
f 4204/1/4204 4205/1/4205 4345/1/4345
f 4204/1/4204 4342/1/4342 4345/1/4345
f 4205/1/4205 4206/1/4206 4346/1/4346
f 4205/1/4205 4345/1/4345 4346/1/4346
f 4206/1/4206 4207/1/4207 4348/1/4348
f 4206/1/4206 4346/1/4346 4347/1/4347
f 4206/1/4206 4347/1/4347 4353/1/4353
f 4206/1/4206 4348/1/4348 4353/1/4353
f 4207/1/4207 4208/1/4208 4212/1/4212
f 4207/1/4207 4212/1/4212 4354/1/4354
f 4207/1/4207 4348/1/4348 4354/1/4354
f 4208/1/4208 4209/1/4209 4355/1/4355
f 4208/1/4208 4212/1/4212 4213/1/4213
f 4208/1/4208 4213/1/4213 4355/1/4355
f 4209/1/4209 4210/1/4210 4349/1/4349
f 4209/1/4209 4349/1/4349 4355/1/4355
f 4210/1/4210 4211/1/4211 4350/1/4350
f 4210/1/4210 4349/1/4349 4350/1/4350
f 4211/1/4211 4350/1/4350 4351/1/4351
f 4212/1/4212 4213/1/4213 4355/1/4355
f 4212/1/4212 4354/1/4354 4355/1/4355
f 5184/1/5184 4215/1/4215 5185/1/5185
f 5186/1/5186 4214/1/4214 4215/1/4215
f 5186/1/5186 4215/1/4215 5187/1/5187
f 5188/1/5188 4214/1/4214 4358/1/4358
f 5188/1/5188 4358/1/4358 5189/1/5189
f 5190/1/5190 4358/1/4358 5191/1/5191
f 5192/1/5192 4217/1/4217 5193/1/5193
f 5194/1/5194 4216/1/4216 4217/1/4217
f 5194/1/5194 4217/1/4217 5195/1/5195
f 5196/1/5196 4217/1/4217 5197/1/5197
f 4214/1/4214 4218/1/4218 4361/1/4361
f 4214/1/4214 4358/1/4358 4361/1/4361
f 4216/1/4216 4217/1/4217 4220/1/4220
f 4216/1/4216 4219/1/4219 4220/1/4220
f 4217/1/4217 4220/1/4220 4362/1/4362
f 4217/1/4217 5198/1/5198 5199/1/5199
f 4217/1/4217 5199/1/5199 4359/1/4359
f 4217/1/4217 4359/1/4359 4362/1/4362
f 4218/1/4218 4221/1/4221 4364/1/4364
f 4218/1/4218 4361/1/4361 4364/1/4364
f 4220/1/4220 4222/1/4222 4365/1/4365
f 4220/1/4220 4362/1/4362 4365/1/4365
f 4221/1/4221 4224/1/4224 4364/1/4364
f 4222/1/4222 4225/1/4225 4365/1/4365
f 4223/1/4223 4224/1/4224 4227/1/4227
f 4223/1/4223 4224/1/4224 4366/1/4366
f 4223/1/4223 4226/1/4226 4227/1/4227
f 4223/1/4223 4226/1/4226 4366/1/4366
f 4224/1/4224 4363/1/4363 4364/1/4364
f 4224/1/4224 4363/1/4363 4366/1/4366
f 4225/1/4225 4228/1/4228 4367/1/4367
f 4225/1/4225 4365/1/4365 4367/1/4367
f 4226/1/4226 4227/1/4227 4229/1/4229
f 4226/1/4226 4229/1/4229 4368/1/4368
f 4226/1/4226 4366/1/4366 4368/1/4368
f 4227/1/4227 4229/1/4229 4230/1/4230
f 4228/1/4228 4231/1/4231 4371/1/4371
f 4228/1/4228 4367/1/4367 4369/1/4369
f 4228/1/4228 4369/1/4369 4371/1/4371
f 4229/1/4229 4230/1/4230 4232/1/4232
f 4229/1/4229 4232/1/4232 4372/1/4372
f 4229/1/4229 4368/1/4368 4370/1/4370
f 4229/1/4229 4370/1/4370 4372/1/4372
f 4230/1/4230 4232/1/4232 4233/1/4233
f 4231/1/4231 4234/1/4234 4371/1/4371
f 4232/1/4232 4233/1/4233 4235/1/4235
f 4232/1/4232 4235/1/4235 4372/1/4372
f 4233/1/4233 4235/1/4235 4236/1/4236
f 4234/1/4234 4237/1/4237 4375/1/4375
f 4234/1/4234 4371/1/4371 4373/1/4373
f 4234/1/4234 4373/1/4373 4375/1/4375
f 4235/1/4235 4236/1/4236 4238/1/4238
f 4235/1/4235 4238/1/4238 4374/1/4374
f 4235/1/4235 4372/1/4372 4374/1/4374
f 4236/1/4236 4238/1/4238 4239/1/4239
f 4237/1/4237 4240/1/4240 4375/1/4375
f 4238/1/4238 4241/1/4241 4376/1/4376
f 4238/1/4238 4374/1/4374 4376/1/4376
f 4240/1/4240 4242/1/4242 4377/1/4377
f 4240/1/4240 4375/1/4375 4377/1/4377
f 4241/1/4241 4243/1/4243 4380/1/4380
f 4241/1/4241 4376/1/4376 4378/1/4378
f 4241/1/4241 4378/1/4378 4380/1/4380
f 4242/1/4242 4244/1/4244 4381/1/4381
f 4242/1/4242 4377/1/4377 4379/1/4379
f 4242/1/4242 4379/1/4379 4381/1/4381
f 4243/1/4243 4245/1/4245 4382/1/4382
f 4243/1/4243 4380/1/4380 4382/1/4382
f 4244/1/4244 4246/1/4246 4383/1/4383
f 4244/1/4244 4381/1/4381 4383/1/4383
f 4245/1/4245 4247/1/4247 4382/1/4382
f 4246/1/4246 4248/1/4248 4385/1/4385
f 4246/1/4246 4383/1/4383 4385/1/4385
f 4247/1/4247 4249/1/4249 4386/1/4386
f 4247/1/4247 4382/1/4382 4384/1/4384
f 4247/1/4247 4384/1/4384 4386/1/4386
f 4248/1/4248 4250/1/4250 4385/1/4385
f 4249/1/4249 4251/1/4251 4388/1/4388
f 4249/1/4249 4386/1/4386 4388/1/4388
f 4250/1/4250 4253/1/4253 4390/1/4390
f 4250/1/4250 4385/1/4385 4387/1/4387
f 4250/1/4250 4387/1/4387 4390/1/4390
f 4251/1/4251 4252/1/4252 4389/1/4389
f 4251/1/4251 4388/1/4388 4389/1/4389
f 4252/1/4252 4254/1/4254 4391/1/4391
f 4252/1/4252 4389/1/4389 4391/1/4391
f 4253/1/4253 4255/1/4255 4390/1/4390
f 4254/1/4254 4256/1/4256 4394/1/4394
f 4254/1/4254 4391/1/4391 4394/1/4394
f 4255/1/4255 4257/1/4257 4396/1/4396
f 4255/1/4255 4390/1/4390 4393/1/4393
f 4255/1/4255 4393/1/4393 4396/1/4396
f 4256/1/4256 4258/1/4258 4394/1/4394
f 4257/1/4257 4260/1/4260 4399/1/4399
f 4257/1/4257 4396/1/4396 4399/1/4399
f 4258/1/4258 4261/1/4261 4397/1/4397
f 4258/1/4258 4394/1/4394 4397/1/4397
f 4259/1/4259 4260/1/4260 4263/1/4263
f 4259/1/4259 4260/1/4260 4398/1/4398
f 4259/1/4259 4262/1/4262 4263/1/4263
f 4259/1/4259 4262/1/4262 4401/1/4401
f 4259/1/4259 4398/1/4398 4401/1/4401
f 4260/1/4260 4398/1/4398 4399/1/4399
f 4261/1/4261 4264/1/4264 4400/1/4400
f 4261/1/4261 4397/1/4397 4400/1/4400
f 4262/1/4262 4265/1/4265 4403/1/4403
f 4262/1/4262 4401/1/4401 4403/1/4403
f 4264/1/4264 4266/1/4266 4402/1/4402
f 4264/1/4264 4400/1/4400 4402/1/4402
f 4265/1/4265 4267/1/4267 4403/1/4403
f 4266/1/4266 4268/1/4268 4404/1/4404
f 4266/1/4266 4402/1/4402 4404/1/4404
f 4267/1/4267 4269/1/4269 4411/1/4411
f 4267/1/4267 4403/1/4403 4407/1/4407
f 4267/1/4267 4407/1/4407 4411/1/4411
f 4268/1/4268 4270/1/4270 4408/1/4408
f 4268/1/4268 4404/1/4404 4408/1/4408
f 4269/1/4269 4273/1/4273 4417/1/4417
f 4269/1/4269 4411/1/4411 4417/1/4417
f 4270/1/4270 4271/1/4271 4275/1/4275
f 4270/1/4270 4271/1/4271 4413/1/4413
f 4270/1/4270 4274/1/4274 4275/1/4275
f 4270/1/4270 4408/1/4408 4412/1/4412
f 4270/1/4270 4412/1/4412 4413/1/4413
f 4271/1/4271 4275/1/4275 4413/1/4413
f 4272/1/4272 4273/1/4273 4276/1/4276
f 4272/1/4272 4273/1/4273 4416/1/4416
f 4272/1/4272 4276/1/4276 4423/1/4423
f 4272/1/4272 4416/1/4416 4423/1/4423
f 4273/1/4273 4276/1/4276 4277/1/4277
f 4273/1/4273 4416/1/4416 4417/1/4417
f 4274/1/4274 4275/1/4275 4279/1/4279
f 4274/1/4274 4278/1/4278 4279/1/4279
f 4275/1/4275 4279/1/4279 4424/1/4424
f 4275/1/4275 4413/1/4413 4418/1/4418
f 4275/1/4275 4418/1/4418 4424/1/4424
f 4276/1/4276 4277/1/4277 4281/1/4281
f 4276/1/4276 4281/1/4281 4429/1/4429
f 4276/1/4276 4423/1/4423 4429/1/4429
f 4277/1/4277 4281/1/4281 4282/1/4282
f 4279/1/4279 4280/1/4280 4283/1/4283
f 4279/1/4279 4280/1/4280 4424/1/4424
f 4279/1/4279 4424/1/4424 4425/1/4425
f 4280/1/4280 4283/1/4283 4284/1/4284
f 4280/1/4280 4284/1/4284 4425/1/4425
f 4280/1/4280 4424/1/4424 4425/1/4425
f 4281/1/4281 4286/1/4286 4433/1/4433
f 4281/1/4281 4429/1/4429 4433/1/4433
f 4283/1/4283 4284/1/4284 4287/1/4287
f 4284/1/4284 4287/1/4287 4288/1/4288
f 4284/1/4284 4288/1/4288 4289/1/4289
f 4284/1/4284 4289/1/4289 4431/1/4431
f 4284/1/4284 4425/1/4425 4430/1/4430
f 4284/1/4284 4430/1/4430 4431/1/4431
f 4285/1/4285 4286/1/4286 4291/1/4291
f 4285/1/4285 4286/1/4286 4433/1/4433
f 4285/1/4285 4291/1/4291 4433/1/4433
f 4286/1/4286 4291/1/4291 4292/1/4292
f 4288/1/4288 4289/1/4289 4294/1/4294
f 4288/1/4288 4293/1/4293 4294/1/4294
f 4289/1/4289 4290/1/4290 4294/1/4294
f 4289/1/4289 4290/1/4290 4435/1/4435
f 4289/1/4289 4431/1/4431 4434/1/4434
f 4289/1/4289 4434/1/4434 4435/1/4435
f 4290/1/4290 4291/1/4291 4295/1/4295
f 4290/1/4290 4291/1/4291 4433/1/4433
f 4290/1/4290 4294/1/4294 4295/1/4295
f 4290/1/4290 4432/1/4432 4433/1/4433
f 4290/1/4290 4432/1/4432 4435/1/4435
f 4291/1/4291 4292/1/4292 4296/1/4296
f 4291/1/4291 4295/1/4295 4296/1/4296
f 4292/1/4292 4296/1/4296 4297/1/4297
f 4293/1/4293 4294/1/4294 4299/1/4299
f 4293/1/4293 4298/1/4298 4299/1/4299
f 4294/1/4294 4295/1/4295 4299/1/4299
f 4295/1/4295 4296/1/4296 4300/1/4300
f 4295/1/4295 4299/1/4299 4300/1/4300
f 4296/1/4296 4300/1/4300 4301/1/4301
f 4302/1/4302 4303/1/4303 4308/1/4308
f 4303/1/4303 4304/1/4304 4437/1/4437
f 4303/1/4303 4308/1/4308 4309/1/4309
f 4303/1/4303 4309/1/4309 4442/1/4442
f 4303/1/4303 4436/1/4436 4437/1/4437
f 4303/1/4303 4436/1/4436 4442/1/4442
f 4304/1/4304 4305/1/4305 4438/1/4438
f 4304/1/4304 4437/1/4437 4438/1/4438
f 4305/1/4305 4306/1/4306 4438/1/4438
f 4306/1/4306 4310/1/4310 4311/1/4311
f 4306/1/4306 4310/1/4310 4445/1/4445
f 4306/1/4306 4438/1/4438 4439/1/4439
f 4306/1/4306 4439/1/4439 4445/1/4445
f 4307/1/4307 4308/1/4308 4440/1/4440
f 4307/1/4307 4314/1/4314 4449/1/4449
f 4307/1/4307 4440/1/4440 4449/1/4449
f 4308/1/4308 4309/1/4309 4442/1/4442
f 4308/1/4308 4440/1/4440 4441/1/4441
f 4308/1/4308 4441/1/4441 4442/1/4442
f 4310/1/4310 4311/1/4311 4445/1/4445
f 4311/1/4311 4312/1/4312 4446/1/4446
f 4311/1/4311 4445/1/4445 4446/1/4446
f 4312/1/4312 4315/1/4315 4451/1/4451
f 4312/1/4312 4446/1/4446 4447/1/4447
f 4312/1/4312 4447/1/4447 4451/1/4451
f 4313/1/4313 4314/1/4314 4449/1/4449
f 4313/1/4313 4318/1/4318 4448/1/4448
f 4313/1/4313 4448/1/4448 4449/1/4449
f 4315/1/4315 4316/1/4316 4452/1/4452
f 4315/1/4315 4451/1/4451 4452/1/4452
f 4316/1/4316 4319/1/4319 4452/1/4452
f 4317/1/4317 4318/1/4318 4454/1/4454
f 4317/1/4317 4321/1/4321 4453/1/4453
f 4317/1/4317 4453/1/4453 4454/1/4454
f 4318/1/4318 4448/1/4448 4454/1/4454
f 4319/1/4319 4320/1/4320 4323/1/4323
f 4319/1/4319 4322/1/4322 4323/1/4323
f 4319/1/4319 4322/1/4322 4458/1/4458
f 4319/1/4319 4452/1/4452 4456/1/4456
f 4319/1/4319 4456/1/4456 4458/1/4458
f 4321/1/4321 4325/1/4325 4461/1/4461
f 4321/1/4321 4453/1/4453 4457/1/4457
f 4321/1/4321 4457/1/4457 4461/1/4461
f 4322/1/4322 4323/1/4323 4458/1/4458
f 4323/1/4323 4326/1/4326 4462/1/4462
f 4323/1/4323 4458/1/4458 4459/1/4459
f 4323/1/4323 4459/1/4459 4462/1/4462
f 4324/1/4324 4325/1/4325 4461/1/4461
f 4324/1/4324 4327/1/4327 4463/1/4463
f 4324/1/4324 4460/1/4460 4461/1/4461
f 4324/1/4324 4460/1/4460 4463/1/4463
f 4326/1/4326 4328/1/4328 4464/1/4464
f 4326/1/4326 4462/1/4462 4464/1/4464
f 4327/1/4327 4329/1/4329 4463/1/4463
f 4328/1/4328 4330/1/4330 4466/1/4466
f 4328/1/4328 4464/1/4464 4466/1/4466
f 4329/1/4329 4331/1/4331 4467/1/4467
f 4329/1/4329 4463/1/4463 4465/1/4465
f 4329/1/4329 4465/1/4465 4467/1/4467
f 4330/1/4330 4333/1/4333 4468/1/4468
f 4330/1/4330 4466/1/4466 4468/1/4468
f 4331/1/4331 4332/1/4332 4334/1/4334
f 4331/1/4331 4334/1/4334 4467/1/4467
f 4333/1/4333 4336/1/4336 4471/1/4471
f 4333/1/4333 4468/1/4468 4471/1/4471
f 4334/1/4334 4337/1/4337 4472/1/4472
f 4334/1/4334 4467/1/4467 4470/1/4470
f 4334/1/4334 4470/1/4470 4472/1/4472
f 4335/1/4335 4336/1/4336 4339/1/4339
f 4336/1/4336 4339/1/4339 4340/1/4340
f 4336/1/4336 4340/1/4340 4471/1/4471
f 4337/1/4337 4338/1/4338 4341/1/4341
f 4337/1/4337 4341/1/4341 4475/1/4475
f 4337/1/4337 4472/1/4472 4475/1/4475
f 4339/1/4339 4340/1/4340 4474/1/4474
f 4339/1/4339 4344/1/4344 4479/1/4479
f 4339/1/4339 4473/1/4473 4474/1/4474
f 4339/1/4339 4473/1/4473 4479/1/4479
f 4340/1/4340 4471/1/4471 4474/1/4474
f 4341/1/4341 4342/1/4342 4476/1/4476
f 4341/1/4341 4475/1/4475 4476/1/4476
f 4342/1/4342 4345/1/4345 4477/1/4477
f 4342/1/4342 4476/1/4476 4477/1/4477
f 4343/1/4343 4344/1/4344 4479/1/4479
f 4343/1/4343 4351/1/4351 4487/1/4487
f 4343/1/4343 4478/1/4478 4479/1/4479
f 4343/1/4343 4478/1/4478 4487/1/4487
f 4345/1/4345 4346/1/4346 4482/1/4482
f 4345/1/4345 4477/1/4477 4481/1/4481
f 4345/1/4345 4481/1/4481 4482/1/4482
f 4346/1/4346 4347/1/4347 4353/1/4353
f 4346/1/4346 4352/1/4352 4353/1/4353
f 4346/1/4346 4352/1/4352 4488/1/4488
f 4346/1/4346 4482/1/4482 4488/1/4488
f 4348/1/4348 4353/1/4353 4354/1/4354
f 4349/1/4349 4350/1/4350 4486/1/4486
f 4349/1/4349 4355/1/4355 4356/1/4356
f 4349/1/4349 4356/1/4356 4492/1/4492
f 4349/1/4349 4486/1/4486 4492/1/4492
f 4350/1/4350 4351/1/4351 4487/1/4487
f 4350/1/4350 4486/1/4486 4487/1/4487
f 4352/1/4352 4353/1/4353 4489/1/4489
f 4352/1/4352 4488/1/4488 4489/1/4489
f 4353/1/4353 4354/1/4354 4490/1/4490
f 4353/1/4353 4489/1/4489 4490/1/4490
f 4354/1/4354 4355/1/4355 4491/1/4491
f 4354/1/4354 4490/1/4490 4491/1/4491
f 4355/1/4355 4356/1/4356 4491/1/4491
f 4356/1/4356 4491/1/4491 4492/1/4492
f 5200/1/5200 4358/1/4358 5201/1/5201
f 5202/1/5202 4357/1/4357 4358/1/4358
f 5202/1/5202 4358/1/4358 5203/1/5203
f 5204/1/5204 4357/1/4357 5205/1/5205
f 5206/1/5206 4359/1/4359 5207/1/5207
f 4357/1/4357 4358/1/4358 4361/1/4361
f 4357/1/4357 4360/1/4360 4361/1/4361
f 4357/1/4357 4360/1/4360 5208/1/5208
f 4357/1/4357 5208/1/5208 5209/1/5209
f 4359/1/4359 4362/1/4362 4495/1/4495
f 4359/1/4359 5210/1/5210 5211/1/5211
f 4359/1/4359 5212/1/5212 5213/1/5213
f 4359/1/4359 5213/1/5213 4495/1/4495
f 4360/1/4360 4361/1/4361 4363/1/4363
f 4360/1/4360 4363/1/4363 4494/1/4494
f 4360/1/4360 5214/1/5214 5215/1/5215
f 4360/1/4360 5215/1/5215 4494/1/4494
f 4361/1/4361 4363/1/4363 4364/1/4364
f 4362/1/4362 4365/1/4365 4495/1/4495
f 4363/1/4363 4366/1/4366 4496/1/4496
f 4363/1/4363 4494/1/4494 4496/1/4496
f 4365/1/4365 4367/1/4367 4497/1/4497
f 4365/1/4365 4495/1/4495 4497/1/4497
f 4366/1/4366 4368/1/4368 4498/1/4498
f 4366/1/4366 4496/1/4496 4498/1/4498
f 4367/1/4367 4369/1/4369 4499/1/4499
f 4367/1/4367 4497/1/4497 4499/1/4499
f 4368/1/4368 4370/1/4370 4500/1/4500
f 4368/1/4368 4498/1/4498 4500/1/4500
f 4369/1/4369 4371/1/4371 4503/1/4503
f 4369/1/4369 4499/1/4499 4501/1/4501
f 4369/1/4369 4501/1/4501 4503/1/4503
f 4370/1/4370 4372/1/4372 4504/1/4504
f 4370/1/4370 4500/1/4500 4502/1/4502
f 4370/1/4370 4502/1/4502 4504/1/4504
f 4371/1/4371 4373/1/4373 4503/1/4503
f 4372/1/4372 4374/1/4374 4506/1/4506
f 4372/1/4372 4504/1/4504 4506/1/4506
f 4373/1/4373 4375/1/4375 4507/1/4507
f 4373/1/4373 4503/1/4503 4505/1/4505
f 4373/1/4373 4505/1/4505 4507/1/4507
f 4374/1/4374 4376/1/4376 4508/1/4508
f 4374/1/4374 4506/1/4506 4508/1/4508
f 4375/1/4375 4377/1/4377 4509/1/4509
f 4375/1/4375 4507/1/4507 4509/1/4509
f 4376/1/4376 4378/1/4378 4508/1/4508
f 4377/1/4377 4379/1/4379 4509/1/4509
f 4378/1/4378 4380/1/4380 4510/1/4510
f 4378/1/4378 4508/1/4508 4510/1/4510
f 4379/1/4379 4381/1/4381 4513/1/4513
f 4379/1/4379 4509/1/4509 4511/1/4511
f 4379/1/4379 4511/1/4511 4513/1/4513
f 4380/1/4380 4382/1/4382 4512/1/4512
f 4380/1/4380 4510/1/4510 4512/1/4512
f 4381/1/4381 4383/1/4383 4513/1/4513
f 4382/1/4382 4384/1/4384 4516/1/4516
f 4382/1/4382 4512/1/4512 4514/1/4514
f 4382/1/4382 4514/1/4514 4516/1/4516
f 4383/1/4383 4385/1/4385 4515/1/4515
f 4383/1/4383 4513/1/4513 4515/1/4515
f 4384/1/4384 4386/1/4386 4516/1/4516
f 4385/1/4385 4387/1/4387 4520/1/4520
f 4385/1/4385 4515/1/4515 4517/1/4517
f 4385/1/4385 4517/1/4517 4520/1/4520
f 4386/1/4386 4388/1/4388 4389/1/4389
f 4386/1/4386 4389/1/4389 4521/1/4521
f 4386/1/4386 4516/1/4516 4518/1/4518
f 4386/1/4386 4518/1/4518 4521/1/4521
f 4387/1/4387 4390/1/4390 4523/1/4523
f 4387/1/4387 4520/1/4520 4523/1/4523
f 4389/1/4389 4391/1/4391 4521/1/4521
f 4390/1/4390 4393/1/4393 4523/1/4523
f 4391/1/4391 4394/1/4394 4524/1/4524
f 4391/1/4391 4521/1/4521 4524/1/4524
f 4392/1/4392 4393/1/4393 4525/1/4525
f 4392/1/4392 4393/1/4393 4528/1/4528
f 4392/1/4392 4525/1/4525 4528/1/4528
f 4393/1/4393 4395/1/4395 4396/1/4396
f 4393/1/4393 4395/1/4395 4528/1/4528
f 4393/1/4393 4523/1/4523 4526/1/4526
f 4393/1/4393 4525/1/4525 4526/1/4526
f 4394/1/4394 4397/1/4397 4529/1/4529
f 4394/1/4394 4524/1/4524 4527/1/4527
f 4394/1/4394 4527/1/4527 4529/1/4529
f 4395/1/4395 4396/1/4396 4398/1/4398
f 4395/1/4395 4398/1/4398 4528/1/4528
f 4396/1/4396 4398/1/4398 4399/1/4399
f 4397/1/4397 4400/1/4400 4531/1/4531
f 4397/1/4397 4529/1/4529 4531/1/4531
f 4398/1/4398 4401/1/4401 4530/1/4530
f 4398/1/4398 4528/1/4528 4530/1/4530
f 4400/1/4400 4402/1/4402 4531/1/4531
f 4401/1/4401 4403/1/4403 4538/1/4538
f 4401/1/4401 4530/1/4530 4534/1/4534
f 4401/1/4401 4534/1/4534 4538/1/4538
f 4402/1/4402 4404/1/4404 4535/1/4535
f 4402/1/4402 4531/1/4531 4535/1/4535
f 4403/1/4403 4407/1/4407 4544/1/4544
f 4403/1/4403 4538/1/4538 4544/1/4544
f 4404/1/4404 4405/1/4405 4408/1/4408
f 4404/1/4404 4405/1/4405 4540/1/4540
f 4404/1/4404 4535/1/4535 4539/1/4539
f 4404/1/4404 4539/1/4539 4540/1/4540
f 4405/1/4405 4408/1/4408 4409/1/4409
f 4405/1/4405 4409/1/4409 4545/1/4545
f 4405/1/4405 4540/1/4540 4545/1/4545
f 4406/1/4406 4407/1/4407 4410/1/4410
f 4406/1/4406 4407/1/4407 4543/1/4543
f 4406/1/4406 4410/1/4410 4543/1/4543
f 4407/1/4407 4410/1/4410 4411/1/4411
f 4407/1/4407 4543/1/4543 4544/1/4544
f 4408/1/4408 4409/1/4409 4413/1/4413
f 4408/1/4408 4412/1/4412 4413/1/4413
f 4409/1/4409 4413/1/4413 4545/1/4545
f 4410/1/4410 4411/1/4411 4416/1/4416
f 4410/1/4410 4416/1/4416 4556/1/4556
f 4410/1/4410 4543/1/4543 4550/1/4550
f 4410/1/4410 4550/1/4550 4556/1/4556
f 4411/1/4411 4416/1/4416 4417/1/4417
f 4413/1/4413 4414/1/4414 4418/1/4418
f 4413/1/4413 4414/1/4414 4552/1/4552
f 4413/1/4413 4545/1/4545 4551/1/4551
f 4413/1/4413 4551/1/4551 4552/1/4552
f 4414/1/4414 4418/1/4418 4419/1/4419
f 4414/1/4414 4419/1/4419 4552/1/4552
f 4415/1/4415 4416/1/4416 4422/1/4422
f 4415/1/4415 4416/1/4416 4555/1/4555
f 4415/1/4415 4422/1/4422 4555/1/4555
f 4416/1/4416 4422/1/4422 4423/1/4423
f 4416/1/4416 4555/1/4555 4556/1/4556
f 4418/1/4418 4419/1/4419 4425/1/4425
f 4418/1/4418 4424/1/4424 4425/1/4425
f 4419/1/4419 4420/1/4420 4426/1/4426
f 4419/1/4419 4420/1/4420 4557/1/4557
f 4419/1/4419 4425/1/4425 4426/1/4426
f 4419/1/4419 4552/1/4552 4557/1/4557
f 4420/1/4420 4421/1/4421 4426/1/4426
f 4420/1/4420 4421/1/4421 4558/1/4558
f 4420/1/4420 4557/1/4557 4558/1/4558
f 4421/1/4421 4422/1/4422 4427/1/4427
f 4421/1/4421 4422/1/4422 4560/1/4560
f 4421/1/4421 4426/1/4426 4427/1/4427
f 4421/1/4421 4427/1/4427 4559/1/4559
f 4421/1/4421 4558/1/4558 4559/1/4559
f 4421/1/4421 4559/1/4559 4560/1/4560
f 4422/1/4422 4423/1/4423 4428/1/4428
f 4422/1/4422 4427/1/4427 4428/1/4428
f 4422/1/4422 4555/1/4555 4560/1/4560
f 4423/1/4423 4428/1/4428 4429/1/4429
f 4425/1/4425 4426/1/4426 4430/1/4430
f 4426/1/4426 4427/1/4427 4432/1/4432
f 4426/1/4426 4430/1/4430 4431/1/4431
f 4426/1/4426 4431/1/4431 4432/1/4432
f 4427/1/4427 4428/1/4428 4432/1/4432
f 4428/1/4428 4429/1/4429 4433/1/4433
f 4428/1/4428 4432/1/4432 4433/1/4433
f 4431/1/4431 4432/1/4432 4434/1/4434
f 4432/1/4432 4434/1/4434 4435/1/4435
f 4436/1/4436 4437/1/4437 4442/1/4442
f 4437/1/4437 4438/1/4438 4564/1/4564
f 4437/1/4437 4442/1/4442 4443/1/4443
f 4437/1/4437 4443/1/4443 4564/1/4564
f 4437/1/4437 4561/1/4561 4564/1/4564
f 4438/1/4438 4439/1/4439 4444/1/4444
f 4438/1/4438 4444/1/4444 4564/1/4564
f 4439/1/4439 4444/1/4444 4445/1/4445
f 4440/1/4440 4441/1/4441 4562/1/4562
f 4440/1/4440 4449/1/4449 4569/1/4569
f 4440/1/4440 4562/1/4562 4569/1/4569
f 4441/1/4441 4442/1/4442 4563/1/4563
f 4441/1/4441 4562/1/4562 4563/1/4563
f 4442/1/4442 4443/1/4443 4564/1/4564
f 4442/1/4442 4563/1/4563 4564/1/4564
f 4444/1/4444 4445/1/4445 4565/1/4565
f 4444/1/4444 4564/1/4564 4565/1/4565
f 4445/1/4445 4446/1/4446 4567/1/4567
f 4445/1/4445 4565/1/4565 4566/1/4566
f 4445/1/4445 4566/1/4566 4567/1/4567
f 4446/1/4446 4447/1/4447 4451/1/4451
f 4446/1/4446 4450/1/4450 4451/1/4451
f 4446/1/4446 4450/1/4450 4572/1/4572
f 4446/1/4446 4567/1/4567 4572/1/4572
f 4448/1/4448 4449/1/4449 4568/1/4568
f 4448/1/4448 4454/1/4454 4568/1/4568
f 4449/1/4449 4568/1/4568 4569/1/4569
f 4450/1/4450 4451/1/4451 4572/1/4572
f 4451/1/4451 4452/1/4452 4456/1/4456
f 4451/1/4451 4455/1/4455 4456/1/4456
f 4451/1/4451 4455/1/4455 4576/1/4576
f 4451/1/4451 4572/1/4572 4573/1/4573
f 4451/1/4451 4573/1/4573 4576/1/4576
f 4453/1/4453 4454/1/4454 4575/1/4575
f 4453/1/4453 4457/1/4457 4574/1/4574
f 4453/1/4453 4574/1/4574 4575/1/4575
f 4454/1/4454 4568/1/4568 4575/1/4575
f 4455/1/4455 4456/1/4456 4576/1/4576
f 4456/1/4456 4458/1/4458 4577/1/4577
f 4456/1/4456 4576/1/4576 4577/1/4577
f 4457/1/4457 4461/1/4461 4578/1/4578
f 4457/1/4457 4574/1/4574 4578/1/4578
f 4458/1/4458 4459/1/4459 4580/1/4580
f 4458/1/4458 4577/1/4577 4580/1/4580
f 4459/1/4459 4462/1/4462 4581/1/4581
f 4459/1/4459 4580/1/4580 4581/1/4581
f 4460/1/4460 4461/1/4461 4582/1/4582
f 4460/1/4460 4463/1/4463 4585/1/4585
f 4460/1/4460 4582/1/4582 4585/1/4585
f 4461/1/4461 4578/1/4578 4583/1/4583
f 4461/1/4461 4582/1/4582 4583/1/4583
f 4462/1/4462 4464/1/4464 4587/1/4587
f 4462/1/4462 4581/1/4581 4584/1/4584
f 4462/1/4462 4584/1/4584 4587/1/4587
f 4463/1/4463 4465/1/4465 4588/1/4588
f 4463/1/4463 4585/1/4585 4588/1/4588
f 4464/1/4464 4466/1/4466 4589/1/4589
f 4464/1/4464 4587/1/4587 4589/1/4589
f 4465/1/4465 4467/1/4467 4590/1/4590
f 4465/1/4465 4588/1/4588 4590/1/4590
f 4466/1/4466 4468/1/4468 4589/1/4589
f 4467/1/4467 4469/1/4469 4470/1/4470
f 4467/1/4467 4469/1/4469 4590/1/4590
f 4468/1/4468 4471/1/4471 4596/1/4596
f 4468/1/4468 4589/1/4589 4592/1/4592
f 4468/1/4468 4592/1/4592 4596/1/4596
f 4469/1/4469 4470/1/4470 4594/1/4594
f 4469/1/4469 4590/1/4590 4594/1/4594
f 4470/1/4470 4472/1/4472 4594/1/4594
f 4471/1/4471 4474/1/4474 4596/1/4596
f 4472/1/4472 4475/1/4475 4597/1/4597
f 4472/1/4472 4594/1/4594 4597/1/4597
f 4473/1/4473 4474/1/4474 4608/1/4608
f 4473/1/4473 4479/1/4479 4619/1/4619
f 4473/1/4473 4607/1/4607 4608/1/4608
f 4473/1/4473 4607/1/4607 4619/1/4619
f 4474/1/4474 4596/1/4596 4608/1/4608
f 4475/1/4475 4476/1/4476 4609/1/4609
f 4475/1/4475 4597/1/4597 4609/1/4609
f 4476/1/4476 4477/1/4477 4481/1/4481
f 4476/1/4476 4480/1/4480 4481/1/4481
f 4476/1/4476 4480/1/4480 4610/1/4610
f 4476/1/4476 4609/1/4609 4610/1/4610
f 4478/1/4478 4479/1/4479 4618/1/4618
f 4478/1/4478 4487/1/4487 4618/1/4618
f 4479/1/4479 4618/1/4618 4619/1/4619
f 4480/1/4480 4481/1/4481 4611/1/4611
f 4480/1/4480 4610/1/4610 4611/1/4611
f 4481/1/4481 4482/1/4482 4621/1/4621
f 4481/1/4481 4611/1/4611 4620/1/4620
f 4481/1/4481 4620/1/4620 4621/1/4621
f 4482/1/4482 4483/1/4483 4489/1/4489
f 4482/1/4482 4483/1/4483 4622/1/4622
f 4482/1/4482 4488/1/4488 4489/1/4489
f 4482/1/4482 4621/1/4621 4622/1/4622
f 4483/1/4483 4489/1/4489 4622/1/4622
f 4484/1/4484 4490/1/4490 4491/1/4491
f 4484/1/4484 4490/1/4490 4623/1/4623
f 4484/1/4484 4491/1/4491 4623/1/4623
f 4485/1/4485 4491/1/4491 4624/1/4624
f 4486/1/4486 4487/1/4487 4627/1/4627
f 4486/1/4486 4492/1/4492 4493/1/4493
f 4486/1/4486 4493/1/4493 4626/1/4626
f 4486/1/4486 4626/1/4626 4627/1/4627
f 4487/1/4487 4618/1/4618 4627/1/4627
f 4489/1/4489 4490/1/4490 4623/1/4623
f 4489/1/4489 4622/1/4622 4628/1/4628
f 4489/1/4489 4623/1/4623 4628/1/4628
f 4491/1/4491 4492/1/4492 4629/1/4629
f 4491/1/4491 4623/1/4623 4624/1/4624
f 4491/1/4491 4624/1/4624 4629/1/4629
f 4492/1/4492 4493/1/4493 4630/1/4630
f 4492/1/4492 4625/1/4625 4629/1/4629
f 4492/1/4492 4625/1/4625 4630/1/4630
f 4493/1/4493 4626/1/4626 4631/1/4631
f 4493/1/4493 4630/1/4630 4631/1/4631
f 5216/1/5216 4494/1/4494 5217/1/5217
f 5218/1/5218 4495/1/4495 4633/1/4633
f 5218/1/5218 4633/1/4633 5219/1/5219
f 5220/1/5220 4633/1/4633 5221/1/5221
f 4494/1/4494 4496/1/4496 4635/1/4635
f 4494/1/4494 5222/1/5222 5223/1/5223
f 4494/1/4494 5223/1/5223 4632/1/4632
f 4494/1/4494 4632/1/4632 4635/1/4635
f 4495/1/4495 4497/1/4497 4633/1/4633
f 4496/1/4496 4498/1/4498 4638/1/4638
f 4496/1/4496 4635/1/4635 4638/1/4638
f 4497/1/4497 4499/1/4499 4636/1/4636
f 4497/1/4497 4633/1/4633 4636/1/4636
f 4498/1/4498 4500/1/4500 4638/1/4638
f 4499/1/4499 4501/1/4501 4639/1/4639
f 4499/1/4499 4636/1/4636 4639/1/4639
f 4500/1/4500 4502/1/4502 4643/1/4643
f 4500/1/4500 4638/1/4638 4641/1/4641
f 4500/1/4500 4641/1/4641 4643/1/4643
f 4501/1/4501 4503/1/4503 4644/1/4644
f 4501/1/4501 4639/1/4639 4642/1/4642
f 4501/1/4501 4642/1/4642 4644/1/4644
f 4502/1/4502 4504/1/4504 4643/1/4643
f 4503/1/4503 4505/1/4505 4646/1/4646
f 4503/1/4503 4644/1/4644 4646/1/4646
f 4504/1/4504 4506/1/4506 4645/1/4645
f 4504/1/4504 4643/1/4643 4645/1/4645
f 4505/1/4505 4507/1/4507 4646/1/4646
f 4506/1/4506 4508/1/4508 4649/1/4649
f 4506/1/4506 4645/1/4645 4647/1/4647
f 4506/1/4506 4647/1/4647 4649/1/4649
f 4507/1/4507 4509/1/4509 4648/1/4648
f 4507/1/4507 4646/1/4646 4648/1/4648
f 4508/1/4508 4510/1/4510 4651/1/4651
f 4508/1/4508 4649/1/4649 4651/1/4651
f 4509/1/4509 4511/1/4511 4650/1/4650
f 4509/1/4509 4648/1/4648 4650/1/4650
f 4510/1/4510 4512/1/4512 4653/1/4653
f 4510/1/4510 4651/1/4651 4653/1/4653
f 4511/1/4511 4513/1/4513 4652/1/4652
f 4511/1/4511 4650/1/4650 4652/1/4652
f 4512/1/4512 4514/1/4514 4653/1/4653
f 4513/1/4513 4515/1/4515 4657/1/4657
f 4513/1/4513 4652/1/4652 4654/1/4654
f 4513/1/4513 4654/1/4654 4657/1/4657
f 4514/1/4514 4516/1/4516 4658/1/4658
f 4514/1/4514 4653/1/4653 4655/1/4655
f 4514/1/4514 4655/1/4655 4658/1/4658
f 4515/1/4515 4517/1/4517 4661/1/4661
f 4515/1/4515 4657/1/4657 4661/1/4661
f 4516/1/4516 4518/1/4518 4519/1/4519
f 4516/1/4516 4519/1/4519 4659/1/4659
f 4516/1/4516 4658/1/4658 4659/1/4659
f 4517/1/4517 4520/1/4520 4664/1/4664
f 4517/1/4517 4661/1/4661 4664/1/4664
f 4518/1/4518 4519/1/4519 4521/1/4521
f 4519/1/4519 4521/1/4521 4662/1/4662
f 4519/1/4519 4659/1/4659 4662/1/4662
f 4520/1/4520 4523/1/4523 4663/1/4663
f 4520/1/4520 4663/1/4663 4664/1/4664
f 4521/1/4521 4524/1/4524 4665/1/4665
f 4521/1/4521 4662/1/4662 4665/1/4665
f 4522/1/4522 4523/1/4523 4525/1/4525
f 4522/1/4522 4523/1/4523 4666/1/4666
f 4522/1/4522 4525/1/4525 4668/1/4668
f 4522/1/4522 4666/1/4666 4668/1/4668
f 4523/1/4523 4525/1/4525 4526/1/4526
f 4523/1/4523 4663/1/4663 4666/1/4666
f 4524/1/4524 4527/1/4527 4669/1/4669
f 4524/1/4524 4665/1/4665 4667/1/4667
f 4524/1/4524 4667/1/4667 4669/1/4669
f 4525/1/4525 4528/1/4528 4672/1/4672
f 4525/1/4525 4668/1/4668 4672/1/4672
f 4527/1/4527 4529/1/4529 4673/1/4673
f 4527/1/4527 4669/1/4669 4673/1/4673
f 4528/1/4528 4530/1/4530 4676/1/4676
f 4528/1/4528 4672/1/4672 4676/1/4676
f 4529/1/4529 4531/1/4531 4677/1/4677
f 4529/1/4529 4673/1/4673 4677/1/4677
f 4530/1/4530 4534/1/4534 4681/1/4681
f 4530/1/4530 4676/1/4676 4681/1/4681
f 4531/1/4531 4532/1/4532 4535/1/4535
f 4531/1/4531 4532/1/4532 4677/1/4677
f 4532/1/4532 4535/1/4535 4536/1/4536
f 4532/1/4532 4536/1/4536 4677/1/4677
f 4533/1/4533 4534/1/4534 4537/1/4537
f 4533/1/4533 4534/1/4534 4680/1/4680
f 4533/1/4533 4537/1/4537 4680/1/4680
f 4534/1/4534 4537/1/4537 4538/1/4538
f 4534/1/4534 4680/1/4680 4681/1/4681
f 4535/1/4535 4536/1/4536 4539/1/4539
f 4536/1/4536 4539/1/4539 4540/1/4540
f 4536/1/4536 4540/1/4540 4682/1/4682
f 4536/1/4536 4677/1/4677 4682/1/4682
f 4537/1/4537 4538/1/4538 4544/1/4544
f 4537/1/4537 4543/1/4543 4544/1/4544
f 4537/1/4537 4543/1/4543 4687/1/4687
f 4537/1/4537 4680/1/4680 4687/1/4687
f 4540/1/4540 4541/1/4541 4546/1/4546
f 4540/1/4540 4541/1/4541 4689/1/4689
f 4540/1/4540 4545/1/4545 4546/1/4546
f 4540/1/4540 4682/1/4682 4688/1/4688
f 4540/1/4540 4688/1/4688 4689/1/4689
f 4541/1/4541 4546/1/4546 4689/1/4689
f 4542/1/4542 4543/1/4543 4550/1/4550
f 4542/1/4542 4543/1/4543 4692/1/4692
f 4542/1/4542 4549/1/4549 4550/1/4550
f 4542/1/4542 4549/1/4549 4692/1/4692
f 4543/1/4543 4687/1/4687 4693/1/4693
f 4543/1/4543 4692/1/4692 4693/1/4693
f 4545/1/4545 4546/1/4546 4551/1/4551
f 4546/1/4546 4547/1/4547 4552/1/4552
f 4546/1/4546 4547/1/4547 4695/1/4695
f 4546/1/4546 4551/1/4551 4552/1/4552
f 4546/1/4546 4689/1/4689 4694/1/4694
f 4546/1/4546 4694/1/4694 4695/1/4695
f 4547/1/4547 4548/1/4548 4553/1/4553
f 4547/1/4547 4548/1/4548 4695/1/4695
f 4547/1/4547 4552/1/4552 4553/1/4553
f 4548/1/4548 4549/1/4549 4555/1/4555
f 4548/1/4548 4549/1/4549 4697/1/4697
f 4548/1/4548 4553/1/4553 4554/1/4554
f 4548/1/4548 4554/1/4554 4555/1/4555
f 4548/1/4548 4695/1/4695 4696/1/4696
f 4548/1/4548 4696/1/4696 4697/1/4697
f 4549/1/4549 4550/1/4550 4555/1/4555
f 4549/1/4549 4692/1/4692 4697/1/4697
f 4550/1/4550 4555/1/4555 4556/1/4556
f 4552/1/4552 4553/1/4553 4557/1/4557
f 4553/1/4553 4554/1/4554 4558/1/4558
f 4553/1/4553 4557/1/4557 4558/1/4558
f 4554/1/4554 4555/1/4555 4560/1/4560
f 4554/1/4554 4558/1/4558 4559/1/4559
f 4554/1/4554 4559/1/4559 4560/1/4560
f 4562/1/4562 4563/1/4563 4699/1/4699
f 4562/1/4562 4569/1/4569 4570/1/4570
f 4562/1/4562 4570/1/4570 4704/1/4704
f 4562/1/4562 4698/1/4698 4699/1/4699
f 4562/1/4562 4698/1/4698 4704/1/4704
f 4563/1/4563 4564/1/4564 4700/1/4700
f 4563/1/4563 4699/1/4699 4700/1/4700
f 4564/1/4564 4565/1/4565 4701/1/4701
f 4564/1/4564 4700/1/4700 4701/1/4701
f 4565/1/4565 4566/1/4566 4701/1/4701
f 4566/1/4566 4567/1/4567 4571/1/4571
f 4566/1/4566 4571/1/4571 4702/1/4702
f 4566/1/4566 4701/1/4701 4702/1/4702
f 4567/1/4567 4571/1/4571 4572/1/4572
f 4568/1/4568 4569/1/4569 4575/1/4575
f 4569/1/4569 4570/1/4570 4704/1/4704
f 4569/1/4569 4575/1/4575 4710/1/4710
f 4569/1/4569 4703/1/4703 4704/1/4704
f 4569/1/4569 4703/1/4703 4711/1/4711
f 4569/1/4569 4710/1/4710 4711/1/4711
f 4571/1/4571 4572/1/4572 4707/1/4707
f 4571/1/4571 4702/1/4702 4707/1/4707
f 4572/1/4572 4573/1/4573 4708/1/4708
f 4572/1/4572 4707/1/4707 4708/1/4708
f 4573/1/4573 4576/1/4576 4713/1/4713
f 4573/1/4573 4708/1/4708 4709/1/4709
f 4573/1/4573 4709/1/4709 4713/1/4713
f 4574/1/4574 4575/1/4575 4578/1/4578
f 4575/1/4575 4578/1/4578 4579/1/4579
f 4575/1/4575 4579/1/4579 4716/1/4716
f 4575/1/4575 4710/1/4710 4716/1/4716
f 4576/1/4576 4577/1/4577 4713/1/4713
f 4577/1/4577 4580/1/4580 4714/1/4714
f 4577/1/4577 4713/1/4713 4714/1/4714
f 4578/1/4578 4579/1/4579 4716/1/4716
f 4578/1/4578 4583/1/4583 4718/1/4718
f 4578/1/4578 4715/1/4715 4716/1/4716
f 4578/1/4578 4715/1/4715 4718/1/4718
f 4580/1/4580 4581/1/4581 4584/1/4584
f 4580/1/4580 4584/1/4584 4719/1/4719
f 4580/1/4580 4714/1/4714 4717/1/4717
f 4580/1/4580 4717/1/4717 4719/1/4719
f 4582/1/4582 4583/1/4583 4585/1/4585
f 4583/1/4583 4585/1/4585 4586/1/4586
f 4583/1/4583 4586/1/4586 4722/1/4722
f 4583/1/4583 4718/1/4718 4722/1/4722
f 4584/1/4584 4587/1/4587 4723/1/4723
f 4584/1/4584 4719/1/4719 4720/1/4720
f 4584/1/4584 4720/1/4720 4723/1/4723
f 4585/1/4585 4586/1/4586 4721/1/4721
f 4585/1/4585 4588/1/4588 4724/1/4724
f 4585/1/4585 4721/1/4721 4724/1/4724
f 4586/1/4586 4721/1/4721 4722/1/4722
f 4587/1/4587 4589/1/4589 4730/1/4730
f 4587/1/4587 4723/1/4723 4730/1/4730
f 4588/1/4588 4590/1/4590 4724/1/4724
f 4589/1/4589 4592/1/4592 4743/1/4743
f 4589/1/4589 4730/1/4730 4743/1/4743
f 4590/1/4590 4591/1/4591 4594/1/4594
f 4590/1/4590 4591/1/4591 4732/1/4732
f 4590/1/4590 4593/1/4593 4594/1/4594
f 4590/1/4590 4724/1/4724 4731/1/4731
f 4590/1/4590 4731/1/4731 4732/1/4732
f 4591/1/4591 4594/1/4594 4744/1/4744
f 4591/1/4591 4732/1/4732 4744/1/4744
f 4592/1/4592 4596/1/4596 4755/1/4755
f 4592/1/4592 4743/1/4743 4755/1/4755
f 4594/1/4594 4595/1/4595 4598/1/4598
f 4594/1/4594 4595/1/4595 4745/1/4745
f 4594/1/4594 4597/1/4597 4598/1/4598
f 4594/1/4594 4744/1/4744 4745/1/4745
f 4595/1/4595 4598/1/4598 4745/1/4745
f 4596/1/4596 4608/1/4608 4754/1/4754
f 4596/1/4596 4754/1/4754 4755/1/4755
f 4597/1/4597 4598/1/4598 4610/1/4610
f 4597/1/4597 4609/1/4609 4610/1/4610
f 4598/1/4598 4599/1/4599 4611/1/4611
f 4598/1/4598 4599/1/4599 4756/1/4756
f 4598/1/4598 4610/1/4610 4611/1/4611
f 4598/1/4598 4745/1/4745 4756/1/4756
f 4599/1/4599 4600/1/4600 4612/1/4612
f 4599/1/4599 4600/1/4600 4758/1/4758
f 4599/1/4599 4611/1/4611 4612/1/4612
f 4599/1/4599 4756/1/4756 4757/1/4757
f 4599/1/4599 4757/1/4757 4758/1/4758
f 4600/1/4600 4601/1/4601 4612/1/4612
f 4600/1/4600 4601/1/4601 4759/1/4759
f 4600/1/4600 4758/1/4758 4759/1/4759
f 4601/1/4601 4602/1/4602 4613/1/4613
f 4601/1/4601 4602/1/4602 4759/1/4759
f 4601/1/4601 4612/1/4612 4613/1/4613
f 4602/1/4602 4603/1/4603 4615/1/4615
f 4602/1/4602 4603/1/4603 4761/1/4761
f 4602/1/4602 4613/1/4613 4614/1/4614
f 4602/1/4602 4614/1/4614 4615/1/4615
f 4602/1/4602 4759/1/4759 4760/1/4760
f 4602/1/4602 4760/1/4760 4761/1/4761
f 4603/1/4603 4604/1/4604 4615/1/4615
f 4603/1/4603 4604/1/4604 4761/1/4761
f 4604/1/4604 4605/1/4605 4617/1/4617
f 4604/1/4604 4605/1/4605 4763/1/4763
f 4604/1/4604 4615/1/4615 4616/1/4616
f 4604/1/4604 4616/1/4616 4617/1/4617
f 4604/1/4604 4761/1/4761 4762/1/4762
f 4604/1/4604 4762/1/4762 4763/1/4763
f 4605/1/4605 4617/1/4617 4763/1/4763
f 4606/1/4606 4607/1/4607 4619/1/4619
f 4606/1/4606 4607/1/4607 4765/1/4765
f 4606/1/4606 4617/1/4617 4618/1/4618
f 4606/1/4606 4617/1/4617 4763/1/4763
f 4606/1/4606 4618/1/4618 4619/1/4619
f 4606/1/4606 4618/1/4618 4764/1/4764
f 4606/1/4606 4763/1/4763 4764/1/4764
f 4606/1/4606 4764/1/4764 4765/1/4765
f 4607/1/4607 4608/1/4608 4754/1/4754
f 4607/1/4607 4754/1/4754 4765/1/4765
f 4611/1/4611 4612/1/4612 4620/1/4620
f 4612/1/4612 4613/1/4613 4621/1/4621
f 4612/1/4612 4620/1/4620 4621/1/4621
f 4613/1/4613 4614/1/4614 4622/1/4622
f 4613/1/4613 4621/1/4621 4622/1/4622
f 4614/1/4614 4615/1/4615 4624/1/4624
f 4614/1/4614 4622/1/4622 4623/1/4623
f 4614/1/4614 4623/1/4623 4624/1/4624
f 4615/1/4615 4616/1/4616 4624/1/4624
f 4616/1/4616 4617/1/4617 4626/1/4626
f 4616/1/4616 4624/1/4624 4625/1/4625
f 4616/1/4616 4625/1/4625 4626/1/4626
f 4617/1/4617 4618/1/4618 4626/1/4626
f 4618/1/4618 4626/1/4626 4627/1/4627
f 4622/1/4622 4623/1/4623 4628/1/4628
f 4624/1/4624 4625/1/4625 4629/1/4629
f 4625/1/4625 4626/1/4626 4631/1/4631
f 4625/1/4625 4630/1/4630 4631/1/4631
f 5224/1/5224 4632/1/4632 4766/1/4766
f 5224/1/5224 4766/1/4766 5225/1/5225
f 5226/1/5226 4766/1/4766 5227/1/5227
f 5228/1/5228 4634/1/4634 5229/1/5229
f 5230/1/5230 4633/1/4633 4634/1/4634
f 5230/1/5230 4634/1/4634 5231/1/5231
f 5232/1/5232 4634/1/4634 5233/1/5233
f 4632/1/4632 4635/1/4635 4767/1/4767
f 4632/1/4632 4766/1/4766 4767/1/4767
f 4633/1/4633 4634/1/4634 4637/1/4637
f 4633/1/4633 4636/1/4636 4637/1/4637
f 4634/1/4634 4637/1/4637 5234/1/5234
f 4634/1/4634 5234/1/5234 5235/1/5235
f 4635/1/4635 4638/1/4638 4767/1/4767
f 4636/1/4636 4637/1/4637 4640/1/4640
f 4636/1/4636 4639/1/4639 4640/1/4640
f 4637/1/4637 4640/1/4640 4768/1/4768
f 4637/1/4637 5236/1/5236 5237/1/5237
f 4637/1/4637 5237/1/5237 4768/1/4768
f 4638/1/4638 4641/1/4641 4769/1/4769
f 4638/1/4638 4767/1/4767 4769/1/4769
f 4639/1/4639 4640/1/4640 4770/1/4770
f 4639/1/4639 4642/1/4642 4770/1/4770
f 4640/1/4640 4768/1/4768 4771/1/4771
f 4640/1/4640 4770/1/4770 4771/1/4771
f 4641/1/4641 4643/1/4643 4772/1/4772
f 4641/1/4641 4769/1/4769 4772/1/4772
f 4642/1/4642 4644/1/4644 4775/1/4775
f 4642/1/4642 4770/1/4770 4773/1/4773
f 4642/1/4642 4773/1/4773 4775/1/4775
f 4643/1/4643 4645/1/4645 4774/1/4774
f 4643/1/4643 4772/1/4772 4774/1/4774
f 4644/1/4644 4646/1/4646 4777/1/4777
f 4644/1/4644 4775/1/4775 4777/1/4777
f 4645/1/4645 4647/1/4647 4778/1/4778
f 4645/1/4645 4774/1/4774 4776/1/4776
f 4645/1/4645 4776/1/4776 4778/1/4778
f 4646/1/4646 4648/1/4648 4777/1/4777
f 4647/1/4647 4649/1/4649 4778/1/4778
f 4648/1/4648 4650/1/4650 4781/1/4781
f 4648/1/4648 4777/1/4777 4779/1/4779
f 4648/1/4648 4779/1/4779 4781/1/4781
f 4649/1/4649 4651/1/4651 4782/1/4782
f 4649/1/4649 4778/1/4778 4780/1/4780
f 4649/1/4649 4780/1/4780 4782/1/4782
f 4650/1/4650 4652/1/4652 4783/1/4783
f 4650/1/4650 4781/1/4781 4783/1/4783
f 4651/1/4651 4653/1/4653 4782/1/4782
f 4652/1/4652 4654/1/4654 4787/1/4787
f 4652/1/4652 4783/1/4783 4787/1/4787
f 4653/1/4653 4655/1/4655 4788/1/4788
f 4653/1/4653 4782/1/4782 4784/1/4784
f 4653/1/4653 4784/1/4784 4788/1/4788
f 4654/1/4654 4657/1/4657 4791/1/4791
f 4654/1/4654 4787/1/4787 4791/1/4791
f 4655/1/4655 4656/1/4656 4659/1/4659
f 4655/1/4655 4656/1/4656 4789/1/4789
f 4655/1/4655 4658/1/4658 4659/1/4659
f 4655/1/4655 4788/1/4788 4789/1/4789
f 4656/1/4656 4659/1/4659 4789/1/4789
f 4657/1/4657 4661/1/4661 4791/1/4791
f 4659/1/4659 4662/1/4662 4792/1/4792
f 4659/1/4659 4789/1/4789 4792/1/4792
f 4660/1/4660 4661/1/4661 4664/1/4664
f 4660/1/4660 4661/1/4661 4793/1/4793
f 4660/1/4660 4663/1/4663 4664/1/4664
f 4660/1/4660 4663/1/4663 4793/1/4793
f 4661/1/4661 4791/1/4791 4794/1/4794
f 4661/1/4661 4793/1/4793 4794/1/4794
f 4662/1/4662 4665/1/4665 4797/1/4797
f 4662/1/4662 4792/1/4792 4795/1/4795
f 4662/1/4662 4795/1/4795 4797/1/4797
f 4663/1/4663 4666/1/4666 4796/1/4796
f 4663/1/4663 4793/1/4793 4796/1/4796
f 4665/1/4665 4667/1/4667 4797/1/4797
f 4666/1/4666 4668/1/4668 4800/1/4800
f 4666/1/4666 4796/1/4796 4800/1/4800
f 4667/1/4667 4669/1/4669 4805/1/4805
f 4667/1/4667 4797/1/4797 4801/1/4801
f 4667/1/4667 4801/1/4801 4805/1/4805
f 4668/1/4668 4672/1/4672 4810/1/4810
f 4668/1/4668 4800/1/4800 4804/1/4804
f 4668/1/4668 4804/1/4804 4810/1/4810
f 4669/1/4669 4670/1/4670 4674/1/4674
f 4669/1/4669 4670/1/4670 4806/1/4806
f 4669/1/4669 4673/1/4673 4674/1/4674
f 4669/1/4669 4805/1/4805 4806/1/4806
f 4670/1/4670 4674/1/4674 4806/1/4806
f 4671/1/4671 4672/1/4672 4675/1/4675
f 4671/1/4671 4672/1/4672 4809/1/4809
f 4671/1/4671 4675/1/4675 4809/1/4809
f 4672/1/4672 4675/1/4675 4676/1/4676
f 4672/1/4672 4809/1/4809 4810/1/4810
f 4673/1/4673 4674/1/4674 4677/1/4677
f 4674/1/4674 4677/1/4677 4811/1/4811
f 4674/1/4674 4806/1/4806 4811/1/4811
f 4675/1/4675 4676/1/4676 4680/1/4680
f 4675/1/4675 4680/1/4680 4816/1/4816
f 4675/1/4675 4809/1/4809 4816/1/4816
f 4676/1/4676 4680/1/4680 4681/1/4681
f 4677/1/4677 4678/1/4678 4683/1/4683
f 4677/1/4677 4678/1/4678 4818/1/4818
f 4677/1/4677 4682/1/4682 4683/1/4683
f 4677/1/4677 4811/1/4811 4817/1/4817
f 4677/1/4677 4817/1/4817 4818/1/4818
f 4678/1/4678 4683/1/4683 4818/1/4818
f 4679/1/4679 4680/1/4680 4687/1/4687
f 4679/1/4679 4680/1/4680 4821/1/4821
f 4679/1/4679 4686/1/4686 4687/1/4687
f 4679/1/4679 4686/1/4686 4821/1/4821
f 4680/1/4680 4816/1/4816 4822/1/4822
f 4680/1/4680 4821/1/4821 4822/1/4822
f 4682/1/4682 4683/1/4683 4689/1/4689
f 4682/1/4682 4688/1/4688 4689/1/4689
f 4683/1/4683 4684/1/4684 4689/1/4689
f 4683/1/4683 4684/1/4684 4823/1/4823
f 4683/1/4683 4818/1/4818 4823/1/4823
f 4684/1/4684 4685/1/4685 4690/1/4690
f 4684/1/4684 4685/1/4685 4823/1/4823
f 4684/1/4684 4689/1/4689 4690/1/4690
f 4685/1/4685 4686/1/4686 4692/1/4692
f 4685/1/4685 4686/1/4686 4824/1/4824
f 4685/1/4685 4690/1/4690 4691/1/4691
f 4685/1/4685 4691/1/4691 4692/1/4692
f 4685/1/4685 4823/1/4823 4824/1/4824
f 4686/1/4686 4687/1/4687 4692/1/4692
f 4686/1/4686 4821/1/4821 4825/1/4825
f 4686/1/4686 4824/1/4824 4825/1/4825
f 4687/1/4687 4692/1/4692 4693/1/4693
f 4689/1/4689 4690/1/4690 4695/1/4695
f 4689/1/4689 4694/1/4694 4695/1/4695
f 4690/1/4690 4691/1/4691 4695/1/4695
f 4691/1/4691 4692/1/4692 4697/1/4697
f 4691/1/4691 4695/1/4695 4696/1/4696
f 4691/1/4691 4696/1/4696 4697/1/4697
f 4698/1/4698 4699/1/4699 4704/1/4704
f 4699/1/4699 4700/1/4700 4826/1/4826
f 4699/1/4699 4704/1/4704 4705/1/4705
f 4699/1/4699 4705/1/4705 4831/1/4831
f 4699/1/4699 4826/1/4826 4831/1/4831
f 4700/1/4700 4701/1/4701 4828/1/4828
f 4700/1/4700 4826/1/4826 4827/1/4827
f 4700/1/4700 4827/1/4827 4828/1/4828
f 4701/1/4701 4702/1/4702 4706/1/4706
f 4701/1/4701 4706/1/4706 4833/1/4833
f 4701/1/4701 4828/1/4828 4833/1/4833
f 4702/1/4702 4706/1/4706 4707/1/4707
f 4703/1/4703 4704/1/4704 4830/1/4830
f 4703/1/4703 4711/1/4711 4829/1/4829
f 4703/1/4703 4829/1/4829 4830/1/4830
f 4704/1/4704 4705/1/4705 4831/1/4831
f 4704/1/4704 4830/1/4830 4831/1/4831
f 4706/1/4706 4707/1/4707 4834/1/4834
f 4706/1/4706 4833/1/4833 4834/1/4834
f 4707/1/4707 4708/1/4708 4834/1/4834
f 4708/1/4708 4709/1/4709 4713/1/4713
f 4708/1/4708 4712/1/4712 4713/1/4713
f 4708/1/4708 4712/1/4712 4838/1/4838
f 4708/1/4708 4834/1/4834 4835/1/4835
f 4708/1/4708 4835/1/4835 4838/1/4838
f 4710/1/4710 4711/1/4711 4837/1/4837
f 4710/1/4710 4716/1/4716 4836/1/4836
f 4710/1/4710 4836/1/4836 4837/1/4837
f 4711/1/4711 4829/1/4829 4837/1/4837
f 4712/1/4712 4713/1/4713 4839/1/4839
f 4712/1/4712 4838/1/4838 4839/1/4839
f 4713/1/4713 4714/1/4714 4717/1/4717
f 4713/1/4713 4717/1/4717 4843/1/4843
f 4713/1/4713 4839/1/4839 4843/1/4843
f 4715/1/4715 4716/1/4716 4841/1/4841
f 4715/1/4715 4718/1/4718 4844/1/4844
f 4715/1/4715 4840/1/4840 4841/1/4841
f 4715/1/4715 4840/1/4840 4844/1/4844
f 4716/1/4716 4836/1/4836 4841/1/4841
f 4717/1/4717 4719/1/4719 4854/1/4854
f 4717/1/4717 4843/1/4843 4854/1/4854
f 4718/1/4718 4722/1/4722 4844/1/4844
f 4719/1/4719 4720/1/4720 4854/1/4854
f 4720/1/4720 4723/1/4723 4855/1/4855
f 4720/1/4720 4854/1/4854 4855/1/4855
f 4721/1/4721 4722/1/4722 4725/1/4725
f 4721/1/4721 4724/1/4724 4725/1/4725
f 4722/1/4722 4725/1/4725 4856/1/4856
f 4722/1/4722 4844/1/4844 4856/1/4856
f 4723/1/4723 4730/1/4730 4879/1/4879
f 4723/1/4723 4855/1/4855 4867/1/4867
f 4723/1/4723 4867/1/4867 4879/1/4879
f 4724/1/4724 4725/1/4725 4732/1/4732
f 4724/1/4724 4731/1/4731 4732/1/4732
f 4725/1/4725 4726/1/4726 4733/1/4733
f 4725/1/4725 4726/1/4726 4868/1/4868
f 4725/1/4725 4732/1/4732 4733/1/4733
f 4725/1/4725 4856/1/4856 4868/1/4868
f 4726/1/4726 4727/1/4727 4733/1/4733
f 4726/1/4726 4727/1/4727 4870/1/4870
f 4726/1/4726 4868/1/4868 4869/1/4869
f 4726/1/4726 4869/1/4869 4870/1/4870
f 4727/1/4727 4728/1/4728 4735/1/4735
f 4727/1/4727 4728/1/4728 4871/1/4871
f 4727/1/4727 4733/1/4733 4734/1/4734
f 4727/1/4727 4734/1/4734 4735/1/4735
f 4727/1/4727 4870/1/4870 4871/1/4871
f 4728/1/4728 4735/1/4735 4871/1/4871
f 4729/1/4729 4735/1/4735 4736/1/4736
f 4729/1/4729 4735/1/4735 4871/1/4871
f 4729/1/4729 4736/1/4736 4872/1/4872
f 4729/1/4729 4871/1/4871 4872/1/4872
f 4730/1/4730 4743/1/4743 4878/1/4878
f 4730/1/4730 4878/1/4878 4879/1/4879
f 4732/1/4732 4733/1/4733 4745/1/4745
f 4732/1/4732 4744/1/4744 4745/1/4745
f 4733/1/4733 4734/1/4734 4746/1/4746
f 4733/1/4733 4745/1/4745 4746/1/4746
f 4734/1/4734 4735/1/4735 4746/1/4746
f 4735/1/4735 4736/1/4736 4748/1/4748
f 4735/1/4735 4746/1/4746 4747/1/4747
f 4735/1/4735 4747/1/4747 4748/1/4748
f 4736/1/4736 4737/1/4737 4749/1/4749
f 4736/1/4736 4737/1/4737 4880/1/4880
f 4736/1/4736 4748/1/4748 4749/1/4749
f 4736/1/4736 4872/1/4872 4880/1/4880
f 4737/1/4737 4738/1/4738 4750/1/4750
f 4737/1/4737 4738/1/4738 4881/1/4881
f 4737/1/4737 4749/1/4749 4750/1/4750
f 4737/1/4737 4873/1/4873 4880/1/4880
f 4737/1/4737 4873/1/4873 4881/1/4881
f 4738/1/4738 4739/1/4739 4751/1/4751
f 4738/1/4738 4739/1/4739 4882/1/4882
f 4738/1/4738 4750/1/4750 4751/1/4751
f 4738/1/4738 4881/1/4881 4882/1/4882
f 4739/1/4739 4740/1/4740 4751/1/4751
f 4739/1/4739 4740/1/4740 4884/1/4884
f 4739/1/4739 4882/1/4882 4883/1/4883
f 4739/1/4739 4883/1/4883 4884/1/4884
f 4740/1/4740 4741/1/4741 4752/1/4752
f 4740/1/4740 4741/1/4741 4885/1/4885
f 4740/1/4740 4751/1/4751 4752/1/4752
f 4740/1/4740 4884/1/4884 4885/1/4885
f 4741/1/4741 4742/1/4742 4753/1/4753
f 4741/1/4741 4742/1/4742 4886/1/4886
f 4741/1/4741 4752/1/4752 4753/1/4753
f 4741/1/4741 4885/1/4885 4886/1/4886
f 4742/1/4742 4743/1/4743 4755/1/4755
f 4742/1/4742 4743/1/4743 4878/1/4878
f 4742/1/4742 4753/1/4753 4754/1/4754
f 4742/1/4742 4754/1/4754 4755/1/4755
f 4742/1/4742 4878/1/4878 4886/1/4886
f 4745/1/4745 4746/1/4746 4756/1/4756
f 4746/1/4746 4747/1/4747 4757/1/4757
f 4746/1/4746 4756/1/4756 4757/1/4757
f 4747/1/4747 4748/1/4748 4759/1/4759
f 4747/1/4747 4757/1/4757 4758/1/4758
f 4747/1/4747 4758/1/4758 4759/1/4759
f 4748/1/4748 4749/1/4749 4759/1/4759
f 4749/1/4749 4750/1/4750 4761/1/4761
f 4749/1/4749 4759/1/4759 4760/1/4760
f 4749/1/4749 4760/1/4760 4761/1/4761
f 4750/1/4750 4751/1/4751 4761/1/4761
f 4751/1/4751 4752/1/4752 4763/1/4763
f 4751/1/4751 4761/1/4761 4762/1/4762
f 4751/1/4751 4762/1/4762 4763/1/4763
f 4752/1/4752 4753/1/4753 4764/1/4764
f 4752/1/4752 4763/1/4763 4764/1/4764
f 4753/1/4753 4754/1/4754 4765/1/4765
f 4753/1/4753 4764/1/4764 4765/1/4765
f 5238/1/5238 4766/1/4766 5239/1/5239
f 4766/1/4766 4767/1/4767 4887/1/4887
f 4766/1/4766 5240/1/5240 5241/1/5241
f 4766/1/4766 5241/1/5241 4887/1/4887
f 5242/1/5242 4768/1/4768 4889/1/4889
f 5242/1/5242 4889/1/4889 5243/1/5243
f 5244/1/5244 4889/1/4889 5245/1/5245
f 4767/1/4767 4769/1/4769 4887/1/4887
f 4768/1/4768 4770/1/4770 4771/1/4771
f 4768/1/4768 4770/1/4770 4888/1/4888
f 4768/1/4768 4888/1/4888 4889/1/4889
f 4769/1/4769 4772/1/4772 4890/1/4890
f 4769/1/4769 4887/1/4887 4890/1/4890
f 4770/1/4770 4773/1/4773 4893/1/4893
f 4770/1/4770 4888/1/4888 4891/1/4891
f 4770/1/4770 4891/1/4891 4893/1/4893
f 4772/1/4772 4774/1/4774 4892/1/4892
f 4772/1/4772 4890/1/4890 4892/1/4892
f 4773/1/4773 4775/1/4775 4895/1/4895
f 4773/1/4773 4893/1/4893 4895/1/4895
f 4774/1/4774 4776/1/4776 4896/1/4896
f 4774/1/4774 4892/1/4892 4894/1/4894
f 4774/1/4774 4894/1/4894 4896/1/4896
f 4775/1/4775 4777/1/4777 4897/1/4897
f 4775/1/4775 4895/1/4895 4897/1/4897
f 4776/1/4776 4778/1/4778 4898/1/4898
f 4776/1/4776 4896/1/4896 4898/1/4898
f 4777/1/4777 4779/1/4779 4899/1/4899
f 4777/1/4777 4897/1/4897 4899/1/4899
f 4778/1/4778 4780/1/4780 4898/1/4898
f 4779/1/4779 4781/1/4781 4902/1/4902
f 4779/1/4779 4899/1/4899 4902/1/4902
f 4780/1/4780 4782/1/4782 4903/1/4903
f 4780/1/4780 4898/1/4898 4900/1/4900
f 4780/1/4780 4900/1/4900 4903/1/4903
f 4781/1/4781 4783/1/4783 4906/1/4906
f 4781/1/4781 4902/1/4902 4906/1/4906
f 4782/1/4782 4784/1/4784 4903/1/4903
f 4783/1/4783 4787/1/4787 4906/1/4906
f 4784/1/4784 4785/1/4785 4789/1/4789
f 4784/1/4784 4785/1/4785 4908/1/4908
f 4784/1/4784 4788/1/4788 4789/1/4789
f 4784/1/4784 4903/1/4903 4907/1/4907
f 4784/1/4784 4907/1/4907 4908/1/4908
f 4785/1/4785 4789/1/4789 4911/1/4911
f 4785/1/4785 4908/1/4908 4911/1/4911
f 4786/1/4786 4787/1/4787 4790/1/4790
f 4786/1/4786 4787/1/4787 4909/1/4909
f 4786/1/4786 4790/1/4790 4912/1/4912
f 4786/1/4786 4909/1/4909 4912/1/4912
f 4787/1/4787 4790/1/4790 4791/1/4791
f 4787/1/4787 4906/1/4906 4910/1/4910
f 4787/1/4787 4909/1/4909 4910/1/4910
f 4789/1/4789 4792/1/4792 4913/1/4913
f 4789/1/4789 4911/1/4911 4913/1/4913
f 4790/1/4790 4791/1/4791 4793/1/4793
f 4790/1/4790 4793/1/4793 4912/1/4912
f 4791/1/4791 4793/1/4793 4794/1/4794
f 4792/1/4792 4795/1/4795 4917/1/4917
f 4792/1/4792 4913/1/4913 4917/1/4917
f 4793/1/4793 4796/1/4796 4916/1/4916
f 4793/1/4793 4912/1/4912 4916/1/4916
f 4795/1/4795 4797/1/4797 4921/1/4921
f 4795/1/4795 4917/1/4917 4921/1/4921
f 4796/1/4796 4800/1/4800 4920/1/4920
f 4796/1/4796 4916/1/4916 4920/1/4920
f 4797/1/4797 4798/1/4798 4802/1/4802
f 4797/1/4797 4798/1/4798 4922/1/4922
f 4797/1/4797 4801/1/4801 4802/1/4802
f 4797/1/4797 4917/1/4917 4921/1/4921
f 4797/1/4797 4921/1/4921 4922/1/4922
f 4798/1/4798 4802/1/4802 4922/1/4922
f 4799/1/4799 4800/1/4800 4804/1/4804
f 4799/1/4799 4800/1/4800 4925/1/4925
f 4799/1/4799 4803/1/4803 4804/1/4804
f 4799/1/4799 4803/1/4803 4925/1/4925
f 4800/1/4800 4920/1/4920 4926/1/4926
f 4800/1/4800 4925/1/4925 4926/1/4926
f 4801/1/4801 4802/1/4802 4806/1/4806
f 4801/1/4801 4805/1/4805 4806/1/4806
f 4802/1/4802 4806/1/4806 4933/1/4933
f 4802/1/4802 4922/1/4922 4927/1/4927
f 4802/1/4802 4927/1/4927 4933/1/4933
f 4803/1/4803 4804/1/4804 4809/1/4809
f 4803/1/4803 4809/1/4809 4932/1/4932
f 4803/1/4803 4925/1/4925 4932/1/4932
f 4804/1/4804 4809/1/4809 4810/1/4810
f 4806/1/4806 4807/1/4807 4812/1/4812
f 4806/1/4806 4807/1/4807 4934/1/4934
f 4806/1/4806 4811/1/4811 4812/1/4812
f 4806/1/4806 4933/1/4933 4934/1/4934
f 4807/1/4807 4812/1/4812 4934/1/4934
f 4808/1/4808 4809/1/4809 4815/1/4815
f 4808/1/4808 4809/1/4809 4937/1/4937
f 4808/1/4808 4815/1/4815 4937/1/4937
f 4809/1/4809 4815/1/4815 4816/1/4816
f 4809/1/4809 4932/1/4932 4938/1/4938
f 4809/1/4809 4937/1/4937 4938/1/4938
f 4811/1/4811 4812/1/4812 4818/1/4818
f 4811/1/4811 4817/1/4817 4818/1/4818
f 4812/1/4812 4813/1/4813 4819/1/4819
f 4812/1/4812 4813/1/4813 4939/1/4939
f 4812/1/4812 4818/1/4818 4819/1/4819
f 4812/1/4812 4934/1/4934 4939/1/4939
f 4813/1/4813 4814/1/4814 4820/1/4820
f 4813/1/4813 4814/1/4814 4939/1/4939
f 4813/1/4813 4819/1/4819 4820/1/4820
f 4814/1/4814 4815/1/4815 4821/1/4821
f 4814/1/4814 4815/1/4815 4940/1/4940
f 4814/1/4814 4820/1/4820 4821/1/4821
f 4814/1/4814 4939/1/4939 4940/1/4940
f 4815/1/4815 4816/1/4816 4821/1/4821
f 4815/1/4815 4936/1/4936 4937/1/4937
f 4815/1/4815 4936/1/4936 4940/1/4940
f 4816/1/4816 4821/1/4821 4822/1/4822
f 4818/1/4818 4819/1/4819 4823/1/4823
f 4819/1/4819 4820/1/4820 4823/1/4823
f 4820/1/4820 4821/1/4821 4824/1/4824
f 4820/1/4820 4823/1/4823 4824/1/4824
f 4821/1/4821 4824/1/4824 4825/1/4825
f 4826/1/4826 4827/1/4827 4832/1/4832
f 4826/1/4826 4831/1/4831 4832/1/4832
f 4827/1/4827 4828/1/4828 4833/1/4833
f 4827/1/4827 4832/1/4832 4833/1/4833
f 4829/1/4829 4830/1/4830 4837/1/4837
f 4830/1/4830 4831/1/4831 4942/1/4942
f 4830/1/4830 4837/1/4837 4948/1/4948
f 4830/1/4830 4941/1/4941 4942/1/4942
f 4830/1/4830 4941/1/4941 4948/1/4948
f 4831/1/4831 4832/1/4832 4942/1/4942
f 4832/1/4832 4833/1/4833 4944/1/4944
f 4832/1/4832 4942/1/4942 4943/1/4943
f 4832/1/4832 4943/1/4943 4944/1/4944
f 4833/1/4833 4834/1/4834 4945/1/4945
f 4833/1/4833 4944/1/4944 4945/1/4945
f 4834/1/4834 4835/1/4835 4946/1/4946
f 4834/1/4834 4945/1/4945 4946/1/4946
f 4835/1/4835 4838/1/4838 4946/1/4946
f 4836/1/4836 4837/1/4837 4841/1/4841
f 4837/1/4837 4841/1/4841 4956/1/4956
f 4837/1/4837 4947/1/4947 4948/1/4948
f 4837/1/4837 4947/1/4947 4956/1/4956
f 4838/1/4838 4839/1/4839 4953/1/4953
f 4838/1/4838 4946/1/4946 4953/1/4953
f 4839/1/4839 4842/1/4842 4843/1/4843
f 4839/1/4839 4842/1/4842 4963/1/4963
f 4839/1/4839 4953/1/4953 4954/1/4954
f 4839/1/4839 4954/1/4954 4963/1/4963
f 4840/1/4840 4841/1/4841 4845/1/4845
f 4840/1/4840 4844/1/4844 4845/1/4845
f 4841/1/4841 4845/1/4845 4955/1/4955
f 4841/1/4841 4955/1/4955 4956/1/4956
f 4842/1/4842 4843/1/4843 4963/1/4963
f 4843/1/4843 4854/1/4854 4963/1/4963
f 4843/1/4843 4963/1/4963 4964/1/4964
f 4844/1/4844 4845/1/4845 4856/1/4856
f 4845/1/4845 4846/1/4846 4857/1/4857
f 4845/1/4845 4846/1/4846 4955/1/4955
f 4845/1/4845 4856/1/4856 4857/1/4857
f 4845/1/4845 4955/1/4955 4965/1/4965
f 4846/1/4846 4847/1/4847 4858/1/4858
f 4846/1/4846 4847/1/4847 4966/1/4966
f 4846/1/4846 4857/1/4857 4858/1/4858
f 4846/1/4846 4955/1/4955 4966/1/4966
f 4846/1/4846 4956/1/4956 4966/1/4966
f 4847/1/4847 4848/1/4848 4859/1/4859
f 4847/1/4847 4848/1/4848 4968/1/4968
f 4847/1/4847 4858/1/4858 4859/1/4859
f 4847/1/4847 4957/1/4957 4966/1/4966
f 4847/1/4847 4957/1/4957 4967/1/4967
f 4847/1/4847 4967/1/4967 4968/1/4968
f 4848/1/4848 4849/1/4849 4861/1/4861
f 4848/1/4848 4849/1/4849 4968/1/4968
f 4848/1/4848 4859/1/4859 4860/1/4860
f 4848/1/4848 4860/1/4860 4861/1/4861
f 4849/1/4849 4850/1/4850 4861/1/4861
f 4849/1/4849 4850/1/4850 4970/1/4970
f 4849/1/4849 4968/1/4968 4969/1/4969
f 4849/1/4849 4969/1/4969 4970/1/4970
f 4850/1/4850 4851/1/4851 4863/1/4863
f 4850/1/4850 4851/1/4851 4971/1/4971
f 4850/1/4850 4861/1/4861 4862/1/4862
f 4850/1/4850 4862/1/4862 4863/1/4863
f 4850/1/4850 4970/1/4970 4971/1/4971
f 4851/1/4851 4852/1/4852 4863/1/4863
f 4851/1/4851 4852/1/4852 4971/1/4971
f 4852/1/4852 4853/1/4853 4864/1/4864
f 4852/1/4852 4853/1/4853 4972/1/4972
f 4852/1/4852 4863/1/4863 4864/1/4864
f 4852/1/4852 4971/1/4971 4972/1/4972
f 4853/1/4853 4854/1/4854 4865/1/4865
f 4853/1/4853 4854/1/4854 4973/1/4973
f 4853/1/4853 4864/1/4864 4865/1/4865
f 4853/1/4853 4972/1/4972 4973/1/4973
f 4854/1/4854 4855/1/4855 4867/1/4867
f 4854/1/4854 4865/1/4865 4866/1/4866
f 4854/1/4854 4866/1/4866 4867/1/4867
f 4854/1/4854 4963/1/4963 4973/1/4973
f 4856/1/4856 4857/1/4857 4868/1/4868
f 4857/1/4857 4858/1/4858 4869/1/4869
f 4857/1/4857 4868/1/4868 4869/1/4869
f 4858/1/4858 4859/1/4859 4871/1/4871
f 4858/1/4858 4869/1/4869 4870/1/4870
f 4858/1/4858 4870/1/4870 4871/1/4871
f 4859/1/4859 4860/1/4860 4871/1/4871
f 4860/1/4860 4861/1/4861 4872/1/4872
f 4860/1/4860 4871/1/4871 4872/1/4872
f 4861/1/4861 4862/1/4862 4874/1/4874
f 4861/1/4861 4872/1/4872 4873/1/4873
f 4861/1/4861 4873/1/4873 4874/1/4874
f 4862/1/4862 4863/1/4863 4875/1/4875
f 4862/1/4862 4874/1/4874 4875/1/4875
f 4863/1/4863 4864/1/4864 4875/1/4875
f 4864/1/4864 4865/1/4865 4876/1/4876
f 4864/1/4864 4875/1/4875 4876/1/4876
f 4865/1/4865 4866/1/4866 4877/1/4877
f 4865/1/4865 4876/1/4876 4877/1/4877
f 4866/1/4866 4867/1/4867 4878/1/4878
f 4866/1/4866 4877/1/4877 4878/1/4878
f 4867/1/4867 4878/1/4878 4879/1/4879
f 4872/1/4872 4873/1/4873 4880/1/4880
f 4873/1/4873 4874/1/4874 4881/1/4881
f 4874/1/4874 4875/1/4875 4883/1/4883
f 4874/1/4874 4881/1/4881 4882/1/4882
f 4874/1/4874 4882/1/4882 4883/1/4883
f 4875/1/4875 4876/1/4876 4884/1/4884
f 4875/1/4875 4883/1/4883 4884/1/4884
f 4876/1/4876 4877/1/4877 4885/1/4885
f 4876/1/4876 4884/1/4884 4885/1/4885
f 4877/1/4877 4878/1/4878 4885/1/4885
f 4878/1/4878 4885/1/4885 4886/1/4886
f 5246/1/5246 4887/1/4887 5247/1/5247
f 5248/1/5248 4888/1/4888 4889/1/4889
f 5248/1/5248 4889/1/4889 5249/1/5249
f 5250/1/5250 4888/1/4888 4975/1/4975
f 5250/1/5250 4975/1/4975 5251/1/5251
f 5252/1/5252 4975/1/4975 5253/1/5253
f 4887/1/4887 4890/1/4890 4976/1/4976
f 4887/1/4887 5254/1/5254 5255/1/5255
f 4887/1/4887 5255/1/5255 4974/1/4974
f 4887/1/4887 4974/1/4974 4976/1/4976
f 4888/1/4888 4891/1/4891 4977/1/4977
f 4888/1/4888 4975/1/4975 4977/1/4977
f 4890/1/4890 4892/1/4892 4978/1/4978
f 4890/1/4890 4976/1/4976 4978/1/4978
f 4891/1/4891 4893/1/4893 4977/1/4977
f 4892/1/4892 4894/1/4894 4980/1/4980
f 4892/1/4892 4978/1/4978 4980/1/4980
f 4893/1/4893 4895/1/4895 4979/1/4979
f 4893/1/4893 4977/1/4977 4979/1/4979
f 4894/1/4894 4896/1/4896 4982/1/4982
f 4894/1/4894 4980/1/4980 4982/1/4982
f 4895/1/4895 4897/1/4897 4983/1/4983
f 4895/1/4895 4979/1/4979 4981/1/4981
f 4895/1/4895 4981/1/4981 4983/1/4983
f 4896/1/4896 4898/1/4898 4982/1/4982
f 4897/1/4897 4899/1/4899 4987/1/4987
f 4897/1/4897 4983/1/4983 4987/1/4987
f 4898/1/4898 4900/1/4900 4984/1/4984
f 4898/1/4898 4982/1/4982 4984/1/4984
f 4899/1/4899 4902/1/4902 4991/1/4991
f 4899/1/4899 4987/1/4987 4991/1/4991
f 4900/1/4900 4901/1/4901 4904/1/4904
f 4900/1/4900 4901/1/4901 4989/1/4989
f 4900/1/4900 4903/1/4903 4904/1/4904
f 4900/1/4900 4984/1/4984 4988/1/4988
f 4900/1/4900 4988/1/4988 4989/1/4989
f 4901/1/4901 4904/1/4904 4992/1/4992
f 4901/1/4901 4989/1/4989 4992/1/4992
f 4902/1/4902 4906/1/4906 4990/1/4990
f 4902/1/4902 4990/1/4990 4991/1/4991
f 4903/1/4903 4904/1/4904 4907/1/4907
f 4904/1/4904 4907/1/4907 4908/1/4908
f 4904/1/4904 4908/1/4908 4994/1/4994
f 4904/1/4904 4992/1/4992 4994/1/4994
f 4905/1/4905 4906/1/4906 4910/1/4910
f 4905/1/4905 4906/1/4906 4990/1/4990
f 4905/1/4905 4909/1/4909 4910/1/4910
f 4905/1/4905 4909/1/4909 4993/1/4993
f 4905/1/4905 4990/1/4990 4993/1/4993
f 4908/1/4908 4911/1/4911 4994/1/4994
f 4909/1/4909 4912/1/4912 4997/1/4997
f 4909/1/4909 4993/1/4993 4997/1/4997
f 4911/1/4911 4913/1/4913 4998/1/4998
f 4911/1/4911 4994/1/4994 4998/1/4998
f 4912/1/4912 4916/1/4916 5001/1/5001
f 4912/1/4912 4997/1/4997 5001/1/5001
f 4913/1/4913 4914/1/4914 4918/1/4918
f 4913/1/4913 4914/1/4914 5002/1/5002
f 4913/1/4913 4917/1/4917 4918/1/4918
f 4913/1/4913 4998/1/4998 5002/1/5002
f 4914/1/4914 4918/1/4918 5009/1/5009
f 4914/1/4914 5002/1/5002 5009/1/5009
f 4915/1/4915 4916/1/4916 4920/1/4920
f 4915/1/4915 4916/1/4916 5007/1/5007
f 4915/1/4915 4919/1/4919 4920/1/4920
f 4915/1/4915 4919/1/4919 5007/1/5007
f 4916/1/4916 5001/1/5001 5008/1/5008
f 4916/1/4916 5007/1/5007 5008/1/5008
f 4917/1/4917 4918/1/4918 4922/1/4922
f 4917/1/4917 4921/1/4921 4922/1/4922
f 4918/1/4918 4922/1/4922 5009/1/5009
f 4919/1/4919 4920/1/4920 4925/1/4925
f 4919/1/4919 4925/1/4925 5014/1/5014
f 4919/1/4919 5007/1/5007 5014/1/5014
f 4920/1/4920 4925/1/4925 4926/1/4926
f 4922/1/4922 4923/1/4923 4928/1/4928
f 4922/1/4922 4923/1/4923 5015/1/5015
f 4922/1/4922 4927/1/4927 4928/1/4928
f 4922/1/4922 5009/1/5009 5015/1/5015
f 4923/1/4923 4928/1/4928 5016/1/5016
f 4923/1/4923 5015/1/5015 5016/1/5016
f 4924/1/4924 4925/1/4925 4932/1/4932
f 4924/1/4924 4925/1/4925 5018/1/5018
f 4924/1/4924 4931/1/4931 4932/1/4932
f 4924/1/4924 4931/1/4931 5017/1/5017
f 4924/1/4924 5017/1/5017 5018/1/5018
f 4925/1/4925 5013/1/5013 5014/1/5014
f 4925/1/4925 5013/1/5013 5018/1/5018
f 4927/1/4927 4928/1/4928 4934/1/4934
f 4927/1/4927 4933/1/4933 4934/1/4934
f 4928/1/4928 4929/1/4929 4935/1/4935
f 4928/1/4928 4929/1/4929 5016/1/5016
f 4928/1/4928 4934/1/4934 4935/1/4935
f 4929/1/4929 4930/1/4930 4935/1/4935
f 4929/1/4929 4930/1/4930 5020/1/5020
f 4929/1/4929 5016/1/5016 5019/1/5019
f 4929/1/4929 5016/1/5016 5020/1/5020
f 4930/1/4930 4931/1/4931 4936/1/4936
f 4930/1/4930 4931/1/4931 5017/1/5017
f 4930/1/4930 4935/1/4935 4936/1/4936
f 4930/1/4930 5017/1/5017 5020/1/5020
f 4931/1/4931 4932/1/4932 4938/1/4938
f 4931/1/4931 4936/1/4936 4937/1/4937
f 4931/1/4931 4937/1/4937 4938/1/4938
f 4934/1/4934 4935/1/4935 4939/1/4939
f 4935/1/4935 4936/1/4936 4940/1/4940
f 4935/1/4935 4939/1/4939 4940/1/4940
f 4941/1/4941 4942/1/4942 4949/1/4949
f 4941/1/4941 4948/1/4948 4949/1/4949
f 4942/1/4942 4943/1/4943 4950/1/4950
f 4942/1/4942 4949/1/4949 4950/1/4950
f 4943/1/4943 4944/1/4944 4951/1/4951
f 4943/1/4943 4950/1/4950 4951/1/4951
f 4944/1/4944 4945/1/4945 4952/1/4952
f 4944/1/4944 4951/1/4951 4952/1/4952
f 4945/1/4945 4946/1/4946 4953/1/4953
f 4945/1/4945 4952/1/4952 4953/1/4953
f 4947/1/4947 4948/1/4948 4957/1/4957
f 4947/1/4947 4956/1/4956 4957/1/4957
f 4948/1/4948 4949/1/4949 4957/1/4957
f 4949/1/4949 4950/1/4950 4959/1/4959
f 4949/1/4949 4957/1/4957 4958/1/4958
f 4949/1/4949 4958/1/4958 4959/1/4959
f 4950/1/4950 4951/1/4951 4960/1/4960
f 4950/1/4950 4959/1/4959 4960/1/4960
f 4951/1/4951 4952/1/4952 4960/1/4960
f 4952/1/4952 4953/1/4953 4962/1/4962
f 4952/1/4952 4960/1/4960 4961/1/4961
f 4952/1/4952 4961/1/4961 4962/1/4962
f 4953/1/4953 4954/1/4954 4962/1/4962
f 4954/1/4954 4962/1/4962 4963/1/4963
f 4955/1/4955 4956/1/4956 4966/1/4966
f 4956/1/4956 4957/1/4957 4966/1/4966
f 4957/1/4957 4958/1/4958 4967/1/4967
f 4958/1/4958 4959/1/4959 4968/1/4968
f 4958/1/4958 4967/1/4967 4968/1/4968
f 4959/1/4959 4960/1/4960 4970/1/4970
f 4959/1/4959 4968/1/4968 4969/1/4969
f 4959/1/4959 4969/1/4969 4970/1/4970
f 4960/1/4960 4961/1/4961 4970/1/4970
f 4961/1/4961 4962/1/4962 4971/1/4971
f 4961/1/4961 4970/1/4970 4971/1/4971
f 4962/1/4962 4963/1/4963 4973/1/4973
f 4962/1/4962 4971/1/4971 4972/1/4972
f 4962/1/4962 4972/1/4972 4973/1/4973
f 5256/1/5256 4974/1/4974 5257/1/5257
f 5258/1/5258 4975/1/4975 5259/1/5259
f 4974/1/4974 4976/1/4976 5021/1/5021
f 4974/1/4974 5260/1/5260 5261/1/5261
f 4974/1/4974 5261/1/5261 5021/1/5021
f 4975/1/4975 4977/1/4977 5022/1/5022
f 4975/1/4975 5262/1/5262 5263/1/5263
f 4975/1/4975 5263/1/5263 5022/1/5022
f 4976/1/4976 4978/1/4978 5021/1/5021
f 4977/1/4977 4979/1/4979 5022/1/5022
f 4978/1/4978 4980/1/4980 5025/1/5025
f 4978/1/4978 5021/1/5021 5023/1/5023
f 4978/1/4978 5023/1/5023 5025/1/5025
f 4979/1/4979 4981/1/4981 5028/1/5028
f 4979/1/4979 5022/1/5022 5024/1/5024
f 4979/1/4979 5024/1/5024 5028/1/5028
f 4980/1/4980 4982/1/4982 5029/1/5029
f 4980/1/4980 5025/1/5025 5029/1/5029
f 4981/1/4981 4983/1/4983 5032/1/5032
f 4981/1/4981 5028/1/5028 5032/1/5032
f 4982/1/4982 4984/1/4984 5033/1/5033
f 4982/1/4982 5029/1/5029 5033/1/5033
f 4983/1/4983 4987/1/4987 5032/1/5032
f 4984/1/4984 4985/1/4985 4988/1/4988
f 4984/1/4984 4985/1/4985 5034/1/5034
f 4984/1/4984 5033/1/5033 5034/1/5034
f 4985/1/4985 4988/1/4988 4989/1/4989
f 4985/1/4985 4989/1/4989 5036/1/5036
f 4985/1/4985 5034/1/5034 5036/1/5036
f 4986/1/4986 4987/1/4987 4990/1/4990
f 4986/1/4986 4987/1/4987 5032/1/5032
f 4986/1/4986 4990/1/4990 5039/1/5039
f 4986/1/4986 5032/1/5032 5035/1/5035
f 4986/1/4986 5035/1/5035 5039/1/5039
f 4987/1/4987 4990/1/4990 4991/1/4991
f 4989/1/4989 4992/1/4992 5040/1/5040
f 4989/1/4989 5036/1/5036 5040/1/5040
f 4990/1/4990 4993/1/4993 5039/1/5039
f 4992/1/4992 4994/1/4994 5040/1/5040
f 4993/1/4993 4997/1/4997 5045/1/5045
f 4993/1/4993 5039/1/5039 5045/1/5045
f 4994/1/4994 4995/1/4995 4999/1/4999
f 4994/1/4994 4995/1/4995 5047/1/5047
f 4994/1/4994 4998/1/4998 4999/1/4999
f 4994/1/4994 5040/1/5040 5046/1/5046
f 4994/1/4994 5046/1/5046 5047/1/5047
f 4995/1/4995 4999/1/4999 5047/1/5047
f 4996/1/4996 4997/1/4997 5000/1/5000
f 4996/1/4996 4997/1/4997 5053/1/5053
f 4996/1/4996 5000/1/5000 5052/1/5052
f 4996/1/4996 5052/1/5052 5053/1/5053
f 4997/1/4997 5000/1/5000 5001/1/5001
f 4997/1/4997 5045/1/5045 5053/1/5053
f 4998/1/4998 4999/1/4999 5002/1/5002
f 4999/1/4999 5002/1/5002 5003/1/5003
f 4999/1/4999 5003/1/5003 5055/1/5055
f 4999/1/4999 5047/1/5047 5054/1/5054
f 4999/1/4999 5054/1/5054 5055/1/5055
f 5000/1/5000 5001/1/5001 5007/1/5007
f 5000/1/5000 5006/1/5006 5007/1/5007
f 5000/1/5000 5006/1/5006 5058/1/5058
f 5000/1/5000 5052/1/5052 5059/1/5059
f 5000/1/5000 5058/1/5058 5059/1/5059
f 5001/1/5001 5007/1/5007 5008/1/5008
f 5002/1/5002 5003/1/5003 5010/1/5010
f 5002/1/5002 5009/1/5009 5010/1/5010
f 5003/1/5003 5004/1/5004 5010/1/5010
f 5003/1/5003 5004/1/5004 5060/1/5060
f 5003/1/5003 5055/1/5055 5060/1/5060
f 5004/1/5004 5010/1/5010 5011/1/5011
f 5004/1/5004 5011/1/5011 5061/1/5061
f 5004/1/5004 5060/1/5060 5061/1/5061
f 5005/1/5005 5006/1/5006 5012/1/5012
f 5005/1/5005 5006/1/5006 5062/1/5062
f 5005/1/5005 5012/1/5012 5062/1/5062
f 5006/1/5006 5007/1/5007 5014/1/5014
f 5006/1/5006 5012/1/5012 5013/1/5013
f 5006/1/5006 5013/1/5013 5014/1/5014
f 5006/1/5006 5058/1/5058 5063/1/5063
f 5006/1/5006 5062/1/5062 5063/1/5063
f 5009/1/5009 5010/1/5010 5015/1/5015
f 5010/1/5010 5011/1/5011 5016/1/5016
f 5010/1/5010 5015/1/5015 5016/1/5016
f 5011/1/5011 5012/1/5012 5016/1/5016
f 5011/1/5011 5012/1/5012 5062/1/5062
f 5011/1/5011 5061/1/5061 5062/1/5062
f 5012/1/5012 5013/1/5013 5018/1/5018
f 5012/1/5012 5016/1/5016 5017/1/5017
f 5012/1/5012 5017/1/5017 5018/1/5018
f 5016/1/5016 5017/1/5017 5020/1/5020
f 5264/1/5264 5021/1/5021 5064/1/5064
f 5264/1/5264 5064/1/5064 5265/1/5265
f 5266/1/5266 5064/1/5064 5267/1/5267
f 5268/1/5268 5022/1/5022 5067/1/5067
f 5268/1/5268 5067/1/5067 5269/1/5269
f 5270/1/5270 5067/1/5067 5271/1/5271
f 5021/1/5021 5023/1/5023 5064/1/5064
f 5022/1/5022 5024/1/5024 5071/1/5071
f 5022/1/5022 5067/1/5067 5071/1/5071
f 5023/1/5023 5025/1/5025 5068/1/5068
f 5023/1/5023 5064/1/5064 5068/1/5068
f 5024/1/5024 5028/1/5028 5071/1/5071
f 5024/1/5024 5070/1/5070 5071/1/5071
f 5025/1/5025 5026/1/5026 5029/1/5029
f 5025/1/5025 5026/1/5026 5073/1/5073
f 5025/1/5025 5068/1/5068 5072/1/5072
f 5025/1/5025 5072/1/5072 5073/1/5073
f 5026/1/5026 5029/1/5029 5030/1/5030
f 5026/1/5026 5030/1/5030 5075/1/5075
f 5026/1/5026 5073/1/5073 5075/1/5075
f 5027/1/5027 5028/1/5028 5031/1/5031
f 5027/1/5027 5028/1/5028 5074/1/5074
f 5027/1/5027 5031/1/5031 5074/1/5074
f 5028/1/5028 5031/1/5031 5032/1/5032
f 5028/1/5028 5071/1/5071 5074/1/5074
f 5029/1/5029 5030/1/5030 5033/1/5033
f 5030/1/5030 5033/1/5033 5034/1/5034
f 5030/1/5030 5034/1/5034 5075/1/5075
f 5031/1/5031 5032/1/5032 5035/1/5035
f 5031/1/5031 5035/1/5035 5084/1/5084
f 5031/1/5031 5074/1/5074 5078/1/5078
f 5031/1/5031 5078/1/5078 5084/1/5084
f 5034/1/5034 5036/1/5036 5079/1/5079
f 5034/1/5034 5075/1/5075 5079/1/5079
f 5035/1/5035 5039/1/5039 5084/1/5084
f 5036/1/5036 5037/1/5037 5041/1/5041
f 5036/1/5036 5037/1/5037 5086/1/5086
f 5036/1/5036 5040/1/5040 5041/1/5041
f 5036/1/5036 5079/1/5079 5085/1/5085
f 5036/1/5036 5085/1/5085 5086/1/5086
f 5037/1/5037 5041/1/5041 5086/1/5086
f 5038/1/5038 5039/1/5039 5044/1/5044
f 5038/1/5038 5039/1/5039 5091/1/5091
f 5038/1/5038 5044/1/5044 5091/1/5091
f 5039/1/5039 5044/1/5044 5045/1/5045
f 5039/1/5039 5084/1/5084 5091/1/5091
f 5040/1/5040 5041/1/5041 5046/1/5046
f 5041/1/5041 5042/1/5042 5047/1/5047
f 5041/1/5041 5042/1/5042 5093/1/5093
f 5041/1/5041 5046/1/5046 5047/1/5047
f 5041/1/5041 5086/1/5086 5092/1/5092
f 5041/1/5041 5092/1/5092 5093/1/5093
f 5042/1/5042 5047/1/5047 5048/1/5048
f 5042/1/5042 5048/1/5048 5093/1/5093
f 5043/1/5043 5044/1/5044 5052/1/5052
f 5043/1/5043 5044/1/5044 5096/1/5096
f 5043/1/5043 5051/1/5051 5052/1/5052
f 5043/1/5043 5051/1/5051 5096/1/5096
f 5044/1/5044 5045/1/5045 5053/1/5053
f 5044/1/5044 5052/1/5052 5053/1/5053
f 5044/1/5044 5091/1/5091 5097/1/5097
f 5044/1/5044 5096/1/5096 5097/1/5097
f 5047/1/5047 5048/1/5048 5054/1/5054
f 5048/1/5048 5049/1/5049 5056/1/5056
f 5048/1/5048 5049/1/5049 5099/1/5099
f 5048/1/5048 5054/1/5054 5055/1/5055
f 5048/1/5048 5055/1/5055 5056/1/5056
f 5048/1/5048 5093/1/5093 5098/1/5098
f 5048/1/5048 5098/1/5098 5099/1/5099
f 5049/1/5049 5050/1/5050 5057/1/5057
f 5049/1/5049 5050/1/5050 5099/1/5099
f 5049/1/5049 5056/1/5056 5057/1/5057
f 5050/1/5050 5051/1/5051 5057/1/5057
f 5050/1/5050 5051/1/5051 5101/1/5101
f 5050/1/5050 5099/1/5099 5100/1/5100
f 5050/1/5050 5100/1/5100 5101/1/5101
f 5051/1/5051 5052/1/5052 5058/1/5058
f 5051/1/5051 5057/1/5057 5058/1/5058
f 5051/1/5051 5096/1/5096 5101/1/5101
f 5052/1/5052 5058/1/5058 5059/1/5059
f 5055/1/5055 5056/1/5056 5061/1/5061
f 5055/1/5055 5060/1/5060 5061/1/5061
f 5056/1/5056 5057/1/5057 5062/1/5062
f 5056/1/5056 5061/1/5061 5062/1/5062
f 5057/1/5057 5058/1/5058 5062/1/5062
f 5058/1/5058 5062/1/5062 5063/1/5063
f 5272/1/5272 5064/1/5064 5273/1/5273
f 5274/1/5274 5067/1/5067 5275/1/5275
f 5064/1/5064 5065/1/5065 5069/1/5069
f 5064/1/5064 5065/1/5065 5102/1/5102
f 5064/1/5064 5068/1/5068 5069/1/5069
f 5064/1/5064 5276/1/5276 5277/1/5277
f 5064/1/5064 5278/1/5278 5279/1/5279
f 5064/1/5064 5279/1/5279 5102/1/5102
f 5065/1/5065 5069/1/5069 5103/1/5103
f 5065/1/5065 5102/1/5102 5103/1/5103
f 5066/1/5066 5067/1/5067 5071/1/5071
f 5066/1/5066 5067/1/5067 5280/1/5280
f 5066/1/5066 5280/1/5280 5281/1/5281
f 5066/1/5066 5070/1/5070 5071/1/5071
f 5066/1/5066 5070/1/5070 5282/1/5282
f 5066/1/5066 5282/1/5282 5283/1/5283
f 5067/1/5067 5284/1/5284 5285/1/5285
f 5067/1/5067 5286/1/5286 5287/1/5287
f 5068/1/5068 5069/1/5069 5072/1/5072
f 5069/1/5069 5072/1/5072 5073/1/5073
f 5069/1/5069 5073/1/5073 5107/1/5107
f 5069/1/5069 5103/1/5103 5107/1/5107
f 5070/1/5070 5071/1/5071 5074/1/5074
f 5070/1/5070 5074/1/5074 5106/1/5106
f 5070/1/5070 5288/1/5288 5289/1/5289
f 5070/1/5070 5289/1/5289 5106/1/5106
f 5073/1/5073 5075/1/5075 5107/1/5107
f 5074/1/5074 5078/1/5078 5120/1/5120
f 5074/1/5074 5106/1/5106 5112/1/5112
f 5074/1/5074 5112/1/5112 5120/1/5120
f 5075/1/5075 5076/1/5076 5080/1/5080
f 5075/1/5075 5076/1/5076 5113/1/5113
f 5075/1/5075 5079/1/5079 5080/1/5080
f 5075/1/5075 5107/1/5107 5113/1/5113
f 5076/1/5076 5080/1/5080 5114/1/5114
f 5076/1/5076 5113/1/5113 5114/1/5114
f 5077/1/5077 5078/1/5078 5083/1/5083
f 5077/1/5077 5078/1/5078 5119/1/5119
f 5077/1/5077 5083/1/5083 5119/1/5119
f 5078/1/5078 5083/1/5083 5084/1/5084
f 5078/1/5078 5119/1/5119 5120/1/5120
f 5079/1/5079 5080/1/5080 5085/1/5085
f 5080/1/5080 5081/1/5081 5087/1/5087
f 5080/1/5080 5081/1/5081 5122/1/5122
f 5080/1/5080 5085/1/5085 5086/1/5086
f 5080/1/5080 5086/1/5086 5087/1/5087
f 5080/1/5080 5114/1/5114 5121/1/5121
f 5080/1/5080 5121/1/5121 5122/1/5122
f 5081/1/5081 5087/1/5087 5122/1/5122
f 5082/1/5082 5083/1/5083 5090/1/5090
f 5082/1/5082 5083/1/5083 5125/1/5125
f 5082/1/5082 5090/1/5090 5125/1/5125
f 5083/1/5083 5084/1/5084 5091/1/5091
f 5083/1/5083 5090/1/5090 5091/1/5091
f 5083/1/5083 5119/1/5119 5126/1/5126
f 5083/1/5083 5125/1/5125 5126/1/5126
f 5086/1/5086 5087/1/5087 5092/1/5092
f 5087/1/5087 5088/1/5088 5094/1/5094
f 5087/1/5087 5088/1/5088 5128/1/5128
f 5087/1/5087 5092/1/5092 5093/1/5093
f 5087/1/5087 5093/1/5093 5094/1/5094
f 5087/1/5087 5122/1/5122 5127/1/5127
f 5087/1/5087 5127/1/5127 5128/1/5128
f 5088/1/5088 5089/1/5089 5095/1/5095
f 5088/1/5088 5089/1/5089 5129/1/5129
f 5088/1/5088 5094/1/5094 5095/1/5095
f 5088/1/5088 5128/1/5128 5129/1/5129
f 5089/1/5089 5090/1/5090 5095/1/5095
f 5089/1/5089 5090/1/5090 5129/1/5129
f 5090/1/5090 5091/1/5091 5096/1/5096
f 5090/1/5090 5095/1/5095 5096/1/5096
f 5090/1/5090 5125/1/5125 5130/1/5130
f 5090/1/5090 5129/1/5129 5130/1/5130
f 5091/1/5091 5096/1/5096 5097/1/5097
f 5093/1/5093 5094/1/5094 5099/1/5099
f 5093/1/5093 5098/1/5098 5099/1/5099
f 5094/1/5094 5095/1/5095 5100/1/5100
f 5094/1/5094 5099/1/5099 5100/1/5100
f 5095/1/5095 5096/1/5096 5100/1/5100
f 5096/1/5096 5100/1/5100 5101/1/5101
f 5290/1/5290 5102/1/5102 5291/1/5291
f 5292/1/5292 5102/1/5102 5293/1/5293
f 5102/1/5102 5103/1/5103 5131/1/5131
f 5102/1/5102 5294/1/5294 5295/1/5295
f 5102/1/5102 5295/1/5295 5131/1/5131
f 5296/1/5296 5105/1/5105 5106/1/5106
f 5296/1/5296 5106/1/5106 5297/1/5297
f 5298/1/5298 5105/1/5105 5299/1/5299
f 5103/1/5103 5104/1/5104 5107/1/5107
f 5103/1/5103 5104/1/5104 5132/1/5132
f 5103/1/5103 5131/1/5131 5132/1/5132
f 5104/1/5104 5107/1/5107 5108/1/5108
f 5104/1/5104 5108/1/5108 5132/1/5132
f 5105/1/5105 5106/1/5106 5111/1/5111
f 5105/1/5105 5111/1/5111 5143/1/5143
f 5105/1/5105 5300/1/5300 5301/1/5301
f 5105/1/5105 5301/1/5301 5137/1/5137
f 5105/1/5105 5137/1/5137 5143/1/5143
f 5106/1/5106 5111/1/5111 5112/1/5112
f 5107/1/5107 5108/1/5108 5114/1/5114
f 5107/1/5107 5113/1/5113 5114/1/5114
f 5108/1/5108 5109/1/5109 5114/1/5114
f 5108/1/5108 5109/1/5109 5139/1/5139
f 5108/1/5108 5132/1/5132 5138/1/5138
f 5108/1/5108 5138/1/5138 5139/1/5139
f 5109/1/5109 5114/1/5114 5115/1/5115
f 5109/1/5109 5115/1/5115 5139/1/5139
f 5110/1/5110 5111/1/5111 5118/1/5118
f 5110/1/5110 5111/1/5111 5143/1/5143
f 5110/1/5110 5118/1/5118 5142/1/5142
f 5110/1/5110 5142/1/5142 5143/1/5143
f 5111/1/5111 5112/1/5112 5120/1/5120
f 5111/1/5111 5118/1/5118 5119/1/5119
f 5111/1/5111 5119/1/5119 5120/1/5120
f 5114/1/5114 5115/1/5115 5122/1/5122
f 5114/1/5114 5121/1/5121 5122/1/5122
f 5115/1/5115 5116/1/5116 5122/1/5122
f 5115/1/5115 5116/1/5116 5145/1/5145
f 5115/1/5115 5139/1/5139 5144/1/5144
f 5115/1/5115 5144/1/5144 5145/1/5145
f 5116/1/5116 5117/1/5117 5123/1/5123
f 5116/1/5116 5117/1/5117 5146/1/5146
f 5116/1/5116 5122/1/5122 5123/1/5123
f 5116/1/5116 5145/1/5145 5146/1/5146
f 5117/1/5117 5118/1/5118 5124/1/5124
f 5117/1/5117 5118/1/5118 5147/1/5147
f 5117/1/5117 5123/1/5123 5124/1/5124
f 5117/1/5117 5146/1/5146 5147/1/5147
f 5118/1/5118 5119/1/5119 5126/1/5126
f 5118/1/5118 5124/1/5124 5125/1/5125
f 5118/1/5118 5125/1/5125 5126/1/5126
f 5118/1/5118 5142/1/5142 5147/1/5147
f 5122/1/5122 5123/1/5123 5127/1/5127
f 5123/1/5123 5124/1/5124 5128/1/5128
f 5123/1/5123 5127/1/5127 5128/1/5128
f 5124/1/5124 5125/1/5125 5129/1/5129
f 5124/1/5124 5128/1/5128 5129/1/5129
f 5125/1/5125 5129/1/5129 5130/1/5130
f 5302/1/5302 5131/1/5131 5303/1/5303
f 5304/1/5304 5133/1/5133 5305/1/5305
f 5306/1/5306 5131/1/5131 5132/1/5132
f 5306/1/5306 5132/1/5132 5307/1/5307
f 5308/1/5308 5132/1/5132 5133/1/5133
f 5308/1/5308 5133/1/5133 5309/1/5309
f 5310/1/5310 5133/1/5133 5311/1/5311
f 5312/1/5312 5136/1/5136 5313/1/5313
f 5314/1/5314 5136/1/5136 5315/1/5315
f 5316/1/5316 5137/1/5137 5317/1/5317
f 5318/1/5318 5136/1/5136 5137/1/5137
f 5318/1/5318 5137/1/5137 5319/1/5319
f 5132/1/5132 5133/1/5133 5139/1/5139
f 5132/1/5132 5138/1/5138 5139/1/5139
f 5133/1/5133 5134/1/5134 5140/1/5140
f 5133/1/5133 5134/1/5134 5320/1/5320
f 5133/1/5133 5320/1/5320 5321/1/5321
f 5133/1/5133 5139/1/5139 5140/1/5140
f 5134/1/5134 5135/1/5135 5141/1/5141
f 5134/1/5134 5135/1/5135 5148/1/5148
f 5134/1/5134 5140/1/5140 5141/1/5141
f 5134/1/5134 5322/1/5322 5323/1/5323
f 5134/1/5134 5323/1/5323 5148/1/5148
f 5135/1/5135 5136/1/5136 5141/1/5141
f 5135/1/5135 5136/1/5136 5149/1/5149
f 5135/1/5135 5148/1/5148 5149/1/5149
f 5136/1/5136 5137/1/5137 5142/1/5142
f 5136/1/5136 5141/1/5141 5142/1/5142
f 5136/1/5136 5324/1/5324 5325/1/5325
f 5136/1/5136 5149/1/5149 5326/1/5326
f 5136/1/5136 5326/1/5326 5327/1/5327
f 5137/1/5137 5142/1/5142 5143/1/5143
f 5139/1/5139 5140/1/5140 5144/1/5144
f 5140/1/5140 5141/1/5141 5145/1/5145
f 5140/1/5140 5144/1/5144 5145/1/5145
f 5141/1/5141 5142/1/5142 5147/1/5147
f 5141/1/5141 5145/1/5145 5146/1/5146
f 5141/1/5141 5146/1/5146 5147/1/5147
f 5328/1/5328 5148/1/5148 5329/1/5329
f 5330/1/5330 5148/1/5148 5331/1/5331
f 5332/1/5332 5149/1/5149 5333/1/5333
f 5334/1/5334 5148/1/5148 5149/1/5149
f 5334/1/5334 5149/1/5149 5335/1/5335
f 5336/1/5336 5149/1/5149 5337/1/5337
f 5338/1/5338 5329/1/5329 5322/1/5322
f 5338/1/5338 5322/1/5322 5321/1/5321
f 5338/1/5338 5321/1/5321 5310/1/5310
f 5338/1/5338 5310/1/5310 5308/1/5308
f 5338/1/5338 5308/1/5308 5306/1/5306
f 5338/1/5338 5306/1/5306 5303/1/5303
f 5338/1/5338 5303/1/5303 5294/1/5294
f 5338/1/5338 5294/1/5294 5292/1/5292
f 5338/1/5338 5292/1/5292 5290/1/5290
f 5338/1/5338 5290/1/5290 5278/1/5278
f 5338/1/5338 5278/1/5278 5276/1/5276
f 5338/1/5338 5276/1/5276 5272/1/5272
f 5338/1/5338 5272/1/5272 5264/1/5264
f 5338/1/5338 5264/1/5264 5260/1/5260
f 5338/1/5338 5260/1/5260 5256/1/5256
f 5338/1/5338 5256/1/5256 5254/1/5254
f 5338/1/5338 5254/1/5254 5246/1/5246
f 5338/1/5338 5246/1/5246 5240/1/5240
f 5338/1/5338 5240/1/5240 5238/1/5238
f 5338/1/5338 5238/1/5238 5224/1/5224
f 5338/1/5338 5224/1/5224 5222/1/5222
f 5338/1/5338 5222/1/5222 5216/1/5216
f 5338/1/5338 5216/1/5216 5214/1/5214
f 5338/1/5338 5214/1/5214 5209/1/5209
f 5338/1/5338 5209/1/5209 5204/1/5204
f 5338/1/5338 5204/1/5204 5203/1/5203
f 5338/1/5338 5203/1/5203 5200/1/5200
f 5338/1/5338 5200/1/5200 5188/1/5188
f 5338/1/5338 5188/1/5188 5187/1/5187
f 5338/1/5338 5187/1/5187 5184/1/5184
f 5338/1/5338 5184/1/5184 5170/1/5170
f 5338/1/5338 5170/1/5170 5169/1/5169
f 5338/1/5338 5169/1/5169 5153/1/5153
f 5338/1/5338 5153/1/5153 5157/1/5157
f 5338/1/5338 5157/1/5157 5162/1/5162
f 5338/1/5338 5162/1/5162 5158/1/5158
f 5338/1/5338 5158/1/5158 5165/1/5165
f 5338/1/5338 5165/1/5165 5175/1/5175
f 5338/1/5338 5175/1/5175 5176/1/5176
f 5338/1/5338 5176/1/5176 5179/1/5179
f 5338/1/5338 5179/1/5179 5181/1/5181
f 5338/1/5338 5181/1/5181 5183/1/5183
f 5338/1/5338 5183/1/5183 5192/1/5192
f 5338/1/5338 5192/1/5192 5197/1/5197
f 5338/1/5338 5197/1/5197 5199/1/5199
f 5338/1/5338 5199/1/5199 5207/1/5207
f 5338/1/5338 5207/1/5207 5211/1/5211
f 5338/1/5338 5211/1/5211 5213/1/5213
f 5338/1/5338 5213/1/5213 5220/1/5220
f 5338/1/5338 5220/1/5220 5228/1/5228
f 5338/1/5338 5228/1/5228 5235/1/5235
f 5338/1/5338 5235/1/5235 5234/1/5234
f 5338/1/5338 5234/1/5234 5237/1/5237
f 5338/1/5338 5237/1/5237 5244/1/5244
f 5338/1/5338 5244/1/5244 5248/1/5248
f 5338/1/5338 5248/1/5248 5252/1/5252
f 5338/1/5338 5252/1/5252 5259/1/5259
f 5338/1/5338 5259/1/5259 5263/1/5263
f 5338/1/5338 5263/1/5263 5270/1/5270
f 5338/1/5338 5270/1/5270 5285/1/5285
f 5338/1/5338 5285/1/5285 5281/1/5281
f 5338/1/5338 5281/1/5281 5282/1/5282
f 5338/1/5338 5282/1/5282 5289/1/5289
f 5338/1/5338 5289/1/5289 5299/1/5299
f 5338/1/5338 5299/1/5299 5317/1/5317
f 5338/1/5338 5317/1/5317 5313/1/5313
f 5338/1/5338 5313/1/5313 5315/1/5315
f 5338/1/5338 5315/1/5315 5325/1/5325
f 5338/1/5338 5325/1/5325 5326/1/5326
f 5338/1/5338 5326/1/5326 5328/1/5328
f 5338/1/5338 5328/1/5328 5329/1/5329
